-- generated initial data

USE it;

INSERT INTO users (role, email, name, imageUrl, lockedUntil, id, createdAt, updatedAt, version) VALUES ('ADMIN', 'admin@itranswarp.com', 'admin', '/static/img/admin.png', 0, 1, 1678295782000, 1678295782000, 0);
INSERT INTO local_auths (userId, passwd, salt, id, createdAt, updatedAt, version) VALUES (1, '78d5e71030003ac42acb7940724587dac55bd39e69a35c5a3f9cb438f72c043e', 'e43c4c3d60e8646783a908538fda9b5cd6beb89f0aa7660b171f39d428a2dfe5', 2, 1678415662000, 1678415662000, 0);
INSERT INTO users (role, email, name, imageUrl, lockedUntil, id, createdAt, updatedAt, version) VALUES ('EDITOR', 'editor@itranswarp.com', 'editor', '/static/img/user.png', 10000000000000, 3, 1678535542000, 1678535542000, 0);
INSERT INTO local_auths (userId, passwd, salt, id, createdAt, updatedAt, version) VALUES (3, 'bc20bc3521dab6114bec2ac80cc2812b2126246af4a0190e3c70c5518d0b92d0', 'dc0c1cfd21bf9d4a6319ba474f0e6471e8be1ce6384fe677ca45982ed87d695b', 4, 1678655422000, 1678655422000, 0);
INSERT INTO users (role, email, name, imageUrl, lockedUntil, id, createdAt, updatedAt, version) VALUES ('CONTRIBUTOR', 'contributor@itranswarp.com', 'contributor', '/static/img/user.png', 10000000000000, 5, 1678775302000, 1678775302000, 0);
INSERT INTO local_auths (userId, passwd, salt, id, createdAt, updatedAt, version) VALUES (5, 'c9cf6446702a2efea92203a5ca560bd3315cb3ad68224714cdfec885f75bee28', 'c23e5f70a61bfd8db92bfd80e1827e9c546247b73b74357cb5bcb59211a0337c', 6, 1678895182000, 1678895182000, 0);
INSERT INTO users (role, email, name, imageUrl, lockedUntil, id, createdAt, updatedAt, version) VALUES ('SPONSOR', 'sponsor@itranswarp.com', 'sponsor', '/static/img/user.png', 10000000000000, 7, 1679015062000, 1679015062000, 0);
INSERT INTO local_auths (userId, passwd, salt, id, createdAt, updatedAt, version) VALUES (7, '01bb07a13cf3b5353c1e476aa3cde29f827c4651651f653fa4626ad3d4cc4889', '0baebf6a1bdcbf32d8d0adb0dcbd34fcb55493628a28696e546a2357090797fd', 8, 1679134942000, 1679134942000, 0);
INSERT INTO users (role, email, name, imageUrl, lockedUntil, id, createdAt, updatedAt, version) VALUES ('SUBSCRIBER', 'subscriber@itranswarp.com', 'subscriber', '/static/img/user.png', 10000000000000, 9, 1679254822000, 1679254822000, 0);
INSERT INTO local_auths (userId, passwd, salt, id, createdAt, updatedAt, version) VALUES (9, '58fb74bcbc792706e58e803d388dacf3a1802d30e35388b32492641d3d5fd4a2', 'c3f7067890a5d9f1147f2b207bd8951b7f1a1f3cf69fcf9dfb0050b7676a7875', 10, 1679374702000, 1679374702000, 0);
INSERT INTO texts (hash, content, id, createdAt, updatedAt, version) VALUES ('2d3f4fb69a3d6643f7d92798c80adf6ddfe6d8bc831cf7c1719fa79c0bf5e940', '# vivamus veniam cursus tota eget mauris delectus neglegentur.\n\namet mollis mentitum etiam scripserit reque fringilla porta elit.\n\nluptatum nulla finibus tortor.\n\nporttitor movet dico intellegebat fames quidam corrumpit harum aliquet aliquet prompta laudem adolescens aliquet deterruisset percipit sociosqu posidonium vehicula.\n\ntellus viderer dolores tempor duo velit referrentur consul molestie et fastidii dolor leo ac himenaeos liber veri.\n\ndetraxit nibh docendi natoque leo novum recteque maiorum tation gloriatur ex.\n\ndiscere quas conceptam ferri moderatius verterem appareat suscipit perpetua veri ex utroque natoque vestibulum utroque utinam singulis rutrum definitiones nulla.\n\nelit bibendum maximus oporteat animal theophrastus platonem eius eleifend elitr ac luctus idque pericula erat intellegat deterruisset te aliquid laoreet.\n\nmaecenas harum lorem vocent fuisset iriure vis saepe senserit dissentiunt.\n\nmnesarchum vim atomorum magna himenaeos delectus.\n\ngraece tation velit brute.\n\nvolumus instructior cursus tristique rhoncus id fuisset invidunt gravida aliquet populo alienum commune feugait ultricies turpis aliquid vim omnesque.\n\nin ac tacimates luptatum gubergren verterem aptent mandamus vituperatoribus.\n\nvim postea.\n\nvarius malorum pericula debet natum qualisque constituam malorum esse alia conceptam penatibus primis duis per fabulas feugait malesuada blandit.\n\n', 11, 1679494582000, 1679494582000, 0);
INSERT INTO single_pages (textId, tags, name, publishAt, id, createdAt, updatedAt, version) VALUES (11, 'help,doc', 'Help', 1645688422000, 12, 1679614462000, 1679614462000, 0);
INSERT INTO navigations (name, icon, url, blank, displayOrder, id, createdAt, updatedAt, version) VALUES ('Help', 'plane', '/single/12', false, 3, 121, 1679734342000, 1679734342000, 0);
INSERT INTO navigations (name, icon, url, blank, displayOrder, id, createdAt, updatedAt, version) VALUES ('Headlines', 'calendar', '/headline', false, 0, 122, 1679854222000, 1679854222000, 0);
INSERT INTO headlines (userId, name, description, url, publishAt, published, id, createdAt, updatedAt, version) VALUES (1, 'nullam. 0', 'urbanitas ante inceptos diam dictas delicata sadipscing adolescens.', 'https://www.google.com/search?q=headline+0', 1645808302000, true, 123, 1679974102000, 1679974102000, 0);
INSERT INTO headlines (userId, name, description, url, publishAt, published, id, createdAt, updatedAt, version) VALUES (1, 'vivamus. 1', 'idque maximus magna detraxit neglegentur aptent.', 'https://www.google.com/search?q=headline+1', 1645928182000, true, 124, 1680093982000, 1680093982000, 0);
INSERT INTO headlines (userId, name, description, url, publishAt, published, id, createdAt, updatedAt, version) VALUES (1, 'expetendis. 2', 'non ex nisi.', 'https://www.google.com/search?q=headline+2', 1646048062000, true, 125, 1680213862000, 1680213862000, 0);
INSERT INTO headlines (userId, name, description, url, publishAt, published, id, createdAt, updatedAt, version) VALUES (1, 'impetus. 3', 'iaculis.', 'https://www.google.com/search?q=headline+3', 1646167942000, true, 126, 1680333742000, 1680333742000, 0);
INSERT INTO headlines (userId, name, description, url, publishAt, published, id, createdAt, updatedAt, version) VALUES (1, 'lorem. 4', 'corrumpit quem sonet disputationi tortor posse etiam varius adipiscing tempus non quot nibh accusata dolore tale neglegentur elitr tempus tation iudicabit ponderum quam contentiones platea doctus deseruisse parturient.', 'https://www.google.com/search?q=headline+4', 1646287822000, true, 127, 1680453622000, 1680453622000, 0);
INSERT INTO headlines (userId, name, description, url, publishAt, published, id, createdAt, updatedAt, version) VALUES (1, 'porta. 5', 'mentitum postea tantas euismod ut platonem tritani minim quem prompta eruditi latine legere docendi lorem iudicabit laudem qui.', 'https://www.google.com/search?q=headline+5', 1646407702000, true, 128, 1680573502000, 1680573502000, 0);
INSERT INTO headlines (userId, name, description, url, publishAt, published, id, createdAt, updatedAt, version) VALUES (1, 'nonumy. 6', 'consectetur senectus porta suscipit vituperata fabellas oporteat reprehendunt legimus feugait civibus condimentum laudem congue ornare natum tempus.', 'https://www.google.com/search?q=headline+6', 1646527582000, true, 129, 1680693382000, 1680693382000, 0);
INSERT INTO headlines (userId, name, description, url, publishAt, published, id, createdAt, updatedAt, version) VALUES (1, 'discere. 7', 'scripta appareat solet quas fermentum alterum assueverit accusata neque perpetua convenire cursus usu pretium fames menandri luptatum.', 'https://www.google.com/search?q=headline+7', 1646647462000, true, 130, 1680813262000, 1680813262000, 0);
INSERT INTO headlines (userId, name, description, url, publishAt, published, id, createdAt, updatedAt, version) VALUES (1, 'eripuit. 8', 'vim.', 'https://www.google.com/search?q=headline+8', 1646767342000, true, 131, 1680933142000, 1680933142000, 0);
INSERT INTO headlines (userId, name, description, url, publishAt, published, id, createdAt, updatedAt, version) VALUES (1, 'veri. 9', 'ullamcorper delenit eum.', 'https://www.google.com/search?q=headline+9', 1646887222000, true, 132, 1681053022000, 1681053022000, 0);
INSERT INTO headlines (userId, name, description, url, publishAt, published, id, createdAt, updatedAt, version) VALUES (1, 'penatibus. 10', 'appetere fringilla a mazim malorum affert definiebas fermentum populo noluisse hac platonem consul ocurreret utinam electram gravida.', 'https://www.google.com/search?q=headline+10', 1647007102000, true, 133, 1681172902000, 1681172902000, 0);
INSERT INTO headlines (userId, name, description, url, publishAt, published, id, createdAt, updatedAt, version) VALUES (1, 'ius. 11', 'pro instructior.', 'https://www.google.com/search?q=headline+11', 1647126982000, true, 134, 1681292782000, 1681292782000, 0);
INSERT INTO headlines (userId, name, description, url, publishAt, published, id, createdAt, updatedAt, version) VALUES (1, 'signiferumque. 12', 'dictum nunc magna perpetua iriure non phasellus no elementum antiopam ac fermentum tempor sanctus aliquid his oporteat persequeris dicat vulputate mel duo platea persecuti vulputate movet.', 'https://www.google.com/search?q=headline+12', 1647246862000, true, 135, 1681412662000, 1681412662000, 0);
INSERT INTO headlines (userId, name, description, url, publishAt, published, id, createdAt, updatedAt, version) VALUES (1, 'fuisset. 13', 'sumo eget.', 'https://www.google.com/search?q=headline+13', 1647366742000, true, 136, 1681532542000, 1681532542000, 0);
INSERT INTO headlines (userId, name, description, url, publishAt, published, id, createdAt, updatedAt, version) VALUES (1, 'nibh. 14', 'ancillae eius docendi.', 'https://www.google.com/search?q=headline+14', 1647486622000, true, 137, 1681652422000, 1681652422000, 0);
INSERT INTO headlines (userId, name, description, url, publishAt, published, id, createdAt, updatedAt, version) VALUES (1, 'epicuri. 15', 'nostrum est potenti definitiones sea nominavi postea quaerendum class eam comprehensam duis repudiare reprehendunt.', 'https://www.google.com/search?q=headline+15', 1647606502000, false, 138, 1681772302000, 1681772302000, 0);
INSERT INTO headlines (userId, name, description, url, publishAt, published, id, createdAt, updatedAt, version) VALUES (1, 'sententiae. 16', 'penatibus noster decore saperet mediocritatem penatibus latine dicam veritus euripidis curabitur mollis elaboraret quaerendum consequat homero epicurei.', 'https://www.google.com/search?q=headline+16', 1647726382000, false, 139, 1681892182000, 1681892182000, 0);
INSERT INTO headlines (userId, name, description, url, publishAt, published, id, createdAt, updatedAt, version) VALUES (1, 'platonem. 17', 'menandri tale class adversarium homero magna.', 'https://www.google.com/search?q=headline+17', 1647846262000, false, 140, 1682012062000, 1682012062000, 0);
INSERT INTO headlines (userId, name, description, url, publishAt, published, id, createdAt, updatedAt, version) VALUES (1, 'porro. 18', 'pellentesque adipisci iriure maximus veritus suspendisse moderatius altera feugait vituperata explicari facilisi luptatum.', 'https://www.google.com/search?q=headline+18', 1647966142000, false, 141, 1682131942000, 1682131942000, 0);
INSERT INTO headlines (userId, name, description, url, publishAt, published, id, createdAt, updatedAt, version) VALUES (1, 'eu. 19', 'nulla velit vehicula quot molestiae quas harum altera intellegebat brute eget magnis tortor non duis donec tamquam adhuc vivamus vitae utamur euripidis harum morbi diam dolore netus maximus consectetuer equidem.', 'https://www.google.com/search?q=headline+19', 1648086022000, false, 142, 1682251822000, 1682251822000, 0);
INSERT INTO headlines (userId, name, description, url, publishAt, published, id, createdAt, updatedAt, version) VALUES (1, 'oporteat. 20', 'elitr suavitate.', 'https://www.google.com/search?q=headline+20', 1648205902000, false, 143, 1682371702000, 1682371702000, 0);
INSERT INTO headlines (userId, name, description, url, publishAt, published, id, createdAt, updatedAt, version) VALUES (1, 'dui. 21', 'hendrerit ac deseruisse homero impetus regione volumus dolorem movet brute iuvaret nisi finibus duis ante vivamus erat vix himenaeos id vituperata ubique principes reprehendunt.', 'https://www.google.com/search?q=headline+21', 1648325782000, false, 144, 1682491582000, 1682491582000, 0);
INSERT INTO headlines (userId, name, description, url, publishAt, published, id, createdAt, updatedAt, version) VALUES (1, 'laudem. 22', 'tritani dui aptent parturient ocurreret honestatis vis posuere quem dicam expetendis invenire mattis saepe lectus ancillae ante sumo massa voluptaria.', 'https://www.google.com/search?q=headline+22', 1648445662000, false, 145, 1682611462000, 1682611462000, 0);
INSERT INTO headlines (userId, name, description, url, publishAt, published, id, createdAt, updatedAt, version) VALUES (1, 'ultrices. 23', 'libris odio dolorem convallis turpis pri vestibulum convenire magna tation wisi quaeque.', 'https://www.google.com/search?q=headline+23', 1648565542000, false, 146, 1682731342000, 1682731342000, 0);
INSERT INTO headlines (userId, name, description, url, publishAt, published, id, createdAt, updatedAt, version) VALUES (1, 'graecis. 24', 'placerat molestie electram repudiandae gravida aperiri mazim aperiri maecenas veritus class mnesarchum sit proin voluptatibus qualisque patrioque mea fames ius ius nam atomorum taciti solet.', 'https://www.google.com/search?q=headline+24', 1648685422000, false, 147, 1682851222000, 1682851222000, 0);
INSERT INTO categories (name, tag, description, displayOrder, id, createdAt, updatedAt, version) VALUES ('Sample', 'sample', 'Java Series', 0, 13, 1682971102000, 1682971102000, 0);
INSERT INTO navigations (name, icon, url, blank, displayOrder, id, createdAt, updatedAt, version) VALUES ('Sample', 'coffee', '/category/13', false, 1, 148, 1683090982000, 1683090982000, 0);
INSERT INTO resources (hash, encoding, content, id, createdAt, updatedAt, version) VALUES ('10cefe320c9e49a9a0ba13bf870c3b5dcd572ff0032ea941b2f659e9e712bfe4', 'BASE64', '/9j/4QAYRXhpZgAASUkqAAgAAAAAAAAAAAAAAP/sABFEdWNreQABAAQAAAAKAAD/4QMsaHR0cDovL25zLmFkb2JlLmNvbS94YXAvMS4wLwA8P3hwYWNrZXQgYmVnaW49Iu+7vyIgaWQ9Ilc1TTBNcENlaGlIenJlU3pOVGN6a2M5ZCI/PiA8eDp4bXBtZXRhIHhtbG5zOng9ImFkb2JlOm5zOm1ldGEvIiB4OnhtcHRrPSJBZG9iZSBYTVAgQ29yZSA1LjUtYzAxNCA3OS4xNTE0ODEsIDIwMTMvMDMvMTMtMTI6MDk6MTUgICAgICAgICI+IDxyZGY6UkRGIHhtbG5zOnJkZj0iaHR0cDovL3d3dy53My5vcmcvMTk5OS8wMi8yMi1yZGYtc3ludGF4LW5zIyI+IDxyZGY6RGVzY3JpcHRpb24gcmRmOmFib3V0PSIiIHhtbG5zOnhtcD0iaHR0cDovL25zLmFkb2JlLmNvbS94YXAvMS4wLyIgeG1sbnM6eG1wTU09Imh0dHA6Ly9ucy5hZG9iZS5jb20veGFwLzEuMC9tbS8iIHhtbG5zOnN0UmVmPSJodHRwOi8vbnMuYWRvYmUuY29tL3hhcC8xLjAvc1R5cGUvUmVzb3VyY2VSZWYjIiB4bXA6Q3JlYXRvclRvb2w9IkFkb2JlIFBob3Rvc2hvcCBDQyAoTWFjaW50b3NoKSIgeG1wTU06SW5zdGFuY2VJRD0ieG1wLmlpZDpCODQ5NDA1RTQyMDUxMUU5OTk4RkJCNjMyNTY5RTk2QSIgeG1wTU06RG9jdW1lbnRJRD0ieG1wLmRpZDpCODQ5NDA1RjQyMDUxMUU5OTk4RkJCNjMyNTY5RTk2QSI+IDx4bXBNTTpEZXJpdmVkRnJvbSBzdFJlZjppbnN0YW5jZUlEPSJ4bXAuaWlkOjEzOTcxQUQ1NDIwNTExRTk5OThGQkI2MzI1NjlFOTZBIiBzdFJlZjpkb2N1bWVudElEPSJ4bXAuZGlkOjEzOTcxQUQ2NDIwNTExRTk5OThGQkI2MzI1NjlFOTZBIi8+IDwvcmRmOkRlc2NyaXB0aW9uPiA8L3JkZjpSREY+IDwveDp4bXBtZXRhPiA8P3hwYWNrZXQgZW5kPSJyIj8+/+4ADkFkb2JlAGTAAAAAAf/bAIQAFBAQGRIZJxcXJzImHyYyLiYmJiYuPjU1NTU1PkRBQUFBQUFERERERERERERERERERERERERERERERERERERERAEVGRkgHCAmGBgmNiYgJjZENisrNkREREI1QkRERERERERERERERERERERERERERERERERERERERERERERERERE/8AAEQgBaAKAAwEiAAIRAQMRAf/EAI4AAQADAQEBAAAAAAAAAAAAAAACAwQFAQYBAQEAAwAAAAAAAAAAAAAAAAABAgMEEAEAAgADAwgDDQgDAAAAAAAAAQIRAwRREhMhMUFhUuJTk4HRkpGhscHhIkJicqLSFAXwcTIjM0NjJIKyoxEBAAEDAwQDAQAAAAAAAAAAAAERUQIxEiJhobED8EEycf/aAAwDAQACEQMRAD8A+jAdDlAAAAAAAAAAAAAAAAAAAAAAAAAAAAAAAAAAAAAAAAAAAAAAAAAAAAAAAAAAAAAAAAAAAAAAAAAAAAAAAAAAAAAAAAAAAAAAAAAAAAAAAAAAAAAAAAAAAAAAAAAAAAAAAAAAAAAAAAAAAAAAAAAAAAAAAAAAAAAAAAAAAAAAAAAAAAAAAAAAAAAAAAAAAAAAAAAAAAAAAAAAAAAAAAAAAAAAAAAAAAAAAAAAAAAAAAAAAAAAAAAAAAAAAAAAAAAAAAAAAAAAAAAAAAAAAAAAAAAAAAAAAAAAAAAAAAAAAAAAAAAAAAAAAAAAAAAAAAAAAAAAAAAAAAAAAAAAAAAAAAAAAAAAAAAAAAAAAAAAAAAAAAAAAAAAAAAAAAAAAAAAAAAAAAAAAAAAAAAAAAAAAAAAAAAAAAAAAAAAAAAAAAAAAAAAAAAAAAAAAAAAAAAAAAAAAAAAAAAAAAAAAAAAAAAAAAAAAAAAAAAAAAAAAAAAAAAAAAAAAAAAAAAAAAAAAAAAAAAAAAAAAAAAAAAAAAAAAAAAAAAAAAAAAAAAAAAAAAAAAAAAAAAAAAAAAAAAAAAAAAAAAAAAAAAAAAAAAAAAAAAAAAAAAAAAAAAAAAAAAAAAAAAAAAAAAAAAAAAAAAAAAAAAAAAAAAAAAAAAAAAAAAAAAAAAAAAAAAAAAAAAAAAAAAAAAAAAAAAAAAAAAAAUX1Na24dYm9+xSMZ9PRHpmErQiK6LxXGXq78sZdKfbvjP3Y+N7+W1e3K9y3rTdDPZKYhwNZHhT6bR8UozXV158qs/ZzPXEG6DZktFE596/wBTKzK/8d7/AKzKP57K6d7HZw7+pd0JtmzSM/5qd6sbl4red2LWjd5cJnmnl6NjQRNUmJjUAVAAAAAAAAAAAAAAAAAAAAAAAAAAAAAAAAAAAAAAAAAAAAAAAAAAAAAAAAAAAAAAAAAAAFefmxk5dsyeXCObbsgELb+ozOBlTu4cuZePoxsj60+9HLsdLI0+Xp67mXEVj9ufbLFp6W0mTM4b+ZhN7RH0r/tyR1L9PrJtlZeZn1nKvmTu7k7Z6GiZrLpjGkNYy8bP/M8Phxwd3Hib30tmDUigAAAMH6rH8mL9NL0tHtRHwS8S/VZ/kbvTa+XX70ItmDV7PoAbGoAAAAAAAAAAAAAAAAAAAAAAAAAAAAAAAAAAAAAAAAAAAAAAAAAAAAAAAAAAAAAAAAAAZdbaIjLrPTmZfJtws1MuoreM3KvlWit5mcvljGMJjGdnZ2sctGWH6h0VOdpsvUTE5sTO7/DhaYwnbHX1qorq6fTpf7VZr8EynWNXPLu5WH2rfhaXQ20mIiK444bedPFycjUZ+5FbZV7Z3LvYxu1iftTyYR1Yr4rrOzle3b8IroDn7us7OV7dvwqtR+epl2tWKYxHNXetPo5ubnEdV5NojpcyuuysIiJveY2ZdsZ95VqM3UTu4RwaXtuYzhN+WJ6OaObrnqBbqsyNRn1y68tcr595+th82PfmfcWK8rKrk13KRhHw9c9axuxikOfKayAMmIAAAAAAAAAAAAAAAAAAAAAAAAAAAAAAAAAAAAAAAAAAAAAAAAAAAAAAAAAAAAAAAAAAz5v9fJj61p+5LQz5vJn5E/WtHu0ljloyw/UNdf47fuhPT5k4UrtxRis70z0TEGXXCK489Wl0NghW8T+9MEL23cOucClpmbRPRL21d7DqnErXCZnaCHEmK2tsnBl/U/4cqf8ALT42uleeJ6Zlk/U+bKj/AC1+CZISdHgDocwAAAAAAAAAAAAAAAAAAAAAAAAAAAAAAAAAAAAAAAAAAAAAAAAAAAAAAAAAAAAAAAAAAAA5+qtmZudGXl2ivD3czHDGcZxw9GHO6DDn6fN4s5uVuzForExaZjmx6pP7oRX61e7+pn+77mXU3tR40+xVXw9T2K+Z3Xm5qexXzPkKYWK+y/hbvanxvuVexfUx/en2K+pTuanw48z5Dh6nsV8zulMLFfZfwu4mp8a3sU9RxNT41vZp6lPC1PYr5ndOHqexXzO6UwsV9l13E1PjW9inqV5tc/N3d7Omd2d6PmV58MNnWjwtT2K+Z3ThansV8zulMLFfZfwl/seL/wCcH+z4seXHrR4Wp7FfM7pwtT2K+Z3V4/Kpy6dksdT4tfL+Ux1PiV8vvI8PU9ivmd04ep7FfM7px+VOXTsnvarxKeX3je1Xbp5c/iQ4ep7FfM7puanw48yPUcTl07OkAigAAAAAAAAAAAAAAAAAAAAAAAAAAAAAAAAAAAAAAAAAAAAAAAAAAAAAAAAAAAAAAAAAAAAAAAAAAAAAAAAAAAAAAAAAAAAAAAAAAAAAAAAAAAAAAAAAAAAAAAAAAAAAAAAAAAAAAAAAAAAAAAAAAAAAAAAAAAAAAAAAAAAAAAAAAAAAAAAAAAAAAAAAAAAAAAAAAAAAAAAAAAAAAAAAAAAAAAAAAAAAAAAAAAAAAAAAAAAAAAAAAAAAAAAAAAAAAAAAAAAAAAAAAAAAAAAAAAAAAAAAAAAAAAAAAAAAAAAAAAAAAAAAAAAAAAAAAAAAAAAAAAAAAAAAAAAAAAAAAAAAAAAAAAAAAAAAAAAAAAAAAAAAAAAAAAAAAAAAAAAAAAAAAAAAAAAAAAAAAAAAAAAAAAAAAAAAAAAAAAAAAAAAAAAAAAAAAAAAAAAAAAAAAAAAAAAAAAAAAAAAAAAAAAAAAAAAAAAAAAAAAAAAAAAAAAAAAAAAAAAAAAAAAAAAAAAAAAAAAAAAAAAAAAAAAAAAAAAAAAAAAAAAAAAAAAAAAAAAAAAAAAAAAAAAAAAAAAAAAAAAAAAAAAAAAAAAAAAAAAAAAAAAAAAAAAAAAAAAAAAAAAAAAAAAAAAAAAAAAAAAAAAAAAAAAAAAAAAAAAAAAAAAAAAAAAAAAAAAAAAAAAAAAAAAAAAAAAAAAAAAAAAAAAAAAAAAAAAAAAAAAAAAAAAAAAAAAAAAAAAAAAAAAAAAAAAAAAAAAAAAAAAAAAAAAAAAAAAAAAAAAAAAAAAAAAAAAAAAP//Z', 14, 1683210862000, 1683210862000, 0);
INSERT INTO attachments (userId, resourceId, size, width, height, name, mime, id, createdAt, updatedAt, version) VALUES (1, 14, 3468, 640, 360, 'img-0', 'image/jpeg', 15, 1683330742000, 1683330742000, 0);
INSERT INTO resources (hash, encoding, content, id, createdAt, updatedAt, version) VALUES ('f1a7d878def8e70293eeb1d26ea20d4e47bc7e07edd0b142545df4bfd26d80c9', 'BASE64', '/9j/4AAQSkZJRgABAgAAZABkAAD/7AARRHVja3kAAQAEAAAACgAA/+EDLGh0dHA6Ly9ucy5hZG9iZS5jb20veGFwLzEuMC8APD94cGFja2V0IGJlZ2luPSLvu78iIGlkPSJXNU0wTXBDZWhpSHpyZVN6TlRjemtjOWQiPz4gPHg6eG1wbWV0YSB4bWxuczp4PSJhZG9iZTpuczptZXRhLyIgeDp4bXB0az0iQWRvYmUgWE1QIENvcmUgNS41LWMwMTQgNzkuMTUxNDgxLCAyMDEzLzAzLzEzLTEyOjA5OjE1ICAgICAgICAiPiA8cmRmOlJERiB4bWxuczpyZGY9Imh0dHA6Ly93d3cudzMub3JnLzE5OTkvMDIvMjItcmRmLXN5bnRheC1ucyMiPiA8cmRmOkRlc2NyaXB0aW9uIHJkZjphYm91dD0iIiB4bWxuczp4bXBNTT0iaHR0cDovL25zLmFkb2JlLmNvbS94YXAvMS4wL21tLyIgeG1sbnM6c3RSZWY9Imh0dHA6Ly9ucy5hZG9iZS5jb20veGFwLzEuMC9zVHlwZS9SZXNvdXJjZVJlZiMiIHhtbG5zOnhtcD0iaHR0cDovL25zLmFkb2JlLmNvbS94YXAvMS4wLyIgeG1wTU06RG9jdW1lbnRJRD0ieG1wLmRpZDowNUJDMkU1QTQyMDIxMUU5OTk4RkJCNjMyNTY5RTk2QSIgeG1wTU06SW5zdGFuY2VJRD0ieG1wLmlpZDowNUJDMkU1OTQyMDIxMUU5OTk4RkJCNjMyNTY5RTk2QSIgeG1wOkNyZWF0b3JUb29sPSJBZG9iZSBQaG90b3Nob3AgQ0MgKE1hY2ludG9zaCkiPiA8eG1wTU06RGVyaXZlZEZyb20gc3RSZWY6aW5zdGFuY2VJRD0ieG1wLmlpZDo3MEZERjI3OTJCRDgxMUU2OUIyREM0OUM4MTBDNDI3MyIgc3RSZWY6ZG9jdW1lbnRJRD0ieG1wLmRpZDo3MEZERjI3QTJCRDgxMUU2OUIyREM0OUM4MTBDNDI3MyIvPiA8L3JkZjpEZXNjcmlwdGlvbj4gPC9yZGY6UkRGPiA8L3g6eG1wbWV0YT4gPD94cGFja2V0IGVuZD0iciI/Pv/uAA5BZG9iZQBkwAAAAAH/2wCEABQQEBkSGScXFycyJh8mMi4mJiYmLj41NTU1NT5EQUFBQUFBREREREREREREREREREREREREREREREREREREREQBFRkZIBwgJhgYJjYmICY2RDYrKzZERERCNUJERERERERERERERERERERERERERERERERERERERERERERERERERP/AABEIAWgCgAMBIgACEQEDEQH/xACAAAEAAwEBAQAAAAAAAAAAAAAAAQMEAgUGAQEBAQEAAAAAAAAAAAAAAAAAAQIDEAEAAgIABAMEBwYFBAMAAAAAAQIRAyExEgRBUWFxgSITkaGxwTJyBdFCUoIjFPDhkqIz8bLCU6OzFREBAQEBAQEAAAAAAAAAAAAAAAERMSEC/9oADAMBAAIRAxEAPwD64BzbAFAAAAAAAAAAAAAAAAAAAAAAAAAAAAAAAAAAAAAAAAAAAAAAAAAAAAAAAAAAAAAAAAAAAAAAAAAAAAAAABAAAAAAAAAAAAAAAAAAAAAAAAAAAAAAAAAAAAAAAAAAAAAAAAAAAAAAAAAAAAAAAAAAAAAAAAUAAAAAEAAAAABQAAAAAAAAAAAQAFAAAAAAAAAAADmAAAAAByAA5AByEABQAAAAAAAQAFABAAUAAAAAAAAAAAAA5gAAAAACAAoAAAAASAAAAgAAAAAAAAAAAAAAcgAAAAAOYABzAAAAAAAAAAAAAAAAAAAAAAAAAAAAAA5AAAAAAcwAAUOYCAAoAIACgAAAAAAAgAKACAAoAIAAACgAgAKACAAoAIAAAAAAACgAAAgAAAAAKAAACAAoAIACgAgAKAAACAAAAAAoAAAIACgAgAKAAAAAAAAAAAAAAAAAAAAAAAAAAAAAAAAAAAAAAAAAAAAAAAAAAAAAAAAAAAAAAAAAAAAAAACAAAAoAAAAAIACgAgAKAAACABkAAAAAAAAAAAAAAAAAAAAAAAAAAAAAAAAAAAAAAAAAAAAAAAAAAABQAAAQAAAAAAAFABAAUAEABQAQAFAyAAAAAAAAAAAACAAoAAAAjORT3dbW1W6JmLdMzXHnhRo/UNdtfVe2LViOvh58p96DcKY7jXFIvNois8OPDitraLRmOMeaiQABR3Hd6u36Y2WiJtOI/x9/Jf7EAAABQAAAAAAAAAAAQAFABAAUAAAAAEABQAAAQAAAFABAAAAAAUAJQAFABAAAAAAUAAAEABQAQAAAFAGXdstW1aa8RNotOZ48sevqIv2bK64zeYiPWXzunVbdWuY6a2+HqrjjEZmOrOZz8MY98cnvae0pFvmTM2v/FM/sxDJ/Z7pts1xiuuJ6tVufGefj6zzLPDVOzt+nha02paLzETj8WJnMcPze9u7LZFtUVieNY6Z8+Dyuz32vsmmyOnptN8eMRMXmZn6Y+lr01jXsrujlaba/TE2tMT9kJFbtvc69M1recTbhVcw91+n07i8bJmYnlb1hX3P6lXVnXqxa/DEZ4fT9Pj4Kizv+wjuppbxrMZ/L+36Pa2xGOEPjtXf7J7uNl/gmZ5Y8Orly+t9fTZGysXrxiYiYB2Kb76UvWkzEWtn6oyuhFAFABAAUAEABQAAAQAFABAAAAAAAAUAEABQAAAAAAAQAAAFABAAAAAAUAEABQAAAQAAAFABAAAAAU9z29O4rNNnL0XCjLq7a+mvTrviI84jH7Svc7pvOvorMxHPqn7On72ll7aZt3W2P4Yr9cESuN/a111veIxs3TWl5iZ5cvsROiOiNVZ5RGJ9a8l/6jovv0TSnC3CY+lm7GJpqilpzaJtE+2MtSesfV8aO32/0p6541zW38v+XF4+f7ms7Lxib8PZEf4y095snTXbbGa3r0z6Ty+vMK448Y+ln6mVZdjFr7H5VpmLZ4cOHKfDx/x6vS/RZnGykzmK3wqwu/SY6LbYnHGY5e9Gl+79M17bzaZmIv8A8kefl7OLdERBnPLxSoDnrjOM8XSKAAAAAAAAAAAAAAAAAKAAAAACAAAAAAAAAAoSAAAgAAAAAAAAAAAKACAAAAAAAAoAIACgAgAKDP2dc32X/inH+nMNCrs5+CfPq2f99liVomHjWrsjuLbY4aovj3zEV+2XtMvfxadNopE2tOOmI88tMsUz8/bOivGIms7M+63vy1z+m9vac9ER+Xh9h2Pbzq15vGNluN5+yPXDYdOPOt+lauHRNq+fx25eX4mbs/0y2vudk7Yi2uYnp6vi/e4c+L2hMGPb2VZjOnGu/wDFWPu8WDf3t72/tKZjd+9MTw+n15+mfPg9t5f6j2fzb0vWei1p6JtjPDFp5e1LFlUf/mWnXPVaPmTx6sZ/6+2fat/T98zNtWzMTExiJnqxmOWfHz/mx4M99NuzmJnE+PXWOnOOM1mI9InzWbo6e6jb/D0f7pms/UxytPWEcktAAAAgAKAAACABKgAAAAAAAgAAAKGAEAAAAABQAQAAAAAAAAAAAFAAAAAAABAAUAAAAAEABQQlAE2iOc4YNXc11btlZtHROJrPhE+OZ9c8HXb0+fbZG6ZzW0xWMzHw+HJ1ns4iaz04mcT1Rzmvt8lZb44kvP1b4rurr13m9Ji0TmcxExyxPj4+MtHdXvXo+XOJm2OPH923sXUaEsVtvc1/ci3s+H75V/3fdf8Ao/8AkqauPRc7NldcZtOIedfvu4pNYtqivVPTGbZ4+5H6h86NM3tNcVmJxFZ9n8U+ao9Nm7mc2118erP1WaYnLFidnc2vn4aR0RHrzz9eEqsndzbbvinOkdNf5pnj/smTuJi+y2PxTOukR78z9EWynPGLz/7bZ+usfcjRpm/c26o/48W9vVXH3MfXcWPUj1SIlVSAgAAAAAAAKACAAoAAAIACgAAAgAAAKACAAoAIACgAASAACAAAAoAQgAAAAAKAAAAACAAoAAAAy77TpvXbEZicUt7Oefdx+lxfbPax18LaZmZzHh1cfDOeM+Tazbey1bPDE+PTEQIndMYpeOUWrx/N8P3uu5421fn/APGznuYiuqccq9M/6ZhF7dUabedon/ZYhWhICq92qNtZrPjDjVsr3NJpfhaMddfX9mV7NovG3be8cIr/AE/fnj9yxK77TdE1+VMx10jFo8fT6UdvOJvWecXt9fH72bt6RbbTd+9s6rz+Xw+2FsVm3d2vH4a06J9vC32HUZ+6xptNbf8AFsmc+mY4z9TmItWZ22nNtcxWZ/irP7Mzyd992eqbT3G29ojpxjMdM+nHz8mPse320mmq9omM9V+eYx+GPZw8fXCUe9AiEjSEggAAAKACAAAHIAAkAAAAABQAQDmCgAAHIQAAAFAAA5ggAKHqAgAAAAHIAAAOYCgAgAKACAAoAAAIACgAgAKKO8j+hs/Lb7FNJ/pdt/L/APXZZ3tojVMTwiZrE++0KtM/M3R0/wDHrr0x+b2eyRG4EZwKq7nfGiuedp+Gses8lG3RHRXtYnGYza3jiuOPtmcO9lqW2zN/w6q9U+2Z5+7plRN9lNdts8b7Jjojyrzx5cOIjrXeNU7O6vPwR8NY8sT0z9MxEtPb0mtM2/FaZtPtnjj3cvcoitbWr2/ONcZt5csR9ufc2g5tWt4xaMx5SU1V1x00iKx6Rh0CoSSIAcwABQAAAAAQAADkCgAgHIAAAAACQUAAAAAAAAAAAEAAABQAQAFAAAAAAAAABAAUAAAEABQAABAIveuuOq8xER4zwRXZW8dVZiYnxhh/VqdeqI48/CJnwnniJ+HzZJv3Ea6bKUmOqnT0UiYxOa/u+EcJwg9m8V2R0WiJjylzX5WqsxXFaxzxwiPN4Oie4tstWk3nbThabT8EfDMfTM9Ph6utXbdzauyL9fXMTExn4Z+KJ+zy4eCo93XtptjOu0WjOM1nLL/c7tm6aaoiddZiLzPPlnhx8pjwWdp29dWmKRHTMxGceeOLFTtNmj51tc3m/PXM28enHsmf8kV6GztdW23XaMzjznj7vFO7TG6IjM1ms5iazj0eZ2+zfF7xEbei1Z6J2Rx64+yJzHOPBN9fda61+XNptanxdU5xbNfo8Qelo1a9cT0cc855zPtWvDveadvM9t835kRXq6uvPrjq4Zzzx6tnZ9zPcbdk5noicViYx+7Xjjn4yD0REJUAAAEABQAQAFABAAUAAAAAAAAAEAAABQAQAFAAABAAUAAAAAAAEABQAQAAAADmCgAgAABIoAIAAACgACina012vsp+K8x1e5Z8WMOxBx8RGXeDmDj4nUZ8UmAROZjEcJUdr23yYmbW6r2t1Wnlx4R90NGRQAAAQAFABADkKAAACAAAAoAAAhBICgAgAKAAAAAAAAACAAAAoAAAAAIAAAAACgAgAKACAAAAAAoAIACgAAAAAAAAAAAAAgAAAAAKACAAoAIAAAAAAACgAAAAAgAAAAAKACAAoAAAIACgAgAKACAAAAoAIAAAAACgAgAAAAAKACAAoAAAAAAAAAIAAACgAAAAAgAAAAAKACAAAAoAIAAAAAAACgAAAAAgAKACAAoAAAIAAAAACgAgAAAKAAACAAoAAAAAIACgAgAKAAACAAAAAAoAIAAAAACgAAAgAAAKACAAAAAAoAAAIACgAgAKAAACAAAAAAoBzAAAIAQAgAAUAEADmAAoAIBgAAFAAABAAUAAAEDmAoAAAIACgAgAcgAAAFAAABAAUAEABQAQAFABAAUAAAAAEABQAAAAAQAFAAAAAAABAAUAAAAAEABQAAAQAFABAAUAAAAAEAAABQAQAAAFAAAAAAAAABAAUAAAAAAAAAEABQAAAAAQAFABAAAAUAEABQAAAAOQAAIAAACgAAAgAAAAAAAKAAACAAoAAAAAIACgAAAAAAAAAgAAAAAKACAAAAAAAAAAoAAAIGAAAAAAAFABAAUEAgkBQAQAAAFAAAAAADAAACAAAAAAoAIAAAAACgAgAKAAACAAAAoAA//Z', 16, 1683450622000, 1683450622000, 0);
INSERT INTO attachments (userId, resourceId, size, width, height, name, mime, id, createdAt, updatedAt, version) VALUES (1, 16, 4554, 640, 360, 'img-1', 'image/jpeg', 17, 1683570502000, 1683570502000, 0);
INSERT INTO resources (hash, encoding, content, id, createdAt, updatedAt, version) VALUES ('440392a23d56a425a41ade3c9e8cf9941179f05ac0dbe22f666f754c2050bfd3', 'BASE64', '/9j/4AAQSkZJRgABAgAAZABkAAD/7AARRHVja3kAAQAEAAAACgAA/+EDLGh0dHA6Ly9ucy5hZG9iZS5jb20veGFwLzEuMC8APD94cGFja2V0IGJlZ2luPSLvu78iIGlkPSJXNU0wTXBDZWhpSHpyZVN6TlRjemtjOWQiPz4gPHg6eG1wbWV0YSB4bWxuczp4PSJhZG9iZTpuczptZXRhLyIgeDp4bXB0az0iQWRvYmUgWE1QIENvcmUgNS41LWMwMTQgNzkuMTUxNDgxLCAyMDEzLzAzLzEzLTEyOjA5OjE1ICAgICAgICAiPiA8cmRmOlJERiB4bWxuczpyZGY9Imh0dHA6Ly93d3cudzMub3JnLzE5OTkvMDIvMjItcmRmLXN5bnRheC1ucyMiPiA8cmRmOkRlc2NyaXB0aW9uIHJkZjphYm91dD0iIiB4bWxuczp4bXBNTT0iaHR0cDovL25zLmFkb2JlLmNvbS94YXAvMS4wL21tLyIgeG1sbnM6c3RSZWY9Imh0dHA6Ly9ucy5hZG9iZS5jb20veGFwLzEuMC9zVHlwZS9SZXNvdXJjZVJlZiMiIHhtbG5zOnhtcD0iaHR0cDovL25zLmFkb2JlLmNvbS94YXAvMS4wLyIgeG1wTU06RG9jdW1lbnRJRD0ieG1wLmRpZDowNUJDMkU1RTQyMDIxMUU5OTk4RkJCNjMyNTY5RTk2QSIgeG1wTU06SW5zdGFuY2VJRD0ieG1wLmlpZDowNUJDMkU1RDQyMDIxMUU5OTk4RkJCNjMyNTY5RTk2QSIgeG1wOkNyZWF0b3JUb29sPSJBZG9iZSBQaG90b3Nob3AgQ0MgKE1hY2ludG9zaCkiPiA8eG1wTU06RGVyaXZlZEZyb20gc3RSZWY6aW5zdGFuY2VJRD0ieG1wLmlpZDo3MEZERjI3OTJCRDgxMUU2OUIyREM0OUM4MTBDNDI3MyIgc3RSZWY6ZG9jdW1lbnRJRD0ieG1wLmRpZDo3MEZERjI3QTJCRDgxMUU2OUIyREM0OUM4MTBDNDI3MyIvPiA8L3JkZjpEZXNjcmlwdGlvbj4gPC9yZGY6UkRGPiA8L3g6eG1wbWV0YT4gPD94cGFja2V0IGVuZD0iciI/Pv/uAA5BZG9iZQBkwAAAAAH/2wCEABQQEBkSGScXFycyJh8mMi4mJiYmLj41NTU1NT5EQUFBQUFBREREREREREREREREREREREREREREREREREREREQBFRkZIBwgJhgYJjYmICY2RDYrKzZERERCNUJERERERERERERERERERERERERERERERERERERERERERERERERERP/AABEIAWgCgAMBIgACEQEDEQH/xACOAAEAAgMBAQAAAAAAAAAAAAAABAUBAwYCBwEBAQEBAQEAAAAAAAAAAAAAAAEDAgQFEAEBAAECAwUFBQUHAwUBAAAAAQIRAyExBEFRcRIF8GGBwSKRobEyE9HhQnIGUmKCoiNDFDNTc/GSstIkNBEBAQACAgEFAQEAAAAAAAAAAAERAiExA0FRYRIyE1L/2gAMAwEAAhEDEQA/AOhAfPekAAAAAAAAAAAAAAAAAAAAAAAAAAAAAAAAAAAAAAAAAAAAAAAAAAAAAAAAAAAAAAAAAAAAAAAAAAAAAAAAAAAAAAAAAAAAAAAAAAAAAAAAAAAAAAAAAAAAAAAAAAAAAAAAAAAAAAAAAAAAAAAAAAAAAAAAAAAAAAAAAAAAAAAAAAClAClAAAAAAAAAAAAAClAClAClAClAAAAgAQgAQgAQgAQ7gA7juADuAAAAAAAAIAEIAEAAAAAAAApQApQAAAAAAAhAAhAAAAAAAAAApQApQAAAAAAAAA7zvADvO8AKUAKUAKUAKUAAACABCABCABCABAAAAAAAAAAAACABCABAAAAAAAAAAAAAAAAACEACEAAAAAAAAAClAClAAAAAAAAAAAAAClAClAAAAAAAAAAAAAAAAAAAAAAAAAAAAAAAAAAAAAAAAAAAAAAAAAAAAAAAAAAAAAAAAAAAAAAAAAAAAAAAAAAAAAAAAAAAAgAQgAQAAAAAAAAAAAAgAQgAQAAAAAAAClAClAAAAAAAAIQAIQAAAAAAAAAKUAKUAAAAAAAAAO87wA7zvAClAClAClAClAAAAgAQgAQgAQgAQAAAAAAAAAAAAgAQgAQAAAAAAAAAAAAAAAAAAAAAAAAAAAAAClAClAAAAAAAAAAAAAClAClAClAClAAAAgAQgAQgAQgAQ7gA7juADuAAAAAAAAIAEIAEAAAAAAAApQApQAAAAAAAAAAAAAAAAAAAAAAAAAAAAAAAAAAAAAAAAAAAAAAAAAAAAAAAAAAAAAAAAAAAAAAAAAAAAAAAAAAAAAAPE8QA8TxAD29vbwPb29vAAPb29vA8AA8DwADwPAAPA8AA8DwAAAAAAAAAAAAADwPAAPA8AAAAAAAAAAAAAAAAAAAAAAAAAAAAAAAAAAAAAAAAAAAA8TxADxPEAAAAAAAAAAAAAAAApQApQAAAAAAAAAAAAApQApQApQApQAAAIAEIAeJCAeJ4kIB4hDuADuO4AO4AAAAAAAPEIB4niQgHieJADxPEAPE9vb28QA9vb28T29vbxADwPApQPA8ClAAAAAAACEACEAAAAAAAAAClAClAAAAAAAAADvO8AO87wApQApQApQApQAAAIAEIAEIAEIAEAAAAAAAAAAAAIAEIAEAAAAAAAAAAAAAAAAAAAAAAAAAAAAAAAAAAAAAAAAAAAAAAAAAAAAAAAAAAAAAAAAAAAAAAAAAAAAAAAAAAAAAAAAAAAAAAAAAAAAAAAAAAAAAA5nMAOZzAAAAAAAAAAAAADmcwA5nMAAAAAAAAAAAgAQgAQAAAAAAAAAAAADmAR4y3cJfLxuXbMZrZr+HxPNuc/wBLP/L/APZ1NbUzHsjXN/DXy5a4ZXszmn2dn2Vs5JZZ2uQ5AgcgAAecsvL2a23SQnI9HGsTHHbtu9uzXhLjNMZLfv8AvbP+L090zy4y6aebLKy68uFung2nivrXH3jwc+TdOh6e/wC3j/7Y8zoely444Y8O3Hs+xf4/Kff4a6N2PRbeP5PNL/NlfutsRc8c9iee5Tc2u3L+Ke/hw0nby041zfFZ8rN5WwBk7AAAhAAhAAAAAAAAAApQApQAAAAAAAAA7zvADvO8AKUAKUAKUAKUAAACABCABCABCABAAAAAAAAAAAB43crjjbrpymvdr+x70YsmUsvGXhYTi8jZ1Ny6fbn6Okty7bx48eGtmt92vLkiY+qZXDK2ayeaTKTTjjh5vy34+3Fst3MZcNMdzbv8GfOfHjr7pp8Xr/lY4Y657NxxnP8AJZpy7+7uevXfW9VjZUnC49TjcdyS8csfLePCWxF28bjrhzmOVxxvu/dy1+L3ubuWedx2tMZ5ZbnONsy7uz8WMcZjNJ7e338XHls/Pq60l7ZPE0QOq9V2untww+vOcLJynjf2MJLemluO0/mKPDHr+uvmxtwxvKz6Z+2pm50d6Xbuee9uZZ8seNv1Xl9Pb8exp/P55cfZYaPGcylm5t6XLHXhe2ds93Z+DMx3s+OO3p/Plp+Gqs6j1TPYz8uU287/AHMrw8eBrptLmLdosMsem63c45aZWaXDLhdey8e7Wzhw4t2PQTG53zX6pZ4a/jp2dyjx6jq+vsmG3j5LeFuOsnxy4fZFlt/rbV/T3rLPL5r+n5sbLPC9vZppyvBt9sds8Z6S8OgmGeOcyumMnDw17dffre9ien+XLzTL+PLc0s/tfOacL2d1R9vHcyxn6mWWM5yTO68ePHLn7tNbJ72ybdxusyz4d+5lfml8uq/Sk9O8s1y3LNLjlbppxmvHu1uv3PG3lMcLtbGXmxty+rT6Z5rrz7dOXDn2tmeGOf55L48XrTg4vl/zFmnuxjjMZMZyk0jIMGgAAAAAAAAAAAAAAHM5gBzOYAAAAAAAAAfM+YAfM+YAczmAHM5gBzOYAczmAAAByADkcgA5HIAORyADkfIAPkfIAPkAAAAAAAHMIAACPNnLb3P1McpNvTTLHTSSe6/t76r+p9a8tuOxjrp/Fly+E/el+qzXp7PNMe3jefu9v3ofoW3sZ+bzyXclnl83d3xvpJZ9tuXFuLiM7HQ9Z1f1b+dxwy5468/8PKe2sWnT+ndPsSTHCWz+LLjdUrKZWaY3S96L0HUXdmeOX+3ncJe+Tlr73aM9TuYbWWP6m7cJlwxnDTh79Pmreu9awymmxLbLMvNeE4fej+uXLLenO4SaTu17fj3rXofTtnZwxysmed0vm5/YvE5c98K7Z6fr+r+rczywxvfdP8s0+9ZbHpPTbE/L5r358f3fcmbmVxxtxmt7J7djz0+eO7t45bd82NnC95m1cSPWW5jhpLdNeEiFvdJeo387hnlhnMcLjljf5uc7Wd/Z3d3qNrc2L9OOsz46Sz5+3JM/4OOW7N/PXzyaTS6TT5/EkS1Wzd6npfp6rDXH/u4cv8X7UzGzKTLG6zss5LCzXheMQOr6PHb2rudPPJlhrn5ceEy91nK6/a528WeYs39wa+m35v7eO7jNJlOTY81mK1AAAAApQApQAAAIAEIAEIAEIAEIAAAAAAAAAAAAAEIAEIAAAAAAAAAAAAAAAAAAAAAAAAAAAADGsk1vCTtapN7qeGxpht3/AHMuOv8ALPnfhrwrZsdP+tnnnuaZbc+nHHs4c7e+69/LRY6dz0ePx+tZ7bekQZ0fTdNhM97TK4/7m7xv235Oe9NzmXXTKcdbn+Fddnt47k8ucmU7rNUXD0zpsN2b2GExyndwn2cm2PZnl682vCcb7jY6PHa1vblbldOWt/H4pGX0TXGa6dkcp6j6h1uWdmXm2sZdJJrP83b+CSSdrblYeu9VszZ/4+Nnn1x+nHs09uR6Fncunst10y0n2RT9H6bv9bfNjNMbzzy9uLqej9O2ulw8mOt15+bj93JbMkuGeOfDGazvvJnpuhw6bbm1jrcZ3pQTWRLcsaaMg6QYvGIHqfW7fT7Vnm0z4aYy/VzVuz/UG5u7+OHkkwysx07eN011Bv8ATtcdvLDswz3MZ8KlonRc973buaW8O/6r0a9AMuVYAAAAAAAAAAAAAAAAAAAAAAAAAAAAAAAAAAAAAAAAAAAAAAAAAAAAAAAAAAAAJzOwBTdfv5Y9Nj5LZ/q7nK6crWvpvXuo2ZMdzTcnv4X7Wvrbr0+3f7+9/wDJXPdr0897df03rnTb/DK+TLuz/asplLNY+fPW3u57N823lcb3yukfQDSOY6X+odzDTHfx80/tY8L+/wC50HTdVt9Vh59q6z8EG/QBQAAAByPqPSbm71m55MbZrjreyayLXofQ9vYym7uXz5zjj2Sfv+Kx62T9HL4fjEhyqk6Lnv8A/mzS0Xovzb//AJc0p5N/1W+vQGgzUAUAAAAAAAAAAAAAAAAAAAAAAAAAAAAAAAAAAAAAAAAAAAPEAPE8QA8QAAAAAAAAAADsCMzmDnOqn/5drScJnuzv7e9XrHqpJ0uEknDd3J7e18Vc92vTz0AdIOj/AKa/JufzT8HOOk/pr8m5/NPwQXwCgADR1PUTp8ZnZbNZLp2a9t907Vdh61s7+/ht43KTzc9OGWvCTv58mz1jek6bcwxv1SY6z3W6OX6THXf25354/ig7TrP+jl8Pxje0buzrtfp7c05SeEbsspjLlldJONtBUdJNLu3v3c0lq2LLjcpyyyzynhcrp9vNteLf9V6J0UByoAAAAAAAAeAAeB4AB4HgAAAAAAAAAAAAAAAAAHgeBzOYHgeBzOYAAAAAAAAAAAAAAAAAAAAAAAAAAB2gCl6/buPTXXs3sv8ANNVOv+svn/U6fPTGZ3HPbzv5dZJwt+Cj3NrPb/NNNeV7L4Xt+D2aXiMNpy8ANHI6X+mv+lufzfJzTp/6bn+jnf7/AMoguwFAAGvd2sd3DLDKcMppUDpfSen6K3e1tsn5s7OHt3vXUeq7OEuO1/q7nZjt/V9tQLsdT1t16vLy4f8Aaw+ftfg422mvbqS3pP3/AFXbxlx2J+rn3YcZx5a5ckPLpuo6nKZdTufTLrdrCfT4e/4xL29vHbxmGE0xnZHvm8+3kt64jSaSdsEBk7CAAAAAAAAAAAAAAABSgBSgAAAAAAAAAAAABSgBSgBSgBSgAAAQAIQAIQIBCEIBDuIAdx3AB3AAAAAAAADLAMxG3ulm5LJw83PG8cb8OGnjLOPPVIFzZ0Yc71Hp9w82WM007MrwnLlneGU+y9+qBlhljp5pZrNZq7G8EPe6DHKWbfCc/JnPNhr+OP8Ahsba+X02Z3T2czydT/Ts06fL+e/hFXv+lzHG563b07Mp5sfhcdbp/NNe9eej7U2enmPmmWtuWuN1nFvNpemeMLEQ8/UtjHK7eN82c/hwmv7p8ar9ydV1nDdy/S2/7GF+q+OSXeTsktT9/wBU2Nrhjl+pn2Ybf1X7lbubXV9b/wD0Zfpbf/bw5/G/+s9yXtbOGzj5duTGe5sYbeW3rhrNJ6te1s4bOPk25MZ7mzQGLsAAoABPkAAAAAAAAAAAAAAAAAAAAAAAAAAAAAAAAAAAAQgAQgAAAAAAAFAClACgAAAAAAAAAAAAAAAACv3/AEna38/1JbjbePl9vbmsOQstnM4LMtXT9Nh02H6e3NJ2++tpBLzyAAFDsAAEAKKAAAAAAAAAAAAAAAAAAAAAAAAAAAAAAAAAAAAAAAAAAAAAAAAAAAAAAAAAAAAAAAAACAAoAAAAAAAAAIACgAAAD//Z', 18, 1683690382000, 1683690382000, 0);
INSERT INTO attachments (userId, resourceId, size, width, height, name, mime, id, createdAt, updatedAt, version) VALUES (1, 18, 5082, 640, 360, 'img-2', 'image/jpeg', 19, 1683810262000, 1683810262000, 0);
INSERT INTO resources (hash, encoding, content, id, createdAt, updatedAt, version) VALUES ('a1b2369523a030c91bda13dcf872c04b29542589ac2f920a91fee34dfe00a5c4', 'BASE64', '/9j/4QAYRXhpZgAASUkqAAgAAAAAAAAAAAAAAP/sABFEdWNreQABAAQAAAAKAAD/4QMsaHR0cDovL25zLmFkb2JlLmNvbS94YXAvMS4wLwA8P3hwYWNrZXQgYmVnaW49Iu+7vyIgaWQ9Ilc1TTBNcENlaGlIenJlU3pOVGN6a2M5ZCI/PiA8eDp4bXBtZXRhIHhtbG5zOng9ImFkb2JlOm5zOm1ldGEvIiB4OnhtcHRrPSJBZG9iZSBYTVAgQ29yZSA1LjUtYzAxNCA3OS4xNTE0ODEsIDIwMTMvMDMvMTMtMTI6MDk6MTUgICAgICAgICI+IDxyZGY6UkRGIHhtbG5zOnJkZj0iaHR0cDovL3d3dy53My5vcmcvMTk5OS8wMi8yMi1yZGYtc3ludGF4LW5zIyI+IDxyZGY6RGVzY3JpcHRpb24gcmRmOmFib3V0PSIiIHhtbG5zOnhtcD0iaHR0cDovL25zLmFkb2JlLmNvbS94YXAvMS4wLyIgeG1sbnM6eG1wTU09Imh0dHA6Ly9ucy5hZG9iZS5jb20veGFwLzEuMC9tbS8iIHhtbG5zOnN0UmVmPSJodHRwOi8vbnMuYWRvYmUuY29tL3hhcC8xLjAvc1R5cGUvUmVzb3VyY2VSZWYjIiB4bXA6Q3JlYXRvclRvb2w9IkFkb2JlIFBob3Rvc2hvcCBDQyAoTWFjaW50b3NoKSIgeG1wTU06SW5zdGFuY2VJRD0ieG1wLmlpZDpDRDQ2NTJFMjQyMDQxMUU5OTk4RkJCNjMyNTY5RTk2QSIgeG1wTU06RG9jdW1lbnRJRD0ieG1wLmRpZDpDRDQ2NTJFMzQyMDQxMUU5OTk4RkJCNjMyNTY5RTk2QSI+IDx4bXBNTTpEZXJpdmVkRnJvbSBzdFJlZjppbnN0YW5jZUlEPSJ4bXAuaWlkOkNENDY1MkUwNDIwNDExRTk5OThGQkI2MzI1NjlFOTZBIiBzdFJlZjpkb2N1bWVudElEPSJ4bXAuZGlkOkNENDY1MkUxNDIwNDExRTk5OThGQkI2MzI1NjlFOTZBIi8+IDwvcmRmOkRlc2NyaXB0aW9uPiA8L3JkZjpSREY+IDwveDp4bXBtZXRhPiA8P3hwYWNrZXQgZW5kPSJyIj8+/+4ADkFkb2JlAGTAAAAAAf/bAIQAFBAQGRIZJxcXJzImHyYyLiYmJiYuPjU1NTU1PkRBQUFBQUFERERERERERERERERERERERERERERERERERERERAEVGRkgHCAmGBgmNiYgJjZENisrNkREREI1QkRERERERERERERERERERERERERERERERERERERERERERERERERE/8AAEQgBaAKAAwEiAAIRAQMRAf/EAHQAAQADAQEAAAAAAAAAAAAAAAABAwQCBQEBAQEBAQEAAAAAAAAAAAAAAAECBAMFEAEAAgIAAwgDAQEAAAAAAAAAAQIRA1GRBCExQXESUjMU0TITYUIRAQEAAgICAgMAAAAAAAAAAAABEQIhEjEDQVFhMhP/2gAMAwEAAhEDEQA/APYAafSAAAAAAAAAAAAAAAAAAAAAAAAAAAAAAAAAAAAAAAAAAAAAAAAAAAAAAAAAAAAAAAAAAAAAAAAAAAAAAAAAAAAAAAAAAAAAAAAAAAAAAAAAAAAAAAAAAAAAAAAAAAAAAAAAAAAAAAAAAAAAAAAAAAAAAAAAAAAAAAAAAAAAAAAAAAAAAAAAAAAAAAAAAAAAAAAAAAAAAAAAAAAAAAAAAAAAAAAAAAAAAAAAAAAAAAAAAAAAAAAAAAAAAAAAAAAAAAAAAAAAAAAAAAAAAAAAAAAAAAAAAAAAAAAAAAAAAAAAAAAAAAAAAAAAAAAAAAAAAAAAAAAAAAAAAAAAAAAAAAAAAAAAAAAAAAAAAAAAAAAAAAAAAAAAAAAAAAAAAAAAAAAAAAAAAAAAAAAAAAAAAAAAAAAAAAAAAAAAAAAAAAAAAAAAAAAAAAAAAAAAAAAAAAAAAAAAAAAAAAAAAAAAAAAAAAAAAAAAAAAAAAAAAAAAAAAAAAAAAAAAAAAAAAAAAAAAAAAAAAAAAAAAAAAAAAAAAAAAAAAAAAAAAAAAAAAAAAAAAAAAAAAAAAAAAAAAAAAAAAAAAAAAAAAAAAAAAAAAAAAAAAAAAAAAAAAAAAAAAAAAAAAAAAAAAAAAAAAAAAAAAAAAAAAAAAAAAAAAAAAAAAAAAAAAAAAAAAABMW9M55u7a5zivbHgjPbF5Vi6OmvPgi3T3jwVO+v2qFlY9GbT4d3mr7xqXIAKAAAAAAAAAAAAAAAAAAAAAAAAAAAAAAAAAAAAAAAAAAAAAAAAAAAAAAAAAAAAAAAAAAAAAAA71U9dogS3Eyt6fp/X227m+tYrGI7iIxGIZ9Oi2u82m0zlHFtt25y0gIw4vrrsjEvP3aZ1T/jVXReNs7JtOOGVu2nrrMK9NN+t/DywmMTgV2gAAAAAAAAAAAAAAAAAAAAAAAAAAAAAAAAAAAAAAAAAAAAAAAAAAAAAAAAAAAAAAAAAAACEu9VPXaIEtxy4W9Nsprtm8xEY8W/+FMYwzatVY2zWYiYiEeF9k21sXfc0e+vM+5o99ebv+NPbHI/jr9schz8K/uaPfXmfc0e+vNZ/HX7Y5H8dftjkhwr+5o99eZ9zR7683f8AHXH/ADHJzOqntjkpww7Ji1pms5iXDTXVFtk8I8F9tVLRjA6v6TXEeeExjsFewAAAAAAAAAAAAAAAAAAAAAAAAAAAAAAAAAAAAAAAAAAAAAAAAAAAAAAAAAAAAAAAAAAu6b5IUrum+SBnf9a9Jmp89vL8NLLT57eX4Rxa/LUgRM4RlKJthzNuDkEzOUQhMAp1/JZdCjX8ll8De3mPOt3z5oTbvnzQ07Z4ABQAAAAAAAAAAAAAAAAAAAAAAAAAAAAAAAAAAAAAAAAAAAAAAAAAAAAAAAAAAAAAAABd03yQpMzHbE4niJtMzD2GWnz28vwo+9sxj0xnjnsT0kzN5mZzOEck0sltbpthxM5Jco8koAEJhBAKtfyWXQxbL217JtXlxTbq72j01r6Z45V7XS2yq7d8+aAV1zwAAAAAAAAAAAAAAAAAAAAAAAAAAAAAAAAAAAAAAAAAAAAAAAAAAAAAAAAAAAAAAAAAAAAOte2dU+qIzxhyCWZmGyvV6tkxWJ7Z8FrFp/ePNtZce+s1qvZvpqxF5xlNNldkeqk5juU9T3x5O+m/SfMLpOvZZPYpnrNUfrOZ4RErp7pYBfXpNibTacz3yA07JMcAAAAAAAAAAAAAAAAAAAAAAAAAAAAAAAAAAAAAAAAAAAAAAAAAAAAAAAAAAAAAAAAAAAAAACEgO9U4vGeLdMdrzp4Oo37qxiLRj/Y7Uw8PZpdvC7qpj1RHCHXTfrMeOWSI4zmeMpi1qz6qTiRbpevX5b7dkTM8GAtfZs/eezhEYBfXpdfIAr1AAAAAAAAAAAAAAAAAAAAAAAAAAAAAAAAAAAAAAAAAAAAAAAAAAAAAAAAAAAAAAAAAAAAAAAAAAAAAAAAAAAAAAAAAAAAAAAAAAAAAAAAAAAAAAAAAAAAAAAAAAAAAAAAAAAAAAAAAAAAAAAAAAAAAAAAAAAAAAAAAAAAAAAAAAAAAAAAAAAAAAAAAAAAAAAAAAAAAAAAAAAAAAAAAAAAAAAAAAAAAAAAAAAAAAAAAAAAAAAAAAAAAAAAAAAAAAAAAAAAAAAAAAAAAAAAAAAAAAAAAAAAAAAAAAAAAAAAAAAAAAAAAAAAAAAAAAAAAAAAAAAAAAAAAAAAAAAAAAAAAAAAAAAAAAAAAAAAAAAAAAAAAAAAAAAAAAAAAAAAAAAAAAAAAAAAAAAAAAAAAAAAAAAAAAAAAAAAAAAAAAAAAAAAAAAAAAAAAAAAAAAAAAAAAAAAAAAAAAAAAAAAAAAAAAAAAAAAAAAAAAAAAAAAAAAAAAAAAAAAAAAAAAAAAAAAAAAAAAAAAAAAAAAAAAAAAAAAAAAAAAAAAAAAAAAAAAAAAAAAAAAAAAAAAAAAAAAAAAAAAAAAAAAAAAAAAAAAAAAAAAAAAAAAAAAAAAAAAAAAAAAAAAAAAAAAAAAAAAAAAAAAAAAAAAAAAAAAAAAAAAAAAAAAAAAAAAf/Z', 20, 1683930142000, 1683930142000, 0);
INSERT INTO attachments (userId, resourceId, size, width, height, name, mime, id, createdAt, updatedAt, version) VALUES (1, 20, 3102, 640, 360, 'img-3', 'image/jpeg', 21, 1684050022000, 1684050022000, 0);
INSERT INTO resources (hash, encoding, content, id, createdAt, updatedAt, version) VALUES ('0f184778fdd4273749c379b248de0413607a81930ecf71521b715cf700fb9c6d', 'BASE64', '/9j/4QAYRXhpZgAASUkqAAgAAAAAAAAAAAAAAP/sABFEdWNreQABAAQAAAAKAAD/4QMsaHR0cDovL25zLmFkb2JlLmNvbS94YXAvMS4wLwA8P3hwYWNrZXQgYmVnaW49Iu+7vyIgaWQ9Ilc1TTBNcENlaGlIenJlU3pOVGN6a2M5ZCI/PiA8eDp4bXBtZXRhIHhtbG5zOng9ImFkb2JlOm5zOm1ldGEvIiB4OnhtcHRrPSJBZG9iZSBYTVAgQ29yZSA1LjUtYzAxNCA3OS4xNTE0ODEsIDIwMTMvMDMvMTMtMTI6MDk6MTUgICAgICAgICI+IDxyZGY6UkRGIHhtbG5zOnJkZj0iaHR0cDovL3d3dy53My5vcmcvMTk5OS8wMi8yMi1yZGYtc3ludGF4LW5zIyI+IDxyZGY6RGVzY3JpcHRpb24gcmRmOmFib3V0PSIiIHhtbG5zOnhtcD0iaHR0cDovL25zLmFkb2JlLmNvbS94YXAvMS4wLyIgeG1sbnM6eG1wTU09Imh0dHA6Ly9ucy5hZG9iZS5jb20veGFwLzEuMC9tbS8iIHhtbG5zOnN0UmVmPSJodHRwOi8vbnMuYWRvYmUuY29tL3hhcC8xLjAvc1R5cGUvUmVzb3VyY2VSZWYjIiB4bXA6Q3JlYXRvclRvb2w9IkFkb2JlIFBob3Rvc2hvcCBDQyAoTWFjaW50b3NoKSIgeG1wTU06SW5zdGFuY2VJRD0ieG1wLmlpZDowRjdGRjEzMzQyMDYxMUU5OTk4RkJCNjMyNTY5RTk2QSIgeG1wTU06RG9jdW1lbnRJRD0ieG1wLmRpZDowRjdGRjEzNDQyMDYxMUU5OTk4RkJCNjMyNTY5RTk2QSI+IDx4bXBNTTpEZXJpdmVkRnJvbSBzdFJlZjppbnN0YW5jZUlEPSJ4bXAuaWlkOjBGN0ZGMTMxNDIwNjExRTk5OThGQkI2MzI1NjlFOTZBIiBzdFJlZjpkb2N1bWVudElEPSJ4bXAuZGlkOjBGN0ZGMTMyNDIwNjExRTk5OThGQkI2MzI1NjlFOTZBIi8+IDwvcmRmOkRlc2NyaXB0aW9uPiA8L3JkZjpSREY+IDwveDp4bXBtZXRhPiA8P3hwYWNrZXQgZW5kPSJyIj8+/+4ADkFkb2JlAGTAAAAAAf/bAIQAFBAQGRIZJxcXJzImHyYyLiYmJiYuPjU1NTU1PkRBQUFBQUFERERERERERERERERERERERERERERERERERERERAEVGRkgHCAmGBgmNiYgJjZENisrNkREREI1QkRERERERERERERERERERERERERERERERERERERERERERERERERE/8AAEQgBaAKAAwEiAAIRAQMRAf/EAIoAAQACAwEAAAAAAAAAAAAAAAAEBQEDBgIBAQADAQEBAAAAAAAAAAAAAAABAgMEBQYQAQACAQIEBAMGBgIDAAAAAAABAgMRBCExEgVBUSITYXEy8IGRobFC0VJyIzMUwZIVBhYRAQACAgICAQMEAwAAAAAAAAABAhEDIRIxBEFRIhPwYcFC0TIj/9oADAMBAAIRAxEAPwC4AVYAAAAAAAAAAAAAAAAAAAAAAAAAAAAAAAAAAAAAAAAAAAAAAAAAAAAAAAAAAAAAAAAAAAAAAAAAAAAAAAAAAAAAAAAAAAAAAAAAAAAAAAAAAAAAAAAAAAAAAAAAAAAAAAAAAAAAAAAAAAAAAAAAAAAAAAAAAAAAAAAAAAAAAAAAAAAAAAAAAAAAAAAAAAAAAAAAAAAAAAAAAAAAAAAAAAAAAAAAAAAAAAAAAAAAAAAAAAAAAAAAAAAAAAAAAAAAAAAAAAAAAAAAAAAAAAAAAAAAAAAAAAAAAAAAAAAAAAAAAAAAAAAAAAAAAAAAAAAAAAAAAAAAAAAAAAAAAAAAAAAAAAAAAAAAAAAAAAAAAAAAAAAAAAAAAAAAAAAAAAAAAAAAAAAAAAAAAAAAAAAAAAAAAAAAAAAAAAAAAAAAAAAAAAAAAAAAAAAAAAAAAAAAAAAAAAAAAAAAAAAAAAAAAAAAAAAAAAAAAAAAAAAAAAAAAAAAAAAAAAAAAAAAAAAAAAAAAAAAAAAAAAAAAAAAAAAAAAAAAAAAAAAAAAAAAAAAAAAAAAAAAAAAAAAAAAAAAAAAAAAAAAAAAAAAAAAAAAAAAAAAAAAAAAAAAAAAAAAAAAAAAAAAAAAAAAAAAAAAAAAAAAAAAAAAAAAAAAAAAAAAAAAAAAAAAAAAAAAAAAAAAAAAAAAAAAAAAAAAAAAAAAAAAAAAAAAAAAAAAAAAAAAAAAAAAAAAAAAAAAAAAAAAAAAAAAAAAAAAAAAAAAAAAAAAAAAAAAAAAAAAAAAAAAAAAAAAAAAAAAAAAAAAAAAAAAAAAAAAAAAAAAAAAAAAAAAAAAAAAAAAAAAAAAAAAAAAAAAAAAAAAAAAAAAAAAAAAAAAAAAAAAAAAAAAAAAAAAAAAAAAAAAAAAAAAAAAAAAAAAAAAAAAAAAAAAAAAAAAAAAAAAAAAAAAAAAAAAAAAAAAAAAAAAAAAAAAAAAAAAAAAAAAAAAAAAAAAAAAAAAAAAAAAAAAAAAAAAAAAAAAAAAAAAAAAAAAAAAAAAAAAAAAAAAAAAAAAAAAAAAAAAAAAAAAAAAAAAAAAAAAAAAAAAAAAAAAAAAAAAAAAAAAAAAAAAAAAAAAAAAAAAAAAAAAAAAAAAAAAAAAAAAAAAAAAAAAAAAAAAAAAAAAAAAAAAAAAAAAAAAAAAAAAAAAAAAAAAAAAAAAAAAAAAAAAAAAAAAAAAAAAAAAAAAAAAAAAAAAAAAAAAAAAAAAAAAAAAAAAAAAAAMXvFIm1p0iBOM8Mivnu2OJ0iszHmm4stcteuk6xKZiY8tb6dmuO164iXsBDEAAAAAAAAAAAAAAAAAAAAAAAAAAAAAAAAAAAAAAAAAAAAAAAAAAAAAAAAAAAAAABB3ncIwz0UjW3j8ExEz4aa9dtlutIzKcK7ab7Jmv0TXq/p5wsSYmPKdmq2qet/IAhkAAAATOjRXeYbW6ItGrbTd7fHlnHuNNJrrx5OczTSb2nH9Gs9PyXrXPl6Hrep+WJ75rxmsulbdjucNr5MdpiLV/m8ldhy5ce39zLWdYj0zMfV5KO0zadZ4zPFNa+VtHqd5vFp/14iYb957fv39r6Oqel72Oe2HJpGs1n6oj9UV0v/rnt+1fT/J1cfl4NLcQ9P2JimmYtHaPD2Nm6mlM3RE8Zjq0a3O+bmJjyACAAAAAAAAAAAAAAAAAAAAAAAAAAAAAAAAAAAAAAAAAAAAAAAAAAAAAAAAAAAAHnJ7nTPtVm19OEQ5vJS9LTXJExbx15uv7Xlx5q3tSdZiemVD3zNTNuf7fHpiKzPxa044ev6MzS065r58z9GOz7zFtslve+m0aa+Sdi3tdxltFPp/b8fNz6Vsa5LZI9qNbRxWtXPLp9r1q2i23+2F8Hzb9vrrM1jW0RwYPAaBti2XLGu4p0erSJ84es05otFIxx7fHqn+UThoZrWbTERzlhjFvsO3zdOWdPTrEkRlNKTecVjKl7ptr7fPMZJi029UTHkj222WtPcmlop/NMcErfb6u63MZtPRWYiInxiJ/5X+77ngnbWvjtW0zGkV+fwdGZiIe9O3Zrrqr0zM8SlbLLO4xVzTHTrHJyPcYrG5yRTl1TyWv/wBBFcEUpWfdiOnX9sfFQTMzOs8ZlFYxKvq6bUte9o6x4iHvFivltFMcTa0+EPdb5tnk9OtLxzS+z7ym0zTbJ9No6dfJju+7x7rP14vpiIrr5rfOPh0za07PxTT/AJ48o9cufcZovEzbLMxo6K1LY56b8/HRzODLbDkrkp9VZ1hdbfuV97knriI0jhopeHD72qZiLViOtISgGLxQAAAAAAAAAAAAAAAAAAAAAAAAAAAAAAAAAAAAAAAAAAAAAAAAAAAAAAAAAB5z7XJuMN/anSY/P4PSJXcbrNnvtMFois85mOUacVqxy6NFJtbtGI6fdOVJXJan0zMa89J0WPZNlTdZp9yNa0jXTzmUffduy7G0RfSaz9Noe+27rJsrzmrWbY/pv5fi3nmOHv7J76rW0zzbxK67z2/D7E5aVitqeXDgruwZKxntjt++ukfcdy7zO8p7WOs1rztrzlVUm1bRNNeqOMaKxE4xLHVpvOi2vbxM+P2dZuMfRLVFprOscJU+bu2fcVit9I6eOsRpM6Lenr008dPzZWjDx92m2qY7fKXk1vniJ5cGnJlveZiZnTXkmzj/AL9beEQrrc5+arGWELLsYz7mlr/454W+7+KaJicLa9ltU9qecYVve9rhwXrXBXSdPVEcvgq4pPHhP4O6vaa9No0ikcbzPlp4FZ9ydY0nHMcNOerSLvRp7k1pFJjMx85UPZO24c9Jy5o6p16YrPgr+7bfHt9zamL6dInTy+DrK44pk0rw1jih5+2bLriMkaXvM6eqdZki3OTX7WNk7L56z/VyJETadIjWZ8IdZfsmypHVaNI85s34O2bfaWjJjiYty1181u8Oqfepj7YnKn7Jmwbabxn9OXWIjq/Rp3N7bDd3maxpf1aRPhK17vtYtivkxVjriNb3nnpHk5e2Sb21vM2n4z4Ec8q6qxvm2yfFoxav+HSUvGSsWrxiXppnfbW1qY9vGkTHLTTSfJuYzGHjbKTScTEx9MgCGQAAAAAAAAAAAAAAAAAAAAAAAAAAAAAAAAAAAAAAAAAAAAAAAAAAAAAAAA0UmdruP9msTato6bxHP5w3sxE2nSOMpicNKXmk8fPEwjdy3f8A5KsYNrWbTX12mY0/Vo2vcse32l9tkrPX6o0056+fydLjw1rWImI10YnbYpnWaVmf6YXz8O2u+vWNc0+2Jz55y4KIlc9jyVxXtHDrtEdM/q6WNvijlSv/AFh7ila8oiEzbLXb7c7KzTriJc9v9pbcZazSOM/XOn24rTa7WaR1TwmI9MSnMqOK1ptERPivhBjPn4zetYrHjE6oSXvM3VPRXlHP5oissLDzkiZjSvN6BV6xb+2Ont5adURwbKdzx446a0mI+5pDK3aW/Dv/AHc8cNInhzT8lIn+5MazWJmvDkocmK2vVVIp3HPjjS0RPzhOVot9UzbWjfYZjPWJjVM6OGk8dFVXus1jSKR+LzbuuWfpiI/MyntCHuN5utzTNhx01rEz1W+Hl9vB6wZdj/o9N+nq6Z1j93V8EradWT3YtEz1xrMR6dZ5c2Y7HtJtpEW0059f5NImHdTdrmvWYmkROY6/yrdjtLYNvO/i0dVYtpWY1jy4/FPpMzWJnnMQ3bjYYcNa9NeXD7fH4tSlpy5vY2/knP6x9ABVygAAAAAAAAAAAAAAAAAAAAAAAAAAAAAAAAAAAAAAAAAAAAAAAAAAAAAAANWXLNJ0hO2m+w6RW3pt+U/eizWLcJa5wVnlwExOF/ExMaxxhlz9KZMf0WmG339zH7/t+Ccr9l2KSNzuo/dH5E7ncz+6I+RlPaF1a0VjWZ0hWbnuUR6cXHzt/BCvTJk43tr8yNvHjJlWbNtbRaNYZYrEVjSGUKAAAAAAGgAMRN6W66Tx5aTye6bjJjnWlKRM+UPIJyxlvlzzE5JiIjlEMgAAIAAAAAAAAAAAAAAAAAAAAAAAAAAAAAAAAAAAAAAAAAAAAAAAAAAAAAAAAAAAAAAAAAAAAAAAAAAAAAAAAAAAAAAAAAAAAAAAAAAAAAAAAAAAAAAAAAAAAAAAAAAAAAAAAAAAAAAAAAAAAAAAAAAAAAAAAAAAAAAAAAAAAAAf/9k=', 22, 1684169902000, 1684169902000, 0);
INSERT INTO attachments (userId, resourceId, size, width, height, name, mime, id, createdAt, updatedAt, version) VALUES (1, 22, 4338, 640, 360, 'img-4', 'image/jpeg', 23, 1684289782000, 1684289782000, 0);
INSERT INTO resources (hash, encoding, content, id, createdAt, updatedAt, version) VALUES ('74320ce02334225a6b65279fe6714f2b12b65dfb5650de0102b2428288176119', 'BASE64', '/9j/4QAYRXhpZgAASUkqAAgAAAAAAAAAAAAAAP/sABFEdWNreQABAAQAAAAKAAD/4QMsaHR0cDovL25zLmFkb2JlLmNvbS94YXAvMS4wLwA8P3hwYWNrZXQgYmVnaW49Iu+7vyIgaWQ9Ilc1TTBNcENlaGlIenJlU3pOVGN6a2M5ZCI/PiA8eDp4bXBtZXRhIHhtbG5zOng9ImFkb2JlOm5zOm1ldGEvIiB4OnhtcHRrPSJBZG9iZSBYTVAgQ29yZSA1LjUtYzAxNCA3OS4xNTE0ODEsIDIwMTMvMDMvMTMtMTI6MDk6MTUgICAgICAgICI+IDxyZGY6UkRGIHhtbG5zOnJkZj0iaHR0cDovL3d3dy53My5vcmcvMTk5OS8wMi8yMi1yZGYtc3ludGF4LW5zIyI+IDxyZGY6RGVzY3JpcHRpb24gcmRmOmFib3V0PSIiIHhtbG5zOnhtcD0iaHR0cDovL25zLmFkb2JlLmNvbS94YXAvMS4wLyIgeG1sbnM6eG1wTU09Imh0dHA6Ly9ucy5hZG9iZS5jb20veGFwLzEuMC9tbS8iIHhtbG5zOnN0UmVmPSJodHRwOi8vbnMuYWRvYmUuY29tL3hhcC8xLjAvc1R5cGUvUmVzb3VyY2VSZWYjIiB4bXA6Q3JlYXRvclRvb2w9IkFkb2JlIFBob3Rvc2hvcCBDQyAoTWFjaW50b3NoKSIgeG1wTU06SW5zdGFuY2VJRD0ieG1wLmlpZDpCODQ5NDA2MjQyMDUxMUU5OTk4RkJCNjMyNTY5RTk2QSIgeG1wTU06RG9jdW1lbnRJRD0ieG1wLmRpZDpCODQ5NDA2MzQyMDUxMUU5OTk4RkJCNjMyNTY5RTk2QSI+IDx4bXBNTTpEZXJpdmVkRnJvbSBzdFJlZjppbnN0YW5jZUlEPSJ4bXAuaWlkOkI4NDk0MDYwNDIwNTExRTk5OThGQkI2MzI1NjlFOTZBIiBzdFJlZjpkb2N1bWVudElEPSJ4bXAuZGlkOkI4NDk0MDYxNDIwNTExRTk5OThGQkI2MzI1NjlFOTZBIi8+IDwvcmRmOkRlc2NyaXB0aW9uPiA8L3JkZjpSREY+IDwveDp4bXBtZXRhPiA8P3hwYWNrZXQgZW5kPSJyIj8+/+4ADkFkb2JlAGTAAAAAAf/bAIQAFBAQGRIZJxcXJzImHyYyLiYmJiYuPjU1NTU1PkRBQUFBQUFERERERERERERERERERERERERERERERERERERERAEVGRkgHCAmGBgmNiYgJjZENisrNkREREI1QkRERERERERERERERERERERERERERERERERERERERERERERERERE/8AAEQgBaAKAAwEiAAIRAQMRAf/EAHkAAQACAwEAAAAAAAAAAAAAAAADBAECBQYBAQEBAQAAAAAAAAAAAAAAAAACAQMQAQACAQIEAwYFBAEFAAAAAAABAgMRMSFBEgRRYdFxgZEiMlLwoUITBbHB4RTSYnIjM0MRAQEBAQEBAAAAAAAAAAAAAAABEQJRMf/aAAwDAQACEQMRAD8A7ADq4gAAAAAAAAAAAAAAAAAAAAAAAAAAAAAAAAAAAAAAAAAAAAAAAAAAAAAAAAAAAAAAAAAAAAAAAAAAAAAAAAAAAAAAAAAAAAAAAAAAAAAAAAAAAAAAAAAAAAAAAAAAAAAAAAAAAAAAAAAAAAAAAAAAAAAAAAAAAAAAAAAAAAAAAAAAAAAAAAAAAAAAAAAAAAAAAAAAAAAAAAAAAAAAAAAAAAAAAAAAAAAAAAAAAAAAAAAAAAAAAAAAAAAAAAAAAAAAAAAAAAAAAAAAAAAAAAAAAAAAAAAAAAAAAAAAAAAAAAAAAAAAAAAAAAAAAAAAAAAAAAAAAAAAAAAAAAAAAAAAAAAAAAAAAAAAAAAAAAAAAAAAAAAAAAAAAAAAAAAAAAAAAAAAAAAAAAAAAAAAAAAAAAAAAAAAAAAAAAAAAAAAAAAAAAAAAAAAAAAAAAAAAAAAAAAAAAAAAAAAAAAAAAAAAAAAAAAAAAAAAAAAAAAAAAAAAAAAAAAAAAAAAAAAAAAAAAAAAAAAAAAAAAAAAAAAAAAAAAAAAAAAAAAAAAAAAAAAAAAAAAAAAAAAAAAAAAAAAAAAAAAAAAAAAAAAAAAAAAAAAAAAAAAAAAAAAAAAAAAAAAAAAAAAAAAAAAAAAAAAAAAAAAAAAAAAAAAAAAAAAAAAAAAAAAAAAAAAAAAAAAAAAAAAAAAAAAAAAAAAAAAAAAAAAAAAAAAAAAAAAAAAAAAAAAAAAAAAAAAAAAAAAAAAAAAAAAAAAAAAAAAAAAAAAAAAAAAAAAAAAAAAAAAAAAAAAAAAAAAAAAAAAAAAAAAAAAAAAAAAAAAAAAAAAAAAAAAAAAAAAAAAAAAAAAAAAAAAAAAAAAAAAAAAAAAAAAAAAAAAAAAAAAAAAAAAAAAAAAAAAAAAAAAAAAAAAAAAAAAAAAAAAAAAAAAAAAAAAAAAAAAAAAAAAAAAAAAAAAAAAAAAAAAAAAAAAAAAAAAAAAAAAAAAAAAAAAAAAAAAAAAAAAAAAAAAAAAAAAAAAAAAAAAAAAAAAAAAAAAAAAAAAAAAAAAAAAAAAAAAAAAAAAAAAAAAAAAAAAAAAAAAAAAAAAAAAAAAAAAAAAAAAAAAAAAAAAAAAAAAAAAAAAAAAAAAAAAAAAAAAAAAAAAAAAAAAAAAAAAAAAAAAAAAAAAAAAAAAAAA3x47ZJ0ruzjwze0VmJ6ZmeMbcPNmtxGl/wBfJx4cYjWPP3+qzHZ14RbWdJjTlPv8U2TNSs9MfNb7a8Z/x703pU59R/6tZpFZ4eOnP3+jl2yaW/brW1sn2RHH38ojzdfoyZPrnoj7a7/H0+KSlK446axoyVVkcz/U7itYvMRM86Ry9k8/yRRbX2xvE8nb0mVHvsP/ANq8vq84/wAf0bKm8+KYC0AAAAAAAAAAAAAAAAAAAAAAAAAAAAAAAAAAAAAAAAAAAAAAAAAAAAAAAAAAAAAAAAAAAEVte3RTTXTqmZ5R+OTAnhxlZwYK5MfXvM/Tx0hJh7HFpF5n9yd4mfp90bf1T/v1i0468bR+nx9nJNq5z607Xt/2tdbazPlpo3vmrS3TGtrfbX8cPex+3fJxvPTE/pp/y9NElKVxx00jSPCErR9GTL9c9MfbXf329PikpSuOOmkaR5N+MkRoBxk00ZY1BliZNNdwHI7jBPbTMxGuLxj9PlPl4S0iYmNY2dqY1c/P/H6TN8HCedJ+mfSVSovPiqNYtrM1mJraN6zu2WgAAAAAAAAAAAAAAAAAAAAAAAAAAAAAAAAAAAAAAAAAAAAAAAAAAAAAAAAAAAAAAAAX+xxdNOufqvx93L8ebk581YpaI4zpL0FLdVYtHONUdL5Q2xTSevFwmd68p9J8/iY8HXj0yRxtM2nyn2+SwJWr47Wrb9q868628Y9YTxGiPNj668OFo41nz/G7OLJGSvVt4x4SCRiZ0NzQDdjbZsA1teKRrM6HUq0pW2S3XxvG2v28tPxulzWmtJtExExGoJxrSeqsTtrDYEHcdrTuI+beNrRvDl5sd+2/9nGvK8f38P6O2xMRMaS2XGWa4osZ+wnH83b7c8c7e7w/oq1vFtY2mN4neFy652Y2AawAAAAAAAAAAAAAAAAAAAAAAAAAAAAAAAAAAAAAAAAAAAAAAAAAAAAAAAAABFly9HCN1e1ptvKXLinXqjigYExrweh7C/X2+Of+mHnlnte+ydrHRp1UjltMeyfX4ssVzcehFbt+9xdx9E/NzrPC3wWUOggvitWZyY9/1Vna3pPn8U4CPHmrkjhvG8TvCRDlw9c9VZ6bxtb+0+MGLNrPReOm/h4+cfjgCYAGmTFXJ9Ua6bI/9am86zp91plOAAAAAKH8jirpXJ+qLRGvlPJfc/v81bTGKJ1tE9VvLhzbGX4qAOjkAAAAAAAAAAAAAAAAAAAAAAAAAAAAAAAAAAAAAAAAAAAAAAAAAAAAAAAAAAIcmHXjXdMAoTw3F6axbeNUVu3ifpnRgqzETx5xtPNdwfyeXFwyf+Svwt6T+StbFau8NDGy49H2/d4u4jXHbWY3jnHthO8ppxi0cJjaY4TC/wBv/KZcXDNHXX7o+r0n8k2LnTuI8mKuSNLe6ecT5NcHc4+4jqx2ifHxj2wmSpXjJbFMUy7T9N/H2+E/lP5LDFqxaNLRrE8lf5u38bY/jNfWPzjzBZGK2i0axOsSyAAAxro0y5a4qze86RDlZ89+54T8uP7ec/8Ad6fFsmstxN3HfTk+TBOleeT/AI+u3hqrVrFY0hkXJjnboA1gAAAAAAAAAAAAAAAAAAAAAAAAAAAAAAAAAAAAAAAAAAAAAAAAAAAAAAAAAAAAAA1tjrbeGwCvbt5/TKK1ZrvC6MHP2t1VmYtG1o4S6GD+WyY/lzx1R99d/fHp8EdsNbeSG2C0bcSxsuPQYc+PPXqx2i0eSR5aItS3VWZrfxjhP+fe6OD+XtT5e4jWPvp/ePRFi506M47Ypm2Lad6ePs8J/KfzS48lcka19/l7WMWWmavXjmLRPOGnCM/DnXj7pYpOrdz3de3jTe8/TWN5Qdz3+kzjw8bc7cq/jwUq10mZmdbTvad5VIm9M2m2W37mWdbco5V9nqyC3MAAAAAAAAAAAAAAAAAAAAAAAAAAAAAAAAAAAAAAAAAAAAAAAAAAAAAAAAAAAAAAAAAAAAAAABiaxbhPFFbt4nbgmAVaYcmO3Vjnot91f7xzWb5c+WYi0xXh0zavP0ZGY3WK1isaVjSGQawAAAAAAAAAAAAAAAAAAAAAAAAAAAAAAAAAAAAAAAAAAAAAAAAAAAAAAAAAAAAAAAAAAAAAAAAAAAAAAAAAAAAAAAAAAAAAAAAAAAAAAAAAAAAAAAAAAAAAAAAAAAAAAAAAAAAAAAAAAAAAAAAAAAAAAAAAAAAAAAAAAAAAAAAAB//Z', 24, 1684409662000, 1684409662000, 0);
INSERT INTO attachments (userId, resourceId, size, width, height, name, mime, id, createdAt, updatedAt, version) VALUES (1, 24, 3726, 640, 360, 'img-5', 'image/jpeg', 25, 1684529542000, 1684529542000, 0);
INSERT INTO resources (hash, encoding, content, id, createdAt, updatedAt, version) VALUES ('ee0de76026f84c9c54b070530fc0f19134b4e2381f3af1a11b1af1e6565bab1b', 'BASE64', '/9j/4QAYRXhpZgAASUkqAAgAAAAAAAAAAAAAAP/sABFEdWNreQABAAQAAAAKAAD/4QMsaHR0cDovL25zLmFkb2JlLmNvbS94YXAvMS4wLwA8P3hwYWNrZXQgYmVnaW49Iu+7vyIgaWQ9Ilc1TTBNcENlaGlIenJlU3pOVGN6a2M5ZCI/PiA8eDp4bXBtZXRhIHhtbG5zOng9ImFkb2JlOm5zOm1ldGEvIiB4OnhtcHRrPSJBZG9iZSBYTVAgQ29yZSA1LjUtYzAxNCA3OS4xNTE0ODEsIDIwMTMvMDMvMTMtMTI6MDk6MTUgICAgICAgICI+IDxyZGY6UkRGIHhtbG5zOnJkZj0iaHR0cDovL3d3dy53My5vcmcvMTk5OS8wMi8yMi1yZGYtc3ludGF4LW5zIyI+IDxyZGY6RGVzY3JpcHRpb24gcmRmOmFib3V0PSIiIHhtbG5zOnhtcD0iaHR0cDovL25zLmFkb2JlLmNvbS94YXAvMS4wLyIgeG1sbnM6eG1wTU09Imh0dHA6Ly9ucy5hZG9iZS5jb20veGFwLzEuMC9tbS8iIHhtbG5zOnN0UmVmPSJodHRwOi8vbnMuYWRvYmUuY29tL3hhcC8xLjAvc1R5cGUvUmVzb3VyY2VSZWYjIiB4bXA6Q3JlYXRvclRvb2w9IkFkb2JlIFBob3Rvc2hvcCBDQyAoTWFjaW50b3NoKSIgeG1wTU06SW5zdGFuY2VJRD0ieG1wLmlpZDpDRDQ2NTJFNjQyMDQxMUU5OTk4RkJCNjMyNTY5RTk2QSIgeG1wTU06RG9jdW1lbnRJRD0ieG1wLmRpZDpDRDQ2NTJFNzQyMDQxMUU5OTk4RkJCNjMyNTY5RTk2QSI+IDx4bXBNTTpEZXJpdmVkRnJvbSBzdFJlZjppbnN0YW5jZUlEPSJ4bXAuaWlkOkNENDY1MkU0NDIwNDExRTk5OThGQkI2MzI1NjlFOTZBIiBzdFJlZjpkb2N1bWVudElEPSJ4bXAuZGlkOkNENDY1MkU1NDIwNDExRTk5OThGQkI2MzI1NjlFOTZBIi8+IDwvcmRmOkRlc2NyaXB0aW9uPiA8L3JkZjpSREY+IDwveDp4bXBtZXRhPiA8P3hwYWNrZXQgZW5kPSJyIj8+/+4ADkFkb2JlAGTAAAAAAf/bAIQAFBAQGRIZJxcXJzImHyYyLiYmJiYuPjU1NTU1PkRBQUFBQUFERERERERERERERERERERERERERERERERERERERAEVGRkgHCAmGBgmNiYgJjZENisrNkREREI1QkRERERERERERERERERERERERERERERERERERERERERERERERERE/8AAEQgBaAKAAwEiAAIRAQMRAf/EAIgAAQACAwEAAAAAAAAAAAAAAAAEBQECAwYBAQADAQEAAAAAAAAAAAAAAAACAwQBBRABAAIBAwIEBQEHBQAAAAAAAAECAxESBCExQVETBWFxkSIyUoGhscFCYhXR4TMUBhEBAAICAQIGAgEFAAAAAAAAAAECEQMSITFBUWEiMhORBHGx0eFScv/aAAwDAQACEQMRAD8A9CAwtgAAAAAAAAAAAAAAAAAAAAAAAAAAAAAAAAAAAAAAAAAAAAAAAAAAAAAAAAAAAAAAAAAAAAAAAAAAAAAAAAAAAAAAAAAAAAAAAAAAAAAAAAAAAAAAAAAAAAAAAAAAAAAAAAAAAAAAAAAAAAAAAAAAAAAAAAAAAAAAAAAAAAAAAAAAAAAAAAAAAAAAAAAAAAAAAAAAAAAAAAAAAAAAAAAAAAAAAAAAAAAAAAAAAAAAAAAAAAAAAAAAAAAAAAAAAAAAAAAAAAAAAAAAAAAAAAAAAAAAAAAAAAAAAAAAAAAAAAAAAAAAAAAAAAAAAAAAAAAAAAAAAAAAAAAAAAAAAAAAAAAAAAAAAAAAAAAAAAAAAAAAAAAAAAAAAAAAAAAAAAAAAAAAAAAAAAAAAAAAAAAAAAAAAAAAAAAAAAAAAAAAAAAAAAAAAAAAAAAAAAAAAAAAAAAAAAAAAAAAAAAAAAAAAAAAAAAAAAAAAAAAAAAAAAAAAAAAAAAAAAAAAAAAAAAAAAAAAAAAAAAAAAAAAAAAAAAAAAAAAAAAAAAAAAAAAAAAAAAAAAAAAAAAAAAAAAAAAAAAAAAAAAAAAAAAAAAAAAAAAAAAAAAAAAAAAAAAAAAAAAAAAAAAAAAAAAAAAAAAAAAAAAAAAAAAAAAAAAAAAAAAAAAAAAAAAAAAAAAAAAAAAAAAAAAAAAAAAAAAAAAAAAAAAAAAAAAAAAAAAAAAAAAAAAAAAAAAAAAAAAAAAAAAAAAAAAAAAAAAAAAAAAAAAAAAAAAAAAAAAAAAAAAAAAAAAAAAAAAAAAAAAAAAAAAAAAAAAAAAAAAAAAAAAAAAAAAAAAAAAAAAAAAAAAAAAAAAAAAAAAAAAAAAAAAAAAAAAAAAAAAAAAAAAAAAAAAAAAAAAAAAAAAAAAAAAAAAAAAAAAAAAAAAAAAAAAAAAAAAAAAAAAAAAAAAAAAAAAAAAAAAAAAAAAAAAAAAAAAAAAAAAAAAAAAAAAAAAAAAAAAAAAAAAAAAAAAAAAAAAAAAAAAAAAAAAAAAAAAAAAAAAAAAAAAAAAAAAAAAAAAAAAAAAAAAAAAAAAj5+XTDO2dZt5Q25Ob0qax+U9KotqVpWIjreetrI2nC2lYnrbszPuUV70tCRh5mLN0rPXylXRlreZqiZ8Xp21jsri8tP00t0+MvRikwe45MXS33V/es8XOw5e1tJ8pWRaJZ76b08Mx5wkBSYvMViYnV3vx9I1iU4rMxmGeZiJxLgA4kAAAAAAAAAAAAAAAAAAAAAAAAAAAAAAAAAAAAAAAAAAAAAAAAAAAAAAAAAAAAAAAAAAAyDBMjG2bzpCF7TWuYjM+ECr5eXJlzenhrN5r5N49r5l41vemOPqn0tnvE0xaY6xPXJPWZ+Ufzlv8A4vDm65ptln+60/wjos164vWLzGZt1WTv44rGK49Mz/ZV/wCDyd6ZqTPy/wB0bmcXlYK7s1daR/VWdY/avZ9l4desY+vwmf8AVFnBM78PGy6TEaWx3tviNfOJ6wsnTHl+Ha/tzmM2z/1GP6Kbj4LZ9Zp4NL45rbb4wsPaONfj5L4MsaTrCzrirS0zpG7XuwRFvsmk9mq37HG0xHWPBV8Hh5q3rl/HTr1X1s+saRHdxYaq5rGI8WLZb7LcreHYAEQAAAAAAAAAAAAAAAAAAAAAAAAAAAAAAAAAAAAAAAAAAAAAAAAAAAAAAAAAAAAAAAAAGL22Vm0+Cp5HLyY5id07vLwW1qxaJie0qLmxMXiLR90d/irvlp/XiJtiVhHuMTFZ2zpPSfmk3yWrbSI7wqa0mcdZ0/Cd1o8dPNdxbdEWjtKOPsjjlHbWtfjHmZ75cfDtfDGuWI+2J81f/wCY9x5HMw5LcqddltIv2+f0WODnUm3pX6ddIme0psUrWNsRER5Q9DXNZrEU8OjzrZz1Q8XueHPkjDXWJtE7Z81X7Z7Ry8XOvy+VbdP4xaJj7q6aR00S+Pw+Nxs3qY4vN46VrMW0r8un8VnfLFK7rTER8Uq5x7k9kVzH1xOPVF5NJnSY8JccMWiPv7k82mS8UrrMT2t4OjHeK22Tsr18FtMxSIly5Gb0KTeY10Rb+5RSmtq/f5NudFssen2rGkzaeyr5Vt2RVa3XENunXW0Ry791vxuVOWYi0R1jpolK/hYtNunWK9Zn4rBOucdVGyIi2KgCSsAAAAAAAAAAAAAAAAAAAAAAAAAAAAAAAAAAAAAAAAAAAAAAAAAAAAAAAAAAAAAAAAcORx4zRE/1R1iXccmMuxMxOYRMfHtuiZ6RHb4a94+SdSms6T4NdNejrWtotp4Oa6cbZxM1nuhtvOPV5/NMUnZljxnX4O9c2TTZW9tvwlb8n2/HyY++Pu/VHdUZsMcfJNNdZrEfRXt1W1daz7fR2NkTSta8omuZtiM9/L8sY+TyMesVyTMT+rro0yX3xM5bTf5ouSta1mYt38Fnwfa4y4t1rRtt+lCsX2RxiZldPGNf2TPe0dePGcZhy4URkvXZHSJ/dC3vTrpDbFx6ceNtI0hmcdZnWW6NFq040xNpnLFbbHObRmK9UPPi9TTbPbxlFjgxktuydo+Osz85WNo2zo1Zo1xE9e7VXZaI9ssViKxpWNIZZYWIgAAAAAAAAAAAAAAAAAAAAAAAAAAAAAAAAAAAAAAAAAAAAAAAAAAAAAAAAAAAAAAAAAAAN6fklY48UWnSyXj7NWr4z/LNt+UN3nefes5smvaNKz9F7n5GPj1nJlttrDyuTnYs02m2sRa0+DP+18YiPNdopac3itrRH+vdvhpjmN0R9W/F92/62SaxE2x/2umbgVngzmprExrb5w7+3YsN8FaxEbvNRr12raLz49vRqrFONtmybbIzxxbvX/K043Lxcym7FPbvHjDZT8KPT50Vp2mJ3Lme709dsx1YP2Nca7e3tMZhxy93N0yz1c2S/wApW0+MACCYAAAAAAAAAAAAAAAAAAAAAAAAAAAAAAAAAAAAAAAAAAAAAAAAAAAAAAAAAAAAAAAAAAADKTjv4oraltsrdd+M9e0q9leUdO8K73WYyc3HTJ/x1jdp56t+bw8XpzasRpKTzeFHLitqzpev4z/KUX/H8jN9uW9a08dvVK1J5TMRnLRr21409/Dh0mE72ufU4lYtGsaTX9kdES3s+XHMxx8kRSfC0dvlK1w1phpGOnStY0htOTyW8MxiWX75re1qdrTnCHw+DXia2md2S3eyRM+JM+bje+vSHbTGuPVV7ttuVurWZ1nVgGLu1gAAAAAAAAAAAAAAAAAAAAAAAAAAAAAAAAAAAAAAAAAAAAAAAAAAAAAAAAAAAAAAAAAAAAAAAMxaY7OkZfNyEq3tXtKE0ie7t6sMTl8nIT+2yP1VbWtNu7DArmc91kRjsAOOgAAAAAAAAAAAAAAAAAAAAAAAAAAAAAAAAAAAAAAAAAAAAAAAAAAAAAAAAAAAAAAAAAAAAAAAAAAAAAAAAAAAAAAAAAAAAAAAAAAAAAAAAAAAAAAAAAAAAAAAAAAAAAAAAAAAAAAAAAAAAAAAAAAAAAAAAAAAAAAAAAAAAAAAAAAAAAAAAAAAAAAAAAAAAAAAAAAAAAAAAAAAAAAAAAAAAAAAAAAAAAAAAAAAAAAAAAAAAAAAAAAAAAAAAAAAAAAAAAAAAAAAAAAAAAAAAAP/2Q==', 26, 1684649422000, 1684649422000, 0);
INSERT INTO attachments (userId, resourceId, size, width, height, name, mime, id, createdAt, updatedAt, version) VALUES (1, 26, 3933, 640, 360, 'img-6', 'image/jpeg', 27, 1684769302000, 1684769302000, 0);
INSERT INTO resources (hash, encoding, content, id, createdAt, updatedAt, version) VALUES ('a6a5439c996ea2fefbc3055398e25eb290dbf49a5e8727369e5d504e69be1e38', 'BASE64', '/9j/4QAYRXhpZgAASUkqAAgAAAAAAAAAAAAAAP/sABFEdWNreQABAAQAAAAKAAD/4QMsaHR0cDovL25zLmFkb2JlLmNvbS94YXAvMS4wLwA8P3hwYWNrZXQgYmVnaW49Iu+7vyIgaWQ9Ilc1TTBNcENlaGlIenJlU3pOVGN6a2M5ZCI/PiA8eDp4bXBtZXRhIHhtbG5zOng9ImFkb2JlOm5zOm1ldGEvIiB4OnhtcHRrPSJBZG9iZSBYTVAgQ29yZSA1LjUtYzAxNCA3OS4xNTE0ODEsIDIwMTMvMDMvMTMtMTI6MDk6MTUgICAgICAgICI+IDxyZGY6UkRGIHhtbG5zOnJkZj0iaHR0cDovL3d3dy53My5vcmcvMTk5OS8wMi8yMi1yZGYtc3ludGF4LW5zIyI+IDxyZGY6RGVzY3JpcHRpb24gcmRmOmFib3V0PSIiIHhtbG5zOnhtcD0iaHR0cDovL25zLmFkb2JlLmNvbS94YXAvMS4wLyIgeG1sbnM6eG1wTU09Imh0dHA6Ly9ucy5hZG9iZS5jb20veGFwLzEuMC9tbS8iIHhtbG5zOnN0UmVmPSJodHRwOi8vbnMuYWRvYmUuY29tL3hhcC8xLjAvc1R5cGUvUmVzb3VyY2VSZWYjIiB4bXA6Q3JlYXRvclRvb2w9IkFkb2JlIFBob3Rvc2hvcCBDQyAoTWFjaW50b3NoKSIgeG1wTU06SW5zdGFuY2VJRD0ieG1wLmlpZDpCODQ5NDA2NjQyMDUxMUU5OTk4RkJCNjMyNTY5RTk2QSIgeG1wTU06RG9jdW1lbnRJRD0ieG1wLmRpZDpCODQ5NDA2NzQyMDUxMUU5OTk4RkJCNjMyNTY5RTk2QSI+IDx4bXBNTTpEZXJpdmVkRnJvbSBzdFJlZjppbnN0YW5jZUlEPSJ4bXAuaWlkOkI4NDk0MDY0NDIwNTExRTk5OThGQkI2MzI1NjlFOTZBIiBzdFJlZjpkb2N1bWVudElEPSJ4bXAuZGlkOkI4NDk0MDY1NDIwNTExRTk5OThGQkI2MzI1NjlFOTZBIi8+IDwvcmRmOkRlc2NyaXB0aW9uPiA8L3JkZjpSREY+IDwveDp4bXBtZXRhPiA8P3hwYWNrZXQgZW5kPSJyIj8+/+4ADkFkb2JlAGTAAAAAAf/bAIQAFBAQGRIZJxcXJzImHyYyLiYmJiYuPjU1NTU1PkRBQUFBQUFERERERERERERERERERERERERERERERERERERERAEVGRkgHCAmGBgmNiYgJjZENisrNkREREI1QkRERERERERERERERERERERERERERERERERERERERERERERERERE/8AAEQgBaAKAAwEiAAIRAQMRAf/EAHkAAQACAwEAAAAAAAAAAAAAAAABBAMFBgIBAQEBAQAAAAAAAAAAAAAAAAABBAUQAQACAQIEAQoFBQAAAAAAAAABAgMRBCExEgVBUWFxgZEiMnITBsHRQjM0seFSgjURAQEBAAIDAQAAAAAAAAAAAAABESESMQIEA//aAAwDAQACEQMRAD8A6UAAAAAAAAAAAAAAAAAAAAAAAAAAAAAAAAAAAAAAAAAAAAAAAAAAAAAAAAAAAAAAAAAAAAAAAAAAAAAAAAAAAAAAAAAAAAAAAAAAAAAAAAAAAAAAAAAAAAAAAAAAAAAAAAAAAAAAAAAAAAAAAAAAAAAAAAAAAAAAAAAAAAAAAAAAAAAAAAAAAAAAAAAAAAAAAAAAAAAAAAAAAAAAAAAAAAAAAAAAAAAAAAAAAAAAAAAAAAAAAAAAAAAAAAAAAAAAAAAAAAAAAAAAAAAAAAAAAAAAAAAAAAAAAAAAAAAAAAAAAAAAAAAAAAAAAAAAAAAAAAAAAAAAAAAAAAAAAAAAAAAAAAAAAAAAAAAAAAAAAAAAAAAAAAAAAAAAAAAAAAAAAAAAAAAAAAAAAAAAAAAAAAAAAAAAAAAAAAAAAAAAAAAAAAAAAAAAAAAAAAAAAAAAAAAAAAAAAAAAAAAAAAAAAAAAAAAAAAAAAAAAAAAAAAAAAAAAAAAAAAAAAAAAAAAAAAAAAAAAAAAAAAAAAAAAAAAAAAAAAAAAAAAAAAAAAAAAAAAAAAAAAAAAAAAAAAAAAAAAAAAAAAAAAAAAAAAAAAAAAAAAAAAAAAAAAAAAAAAAAAAAAAAAAAAAAAAAAAAAAAAAAAAAAAAAAAAAAAAAAAAAAAAAAAAAAAAAAAAAAAAAAAAAAAAAAAAAAAAAAAAAAAAAAAAAAAAAAAAAAAAAAAAAAAAAAAAAAAAAAAAAEWtFI6rTpEeMgkY8WambjjtFtP8AGdWQARExPI10FypEa6pEAAAAAAAAAAAAAAAAAAAAAAAAAAAAAAAAAAAAAAAAAAAAAAAAAAAAAAAAAAAAAAAAAAAAAAAAFbfUjJgvW09MTGnVKyp9z/i5PlBX7NgpgpeKZIyazHwsm8yzNuiOUKf25+3k+aFve45rbq8JGj8JO/KvW01nWJ0l7y5rZZ1ljEdDrPOMmHLOK0T4eMLm932PZRFskTMW4e6pYsc5LRVn7xg+ttbac6+/Hq/srF9GbMZsG+x58M5669Ea668+DFtO64t5f6eOLa6a8Yj83P7XdfT2mbF4zNdPXzXOz1nDt8258dJivq4jI2O771g29ppxvaOfTyh62fd8G6t0RrW3kt4+hz/adrTd5+nLxrETafO8dwwxs91auLhETW1QdJu+64dpf6eSLTOmvCI/Nly77HiwRuLRPROnp4ud73frz1t5aVn26r+//wCZj9GMGy2W/wAe9i044mOnTXq8620P238OT01/FvgAAAAAAAAAAAAAAAAAAAAAAAAAAAAAAAAAAAAAAAAAAAAAAAAAAAAAAAAAAAAAAAAFPuf8XJ8q483pXJWa2jWs84Bpftz9vJ80f0bq9IvHTbk8YdvjwRMY6xWJ56MosuNVmwWxTx4x5XimO2SdK823mImNJ5IpStI0rGkDVPovXLOWPDgjFHn8rLasXiazxieHtSqdyplvt7Rh16+GmnPmMt9r7Xa47PinDktjn9MzX2S67ZbWK7SuG36q+9/tzaTadm3GXLFs9dK662m083UiONpObtWfqmvGOHHlMJrjzd03E20+KfenwiHYTEW4TGsERERpEaQDm+/7a1b0yVj3Onp4eWFG+6z59vGKf28fjEfi7KYieEoisRGkRGgNH9t/Dl9Nfxb5GiQAAAAAAAAAAAAAAAAAAAAAAAAAAAAAAAAAAAAAAAAAAAAAAAAAAAAAAAAAAAAAAAAAAAAAAAAAAAAAAAAAAAAAAAAAAAAAAAAAAAAAAAAAAAAAAAAAAAAAAAAAAAAAAAAAAAAAAAAAAAAAAAAAAAAAAAAAAAAAAAAAAAAAAAAAAAAAAAAAAAAAAAAAAAAAAAAAAAAAAAAAAAAAAAAAAAAAAAAAAAAAAAAAAAAAAAAAAAAAAAAAAAAAAAAAAAAAAAAAAAAAAAAAAAAAAAAAAAAAAAAAAAAAAAAAAAAAAAAAAAAAAAAAAAAAAAAAAAAAAAAAAAAAAAAAAAAAAAAAAAAAAAAAAAAAAAAAAAAAAAAAAAAAAAAAAAAAAAAAAAAAAAAAAAAAAAAAAAAAAAAAAAAAAAAAAAAAAAAAAAAAAAAAAAAAAAAAAAAAAAAAAAAAAAAAAAAAAAAAAAAAAAAAAAAAAAAAAAAAAAAAAAAAAAAAAAAAAAAAAAAAAAAAAAAAAAAAAAAAAAAAAAAAAAAAAAAAAAAAAAAAAAAAAAAAAAAAAAAAAAAAAAAAAAAAAAAAAAAAAAAAAAAAAAAAAAAAAAAAAAAAAAAAAAAAAAAAAAAAAAAAAAAAAAAAAAAAAAAAAAAAAAAAAAAAAAAAAAAAAAAAAAAAAAAAAAAAAAAAAAAAAAAAAAAAAAAAAAAAAAAAAAAAAAAAAAAAAAAAAAAAAAAAAAAAAAAAAAAAAAAAAAAAAAAAAAAAAAAAAAAAAAAAAAAAAAAAAAAAAAAAAAAAAAAAAAAAAAAAAAAAAAAAAAAAAAAAAAAAAAAAAAAAAAAAAAAAAAAAAAAAAAAAAAAAAAAAAAAAAAAAAAAAAAAAAAAAAAAAAAAAAAAAAAAAAAAAAAAAAAAAAAAAAAAAAAAAAAAAAAAAAf/Z', 28, 1684889182000, 1684889182000, 0);
INSERT INTO attachments (userId, resourceId, size, width, height, name, mime, id, createdAt, updatedAt, version) VALUES (1, 28, 3111, 640, 360, 'img-7', 'image/jpeg', 29, 1685009062000, 1685009062000, 0);
INSERT INTO resources (hash, encoding, content, id, createdAt, updatedAt, version) VALUES ('dbeb0261edacb7695b33fd85f14a34dc80bc3589b18ee1ba83a2a120798659c4', 'BASE64', '/9j/4QAYRXhpZgAASUkqAAgAAAAAAAAAAAAAAP/sABFEdWNreQABAAQAAAAKAAD/4QMsaHR0cDovL25zLmFkb2JlLmNvbS94YXAvMS4wLwA8P3hwYWNrZXQgYmVnaW49Iu+7vyIgaWQ9Ilc1TTBNcENlaGlIenJlU3pOVGN6a2M5ZCI/PiA8eDp4bXBtZXRhIHhtbG5zOng9ImFkb2JlOm5zOm1ldGEvIiB4OnhtcHRrPSJBZG9iZSBYTVAgQ29yZSA1LjUtYzAxNCA3OS4xNTE0ODEsIDIwMTMvMDMvMTMtMTI6MDk6MTUgICAgICAgICI+IDxyZGY6UkRGIHhtbG5zOnJkZj0iaHR0cDovL3d3dy53My5vcmcvMTk5OS8wMi8yMi1yZGYtc3ludGF4LW5zIyI+IDxyZGY6RGVzY3JpcHRpb24gcmRmOmFib3V0PSIiIHhtbG5zOnhtcD0iaHR0cDovL25zLmFkb2JlLmNvbS94YXAvMS4wLyIgeG1sbnM6eG1wTU09Imh0dHA6Ly9ucy5hZG9iZS5jb20veGFwLzEuMC9tbS8iIHhtbG5zOnN0UmVmPSJodHRwOi8vbnMuYWRvYmUuY29tL3hhcC8xLjAvc1R5cGUvUmVzb3VyY2VSZWYjIiB4bXA6Q3JlYXRvclRvb2w9IkFkb2JlIFBob3Rvc2hvcCBDQyAoTWFjaW50b3NoKSIgeG1wTU06SW5zdGFuY2VJRD0ieG1wLmlpZDowRjdGRjEyRjQyMDYxMUU5OTk4RkJCNjMyNTY5RTk2QSIgeG1wTU06RG9jdW1lbnRJRD0ieG1wLmRpZDowRjdGRjEzMDQyMDYxMUU5OTk4RkJCNjMyNTY5RTk2QSI+IDx4bXBNTTpEZXJpdmVkRnJvbSBzdFJlZjppbnN0YW5jZUlEPSJ4bXAuaWlkOkI4NDk0MDY4NDIwNTExRTk5OThGQkI2MzI1NjlFOTZBIiBzdFJlZjpkb2N1bWVudElEPSJ4bXAuZGlkOjBGN0ZGMTJFNDIwNjExRTk5OThGQkI2MzI1NjlFOTZBIi8+IDwvcmRmOkRlc2NyaXB0aW9uPiA8L3JkZjpSREY+IDwveDp4bXBtZXRhPiA8P3hwYWNrZXQgZW5kPSJyIj8+/+4ADkFkb2JlAGTAAAAAAf/bAIQAFBAQGRIZJxcXJzImHyYyLiYmJiYuPjU1NTU1PkRBQUFBQUFERERERERERERERERERERERERERERERERERERERAEVGRkgHCAmGBgmNiYgJjZENisrNkREREI1QkRERERERERERERERERERERERERERERERERERERERERERERERERE/8AAEQgBaAKAAwEiAAIRAQMRAf/EAJMAAQADAQEBAQAAAAAAAAAAAAABBAUDAgYHAQEAAwEBAAAAAAAAAAAAAAAAAQIDBAUQAQACAQIDBAYHBQYHAAAAAAABAgMRBCESBTFBUWFxgZGxMlKhwSJCEzMU0WKSFQZygrIjQ1Pw4cJjc4OTEQEAAgEDAgUFAAAAAAAAAAAAAQIRITEDEgRBkSIyE1FhcVIU/9oADAMBAAIRAxEAPwD7EBmkAAAAAAAAAAAAAAAAAAAAAAAAAAAAAAAAAAAAAAAAAAAAAAAAAAEicCBKAAAEohIIAVABICRIjiJDAAJxAgSIwIEgIEgIEhiBAlBiAAQAAAAAAAAAAAAAAAAAAAAAAAAAAAAAAAAAAAAAAAAAAAAAAAAAAAAAAAAAAAAAAAAAAAAAAAAAAAAAAAAAAAAAAAAAAAAAAAAAAAAAAAAAAAAAAAAAAAAAAAAAAAAAAAAAAAAAAAAAAAAAAAAAAAAAAAAAAAAAAAAAAAAAAAAAAAAAAAAAAAAAAAAAAAAAAAAAAAAAAAAAAAAAAAAAAAAAAAAAAAAAAAAAAAAAAAAAAAAAAAAAAAAAAAAAAAAAAAAAAAAAAAAAAAAAAAAAAAAAAAAAAAAAAAAAAAAAAAAAAAAAAAAAAAAAAAAAAAAAAAAAAAAAAAAAAAAAAAAAAAAAAAAAAAAAAAAAAAAAAAAAAAAAAAAAAAAAAAAAAAAAAAAAAAAAAAAAAAAAAAAAAAAAAAAAAAAAAAAAAAAAAAAAAAAAAAAAAAAAAAAAAAAAAAAAAAAAAAAAAAAAAAAAAAAAAAAAAAAAAAAAAAAAAAAAAAAAAAAAAAAAAAAAAAAAAAAAAAAAAAAAAAAAAAAAAAAAAAAAAAAAAAAAAAAAAAAAAAAAAAAAAAAAAAAAAAAAAAAAAAAAAAAAAAOeXPjw158lorXxtOgOg81vF41rOsT3w9AAAATOgAzc/XNrhy1w83NabcluXspP73g626rt6567Wbf5loiY07OPZx8+5IumsMuvX9lfLGCl9b2nljSJ019LP3W1vuOo1pk4zFvxKzFuFcdNO75rX7ZMD6QIEAAAAAAAAAAAAAAAAAAAAAAAAAAAAAAAAAAAAAAAAAAAAAAAAAAAAAAAAAAAAAAAAAAAzOtbH9Zt5isa3pPPSPGY7vXDQyZK4qze3ZWJmfRD5nJ/Uua082DFXk7ue3GfZ2JVtMRHqZnTepW6bki0TM7e86Xp8s+MfW+7raLRE14xMaxL86327i2Sc34U05/zKxOtdfGJ8+9p9N3O43O2jBXJNcVJmvNHx2jujXu07OHFF7RWOq2kI44mfTu+pz9Q2+3nTNkrWfCZ4+xyjrOynszU9rHw7HBh+Cka/NPGfbLvbHW3CYifU5J7qudKzLrjgnxlu0y1yRzUmLR4xOqtuN/TBkphnW2TJP2a18PGfKGFGz/Bt+JtbThv+78M+mvY1um7+NzaaZqxTcUj7UeMeNZ8Jb05a8mzK9JruoYugxmtuIz8K3zRkjT71Y46eji97foV8dsVrXj/AC7azER21rMzSPVr7G/2jXMqPn7dBjHSJxcv41c34sWn5ebXl9jWyYpi8ZccRzzpS02+Tt9vgtMXrW6z4r48OKZpS8Wm+StOe0cvhBuNibxWNbTER5q9+pbWnxZqR/fhh48fSLaWz5fxb9857W906R9C/iz9Jx/BOCP4TAsX6xs6RrOamnlOvueP57sf92PZb9j3/NNjXsy4/VaD+b7S3CuSLeVIm3ugHvD1TaZ5iuPLSbT3a8fYuQzM+Om+pNIwaxP3steWI/6vd6XH+nqZMeDJjyTM8uS9a2mddYidAbICAAAAAAAAAAAAAAAAAAAAAAAAAAAAAAAAAAAAAAAAAAAAAAAAAAAAAAAAAAAAAmNWFm/pvBa02x3vjiePLXTl+mG68ZLxjpa9uysTafUImInd8puOlbeuaMFZteaaXyTa3j8NdI0jj2+j0r1axWIrWIiI7IhT6ba2altzf4s1rX9Xd9C88zuLza818Id3FSK1AHM2FbcxbHy7nF+Zi+1HnX71fXH0rIvS01tFoVtETGJbWDLXNSuSnGtoi0et0ZfQraYLYZ/0r2pHo7Y97UezE5jLz5jGgy+p25NztLf9y1f4qy1GT12eSmHL8mbHPvhKGpNKz2xHseZwY57a1n+7ClbqFu6IeP1+SfBzT3FGscVpXo22KOylf4YdYrFezgy/1uXxj2Eb7L5exH9NE/DZqKHS+EZq+GbJ9M6/W5/r8nk89HyWvfca/wC5r7aw0py1vpVS1JrrLWAaqAAAAAAAAAAAAAAAAAAAAAAAAAAAAAAAAAAAAAAAAAAAAAAAAAAAAAAAAAAAACvvcU5tvkx17bUtWPXCwiQfNbG0X2+OY4Ryxw9Cw5ZMP6LcWxT+XkmcmOfP71frjye70rkrNbcYnhLyeWvTec7bvQpOa6JS8zpWvlEKkY8+5+1e04qd1K/F657vRCsVidc4haZ8114tSLTEzM/ZnXt97xi22PDxpHHxnjLxuJvmtG1wfmX7Z+Svfafq800r1XitPNFpxGbNDoP26Zc3dfJPL6KxFfqbDhtNvTbYq4cfw1jSHZ68RiMPPmczkZfX667S0/LalvZaGqz+tV5tlmj9yZ9nERG6gIidY1S8Sd3pwAIB16Jxybn+3X/BDksdErGme3jln6Ih2dr7rfhhz+2GsA9BxgAAAAAAAAAAAAAAAAAAAAAAAAAAAAAAAAAAAAAAAAAAAAAAAAAAAAAAAAAAAAAK+72mPd4/w8nZ2xMdsT4wwctsuynl3UTNY7M1Y+zP9r5Z+h9NJp3KXpW8YtC9bzXZ89jy0yxrS0WjynVN71pGtpiI85aOXo+zzTzXxV18Y+z7tHrB0ra4J5qYq6+M/an6dXN/LH7aNvn+zMxUy7nhhjSs/wCpaOHqj73u82ts9jj2lZinG1uN7z8Vp/47u5aHRTjrSPT5sbXm25EaANFBV6jXm22WP3L+5actxhjPjtimZiLRNZmPMGFgtzY6T41ifodHP+X7zaV5KRXPSOFZ15b6eevCXOc2Wn5mDLX0V5vdLzL8F4mcRmHdXkrjdYFb9ZXvpkj/ANVv2H62ny5P/lb9jP4r/rK3yV+qysdBnXHm/wDNf6lKmTJk+DDkn005f8WjQ6Jgvgw2/FjltbJktMev/k7O347VmeqMMOa0TEYlpiUOtzAAAAAAAAAAAAAAAAAAAAAAAAAAAAAAAAAAAAAAAAAAAAAAAAAAAAAAAAAAAAAAAAAAAAAAAAAABoAGhEaAAAAAAAAAAAAAAAAAAAAAAAAAAAAAAAAAAAAAAAAAAAAAAAAAAAAAAAAAAAAAAAAAAAAAAAAAAAAAAAAAAAAAAAAAAAAAAAAAAAAAAAAAAAAAAAAAAAAAAAAAAAAAAAAAAAAAAAAAAAAAAAAAAAAAAAAAAAAAAAAAAAAAAAAAAAAAAAAAAAAAAAAAAAAAAAAAAAAAAAAAAAAAAAAAAAAAAAAAAAAAAAAAAAAAAAAAAAAAAAAAAAAAAAAAAAAAAAAAAAAAAAAAAAAAAAAAAAAAAAAAAAAAAAAAAAAAAAAAAAAAAAAAAAAAAAAAAAAAAAAAAAAAAAAAAAAAAAAAAAAAAAAAAAAAAAAAAAAAAAAAAAAAAAAAAAAAAAAAAAAAAAAAAAAAAAAAAAAAAAAAAAAAAAAAAAAAAAAAAAAAAAAAAAAAAAAAAAAAAAAAAAAAAAAAAAAAAAAAAAAAAAAAAAAAAAAAAAAAAAAAAAAAAAAAAAAAAAAAAAAAAAAAAAAAAAAAAAAAAAAAAAAAAAAAAAAAAAAAAAAAAAAAAAAAAAAAAAAAAAAAAAAAAAAAAAAAAAAAAAAAAAAAAAAAAAAAAAAAAAAAAAAAAAAAAAAAAAAAAAAAAAAAAAAAAAAAAAAAAAAAAAAAAAAAAAAAAAAAAAAAAAAAAAAAAAAAAAAAAAAAAAAAAAAAAAAAAAAAAAAAAAAAAAAAAAAAAAAAAAAAAAAAAAAAAAAAAAAAAAAAAAAAAAAAAAAAAAD/2Q==', 30, 1685128942000, 1685128942000, 0);
INSERT INTO attachments (userId, resourceId, size, width, height, name, mime, id, createdAt, updatedAt, version) VALUES (1, 30, 4056, 640, 360, 'img-8', 'image/jpeg', 31, 1685248822000, 1685248822000, 0);
INSERT INTO resources (hash, encoding, content, id, createdAt, updatedAt, version) VALUES ('a891495b4634473a1c6e6b4ca23c805f64a5b62006d4f11efd8e682c624a9211', 'BASE64', '/9j/4QAYRXhpZgAASUkqAAgAAAAAAAAAAAAAAP/sABFEdWNreQABAAQAAAAKAAD/4QMsaHR0cDovL25zLmFkb2JlLmNvbS94YXAvMS4wLwA8P3hwYWNrZXQgYmVnaW49Iu+7vyIgaWQ9Ilc1TTBNcENlaGlIenJlU3pOVGN6a2M5ZCI/PiA8eDp4bXBtZXRhIHhtbG5zOng9ImFkb2JlOm5zOm1ldGEvIiB4OnhtcHRrPSJBZG9iZSBYTVAgQ29yZSA1LjUtYzAxNCA3OS4xNTE0ODEsIDIwMTMvMDMvMTMtMTI6MDk6MTUgICAgICAgICI+IDxyZGY6UkRGIHhtbG5zOnJkZj0iaHR0cDovL3d3dy53My5vcmcvMTk5OS8wMi8yMi1yZGYtc3ludGF4LW5zIyI+IDxyZGY6RGVzY3JpcHRpb24gcmRmOmFib3V0PSIiIHhtbG5zOnhtcD0iaHR0cDovL25zLmFkb2JlLmNvbS94YXAvMS4wLyIgeG1sbnM6eG1wTU09Imh0dHA6Ly9ucy5hZG9iZS5jb20veGFwLzEuMC9tbS8iIHhtbG5zOnN0UmVmPSJodHRwOi8vbnMuYWRvYmUuY29tL3hhcC8xLjAvc1R5cGUvUmVzb3VyY2VSZWYjIiB4bXA6Q3JlYXRvclRvb2w9IkFkb2JlIFBob3Rvc2hvcCBDQyAoTWFjaW50b3NoKSIgeG1wTU06SW5zdGFuY2VJRD0ieG1wLmlpZDpDRDQ2NTJFQTQyMDQxMUU5OTk4RkJCNjMyNTY5RTk2QSIgeG1wTU06RG9jdW1lbnRJRD0ieG1wLmRpZDoxMzk3MUFDQzQyMDUxMUU5OTk4RkJCNjMyNTY5RTk2QSI+IDx4bXBNTTpEZXJpdmVkRnJvbSBzdFJlZjppbnN0YW5jZUlEPSJ4bXAuaWlkOkNENDY1MkU4NDIwNDExRTk5OThGQkI2MzI1NjlFOTZBIiBzdFJlZjpkb2N1bWVudElEPSJ4bXAuZGlkOkNENDY1MkU5NDIwNDExRTk5OThGQkI2MzI1NjlFOTZBIi8+IDwvcmRmOkRlc2NyaXB0aW9uPiA8L3JkZjpSREY+IDwveDp4bXBtZXRhPiA8P3hwYWNrZXQgZW5kPSJyIj8+/+4ADkFkb2JlAGTAAAAAAf/bAIQAFBAQGRIZJxcXJzImHyYyLiYmJiYuPjU1NTU1PkRBQUFBQUFERERERERERERERERERERERERERERERERERERERAEVGRkgHCAmGBgmNiYgJjZENisrNkREREI1QkRERERERERERERERERERERERERERERERERERERERERERERERERE/8AAEQgBaAKAAwEiAAIRAQMRAf/EAHQAAQADAQEAAAAAAAAAAAAAAAACAwQBBQEBAQEBAQAAAAAAAAAAAAAAAAEDAgUQAQACAgAEBQMCBwAAAAAAAAABAhEDITESBEFRcSIyYaGxExSBkdFCYnIFEQEBAQEAAwEBAAAAAAAAAAAAARECITESQTL/2gAMAwEAAhEDEQA/APMAec6AAAAAAAAAAAAAAAAAAAAAAAAAAAAAAAAAAAAAAAAAAAAAAAAAAAAAAAAAAAAAAAAAAAAAAAAAAAAAAAAAAAAAAAAAAAAAAAAAAAAAAAAAAAAAAAAAAAAAAAAAAAAAAAAAAAAAAAAAAAAAAAAAAAAAAAAAAAAAAAAAAAAAAAAAAAAAAAAAAAAAAAAAAAAAAAAAAAAAAAAAAAAAAAAAAAAAAAAAAAAAAAAAAAAAAAAAAAAAAAAAAAAAAAAAAAAAAAAAAAAAAAAAAAAAAAAAAAAAAAAAAAAAAAAAAAAAAAAAAAAAAAAAAAAAAAAAAAAAAAAAAAAAAAAAAAAAAAAAAAAAAAAAAAAAAAAAAAAAAAAAAAAAAAAAAAAAAAAAAAAAAAAAAAAAAAAAAAAAAAAAAAAAAAAAAAAAAAAAAAAAAAAAAAAAAAAAAAAAAAAAAAAAAAAAAAAAAAAAAAAAAAAAAAAAAAAAAAAAAAAAAAAAAAAAAAAAAAAAAAAAAAAAAAAAAAAAAAAAAAAAAAAAAAAAAAAAAAAAAAAAAAAAAAAAAAAAAAAAAAAAAAAAAAAAAAAAAAAAAAAAAAAAAAAAAAAAAAAAAAAAAAAAAAAAAAAAAAAAAAAAAAAAAAAAAAAAAAAAAAAAAAAAAAAAAAAAAAAAAAAAAAAAAAAAAAAAAAAAAAAAAAAAAAAAAAAAAAAAAAAAAAAAAAAAAAAAAAAAAAAAAAAAAAAAAAAAAAAAAAAAAAAAAAAAAAAAAAAAAAAAAAAAAAAAAAAAAAAAAAAAAAAAAAAAAAAAAAAAAAAAAAAAAAAAAAAAAAAAAAAAAAAAAAAAAAAAAAAAAAAAAAAAAAAAAAAAAAAAAAAAAAAAAAAAAAAAAAAAAAAAAAAAAAAAAAAAAAAAAAAAAAAAAAAAAAAAAAAAAAAAAAAAAAAAAAAAAAAAAAAAAAAAAAAAAAAAAAAAAAAAAAAAAAAAAAAAAAAAAAAAAAAAAAAAAAAAAAAAAAAAAAAAAAAAAAAAAAAAAAAAAAAAAAAAAAAAAAAAAAAAAAAAAAAAAAAAAAAAAAAAAAAAAAAAAAAAAAAAAAAAAAAAAAAAAAAAAAAAAAAAAAAAAAAAAAAAAAAAAAAAAAAAAAAAAAAAAAAAAAAAAAAAAAAAAAAAAAAAAAAAAAAAAAAAAAAAAAAAAAAAAAAAAAAAAAAAAAAAAAAAAAAAAAAAAAAAAAAAAAAAAAAAAAAAAAAAAAAAAAAAAAAAAAAAAAAAAAAAAAAAAAAAAAAAAAAAAAAAAAAAAAAAAAAAAAAAAAAAAAAAAAAAAAAAAAAAAAAAAAAAAAAAAAAAAAAAAAAAAAAAAAAAAAAAAAAAAAAAAAAAAAAAAAAAAAAAAAAAAAAAAAAAAAAAAAAAAAAAAAAAAAAAAAAAW9vqjbfE/GOMiyalp7adnutOKtfRqp8K5nzsTOZGkmNZMSi0eNazHojbtdW74ey32DOOMKrBs1W1W6bxxQett1x3OvH90fF5LOzGXXOegBHIAAAAAAAAAAAAAAAAAAAAAAAAAAAAAAAAAAAAAAAAAAAAAAAAAAAAAAAAAAAAAAAAAAAAAA3djX22t5zj+UMLf/z5ia2rPn+YwvPt1x7SicuoVjEzE84lNo1HHXAW6JxZ5/dVim28Ryy9DRGbPO7m/XttaOUynXpz3/MVAM2QAAAAAAAAAAAAAAAAAAAAAAAAAAAAAAAAAAAAAAAAAAAAAAAAAAAAAAAAAAAAAAAAAAAAAAs0bf0rRM8uUqwWXPL1ttYv745+OPyqZNPczr9s8a+X9Gqu3XflaI/24NJdayyuuxGeSWKRzvXHqjs77XrjGuOqfPwXwvj9T27P22v/ADtyeUls2W226rTmUWdusurtAEcgAAAAAAAAAAAAAAAAAAAAAAAAAAAAAAAAAAAAAAAAAAAAAAAAAAAAAAAAAAAAAAANOrt69MbNvKfjWPFb0a+XRGPWc/lZtn3Y8I4R6K2mNsjNu0/p8YnNZ5Km7ZGdNpnzrhhcVn1MoAjkAAAAAAAAAAAAAAAAAAAAAAAAAAAAAAAAAAAAAAAAAAAAAAAAAAAAAAAAAAAAAAAAAAAAE9Wm+2emkZX/ALKeU3jP8VyrlZRdt7W+qOqeNfOFKGWAAjZp3UvWK3nExwifCV068cbWrEerzR19O/to7nfF8Up8Y+7ODm3XNu3QAQAAAAAAAAAAAAAAAAAAAAAAAAAAAAAAAAAAAAAAAAAAAAAAAAAAAAAAAAAAAAAAAAAAdpWb2isc5nABHo4ikdFfjH3+rgNY3TpeaT9PGGPu9Mar+3424wDnpz1meWcBwyAAAAAAAAAAAAAAAAAAAAcdAUAEAAAAAAAAAAAAf//Z', 32, 1685368702000, 1685368702000, 0);
INSERT INTO attachments (userId, resourceId, size, width, height, name, mime, id, createdAt, updatedAt, version) VALUES (1, 32, 2940, 640, 360, 'img-9', 'image/jpeg', 33, 1685488582000, 1685488582000, 0);
INSERT INTO resources (hash, encoding, content, id, createdAt, updatedAt, version) VALUES ('887ce4f6c44816b7f8d3dc046e3ffa03c9ce8ed2dfb8d16e8f732890eca32b45', 'BASE64', '/9j/4QAYRXhpZgAASUkqAAgAAAAAAAAAAAAAAP/sABFEdWNreQABAAQAAAAKAAD/4QMsaHR0cDovL25zLmFkb2JlLmNvbS94YXAvMS4wLwA8P3hwYWNrZXQgYmVnaW49Iu+7vyIgaWQ9Ilc1TTBNcENlaGlIenJlU3pOVGN6a2M5ZCI/PiA8eDp4bXBtZXRhIHhtbG5zOng9ImFkb2JlOm5zOm1ldGEvIiB4OnhtcHRrPSJBZG9iZSBYTVAgQ29yZSA1LjUtYzAxNCA3OS4xNTE0ODEsIDIwMTMvMDMvMTMtMTI6MDk6MTUgICAgICAgICI+IDxyZGY6UkRGIHhtbG5zOnJkZj0iaHR0cDovL3d3dy53My5vcmcvMTk5OS8wMi8yMi1yZGYtc3ludGF4LW5zIyI+IDxyZGY6RGVzY3JpcHRpb24gcmRmOmFib3V0PSIiIHhtbG5zOnhtcD0iaHR0cDovL25zLmFkb2JlLmNvbS94YXAvMS4wLyIgeG1sbnM6eG1wTU09Imh0dHA6Ly9ucy5hZG9iZS5jb20veGFwLzEuMC9tbS8iIHhtbG5zOnN0UmVmPSJodHRwOi8vbnMuYWRvYmUuY29tL3hhcC8xLjAvc1R5cGUvUmVzb3VyY2VSZWYjIiB4bXA6Q3JlYXRvclRvb2w9IkFkb2JlIFBob3Rvc2hvcCBDQyAoTWFjaW50b3NoKSIgeG1wTU06SW5zdGFuY2VJRD0ieG1wLmlpZDoxMzk3MUFEMzQyMDUxMUU5OTk4RkJCNjMyNTY5RTk2QSIgeG1wTU06RG9jdW1lbnRJRD0ieG1wLmRpZDoxMzk3MUFENDQyMDUxMUU5OTk4RkJCNjMyNTY5RTk2QSI+IDx4bXBNTTpEZXJpdmVkRnJvbSBzdFJlZjppbnN0YW5jZUlEPSJ4bXAuaWlkOjEzOTcxQUQxNDIwNTExRTk5OThGQkI2MzI1NjlFOTZBIiBzdFJlZjpkb2N1bWVudElEPSJ4bXAuZGlkOjEzOTcxQUQyNDIwNTExRTk5OThGQkI2MzI1NjlFOTZBIi8+IDwvcmRmOkRlc2NyaXB0aW9uPiA8L3JkZjpSREY+IDwveDp4bXBtZXRhPiA8P3hwYWNrZXQgZW5kPSJyIj8+/+4ADkFkb2JlAGTAAAAAAf/bAIQAFBAQGRIZJxcXJzImHyYyLiYmJiYuPjU1NTU1PkRBQUFBQUFERERERERERERERERERERERERERERERERERERERAEVGRkgHCAmGBgmNiYgJjZENisrNkREREI1QkRERERERERERERERERERERERERERERERERERERERERERERERERE/8AAEQgBaAKAAwEiAAIRAQMRAf/EAH0AAQADAQEBAAAAAAAAAAAAAAABBAUDAgYBAQEAAwEAAAAAAAAAAAAAAAABAgMEBRABAAICAAQCBwYHAAAAAAAAAAECEQMhEgQFMUFRYdEiQmIT8IEyUnIzcZGhweFTFREBAQACAgIDAAAAAAAAAAAAAAERAhIDIUExcUL/2gAMAwEAAhEDEQA/AOgDteMAAAAAAAAAAAAAAACAAoAAAAAAAAAAAAAAAAAAAAAAAAAAAAAAAAAIACgAAAAAAAAAAAAAAAAAAAAAAAAAAAAAAAAAAAAAgAKAAACAAoAAAAAAAAAAAAAAAAAAAAAAAIACgAAAAAAAAAAAAAAAAAAAAAAAAAAAAAAAAAAAAAAAAAAAAAAAAAAAgAKAAAAAAAAAAAAAAAAAAAAAAAAAAAAAAAAAAAAAAAAAAAAAAAAAAAAAAAAAAAAAAAAAAAAAAAAAAAAAAAAACAAoAAAAAAAAAAAAAAAAAAAAAAAAAAAAAAAIACgAAAAAAAAAAAAAAAAAAAAAAAAAAAAAAAAAAAAAAAAAAAAAAAAAAAAAgAKAAAAAAAAAAAAAAAAAAAAAAAAAAAAAAAAAAAAAAAAAAAAAAAAAAAAAAAAAAAAAAAAAAAAAAAAAAAAAAAAAAAAAAAAAAAAACAAoAAAIACgAAAAAAAAAAAgAKAAAAACAAAAoAIACgAgAKAAAAAAAAAAAAAAAAAAAAAAAAACAAoAAAAAAAAAAAAAAAAAAAIACgAAAAAAAAAAAAAAAAAAAAAAAAAAAAAAAAAAAAAAAAAAAAAAAAAAAAAAAAAAAAAAAAAAAAAAAAAAAAAAAAAAAAAAAAAAAAAAAAAAAAAgAKAAAAAAAAAAAAAAAAAAAAAAAAAAAAAAAAAAAAAAACAAoAAAAAAAAAAAAAAAAAAAAAAAAAAAAAAAAAAAAAAAAAAAAAAAAAAAAAAAAAAAAAAAAAAAAAAAAAAAIACgAAAAAAAAAAAAAAAAAAAAAAAAAAAAAAAAAAAAAAAAAAAAAAAAAAAAAAAAAAAAAAAAAAAAAAAAAAAAAAAAAAAAAAAAAAAAAAAAAAAAAAAAAAAAAAAAAAAAAAAAAAAAAAAAAAAAAAAAAAAAAAAAAAAAAAAgAKAAAAAAAAAAACAAoAAAAAAAAAAAAAAAAAAAAAAAIACgAAAAAAAAAAAAAAAAAAAAAAAAAAAAAAAAAAAAAAAAAAAAAgAKAAAAAAAAAAAAAAAAAAAAAAAAAAAAAAAAAAAAAAAAACAAoAAAAAAAAAAAAAAAAAAAAAAAAAAAAAAAAAAAAAAAAAAAAAAAIACgAAAAAAAAAAAAAAAAAAAAAAAAAAAAAAAAAAAAAAAAAAAAAAAAAAAAAAAAAAAAAAAAAAAAAAAAAAAAAAAAAAAAAAAgAKAAAAAAAAAAAAAAAAAAAAAAAAAAAAAAAAAAAAAAAAAAAAAAAAAAAAAAAAAAAAAAAAAAAAAAAAAAAAAAAAAAAAACAAoAAAAAAAAAAAAAAAAAAAAAAAAAAAAAAAAAAAAAAAAAAAIACgAAAAAAAAAAAAAAAAAAAAAAAAAAAAAgItaKxmeEGcTNbRi0eMJlli/KQFYgAoAIACgAAAAAAAAAAAgAAAAAKAAAAAAAAAAAAAAAAAAAAAAAAAAAAAAAAAAAAACAAoAAAAAIACgAgiZxGZ8ErPb+np1O2fqcYpi3L5TPr/gxtxGemvPbi7du6Kdkxv2xiscaVnz+b2OneOkiIjqK4ry55oxxt/lr+DO7zfGmIj4rVhzy27ZehdJrpYxgHS80AVAAUAAAAAAAAAAAAAAAAAAAAAAAAAAAAAAAAAAAAAAAAAAAEABQAAAAAAAAAAAAAAAAAQAQBGfKImZ9EIm3LPLaJrPotGEzGXG4zh6AVBe7P+/sn5YUJ4cZ4NbsumYpbdbh9T8P6Ya+y+HR0a27Zayh3bVzdNbHw+/8AyaGVbuF4p0+yflmGiO+zMfNRsrM4iXpb6/ZomldGJjbSK+9WPCceH3+anGZjM+Lp1uXm9unG+EgM2kAFABAAUAAAAAAAEABQAAAAAAAAAAAAAAAAAAAQAFAAAAAAAAAAAAAAAAAAABAAUAAAAAARMZjCQR61b92nhrtGI8pr9uLtPcN14xurTZX1xhXGF1jbOzaOk36a2ZtW+qZ/LPNDpq6TXu/b3xM+i0YV3m1K28YTjfVZTsn6ka+nstImLbbTsiPh8K/b72jt0xenJmYj5OD5inNqnOu1q49ftaGnvGzX7u6vNH5qexr21rp07dPpe+h1Wvjr2xb5dlf7wq9dv3Tq5d2qaxmszas80Yj+rrTu/TW/FM0/VV3/AOl03+yuGGK3cpYwJ2zutbdPxznHq8ho779t2zNuaK285rmGZstWlois80TOPHMt2u3pw9nXc8pXoBtc4AKAAAAAAAAAAAAAAAAACAAoAAAAAAAAAAAAAAAAAAAAAAAAAAAAAAAAAAAAAAAAAAAAAAAAAIACk8fFHLHohImDNRMR6IRFYjwh6DBmgCoACgAAAAAAAgAKAAAAAAAAAAAAAAAAAAAAAAAAAAAAACAAoAAAAAAAAAAAAAAAAAAAAAAAAAAAAAAAAAAAIACgAgAKAAAAAAAAACAAoAAAAAAAAAAAAAAAAAIACgAAAAAAAAAAAgAKAAAAAAAAAAAAAAAAAAAAAAAAAAACP//Z', 34, 1685608462000, 1685608462000, 0);
INSERT INTO attachments (userId, resourceId, size, width, height, name, mime, id, createdAt, updatedAt, version) VALUES (1, 34, 3042, 640, 360, 'img-10', 'image/jpeg', 35, 1685728342000, 1685728342000, 0);
INSERT INTO resources (hash, encoding, content, id, createdAt, updatedAt, version) VALUES ('e33578ea5812325eb83016a79bd29346f098ac5e74ec258aeacbf2bfc90fa3db', 'BASE64', '/9j/4QAYRXhpZgAASUkqAAgAAAAAAAAAAAAAAP/sABFEdWNreQABAAQAAAAKAAD/4QMsaHR0cDovL25zLmFkb2JlLmNvbS94YXAvMS4wLwA8P3hwYWNrZXQgYmVnaW49Iu+7vyIgaWQ9Ilc1TTBNcENlaGlIenJlU3pOVGN6a2M5ZCI/PiA8eDp4bXBtZXRhIHhtbG5zOng9ImFkb2JlOm5zOm1ldGEvIiB4OnhtcHRrPSJBZG9iZSBYTVAgQ29yZSA1LjUtYzAxNCA3OS4xNTE0ODEsIDIwMTMvMDMvMTMtMTI6MDk6MTUgICAgICAgICI+IDxyZGY6UkRGIHhtbG5zOnJkZj0iaHR0cDovL3d3dy53My5vcmcvMTk5OS8wMi8yMi1yZGYtc3ludGF4LW5zIyI+IDxyZGY6RGVzY3JpcHRpb24gcmRmOmFib3V0PSIiIHhtbG5zOnhtcD0iaHR0cDovL25zLmFkb2JlLmNvbS94YXAvMS4wLyIgeG1sbnM6eG1wTU09Imh0dHA6Ly9ucy5hZG9iZS5jb20veGFwLzEuMC9tbS8iIHhtbG5zOnN0UmVmPSJodHRwOi8vbnMuYWRvYmUuY29tL3hhcC8xLjAvc1R5cGUvUmVzb3VyY2VSZWYjIiB4bXA6Q3JlYXRvclRvb2w9IkFkb2JlIFBob3Rvc2hvcCBDQyAoTWFjaW50b3NoKSIgeG1wTU06SW5zdGFuY2VJRD0ieG1wLmlpZDoxMzk3MUFDRjQyMDUxMUU5OTk4RkJCNjMyNTY5RTk2QSIgeG1wTU06RG9jdW1lbnRJRD0ieG1wLmRpZDoxMzk3MUFEMDQyMDUxMUU5OTk4RkJCNjMyNTY5RTk2QSI+IDx4bXBNTTpEZXJpdmVkRnJvbSBzdFJlZjppbnN0YW5jZUlEPSJ4bXAuaWlkOjEzOTcxQUNENDIwNTExRTk5OThGQkI2MzI1NjlFOTZBIiBzdFJlZjpkb2N1bWVudElEPSJ4bXAuZGlkOjEzOTcxQUNFNDIwNTExRTk5OThGQkI2MzI1NjlFOTZBIi8+IDwvcmRmOkRlc2NyaXB0aW9uPiA8L3JkZjpSREY+IDwveDp4bXBtZXRhPiA8P3hwYWNrZXQgZW5kPSJyIj8+/+4ADkFkb2JlAGTAAAAAAf/bAIQAFBAQGRIZJxcXJzImHyYyLiYmJiYuPjU1NTU1PkRBQUFBQUFERERERERERERERERERERERERERERERERERERERAEVGRkgHCAmGBgmNiYgJjZENisrNkREREI1QkRERERERERERERERERERERERERERERERERERERERERERERERERE/8AAEQgBaAKAAwEiAAIRAQMRAf/EAHgAAQACAwEAAAAAAAAAAAAAAAAFBgEDBAIBAQEAAAAAAAAAAAAAAAAAAAABEAEAAgECBAIGBgkEAwAAAAAAAQIDEQQhMRIFQVFhcdEiMhORobHBFQaB4UJSYnKCkhTxIzNDU2MWEQEAAAAAAAAAAAAAAAAAAAAA/9oADAMBAAIRAxEAPwCfZBQAAAAAAAAAAAAAAAAAAAAAAAAAAAAAAAAAAAAAAAAAAAAAAAAAAAAAAAAAAAAAAAAAAAAAAAAAAAAAAAAAAAAAAAAAAAAAAAAAAAAAAAAAAAAAAAAAAAAAAAAAAAAAAAAAAAAAAAAAAAAAAAAAAAAAAAAAAAAAAAAAAAAAAAAAAAAAAAAAAAAAAAAAAAAAAAAAAAAAAAAAAAAAAAAAAAAAAAAAAAAAAAAAAAAAAAAAAAAAAAAAAAAAAAAAAAAAAAAAAAAAAAAAAAAAAAAAAAAAAAAAAAAAAAAAAAAAAAAAAAAAAAAAAAAAAAAAAAAAAAAAAAAAAAAAAAAAAAAAAAAAAAAAAAAAAAAAAAAAAAAAAAAAAAAAAAAAAAAAAAAAAAAAAAAAAAAAAAAAAAAAAAAAAAAAAAAAAAAAAAAAAAAAAAAAAAAAAAAAAAAAAAAAAAAAAAAAAAAAAAAAAAAAAAAAAAAAAAAAAAAAAAAAAAAAAAAAAAAAAAAAAAAAAAAAAAAAAAAAAAAAAAAAAAAAAAAAAAAAAAAAAAAAAAAAAAAAAAAAAAAAAAAAAAAAAAAAAAAAAAAAAAAAAAAAAAAAAAAAAAAAAAAAAAAAAAAAAAAAAAAAAAAAAAAAAAAAAAAAAAAAAAAAAAAAAAAAAAAAAAAAAAAAAAAAAAAAAAABry5aYazfJMVrHOZBsEDm/MVdZjb45tH71vdhor+Ydxr7+Okx6LSIso4dj3PDveFJ6bxzpbn+t3AACgNWfPTb0nJknSsCNorOfv2fJP8AsVrSv8cazLXj75vKTrbovHlp0yC1CP7f3bDvvdr7uSOdLc/0eaQFAAAAAAAAAAAAAAAAAAAAAAAAAAAAAAAAAAAAAAAAAAAAAAAAAAAAAAAAAAAAAAAAAAaN3use0xzlyTwj6/QqG73WXf3683CsfDj8I9fpdHdd5/mbia1n/axTpX028ZcYgDfstrbe5vk1t0xEdU25g5rRMaXrOl68ayuXb91/l7embxtHH1+Ko5cc4ct8UzrNLdOseKe/LczO1mJ5RewJoAVhVe87mdxuZxRPuYuHrt4ytahTkm0XyeM2vb6wex173b7bDhxZdvk6r206o111/R4aOQRiYmLRek9N68a2ha+1dxjfY9Z4ZK8L19Pn6lVesG5tss1dxXlHC8edQXgeaWi9YtWdYmNYl6FAAAAAAAAAAAAAAAAAAAAAAAAAAAAAAAAAAAAAAAAAAAAAAAAAAAAAAAAAAAAAAHL3DPO32+TLHOtZ09bqRvfI12OXTyj7QVTHXSsRPPxeyAQIma2i9Zmto5TWdJBRjhWJmePOZmfFZ+w4px7KkzztNr/TKtY8Ft3lrtqc7fFPlXxXbHSMdYpXlWIiP0IPYApzUOkTSbVnnW1o+tfFQ7ttp226tP7GX36z6fGBHHFaxOsRESyADEx1RpPiyxa0ViZnwBZvy/ltk2dYtzpM0+hKo7smCcGzpFudtbz/AFJEUAAAAAAAAAAAAAAAAAAAAAAAAAAAAAAAAAAAAAAAAAAAAAAAAAAAAAAAAAAAAAAadzhjPivin9qs1bmBFFrE11pbhas9Mx6mVm7j2em7n5lJ6Mv73hPrhCX7VvaTp8uL+mlo+8HIaTa0UpHVe3CKw7sfZd5lnSYrjjzmdZ+iE727tmPY11r72SfivPP9UA8dq7ZGyrNr8ct/in7od+TJXHWb3nSsRrMy9tebFXNS2O8a1tGkiuCO+bW0zFJtbSNZ6aWnh9DX/wDQbaeNYvMfyo/P2LcYNZwW668tNem2nl5S4Me3y3vOKmO03r8VdOXrBZNv3nb58kYo6q2ty6o5uje7Km9xTiyeuJ8p80Z2/sl6Xrn3ExrWda0ry19Mp0FJ3W2y7G3Tnjh4ZI+GWmL1nlML3asWjS0ax5S4rdo2dp1nDXX1AqFstK85d/be2X3t4yZazXBWdePOyyYu37bDOuPFWJ9TqBiGQAAAAAAAAAAAAAAAAAAAAAAAAAAAAAAAAAAAAAAAAAAAAAAAAAAAAAAAAAAAAAAAABhkYmdOMgNebcY8EdWW0Uj+KdETbu3+Xn/xdtaKRPD5tvH0Vjzbs+023bsN9zePmZIj4snvTNgbZ7ztI+G/V/JE2+w/E4v/AMWLLf8Ao0+3RAdr7jbt95+Z72K/G2nOtvOPQmO6d3xVwTXBeL3yRpXpnlE85lA2+/3Hcon/ABYrjrE9NrWnW0f0x7Wz8MvtZ+btba3n/ljJ+36fRP1K3s9xfYZIy4ePDS1P3o9qT3/fJ3OP5WCtqdXx2tziPKAdm271bPFunDe00npt8uYtH3N2Tus4qTe+DLFYjWZmscPrV/t27/D88X0n5do6LxH1S6O69znfT8vHExhjjOvCbT7AS2Du1txSMmLBktWfH3fa2R3bFSdM9b4p/wDZXh9Mawi+wb2MGS22vOlbz1UmfPxh39z7zjwxOHFpkyTz8a19fsBJ1tFo6qzrE8ph6UzZ77LsJ6qz1Umdb08PXXy9S34c1c9K5KTrW0awo2AAAAAAAAAAAAAAAAAAAAAAAAAAAAAAAAAAAAAAAAAAAAAAAAAAAAAAAAAAAAAAAAAAIP8AMO7tSldtSdJyazaf4Y9qcVb8wTNd3SbfD0Tp9IIyccadPl9Tdl3GfcVrTNeb1pxrE/fPi922e4rgnczTTHHHj8Wnno0c+IgxFYjjEaMfMrPiza0VjWQZG/Psdzt8UZ8tNKTz0njXXzc8zpp4zPCIjxBkbdztM+0its9YiLeMTrpPlLXFbXtFKRra06VgHm1YtGklaxWNIjRv3ezzbKYjPEaW5Wry18paqY7Zr1xY/ivPTHtBhOflvLM0yYZ5UtrX1W/0c3c+zTs8fz8NrWrX/ki3l5w6Py1jmaZc3he0RX+n/UVPMgAAAAAAAAAAAAAAAAAAAAAAAAAAAAAAAAAAAAAAAAAAAAAAAAAAAAAAAAAAAAAAAAAj+57KdzWt6RE5cU9dItyn+GfWkAHFg7hg3tLYrT0XmOm+O/CY9qudr7dbeZZxX1+VimYvb97SeEe1Z9zsdvup1zUi0x4+Lk/AtpHw1tX+W9o+9B073t2PcbadvWIrpHueiY5K52bBXNn69xMVrh8LTzv+pNfge0njMWn15LPdeybKv/VE+vWQbt1udpmx2xXy00tEx8UK52KcEZpy7i9Y+V7tNZ5z+8sVe2bSvLDT+2Hr8P23/ip/aDn3262W7w2w2y096OHvcp8EX+XvkVmc+e9YyfBWJtHLxn9P2JyNhto5Yqf2w8z23aW54af2iPe7pg32G2GbVmLRwmJjhPhKvdhpFdxfJnmK/Jjo4zp70z7I+tM27Lsp/wCqI9WsfY807Fsqzr8vX+aZkVr3G+t3DXbbKOqs8L5pj3ax46ecpHbbem2x1w4/hrGjZSlaR00iIrHhD0oAAAAAAAAAAAAAAAAAAAAAAAAAAAAAAAAAAAAAAAAAAAAAAAAAAAAAAAAAAAAAAAAAAAAAAAAAAAAAAAAAAAAAAAAAAAAAAAAAAAAAAAAAAAAAAAAAAAAAAAAAAAAAAAAAAAAAAAAAAAAAAAAAAAAAAAAAAAAAAAAAAAAAAAAAAAAAAAAAAAAAAAAAAAAAAAAAAAAAAAAAAAAAAAAAAAAAAAAAAAAAAAAAAAAAAAAAAAAAAAAAAAAAAAAAAAAAAAAAAAAAAAAAAAAAAAAAAAAAAAAAAAAAAAAAAAAAAAAAAAAAAAAAAAAAAAAAAAAAAAAAAAAAAAAAAAAAAAAAAAAAAAAAAAAAAAAAAAAAAAAAAAAAAAAAAAAAAAAAAAAAAAAAAAAAAAAAAAAAAAAAAAAAAAAAAAAAAAAAAAAAAAAAAAAAAAAAAAAAAAAAAAAAAAAAAAAAAAAAAAAAAAAAAAAAAAAAAAAAAAAAAAAAAAAAAAAAAAAAAAAAAAAAAAAAAAAAAAAAAAAAAAAAAAAAAAAAAAAAAAAAAAAAAAAAAAAAAAAAAAAAAAAAAAAAAAAAAAAAAAAAAAAAAAAAAAAAAAAAAAAAAAAAAAAAAAAAAAAAAAAAAAAAAAAAAAAAAAAAAAAAAAAAAAAAAAAAAAAAAAAAAAAAAAA//9k=', 36, 1685848222000, 1685848222000, 0);
INSERT INTO attachments (userId, resourceId, size, width, height, name, mime, id, createdAt, updatedAt, version) VALUES (1, 36, 4233, 640, 360, 'img-11', 'image/jpeg', 37, 1685968102000, 1685968102000, 0);
INSERT INTO texts (hash, content, id, createdAt, updatedAt, version) VALUES ('dc8ed0eda48a825893fad8847fbb5883306db043fbe8d215fa6bb1ca4f3630db', '# facilisis platonem gubergren tale.\n\nsingulis interpretaris sententiae platonem tale disputationi hac pretium erroribus indoctum.\n\ntortor dicat appareat solum feugiat eloquentiam nisl tation a inani idque definitionem mutat repudiare ipsum praesent fabellas comprehensam.\n\ninani condimentum appareat verear aeque pericula eleifend his has.\n\nmalorum habitasse eros ac reprimique elaboraret vestibulum vocent mi maximus mandamus noster sapien platea sea vivendo reformidans tellus falli.\n\nin nonumes adipisci a delectus honestatis adversarium vitae invidunt cursus epicurei inciderint.\n\nfaucibus orci repudiare pri.\n\ndolor.\n\nutinam senserit inciderint postea repudiandae errem signiferumque noster enim arcu.\n\netiam propriae luptatum similique adipisci percipit suscipiantur tincidunt tempor consetetur dolorem ridiculus ligula pertinax minim interesset no scelerisque omnesque.\n\nfabellas populo alienum dicam.\n\nea tempor.\n\noratio massa quaeque quaestio ancillae mattis wisi dictumst repudiare maiorum ocurreret curabitur.\n\nferri tempor leo error dolores inani imperdiet accusata petentium.\n\nerat tellus pro aliquam inciderint quisque mea mi an fugit vivendo.\n\nparturient delectus habitasse invenire usu definitiones bibendum pertinacia lacinia hinc dui oratio populo.\n\nelectram deserunt usu te atqui tation penatibus deseruisse.\n\nullamcorper ocurreret aperiri expetendis homero sententiae quas arcu discere offendit sonet nunc evertitur arcu vero.\n\n', 38, 1686087982000, 1686087982000, 0);
INSERT INTO articles (userId, categoryId, imageId, textId, views, tags, name, description, publishAt, id, createdAt, updatedAt, version) VALUES (1, 13, 15, 38, 0, 'abc,xyz,hello', 'ornatus. 0', 'lorem aperiri aliquid vituperata lorem fugit saepe.', 1648805302000, 149, 1686207862000, 1686207862000, 0);
INSERT INTO texts (hash, content, id, createdAt, updatedAt, version) VALUES ('9459f3e02a3201fb829109155ec30e92d53afadf721d1cead6bfbd813e7fcee0', '# per mattis metus sapientem melius ne.\n\nadolescens ridiculus posse prodesset maiestatis alienum propriae lobortis.\n\nutamur impetus tibique suas altera tale doming vim mandamus suscipiantur mea liber efficitur definitiones.\n\nullamcorper blandit et sed sea tractatos legere persecuti accommodare alia condimentum facilis aliquet dicam mollis reprehendunt.\n\nfelis contentiones constituam posidonium.\n\nreferrentur graecis equidem doctus maecenas alienum porta delectus laoreet errem detracto necessitatibus etiam pertinacia ponderum aliquip commodo non montes.\n\ncorrumpit utinam vulputate euripidis nunc ante theophrastus justo aliquid inani suscipit hinc ignota dicat.\n\nmnesarchum mediocrem.\n\nlitora homero sumo consetetur viverra saepe quaeque taciti dignissim civibus pulvinar efficitur mediocrem sapien venenatis.\n\nsodales habitant explicari eripuit intellegebat utinam possim brute amet quem gravida minim maximus ocurreret petentium possim.\n\naptent lacinia felis decore detraxit sem fabellas pellentesque fringilla taciti reprehendunt intellegebat detraxit ferri iaculis sadipscing legere lacinia moderatius.\n\ndicunt quam cu deterruisset contentiones tantas evertitur parturient offendit urbanitas gubergren sumo eleifend gubergren salutatus inani nullam vehicula homero pertinacia.\n\nridiculus torquent blandit meliore altera faucibus varius viris nominavi aliquam veri impetus dicta ius partiendo amet cum tritani.\n\nexpetendis suas fuisset egestas epicuri.\n\nexpetendis congue neque consectetur ferri.\n\nin ac lacus libero ex dictum ante orci wisi no docendi.\n\npericulis ad elementum ridens luptatum utamur autem reprehendunt ridiculus fuisset malorum movet donec reque taciti graeci ipsum prompta sumo.\n\nmalesuada accumsan feugait sit mucius conclusionemque consectetuer donec consequat fringilla esse tellus maiestatis viderer verterem morbi dapibus.\n\ntritani nunc nascetur inciderint dictum penatibus solet suspendisse fabulas.\n\n', 39, 1686327742000, 1686327742000, 0);
INSERT INTO articles (userId, categoryId, imageId, textId, views, tags, name, description, publishAt, id, createdAt, updatedAt, version) VALUES (1, 13, 17, 39, 0, 'abc,xyz,hello', 'appetere. 1', 'a auctor sumo ei offendit.', 1648925182000, 150, 1686447622000, 1686447622000, 0);
INSERT INTO texts (hash, content, id, createdAt, updatedAt, version) VALUES ('a29b4d6de3900c2d5dfd3e69e0eedcd1d3ac568159e0e1345d62336d9a89b4e0', '# at.\n\nsociis ei tantas urna luctus nisi ornare ac massa urbanitas interpretaris antiopam.\n\nsed finibus taciti referrentur mollis mei constituam natoque pertinax has doctus definiebas.\n\nfringilla.\n\nhabitasse sadipscing penatibus propriae ocurreret sumo nulla deserunt turpis pro sociosqu dis adolescens parturient maximus fabellas pertinacia veniam condimentum sociis.\n\npurus invenire liber fusce utroque nullam quot fusce conclusionemque nihil dolores vulputate malorum contentiones ut audire.\n\nullamcorper porro praesent aenean brute dicant principes corrumpit scripserit.\n\na expetenda vivamus feugiat quis gubergren nibh nulla.\n\nerroribus singulis falli aptent.\n\noporteat hac malesuada platonem.\n\nsententiae quo contentiones suspendisse dissentiunt aeque in.\n\nconsequat ei iaculis ridens qui consetetur facilis his scelerisque possit.\n\ndicam intellegat felis nascetur euripidis senserit omnesque facilisis mazim per animal primis mazim scelerisque dapibus posuere.\n\n', 40, 1686567502000, 1686567502000, 0);
INSERT INTO articles (userId, categoryId, imageId, textId, views, tags, name, description, publishAt, id, createdAt, updatedAt, version) VALUES (1, 13, 19, 40, 0, 'abc,xyz,hello', 'discere. 2', 'fames populo prompta definitiones cubilia fermentum eam leo pertinax constituto.', 1649045062000, 151, 1686687382000, 1686687382000, 0);
INSERT INTO texts (hash, content, id, createdAt, updatedAt, version) VALUES ('d5497eedb9084a00701b642474c2a94568f658169f3445d3eb094fd03b621771', '# nostrum pulvinar scripta duis lacinia.\n\nnihil.\n\nmucius sollicitudin varius an enim at ocurreret sapientem regione.\n\ntantas felis pretium laoreet massa dicunt.\n\ndefinitiones doming conubia ubique parturient assueverit praesent quis tation tritani elementum ipsum.\n\npartiendo consul massa facilis gravida wisi.\n\nquidam expetendis ridens decore cu gloriatur movet doming viverra dolor postea epicurei graeco nibh sapientem dicit referrentur a agam.\n\ndonec dicat parturient ius definiebas imperdiet interesset numquam iisque eripuit omittantur dicit nullam inani.\n\noffendit torquent contentiones singulis placerat scripserit.\n\ngubergren oratio eruditi partiendo comprehensam evertitur mea molestie congue ipsum brute eius.\n\ncurabitur ponderum legere quot mauris finibus facilisi eloquentiam magna vero fugit impetus simul tale reformidans noster sed verterem homero decore.\n\nparturient liber viris adhuc equidem.\n\ncommune dico efficiantur mus postulant verear unum quem iuvaret odio.\n\nsonet interpretaris qualisque natum constituto orci maiorum cu torquent.\n\neget constituam moderatius montes.\n\nsolum habitasse lectus mandamus decore postulant vix ne inimicus usu alia.\n\nid suavitate voluptatibus aptent etiam netus quaeque tritani evertitur eam.\n\nsententiae adipisci fuisset repudiandae ornare graecis potenti accusata antiopam odio pharetra reprehendunt efficitur pellentesque nonumy comprehensam eu voluptaria sit.\n\nsapientem suavitate.\n\n', 41, 1686807262000, 1686807262000, 0);
INSERT INTO articles (userId, categoryId, imageId, textId, views, tags, name, description, publishAt, id, createdAt, updatedAt, version) VALUES (1, 13, 21, 41, 0, 'abc,xyz,hello', 'possit. 3', 'vidisse laoreet voluptatum urna reprimique solet indoctum efficiantur.', 1649164942000, 152, 1686927142000, 1686927142000, 0);
INSERT INTO texts (hash, content, id, createdAt, updatedAt, version) VALUES ('dc6ba3559ed61d393a9310cf253c58cbab7c239e1c9fbc2872a79539cf563cea', '# persius meliore epicurei solet vocibus pellentesque maluisset solet qualisque.\n\nmandamus aliquam vituperata verterem sociosqu arcu efficitur expetenda dicunt enim meliore sanctus massa sapien mucius tamquam his dolore legimus.\n\ndicit risus augue pericula vituperatoribus tale.\n\nesse pertinax dui repudiandae turpis sonet.\n\nelectram.\n\nnoluisse iusto.\n\ndolorum offendit torquent consequat constituto legere quas volumus imperdiet noluisse graecis perpetua.\n\nsadipscing volutpat diam noluisse ornatus mucius invenire et suscipiantur non ridiculus mediocrem nonumes nihil audire.\n\nvim accommodare platonem tincidunt cum magnis detraxit fabellas eam.\n\ntamquam ferri indoctum vocent erat eu liber consetetur oratio fastidii tantas fugit corrumpit suscipit inceptos ultrices vocent.\n\nappetere.\n\nmediocrem percipit lacus electram tortor commodo duis doctus aperiri sadipscing solet sagittis a odio.\n\npatrioque tractatos voluptaria populo.\n\nmalorum.\n\nnoster iudicabit.\n\n', 42, 1687047022000, 1687047022000, 0);
INSERT INTO articles (userId, categoryId, imageId, textId, views, tags, name, description, publishAt, id, createdAt, updatedAt, version) VALUES (1, 13, 23, 42, 0, 'abc,xyz,hello', 'audire. 4', 'sed potenti oratio signiferumque.', 1649284822000, 153, 1687166902000, 1687166902000, 0);
INSERT INTO texts (hash, content, id, createdAt, updatedAt, version) VALUES ('ffa5fa70823bcd3f1acaba0a341f439f9beec19e5e1bda01824bf04709b6c0f0', '# intellegat vituperatoribus eros sagittis hendrerit omittantur.\n\nnibh definitionem urbanitas alia pericula libris.\n\ndissentiunt gubergren eirmod phasellus doming ludus nulla qui tortor veritus dolor.\n\nsigniferumque oratio petentium verear eros himenaeos explicari mattis cum rutrum cras graeci definiebas curabitur sem tempus nullam fabulas reque quaestio.\n\nsuscipiantur causae potenti volumus per magnis mus tamquam diam minim.\n\nsollicitudin luptatum duo eam per alterum omnesque maiestatis repudiandae augue duo mea semper alia tincidunt ludus deseruisse laoreet recteque consul.\n\nhabeo menandri.\n\nhomero fugit aenean cursus constituto sem error erat unum aliquet torquent vivamus atqui.\n\niusto mentitum mauris mel semper oporteat legere adipiscing esse libris pertinacia possim theophrastus.\n\nsemper erat eu persequeris solum gubergren singulis fusce possit autem torquent quam efficitur fringilla sadipscing quot utroque periculis.\n\nreque animal appareat proin reformidans eripuit disputationi constituto nulla offendit dicit ad agam tacimates.\n\nquaestio iuvaret sem ignota omnesque reformidans voluptatibus.\n\nmucius feugiat lectus erat tacimates persequeris definitionem ceteros odio inimicus.\n\nsanctus ludus turpis nullam consectetuer facilisis torquent iriure deterruisset ridiculus recteque necessitatibus partiendo ancillae euripidis prompta pretium.\n\nconsequat tibique.\n\nurbanitas latine deserunt.\n\ninimicus nihil ad libero legere.\n\nantiopam tincidunt.\n\n', 43, 1687286782000, 1687286782000, 0);
INSERT INTO articles (userId, categoryId, imageId, textId, views, tags, name, description, publishAt, id, createdAt, updatedAt, version) VALUES (1, 13, 25, 43, 0, 'abc,xyz,hello', 'habeo. 5', 'ac mauris adversarium at.', 1649404702000, 154, 1687406662000, 1687406662000, 0);
INSERT INTO texts (hash, content, id, createdAt, updatedAt, version) VALUES ('d62092b5d6b25ee0d9fa377c66d6de4cc36efe0fb6a96613f80da262c636f952', '# fuisset tellus gubergren graecis persequeris sapientem dicat audire convenire quo.\n\nconclusionemque menandri.\n\nantiopam suscipiantur tota consectetuer mel omittantur ius consequat mediocrem ex metus habitant legimus cras.\n\nultricies risus dico.\n\ntota alienum volutpat nec labores utinam habitasse natum auctor constituam vituperatoribus tempus.\n\nluptatum sapien fuisset regione usu possit euismod autem ei eripuit repudiandae populo eros sententiae quam viris partiendo facilis hendrerit mandamus.\n\nfacilis eos contentiones simul sodales vivamus maluisset sea nominavi solum curae iusto et deseruisse.\n\nest litora nascetur nascetur molestie habemus perpetua euismod leo aperiri bibendum.\n\niriure posidonium neglegentur solum.\n\nadversarium utroque consectetuer cursus vitae error auctor metus altera civibus postulant sumo feugiat liber suscipit maiorum enim.\n\nsanctus oratio electram honestatis persecuti percipit vivendo invidunt conceptam brute sumo molestie suscipiantur blandit viverra malorum.\n\nverear quo eos platea alia finibus ea luptatum pharetra quaerendum tation iusto detraxit lacinia postulant volumus massa.\n\nmaiorum expetenda pericula nam vero sollicitudin nonumes sonet numquam tota neglegentur et nostra no.\n\nfastidii vitae invidunt consetetur referrentur.\n\n', 44, 1687526542000, 1687526542000, 0);
INSERT INTO articles (userId, categoryId, imageId, textId, views, tags, name, description, publishAt, id, createdAt, updatedAt, version) VALUES (1, 13, 27, 44, 0, 'abc,xyz,hello', 'novum. 6', 'atomorum.', 1649524582000, 155, 1687646422000, 1687646422000, 0);
INSERT INTO texts (hash, content, id, createdAt, updatedAt, version) VALUES ('6f641186d1e407eb11b36109da1ca4963e6b2a1b101bbc2cf6b3782ac2f6571e', '# dolorem maiestatis fastidii fusce sea.\n\nsaperet.\n\neu accommodare nostra cubilia ius gubergren aliquam dicam volutpat disputationi novum legimus epicurei natoque.\n\nocurreret pericula facilisi sapientem quod unum voluptatibus omittantur assueverit dicat corrumpit adversarium hac nam dicit noster.\n\nmassa euripidis intellegebat quaerendum.\n\ndecore egestas justo.\n\nest tibique auctor justo cras qui viderer qui lobortis definitiones potenti omnesque referrentur vocent.\n\nsapien his rutrum definitiones pellentesque percipit consequat praesent pertinax deserunt vestibulum congue.\n\nporttitor hinc tristique aperiri.\n\nid tantas aliquet platea dictumst atomorum dis dolor dictumst at antiopam aptent luctus consectetur eu invidunt detracto justo.\n\nsplendide detraxit commodo dignissim.\n\naccommodare equidem condimentum.\n\nappareat habeo.\n\n', 45, 1687766302000, 1687766302000, 0);
INSERT INTO articles (userId, categoryId, imageId, textId, views, tags, name, description, publishAt, id, createdAt, updatedAt, version) VALUES (1, 13, 29, 45, 0, 'abc,xyz,hello', 'sem. 7', 'nonumy iriure expetenda leo duis.', 1649644462000, 156, 1687886182000, 1687886182000, 0);
INSERT INTO texts (hash, content, id, createdAt, updatedAt, version) VALUES ('c5347d39851585359a7285fe69a77a29021c1af9337aae60984f7e93a74becce', '# dolores auctor explicari.\n\nnecessitatibus arcu praesent erat adhuc solum petentium quaestio dico aliquam gubergren veritus nostrum viverra suscipit doming fastidii pri adipiscing errem.\n\nvidisse omittam esse arcu fermentum iuvaret invenire reprehendunt animal litora ei eloquentiam iudicabit.\n\nocurreret patrioque delectus vitae pellentesque fabellas.\n\nimperdiet deserunt epicuri at.\n\ndeterruisset voluptatibus metus suas arcu instructior nisl scelerisque alterum utroque.\n\naliquid regione iriure mi.\n\nveritus maiorum pellentesque oratio docendi graeco integer conceptam iaculis utroque melius signiferumque auctor interpretaris dapibus singulis sumo appetere arcu laudem.\n\ngubergren enim habeo graece altera sale electram debet viverra ius suas consetetur sea montes indoctum gravida ac electram fusce nobis.\n\nadhuc appareat recteque dico laudem utroque vituperata.\n\ngloriatur fabellas non arcu graeci agam sodales dolore litora consectetuer praesent utroque.\n\naccusata sonet doming qualisque vestibulum sapientem usu iudicabit maluisset esse nonumes fringilla dignissim mutat eruditi affert commodo causae.\n\nporttitor offendit atomorum detraxit mediocritatem et placerat dictum legere fusce finibus.\n\nnobis utinam nisl fabulas conubia graecis quaestio cursus quisque laoreet repudiare vidisse.\n\ndeserunt noster fusce aliquid.\n\nconvenire dignissim est laudem ipsum ponderum persius cum mus veri feugait penatibus inimicus disputationi ornatus.\n\nomnesque platea porttitor quod cras reprimique ante volutpat potenti appetere harum alienum.\n\nfeugait mattis aliquid voluptaria pericula dicam decore ac libris definitiones vehicula unum epicurei libris commune sale.\n\n', 46, 1688006062000, 1688006062000, 0);
INSERT INTO articles (userId, categoryId, imageId, textId, views, tags, name, description, publishAt, id, createdAt, updatedAt, version) VALUES (1, 13, 31, 46, 0, 'abc,xyz,hello', 'a. 8', 'utinam mediocritatem natum.', 1649764342000, 157, 1688125942000, 1688125942000, 0);
INSERT INTO texts (hash, content, id, createdAt, updatedAt, version) VALUES ('72c94505c454ac2e82551723eb60cf2ce8ddd0d3e0723090720dd7b825675fbe', '# evertitur percipit mutat solet interesset recteque quis natoque porro.\n\nfames interesset libero inceptos.\n\nan blandit elit nostrum impetus necessitatibus reprehendunt tempus conceptam deseruisse parturient aptent constituam mi falli per principes est mandamus.\n\nnam.\n\nsenectus constituto.\n\nexpetenda mutat dolores epicuri quidam laoreet tibique.\n\nreprimique sollicitudin conceptam nonumes voluptaria patrioque erroribus diam dui similique civibus saepe at mauris minim audire.\n\nubique.\n\ntincidunt ex veritus posse id quo mazim.\n\nrepudiare inciderint tota accusata ignota saperet habeo.\n\nvulputate.\n\neos solum tacimates eius nihil interesset aperiri libris liber maximus noluisse iisque platea curae.\n\nneglegentur posuere erat fusce repudiare potenti dicant facilisi periculis.\n\n', 47, 1688245822000, 1688245822000, 0);
INSERT INTO articles (userId, categoryId, imageId, textId, views, tags, name, description, publishAt, id, createdAt, updatedAt, version) VALUES (1, 13, 33, 47, 0, 'abc,xyz,hello', 'persecuti. 9', 'vix alia pertinax dico explicari aenean tincidunt adolescens.', 1649884222000, 158, 1688365702000, 1688365702000, 0);
INSERT INTO texts (hash, content, id, createdAt, updatedAt, version) VALUES ('8fa3b7887072a1223cd4bc8bb09ab93f2bf67c253db8e3d0fb0b010de19f99a3', '# litora.\n\nquo habemus putent nonumes ut verterem.\n\npotenti legere malesuada inceptos luctus voluptaria novum dictumst eros reprimique nonumy eius vocent.\n\neloquentiam adversarium hendrerit conubia erat diam posuere porttitor patrioque.\n\nconstituam libris malorum esse falli tempor option signiferumque mei vituperatoribus impetus auctor evertitur legere noluisse dictumst dissentiunt conceptam commune.\n\ndapibus penatibus.\n\nfusce bibendum quaestio fusce tincidunt reprimique ceteros appetere sapien.\n\nsententiae sonet doctus vivamus natum equidem harum numquam principes esse propriae definitionem vocibus fringilla veritus eam fames mucius.\n\nsodales senserit reque signiferumque autem nulla quo suspendisse morbi.\n\nagam risus viderer commodo suspendisse reformidans altera pericula condimentum dolore suscipit id detraxit phasellus condimentum ludus magnis.\n\nprompta vim.\n\n', 48, 1688485582000, 1688485582000, 0);
INSERT INTO articles (userId, categoryId, imageId, textId, views, tags, name, description, publishAt, id, createdAt, updatedAt, version) VALUES (1, 13, 35, 48, 0, 'abc,xyz,hello', 'dicunt. 10', 'facilis option libero persequeris neque.', 1650004102000, 159, 1688605462000, 1688605462000, 0);
INSERT INTO texts (hash, content, id, createdAt, updatedAt, version) VALUES ('0ebed4dd1537b3d0fe67a8d1ac67976d2280aba8f989b1d79299bdb2c12905ef', '# aenean tacimates constituam vivamus epicuri pellentesque efficiantur.\n\nsuscipit tritani inimicus possit nobis iudicabit solet ornare assueverit sapientem maximus bibendum dictumst consul mauris eleifend offendit ludus splendide etiam.\n\npharetra pri blandit.\n\ninteger lacus erat docendi reprehendunt nulla himenaeos.\n\naliquip autem tibique diam ad postulant nominavi definitionem persequeris suas.\n\nius minim luctus metus quaestio principes mucius reprehendunt ferri dolorum solum movet ponderum pri instructior urna conclusionemque venenatis.\n\nat nam vel intellegebat class tempor debet.\n\ntaciti graece tacimates fuisset epicurei vocibus sagittis leo consectetur necessitatibus quaestio amet mazim vocibus consetetur potenti urna sonet.\n\npropriae deserunt mucius arcu unum vestibulum verear aliquip esse porta viverra erat omittantur liber fusce saperet.\n\nsonet porta sumo maluisset omittam vulputate constituto agam dicam menandri iudicabit aliquam conclusionemque oratio scripserit utinam sapientem.\n\ndicit accumsan evertitur voluptatibus accusata gravida diam.\n\nsenectus.\n\npersius ponderum diam antiopam deseruisse pro senserit dolor ultrices nominavi civibus assueverit petentium sem eirmod impetus dictumst conubia.\n\neleifend potenti quaeque vim odio mattis.\n\npartiendo quo libero nominavi eget aperiri solum contentiones vim sapien.\n\npartiendo.\n\n', 49, 1688725342000, 1688725342000, 0);
INSERT INTO articles (userId, categoryId, imageId, textId, views, tags, name, description, publishAt, id, createdAt, updatedAt, version) VALUES (1, 13, 37, 49, 0, 'abc,xyz,hello', 'donec. 11', 'pellentesque necessitatibus esse neglegentur quot pericula eleifend homero deserunt urbanitas.', 1650123982000, 160, 1688845222000, 1688845222000, 0);
INSERT INTO boards (topicNumber, locked, tag, name, description, displayOrder, id, createdAt, updatedAt, version) VALUES (0, false, 'sample', 'Discuss Sample', 'Discuss Sample.', 0, 50, 1688965102000, 1688965102000, 0);
INSERT INTO topics (boardId, userId, userName, userImageUrl, refType, refId, replyNumber, locked, name, content, id, createdAt, updatedAt, version) VALUES (50, 9, 'subscriber', '/static/img/user.png', 'NONE', 0, 0, false, 'utamur convenire fabellas.1', 'ex vituperata repudiare tempus comprehensam qualisque arcu sonet lobortis vel definitionem inani nisi errem pellentesque fames dicit tamquam similique sodales senserit eripuit libris faucibus scripserit euripidis detracto brute dolorem consectetur fuisset mutat finibus netus definitiones reprehendunt aliquip scripserit class fugit tempus dolorum senectus consectetuer voluptaria luptatum.', 51, 1650243862000, 1650243862000, 0);
INSERT INTO topics (boardId, userId, userName, userImageUrl, refType, refId, replyNumber, locked, name, content, id, createdAt, updatedAt, version) VALUES (50, 9, 'subscriber', '/static/img/user.png', 'NONE', 0, 1, false, 'non parturient.2', 'viverra mandamus tortor docendi.', 52, 1650363742000, 1650363742000, 0);
INSERT INTO replies (topicId, userId, userName, userImageUrl, content, id, createdAt, updatedAt, version) VALUES (52, 9, 'subscriber', '/static/img/user.png', 'vestibulum accusata scripserit iisque curabitur tale euismod hac delectus dui corrumpit vestibulum nostrum.', 161, 1650483622000, 1650483622000, 0);
INSERT INTO topics (boardId, userId, userName, userImageUrl, refType, refId, replyNumber, locked, name, content, id, createdAt, updatedAt, version) VALUES (50, 9, 'subscriber', '/static/img/user.png', 'NONE', 0, 2, false, 'mei legimus nostra.3', 'sea sociosqu adipisci enim vehicula himenaeos torquent eripuit epicuri solum evertitur class.', 53, 1650603502000, 1650603502000, 0);
INSERT INTO replies (topicId, userId, userName, userImageUrl, content, id, createdAt, updatedAt, version) VALUES (53, 9, 'subscriber', '/static/img/user.png', 'bibendum doctus nibh tempor comprehensam sociosqu magnis amet feugiat corrumpit est fabellas delenit electram detraxit turpis autem legimus non altera maximus option esse nonumes brute posse vestibulum pellentesque mandamus maecenas inani vel quod ludus egestas dignissim quot.', 162, 1650723382000, 1650723382000, 0);
INSERT INTO replies (topicId, userId, userName, userImageUrl, content, id, createdAt, updatedAt, version) VALUES (53, 9, 'subscriber', '/static/img/user.png', 'solet dolores quem melius nonumes dictumst postea viris consetetur fabulas tantas invidunt disputationi at utroque ante pri corrumpit nostra.', 163, 1650843262000, 1650843262000, 0);
INSERT INTO topics (boardId, userId, userName, userImageUrl, refType, refId, replyNumber, locked, name, content, id, createdAt, updatedAt, version) VALUES (50, 9, 'subscriber', '/static/img/user.png', 'NONE', 0, 3, false, 'pro.4', 'ridiculus molestie theophrastus sonet dapibus arcu mattis usu veritus ornare facilisis maecenas graecis efficiantur lacus pulvinar molestiae deserunt ius nec veniam offendit maiestatis suscipiantur pertinax adolescens sodales dis suas fabellas porro liber animal nihil nisi senectus lorem morbi etiam persecuti sea comprehensam verear reformidans duis expetenda.', 54, 1650963142000, 1650963142000, 0);
INSERT INTO replies (topicId, userId, userName, userImageUrl, content, id, createdAt, updatedAt, version) VALUES (54, 9, 'subscriber', '/static/img/user.png', 'putent risus ignota condimentum.', 164, 1651083022000, 1651083022000, 0);
INSERT INTO replies (topicId, userId, userName, userImageUrl, content, id, createdAt, updatedAt, version) VALUES (54, 9, 'subscriber', '/static/img/user.png', 'scelerisque eripuit mus quaeque noluisse diam tation constituto scripta tellus nominavi volutpat ludus delectus quaerendum verear ornare nisi sapientem putent te nulla placerat lectus a.', 165, 1651202902000, 1651202902000, 0);
INSERT INTO replies (topicId, userId, userName, userImageUrl, content, id, createdAt, updatedAt, version) VALUES (54, 9, 'subscriber', '/static/img/user.png', 'idque fastidii nunc scelerisque velit error eos penatibus doming fabellas ocurreret eleifend dicat dolore phasellus altera nisi deseruisse luptatum sapientem.', 166, 1651322782000, 1651322782000, 0);
INSERT INTO topics (boardId, userId, userName, userImageUrl, refType, refId, replyNumber, locked, name, content, id, createdAt, updatedAt, version) VALUES (50, 9, 'subscriber', '/static/img/user.png', 'NONE', 0, 4, false, 'posidonium eros agam.5', 'nullam posse est possim laudem ne mea labores sociosqu et affert debet gubergren interesset audire dicit taciti antiopam mea ubique.', 55, 1651442662000, 1651442662000, 0);
INSERT INTO replies (topicId, userId, userName, userImageUrl, content, id, createdAt, updatedAt, version) VALUES (55, 9, 'subscriber', '/static/img/user.png', 'ius theophrastus odio tamquam sadipscing tacimates pellentesque prompta nec fames est postulant vulputate nisi menandri eam evertitur dolorem.', 167, 1651562542000, 1651562542000, 0);
INSERT INTO replies (topicId, userId, userName, userImageUrl, content, id, createdAt, updatedAt, version) VALUES (55, 9, 'subscriber', '/static/img/user.png', 'nam quo intellegat simul referrentur neque facilisi causae mei imperdiet explicari his alienum eleifend habemus definitionem platea justo rhoncus mi liber tempus porro suspendisse instructior enim expetenda delicata.', 168, 1651682422000, 1651682422000, 0);
INSERT INTO replies (topicId, userId, userName, userImageUrl, content, id, createdAt, updatedAt, version) VALUES (55, 9, 'subscriber', '/static/img/user.png', 'dico sapien ultrices mauris suas has definitionem lacinia cum aliquid amet graeci suavitate mediocrem bibendum intellegebat ac mutat cubilia pellentesque conubia sanctus utamur maximus nostrum mollis unum ex malorum nascetur ceteros facilisis sapien duo moderatius lobortis nobis finibus adversarium vis tincidunt affert postulant.', 169, 1651802302000, 1651802302000, 0);
INSERT INTO replies (topicId, userId, userName, userImageUrl, content, id, createdAt, updatedAt, version) VALUES (55, 9, 'subscriber', '/static/img/user.png', 'possim expetendis cum massa expetendis cubilia urna epicuri dicat porta an pulvinar consetetur efficiantur cetero fuisset ubique tortor alienum audire te appareat ornatus ligula nunc interdum invenire quo affert cursus quam velit eum quaestio instructior litora semper agam iaculis penatibus utinam pertinacia cursus dicant melius litora impetus mi.', 170, 1651922182000, 1651922182000, 0);
INSERT INTO topics (boardId, userId, userName, userImageUrl, refType, refId, replyNumber, locked, name, content, id, createdAt, updatedAt, version) VALUES (50, 9, 'subscriber', '/static/img/user.png', 'NONE', 0, 5, false, 'gravida sadipscing.6', 'agam iriure regione fringilla rutrum orci natum risus.', 56, 1652042062000, 1652042062000, 0);
INSERT INTO replies (topicId, userId, userName, userImageUrl, content, id, createdAt, updatedAt, version) VALUES (56, 9, 'subscriber', '/static/img/user.png', 'constituam tota pharetra electram cum lectus integer porta fabulas id vim detraxit.', 171, 1652161942000, 1652161942000, 0);
INSERT INTO replies (topicId, userId, userName, userImageUrl, content, id, createdAt, updatedAt, version) VALUES (56, 9, 'subscriber', '/static/img/user.png', 'interpretaris evertitur epicurei tempus primis theophrastus varius numquam ludus contentiones accusata ultricies posidonium iuvaret sententiae numquam rutrum taciti finibus convallis natum iaculis commodo adipiscing option dictumst fugit lacus gubergren conclusionemque aliquid nibh.', 172, 1652281822000, 1652281822000, 0);
INSERT INTO replies (topicId, userId, userName, userImageUrl, content, id, createdAt, updatedAt, version) VALUES (56, 9, 'subscriber', '/static/img/user.png', 'inimicus tempor ponderum ipsum platea tale eu fabellas veniam integer dico maiestatis.', 173, 1652401702000, 1652401702000, 0);
INSERT INTO replies (topicId, userId, userName, userImageUrl, content, id, createdAt, updatedAt, version) VALUES (56, 9, 'subscriber', '/static/img/user.png', 'efficitur interdum adhuc egestas ignota porro pellentesque molestie eum detraxit lobortis nunc.', 174, 1652521582000, 1652521582000, 0);
INSERT INTO replies (topicId, userId, userName, userImageUrl, content, id, createdAt, updatedAt, version) VALUES (56, 9, 'subscriber', '/static/img/user.png', 'penatibus duo populo veritus gubergren interesset inciderint conubia praesent legere vivamus noluisse urbanitas meliore honestatis adipiscing dictumst eleifend menandri libero delectus dicit ius pretium quo.', 175, 1652641462000, 1652641462000, 0);
INSERT INTO topics (boardId, userId, userName, userImageUrl, refType, refId, replyNumber, locked, name, content, id, createdAt, updatedAt, version) VALUES (50, 9, 'subscriber', '/static/img/user.png', 'NONE', 0, 6, false, 'tation.7', 'libris lobortis cursus feugait solet honestatis natum ne deterruisset viverra nobis detraxit qualisque eos omittam iudicabit faucibus augue brute ut minim magnis cursus accusata ridens feugait oratio definitionem iaculis id causae tempor.', 57, 1652761342000, 1652761342000, 0);
INSERT INTO replies (topicId, userId, userName, userImageUrl, content, id, createdAt, updatedAt, version) VALUES (57, 9, 'subscriber', '/static/img/user.png', 'doming antiopam ferri dui ac feugiat fugit suspendisse repudiandae oratio persecuti interesset detracto splendide eos tristique mandamus corrumpit labores utinam consetetur sagittis phasellus non malorum quaerendum adipiscing sociis fuisset repudiandae conclusionemque efficiantur utinam facilisi iusto dictum similique vivamus efficiantur dui tractatos.', 176, 1652881222000, 1652881222000, 0);
INSERT INTO replies (topicId, userId, userName, userImageUrl, content, id, createdAt, updatedAt, version) VALUES (57, 9, 'subscriber', '/static/img/user.png', 'noluisse delectus has inimicus ultricies adipisci postulant orci enim his assueverit movet epicurei ex signiferumque latine nam lacinia elitr equidem civibus verear in sapien partiendo voluptaria vituperatoribus ridens sem.', 177, 1653001102000, 1653001102000, 0);
INSERT INTO replies (topicId, userId, userName, userImageUrl, content, id, createdAt, updatedAt, version) VALUES (57, 9, 'subscriber', '/static/img/user.png', 'volutpat veritus fabellas utamur numquam decore possit sociosqu tibique mandamus ea tempus libero eum ac fuisset graece platea pellentesque quaeque ex recteque finibus dicat harum debet veniam regione appetere offendit movet adhuc vivamus deseruisse iaculis class mel efficitur ne cum condimentum pro vero.', 178, 1653120982000, 1653120982000, 0);
INSERT INTO replies (topicId, userId, userName, userImageUrl, content, id, createdAt, updatedAt, version) VALUES (57, 9, 'subscriber', '/static/img/user.png', 'graece sit eros purus phasellus scripserit.', 179, 1653240862000, 1653240862000, 0);
INSERT INTO replies (topicId, userId, userName, userImageUrl, content, id, createdAt, updatedAt, version) VALUES (57, 9, 'subscriber', '/static/img/user.png', 'elaboraret vehicula ante id ocurreret dignissim contentiones utroque eloquentiam theophrastus tortor pri eruditi dapibus purus eos sapientem eos tacimates ferri prompta assueverit netus verear consequat placerat conclusionemque possim dolorum suscipiantur splendide sonet tractatos verterem rutrum movet eam ac morbi molestie ullamcorper aliquet eos dictum accusata indoctum rutrum audire.', 180, 1653360742000, 1653360742000, 0);
INSERT INTO replies (topicId, userId, userName, userImageUrl, content, id, createdAt, updatedAt, version) VALUES (57, 9, 'subscriber', '/static/img/user.png', 'eirmod maximus mnesarchum mazim hinc pretium nam nominavi consetetur viverra vim tempus pulvinar adversarium mazim sapien graeci tincidunt tamquam iuvaret aeque lacinia autem fabellas recteque nisl metus viderer perpetua senectus propriae ultrices augue intellegebat montes reque.', 181, 1653480622000, 1653480622000, 0);
INSERT INTO topics (boardId, userId, userName, userImageUrl, refType, refId, replyNumber, locked, name, content, id, createdAt, updatedAt, version) VALUES (50, 9, 'subscriber', '/static/img/user.png', 'NONE', 0, 7, false, 'vitae.8', 'hinc conceptam leo at felis.', 58, 1653600502000, 1653600502000, 0);
INSERT INTO replies (topicId, userId, userName, userImageUrl, content, id, createdAt, updatedAt, version) VALUES (58, 9, 'subscriber', '/static/img/user.png', 'mucius vero inceptos intellegebat cras harum maximus elementum labores invenire tractatos dico commodo donec feugait lorem oporteat duo eripuit reque himenaeos unum.', 182, 1653720382000, 1653720382000, 0);
INSERT INTO replies (topicId, userId, userName, userImageUrl, content, id, createdAt, updatedAt, version) VALUES (58, 9, 'subscriber', '/static/img/user.png', 'habemus accommodare dignissim per veniam habitasse minim ut dolor sumo meliore similique an animal mentitum detracto explicari justo omittam solet parturient solet eam vituperata atqui minim eam solet epicurei porta vitae accumsan mazim ut lacinia.', 183, 1653840262000, 1653840262000, 0);
INSERT INTO replies (topicId, userId, userName, userImageUrl, content, id, createdAt, updatedAt, version) VALUES (58, 9, 'subscriber', '/static/img/user.png', 'populo diam maiorum sadipscing meliore sea penatibus.', 184, 1653960142000, 1653960142000, 0);
INSERT INTO replies (topicId, userId, userName, userImageUrl, content, id, createdAt, updatedAt, version) VALUES (58, 9, 'subscriber', '/static/img/user.png', 'fabulas altera wisi minim mediocritatem mauris nam electram himenaeos imperdiet sapientem pulvinar iriure tantas tibique odio agam lacinia persecuti dolorem egestas ligula explicari doming movet.', 185, 1654080022000, 1654080022000, 0);
INSERT INTO replies (topicId, userId, userName, userImageUrl, content, id, createdAt, updatedAt, version) VALUES (58, 9, 'subscriber', '/static/img/user.png', 'debet quaestio et himenaeos prompta verterem habeo quo natum duo fabulas alterum aliquam mutat inceptos recteque mandamus esse scripta possim tortor mei conclusionemque alienum pri posse consetetur.', 186, 1654199902000, 1654199902000, 0);
INSERT INTO replies (topicId, userId, userName, userImageUrl, content, id, createdAt, updatedAt, version) VALUES (58, 9, 'subscriber', '/static/img/user.png', 'dui definitionem constituto vero dicit ullamcorper ligula ius faucibus antiopam legimus putent.', 187, 1654319782000, 1654319782000, 0);
INSERT INTO replies (topicId, userId, userName, userImageUrl, content, id, createdAt, updatedAt, version) VALUES (58, 9, 'subscriber', '/static/img/user.png', 'repudiandae splendide diam vivendo duo posidonium nibh lorem aliquam fuisset quem senserit oporteat explicari similique ubique errem finibus mollis accumsan suscipiantur neque appetere.', 188, 1654439662000, 1654439662000, 0);
INSERT INTO topics (boardId, userId, userName, userImageUrl, refType, refId, replyNumber, locked, name, content, id, createdAt, updatedAt, version) VALUES (50, 9, 'subscriber', '/static/img/user.png', 'NONE', 0, 8, false, 'eius taciti.9', 'maecenas tellus tractatos petentium eius fastidii eleifend.', 59, 1654559542000, 1654559542000, 0);
INSERT INTO replies (topicId, userId, userName, userImageUrl, content, id, createdAt, updatedAt, version) VALUES (59, 9, 'subscriber', '/static/img/user.png', 'vocent persecuti mentitum nascetur alterum error aeque phasellus postulant platea platea euripidis propriae ac prodesset habemus laudem accusata eget commune voluptatum ancillae donec.', 189, 1654679422000, 1654679422000, 0);
INSERT INTO replies (topicId, userId, userName, userImageUrl, content, id, createdAt, updatedAt, version) VALUES (59, 9, 'subscriber', '/static/img/user.png', 'euismod duis.', 190, 1654799302000, 1654799302000, 0);
INSERT INTO replies (topicId, userId, userName, userImageUrl, content, id, createdAt, updatedAt, version) VALUES (59, 9, 'subscriber', '/static/img/user.png', 'libris sonet decore sapien porro appareat hac discere dictum interdum quem solet mediocritatem sem ridiculus dicta delenit dissentiunt consul utamur docendi etiam euripidis ferri quod eirmod congue instructior appetere adipisci repudiare ferri sapientem duis nibh diam dicunt.', 191, 1654919182000, 1654919182000, 0);
INSERT INTO replies (topicId, userId, userName, userImageUrl, content, id, createdAt, updatedAt, version) VALUES (59, 9, 'subscriber', '/static/img/user.png', 'indoctum tantas orci sit eam erroribus indoctum saperet invenire possit ut adolescens inceptos vituperata maecenas eam appareat adhuc elaboraret utinam volutpat cu aenean commodo tibique reprimique mucius reprimique nominavi dicant convallis singulis amet.', 192, 1655039062000, 1655039062000, 0);
INSERT INTO replies (topicId, userId, userName, userImageUrl, content, id, createdAt, updatedAt, version) VALUES (59, 9, 'subscriber', '/static/img/user.png', 'vitae quo nihil utamur mutat vero possit disputationi orci singulis omnesque verterem alia inciderint vituperata nunc non bibendum taciti oporteat sodales quas consetetur ac referrentur quis suscipiantur nibh detracto viderer penatibus ligula natum lectus tibique iriure latine repudiandae.', 193, 1655158942000, 1655158942000, 0);
INSERT INTO replies (topicId, userId, userName, userImageUrl, content, id, createdAt, updatedAt, version) VALUES (59, 9, 'subscriber', '/static/img/user.png', 'electram tempus veritus faucibus augue solum volutpat delectus eget duo inciderint constituto reformidans posuere regione dictas solum hac interesset mutat sed ius eleifend vel quo sonet sed vestibulum primis graeci suspendisse parturient porro an bibendum solum suscipit dissentiunt atomorum.', 194, 1655278822000, 1655278822000, 0);
INSERT INTO replies (topicId, userId, userName, userImageUrl, content, id, createdAt, updatedAt, version) VALUES (59, 9, 'subscriber', '/static/img/user.png', 'leo referrentur dolor tincidunt fugit odio mentitum tantas turpis natum alia mattis hac ornatus venenatis facilisis expetenda detraxit felis vix gloriatur voluptatum urbanitas corrumpit nonumes repudiare.', 195, 1655398702000, 1655398702000, 0);
INSERT INTO replies (topicId, userId, userName, userImageUrl, content, id, createdAt, updatedAt, version) VALUES (59, 9, 'subscriber', '/static/img/user.png', 'nisl perpetua splendide sadipscing definiebas imperdiet conceptam mei vehicula partiendo erroribus decore cetero natoque interdum volutpat natoque honestatis libris justo oporteat vim altera invidunt menandri equidem mnesarchum.', 196, 1655518582000, 1655518582000, 0);
INSERT INTO topics (boardId, userId, userName, userImageUrl, refType, refId, replyNumber, locked, name, content, id, createdAt, updatedAt, version) VALUES (50, 9, 'subscriber', '/static/img/user.png', 'NONE', 0, 9, false, 'non qui.10', 'causae mentitum sagittis malesuada mediocritatem.', 60, 1655638462000, 1655638462000, 0);
INSERT INTO replies (topicId, userId, userName, userImageUrl, content, id, createdAt, updatedAt, version) VALUES (60, 9, 'subscriber', '/static/img/user.png', 'viris potenti molestiae placerat efficitur deseruisse verterem eirmod id rhoncus iudicabit epicurei moderatius eruditi utroque adipiscing blandit.', 197, 1655758342000, 1655758342000, 0);
INSERT INTO replies (topicId, userId, userName, userImageUrl, content, id, createdAt, updatedAt, version) VALUES (60, 9, 'subscriber', '/static/img/user.png', 'adhuc qualisque possit suscipiantur mei tota viderer sociis posse vituperatoribus lorem assueverit nostrum imperdiet hendrerit dis ex neglegentur ancillae suscipit curae theophrastus populo gravida torquent pro definitionem.', 198, 1655878222000, 1655878222000, 0);
INSERT INTO replies (topicId, userId, userName, userImageUrl, content, id, createdAt, updatedAt, version) VALUES (60, 9, 'subscriber', '/static/img/user.png', 'aliquet consectetuer dui vulputate docendi regione ferri veniam eirmod dolorem vituperatoribus viderer doctus nulla ei quam voluptaria curabitur wisi decore neque percipit ornare porttitor sadipscing mel feugiat cursus epicurei quam neglegentur duo tibique luptatum aenean vulputate liber luptatum quo omittantur deseruisse verear epicurei vivendo nihil quidam efficiantur elitr non facilis.', 199, 1655998102000, 1655998102000, 0);
INSERT INTO replies (topicId, userId, userName, userImageUrl, content, id, createdAt, updatedAt, version) VALUES (60, 9, 'subscriber', '/static/img/user.png', 'definiebas amet has sagittis meliore a quod turpis ad blandit eloquentiam reprimique qualisque honestatis.', 200, 1656117982000, 1656117982000, 0);
INSERT INTO replies (topicId, userId, userName, userImageUrl, content, id, createdAt, updatedAt, version) VALUES (60, 9, 'subscriber', '/static/img/user.png', 'falli luptatum scripserit iuvaret cum noluisse invenire libero graeci erat dicit sodales appareat ubique option.', 201, 1656237862000, 1656237862000, 0);
INSERT INTO replies (topicId, userId, userName, userImageUrl, content, id, createdAt, updatedAt, version) VALUES (60, 9, 'subscriber', '/static/img/user.png', 'aptent cu posse porta ex tincidunt finibus parturient veri nihil verterem velit efficiantur auctor placerat dissentiunt omnesque elitr homero blandit delectus nascetur voluptaria.', 202, 1656357742000, 1656357742000, 0);
INSERT INTO replies (topicId, userId, userName, userImageUrl, content, id, createdAt, updatedAt, version) VALUES (60, 9, 'subscriber', '/static/img/user.png', 'accommodare reque sapien egestas fusce iusto idque ullamcorper definiebas.', 203, 1656477622000, 1656477622000, 0);
INSERT INTO replies (topicId, userId, userName, userImageUrl, content, id, createdAt, updatedAt, version) VALUES (60, 9, 'subscriber', '/static/img/user.png', 'metus himenaeos alienum fastidii nobis eruditi ocurreret ignota expetenda audire appetere iusto varius neglegentur postulant omnesque electram detracto dicat repudiandae impetus brute viderer dolorem maximus duis adversarium commune deterruisset cursus agam ancillae ius oratio dignissim viderer parturient potenti mauris ei has quisque feugiat utamur fringilla tale malesuada.', 204, 1656597502000, 1656597502000, 0);
INSERT INTO replies (topicId, userId, userName, userImageUrl, content, id, createdAt, updatedAt, version) VALUES (60, 9, 'subscriber', '/static/img/user.png', 'intellegat mel possim praesent vestibulum accommodare ultrices non qui error quaestio tempor hendrerit eum tellus senectus hendrerit tantas vocent.', 205, 1656717382000, 1656717382000, 0);
INSERT INTO topics (boardId, userId, userName, userImageUrl, refType, refId, replyNumber, locked, name, content, id, createdAt, updatedAt, version) VALUES (50, 9, 'subscriber', '/static/img/user.png', 'NONE', 0, 10, false, 'a porttitor nobis.11', 'prodesset vituperatoribus pro saperet inciderint efficiantur reprimique sodales impetus fringilla eruditi tota decore veri ac ante urna nonumy.', 61, 1656837262000, 1656837262000, 0);
INSERT INTO replies (topicId, userId, userName, userImageUrl, content, id, createdAt, updatedAt, version) VALUES (61, 9, 'subscriber', '/static/img/user.png', 'conclusionemque viderer vituperata urbanitas pellentesque sadipscing solet epicuri nostrum scripta mea dolor metus definitiones nec moderatius ipsum iaculis vero at putent luptatum ius condimentum turpis detracto voluptatibus sit meliore sollicitudin sed ocurreret decore vivamus elitr splendide.', 206, 1656957142000, 1656957142000, 0);
INSERT INTO replies (topicId, userId, userName, userImageUrl, content, id, createdAt, updatedAt, version) VALUES (61, 9, 'subscriber', '/static/img/user.png', 'eos utinam quot pro has sadipscing has reprimique non metus inciderint quem cursus mei donec deterruisset amet persius vestibulum erroribus wisi inimicus arcu nostrum ullamcorper consetetur tritani mentitum menandri.', 207, 1657077022000, 1657077022000, 0);
INSERT INTO replies (topicId, userId, userName, userImageUrl, content, id, createdAt, updatedAt, version) VALUES (61, 9, 'subscriber', '/static/img/user.png', 'postea consectetuer latine prompta ei.', 208, 1657196902000, 1657196902000, 0);
INSERT INTO replies (topicId, userId, userName, userImageUrl, content, id, createdAt, updatedAt, version) VALUES (61, 9, 'subscriber', '/static/img/user.png', 'erroribus conceptam tortor curae ultrices purus consetetur sea.', 209, 1657316782000, 1657316782000, 0);
INSERT INTO replies (topicId, userId, userName, userImageUrl, content, id, createdAt, updatedAt, version) VALUES (61, 9, 'subscriber', '/static/img/user.png', 'discere inceptos docendi ancillae.', 210, 1657436662000, 1657436662000, 0);
INSERT INTO replies (topicId, userId, userName, userImageUrl, content, id, createdAt, updatedAt, version) VALUES (61, 9, 'subscriber', '/static/img/user.png', 'semper sapien cursus eos libris laudem sumo imperdiet elaboraret cursus tractatos quaerendum sanctus ex egestas tritani definiebas pericula adversarium prodesset saperet definiebas pro adolescens vituperatoribus ancillae honestatis commodo postulant quisque orci platonem adolescens.', 211, 1657556542000, 1657556542000, 0);
INSERT INTO replies (topicId, userId, userName, userImageUrl, content, id, createdAt, updatedAt, version) VALUES (61, 9, 'subscriber', '/static/img/user.png', 'dictum euismod penatibus sonet facilisi suscipiantur fabulas senserit tibique oporteat audire amet curabitur elaboraret idque lacus consectetur elitr sollicitudin cetero montes conclusionemque purus tibique periculis dolorum aenean atomorum honestatis oratio rutrum usu at constituto dapibus.', 212, 1657676422000, 1657676422000, 0);
INSERT INTO replies (topicId, userId, userName, userImageUrl, content, id, createdAt, updatedAt, version) VALUES (61, 9, 'subscriber', '/static/img/user.png', 'decore pulvinar quam consetetur magnis impetus.', 213, 1657796302000, 1657796302000, 0);
INSERT INTO replies (topicId, userId, userName, userImageUrl, content, id, createdAt, updatedAt, version) VALUES (61, 9, 'subscriber', '/static/img/user.png', 'nullam volutpat adolescens harum luctus sumo enim appareat contentiones natoque maiestatis quaeque qualisque melius patrioque prompta interpretaris consequat ex moderatius sed tristique vel dicit harum falli euripidis idque ex.', 214, 1657916182000, 1657916182000, 0);
INSERT INTO replies (topicId, userId, userName, userImageUrl, content, id, createdAt, updatedAt, version) VALUES (61, 9, 'subscriber', '/static/img/user.png', 'dicit dui mel sodales magnis faucibus ante elaboraret autem nisl prodesset montes noluisse eirmod condimentum quaestio viderer nihil causae tractatos diam duis per ceteros mea odio atqui voluptatum dictas sociosqu potenti verterem definitionem tortor ne cum sociosqu suscipit persequeris.', 215, 1658036062000, 1658036062000, 0);
INSERT INTO topics (boardId, userId, userName, userImageUrl, refType, refId, replyNumber, locked, name, content, id, createdAt, updatedAt, version) VALUES (50, 9, 'subscriber', '/static/img/user.png', 'NONE', 0, 11, false, 'lacinia ignota graeci.12', 'vivamus sapien ea conubia congue augue volutpat impetus te.', 62, 1658155942000, 1658155942000, 0);
INSERT INTO replies (topicId, userId, userName, userImageUrl, content, id, createdAt, updatedAt, version) VALUES (62, 9, 'subscriber', '/static/img/user.png', 'phasellus numquam lacus deterruisset.', 216, 1658275822000, 1658275822000, 0);
INSERT INTO replies (topicId, userId, userName, userImageUrl, content, id, createdAt, updatedAt, version) VALUES (62, 9, 'subscriber', '/static/img/user.png', 'sumo splendide consequat dis torquent fuisset omnesque cu contentiones deterruisset regione constituam semper libris omnesque ridiculus ei porro libero neque ludus electram repudiare menandri graeco reque instructior facilisi ocurreret omittam solum sadipscing salutatus gubergren porta.', 217, 1658395702000, 1658395702000, 0);
INSERT INTO replies (topicId, userId, userName, userImageUrl, content, id, createdAt, updatedAt, version) VALUES (62, 9, 'subscriber', '/static/img/user.png', 'ornatus placerat dictas regione mattis suscipit atqui solum maiestatis ac consequat integer torquent senserit discere consul nisi definitionem brute nullam iudicabit placerat an persius doming vero posuere dui phasellus inciderint qualisque pertinax ferri eos similique vulputate iaculis delenit ferri mel intellegebat potenti esse ipsum commodo voluptaria viris consequat vehicula hac.', 218, 1658515582000, 1658515582000, 0);
INSERT INTO replies (topicId, userId, userName, userImageUrl, content, id, createdAt, updatedAt, version) VALUES (62, 9, 'subscriber', '/static/img/user.png', 'dolores dolore.', 219, 1658635462000, 1658635462000, 0);
INSERT INTO replies (topicId, userId, userName, userImageUrl, content, id, createdAt, updatedAt, version) VALUES (62, 9, 'subscriber', '/static/img/user.png', 'ligula dicant nobis graecis reprehendunt perpetua libero nibh omittam luctus gravida vidisse fames graecis.', 220, 1658755342000, 1658755342000, 0);
INSERT INTO replies (topicId, userId, userName, userImageUrl, content, id, createdAt, updatedAt, version) VALUES (62, 9, 'subscriber', '/static/img/user.png', 'vulputate duo theophrastus aliquet nunc eam ante conubia ac vim platonem percipit alienum lorem eos maiorum posidonium posuere persequeris equidem alienum.', 221, 1658875222000, 1658875222000, 0);
INSERT INTO replies (topicId, userId, userName, userImageUrl, content, id, createdAt, updatedAt, version) VALUES (62, 9, 'subscriber', '/static/img/user.png', 'faucibus numquam taciti omittam splendide pretium cursus donec regione dicant an facilisi suavitate hendrerit.', 222, 1658995102000, 1658995102000, 0);
INSERT INTO replies (topicId, userId, userName, userImageUrl, content, id, createdAt, updatedAt, version) VALUES (62, 9, 'subscriber', '/static/img/user.png', 'iriure elitr voluptaria pretium saperet electram eros minim facilis metus suavitate eripuit curabitur luptatum qui tibique commodo adversarium nunc justo veritus dicit oratio scelerisque imperdiet antiopam utroque conclusionemque cubilia taciti similique quem habemus vim cubilia tantas nullam laoreet luptatum referrentur civibus feugait interdum ultricies referrentur an erat felis.', 223, 1659114982000, 1659114982000, 0);
INSERT INTO replies (topicId, userId, userName, userImageUrl, content, id, createdAt, updatedAt, version) VALUES (62, 9, 'subscriber', '/static/img/user.png', 'fames torquent pertinacia vituperata tantas mauris sapientem sed quam ius omittantur litora leo aliquip quo expetenda faucibus ludus errem homero erroribus cubilia lacus utroque liber urbanitas.', 224, 1659234862000, 1659234862000, 0);
INSERT INTO replies (topicId, userId, userName, userImageUrl, content, id, createdAt, updatedAt, version) VALUES (62, 9, 'subscriber', '/static/img/user.png', 'ne magnis varius docendi atqui detracto te gravida pri nullam voluptatibus invenire mollis dico dis nec veritus decore conclusionemque mandamus laudem laudem nisi dapibus offendit malesuada mediocrem theophrastus pertinax hinc veniam lobortis efficitur postea vitae arcu vero metus his fabellas odio tristique.', 225, 1659354742000, 1659354742000, 0);
INSERT INTO replies (topicId, userId, userName, userImageUrl, content, id, createdAt, updatedAt, version) VALUES (62, 9, 'subscriber', '/static/img/user.png', 'dicunt an sea scripta ligula saepe lobortis aperiri pertinax elitr dolorum curae risus dicit est solum singulis erat parturient.', 226, 1659474622000, 1659474622000, 0);
INSERT INTO topics (boardId, userId, userName, userImageUrl, refType, refId, replyNumber, locked, name, content, id, createdAt, updatedAt, version) VALUES (50, 9, 'subscriber', '/static/img/user.png', 'NONE', 0, 12, false, 'possim.13', 'scripserit blandit maiorum fuisset offendit eripuit laudem dicta assueverit mazim sit donec tristique ponderum quaeque platonem ridiculus venenatis id mazim posuere volumus iaculis purus libero intellegebat diam.', 63, 1659594502000, 1659594502000, 0);
INSERT INTO replies (topicId, userId, userName, userImageUrl, content, id, createdAt, updatedAt, version) VALUES (63, 9, 'subscriber', '/static/img/user.png', 'nostrum usu platonem dolore comprehensam nonumes meliore ultrices ex tota ullamcorper suavitate definitionem fames usu mei minim ullamcorper justo est sit persequeris populo ne.', 227, 1659714382000, 1659714382000, 0);
INSERT INTO replies (topicId, userId, userName, userImageUrl, content, id, createdAt, updatedAt, version) VALUES (63, 9, 'subscriber', '/static/img/user.png', 'reprehendunt netus mnesarchum.', 228, 1659834262000, 1659834262000, 0);
INSERT INTO replies (topicId, userId, userName, userImageUrl, content, id, createdAt, updatedAt, version) VALUES (63, 9, 'subscriber', '/static/img/user.png', 'quas vestibulum option graece offendit natum vocent tamquam suscipiantur.', 229, 1659954142000, 1659954142000, 0);
INSERT INTO replies (topicId, userId, userName, userImageUrl, content, id, createdAt, updatedAt, version) VALUES (63, 9, 'subscriber', '/static/img/user.png', 'ignota eleifend antiopam deseruisse eius malesuada principes quas facilisis gloriatur legere posuere euripidis nihil ius interesset.', 230, 1660074022000, 1660074022000, 0);
INSERT INTO replies (topicId, userId, userName, userImageUrl, content, id, createdAt, updatedAt, version) VALUES (63, 9, 'subscriber', '/static/img/user.png', 'curabitur qui a doctus dicat mediocrem scripserit vulputate tincidunt pharetra mediocritatem ornare errem dolorum pericula deserunt ancillae leo porttitor decore viderer definiebas saepe singulis delectus noluisse doming reprimique feugait vivamus sententiae disputationi leo pri quis justo.', 231, 1660193902000, 1660193902000, 0);
INSERT INTO replies (topicId, userId, userName, userImageUrl, content, id, createdAt, updatedAt, version) VALUES (63, 9, 'subscriber', '/static/img/user.png', 'interpretaris decore vitae netus dissentiunt hac euripidis comprehensam erat splendide adipiscing accumsan sociosqu perpetua ullamcorper sodales porta iuvaret falli hendrerit mattis hac urbanitas augue errem maximus massa porta voluptatibus ultricies principes nisi referrentur populo sit.', 232, 1660313782000, 1660313782000, 0);
INSERT INTO replies (topicId, userId, userName, userImageUrl, content, id, createdAt, updatedAt, version) VALUES (63, 9, 'subscriber', '/static/img/user.png', 'dolorum dicunt commune ultrices vestibulum morbi ridens elit nunc nascetur vitae qualisque non fuisset faucibus pellentesque epicuri sociis parturient penatibus donec percipit nostrum rhoncus curabitur pri fastidii lacinia aptent honestatis persius altera oratio a ocurreret sadipscing nonumes quaestio habitant epicurei atomorum ludus.', 233, 1660433662000, 1660433662000, 0);
INSERT INTO replies (topicId, userId, userName, userImageUrl, content, id, createdAt, updatedAt, version) VALUES (63, 9, 'subscriber', '/static/img/user.png', 'regione luctus vitae postea ultricies vivamus iuvaret curae ocurreret postulant constituto cetero omittam eirmod vis ad sollicitudin finibus delenit.', 234, 1660553542000, 1660553542000, 0);
INSERT INTO replies (topicId, userId, userName, userImageUrl, content, id, createdAt, updatedAt, version) VALUES (63, 9, 'subscriber', '/static/img/user.png', 'regione neglegentur pharetra nominavi explicari eros vulputate theophrastus nam persecuti nunc melius constituam pertinax hac tation prodesset decore dolorum persius graecis commune.', 235, 1660673422000, 1660673422000, 0);
INSERT INTO replies (topicId, userId, userName, userImageUrl, content, id, createdAt, updatedAt, version) VALUES (63, 9, 'subscriber', '/static/img/user.png', 'lorem tincidunt facilisis platea sea aliquet ornatus quod has disputationi ullamcorper duis sed purus graeci vehicula deseruisse qualisque persecuti agam deserunt singulis sollicitudin expetenda idque sapientem laudem quaerendum nominavi his vis elaboraret similique dicam bibendum voluptaria efficiantur suavitate referrentur viverra repudiare.', 236, 1660793302000, 1660793302000, 0);
INSERT INTO replies (topicId, userId, userName, userImageUrl, content, id, createdAt, updatedAt, version) VALUES (63, 9, 'subscriber', '/static/img/user.png', 'altera discere fermentum luptatum fabulas vulputate iuvaret quaeque vix pertinacia nullam suscipit vehicula laudem pharetra tempor mutat possim qualisque vix vocent mea nam habeo turpis egestas molestie urna et aliquip pulvinar feugiat verear imperdiet suspendisse tota simul has feugait etiam enim persecuti.', 237, 1660913182000, 1660913182000, 0);
INSERT INTO replies (topicId, userId, userName, userImageUrl, content, id, createdAt, updatedAt, version) VALUES (63, 9, 'subscriber', '/static/img/user.png', 'expetendis duis affert amet principes fabellas quas unum ac debet equidem mi eos at.', 238, 1661033062000, 1661033062000, 0);
INSERT INTO topics (boardId, userId, userName, userImageUrl, refType, refId, replyNumber, locked, name, content, id, createdAt, updatedAt, version) VALUES (50, 9, 'subscriber', '/static/img/user.png', 'NONE', 0, 13, false, 'praesent ad.14', 'iuvaret vivamus senserit expetenda graece tritani leo sit malorum dapibus conceptam fabulas animal quaestio eros sagittis faucibus voluptaria rhoncus mandamus ad iuvaret dicit.', 64, 1661152942000, 1661152942000, 0);
INSERT INTO replies (topicId, userId, userName, userImageUrl, content, id, createdAt, updatedAt, version) VALUES (64, 9, 'subscriber', '/static/img/user.png', 'detracto inciderint libero doctus sumo urbanitas nibh melius dictas deserunt menandri sonet velit.', 239, 1661272822000, 1661272822000, 0);
INSERT INTO replies (topicId, userId, userName, userImageUrl, content, id, createdAt, updatedAt, version) VALUES (64, 9, 'subscriber', '/static/img/user.png', 'maluisset id mi signiferumque voluptaria luptatum euripidis sociosqu dictas alterum qui repudiandae conubia tristique dicant necessitatibus nihil magnis latine dolore massa autem verear fugit aliquet sollicitudin expetendis referrentur reque mollis volutpat.', 240, 1661392702000, 1661392702000, 0);
INSERT INTO replies (topicId, userId, userName, userImageUrl, content, id, createdAt, updatedAt, version) VALUES (64, 9, 'subscriber', '/static/img/user.png', 'recteque tellus adhuc.', 241, 1661512582000, 1661512582000, 0);
INSERT INTO replies (topicId, userId, userName, userImageUrl, content, id, createdAt, updatedAt, version) VALUES (64, 9, 'subscriber', '/static/img/user.png', 'quisque ubique suscipiantur theophrastus quaeque principes eos amet natum himenaeos necessitatibus consectetuer verear minim sem dico dicta maiorum iudicabit tibique magna morbi utroque posidonium pri duo suscipit molestiae adolescens prompta utroque iaculis consetetur dolorum torquent commune.', 242, 1661632462000, 1661632462000, 0);
INSERT INTO replies (topicId, userId, userName, userImageUrl, content, id, createdAt, updatedAt, version) VALUES (64, 9, 'subscriber', '/static/img/user.png', 'veritus quas wisi hendrerit tempus maecenas option regione omittantur maximus tacimates elitr nisi.', 243, 1661752342000, 1661752342000, 0);
INSERT INTO replies (topicId, userId, userName, userImageUrl, content, id, createdAt, updatedAt, version) VALUES (64, 9, 'subscriber', '/static/img/user.png', 'civibus inani viverra omnesque novum audire conceptam veri lacinia ne has veri netus dissentiunt consectetur animal iisque pellentesque ornatus tempor nostra esse justo mauris vivendo facilis arcu potenti invenire enim eleifend sed quo deserunt menandri duis pharetra principes ipsum graeci noster.', 244, 1661872222000, 1661872222000, 0);
INSERT INTO replies (topicId, userId, userName, userImageUrl, content, id, createdAt, updatedAt, version) VALUES (64, 9, 'subscriber', '/static/img/user.png', 'definitionem per feugait eius torquent voluptaria accommodare affert dapibus inimicus curae.', 245, 1661992102000, 1661992102000, 0);
INSERT INTO replies (topicId, userId, userName, userImageUrl, content, id, createdAt, updatedAt, version) VALUES (64, 9, 'subscriber', '/static/img/user.png', 'mea impetus mi quas tibique consectetuer equidem perpetua urbanitas mel at adolescens legere verterem dolore facilis fuisset idque molestiae numquam auctor fermentum sociosqu saepe fermentum his partiendo nec constituto indoctum viris morbi tota ponderum noster propriae.', 246, 1662111982000, 1662111982000, 0);
INSERT INTO replies (topicId, userId, userName, userImageUrl, content, id, createdAt, updatedAt, version) VALUES (64, 9, 'subscriber', '/static/img/user.png', 'scripta solet donec lobortis fames venenatis dictumst tacimates sumo nostra error suscipit elementum vehicula definiebas tritani utamur fusce efficiantur reprehendunt dui brute utinam percipit sociosqu massa erroribus tristique laudem tibique error nihil integer quisque partiendo movet iaculis periculis habemus verear mediocrem iriure vitae.', 247, 1662231862000, 1662231862000, 0);
INSERT INTO replies (topicId, userId, userName, userImageUrl, content, id, createdAt, updatedAt, version) VALUES (64, 9, 'subscriber', '/static/img/user.png', 'vivamus eirmod ridiculus mandamus equidem iaculis minim libris esse sonet.', 248, 1662351742000, 1662351742000, 0);
INSERT INTO replies (topicId, userId, userName, userImageUrl, content, id, createdAt, updatedAt, version) VALUES (64, 9, 'subscriber', '/static/img/user.png', 'platea gloriatur nonumes ei quod maecenas gloriatur tale appareat hinc brute integer vestibulum euripidis quam elit malorum usu tractatos cetero eget odio platea explicari himenaeos nonumy elaboraret elitr donec utamur duis dis netus fames vituperatoribus.', 249, 1662471622000, 1662471622000, 0);
INSERT INTO replies (topicId, userId, userName, userImageUrl, content, id, createdAt, updatedAt, version) VALUES (64, 9, 'subscriber', '/static/img/user.png', 'euismod mentitum egestas quisque erat oratio volumus viverra inani veniam antiopam.', 250, 1662591502000, 1662591502000, 0);
INSERT INTO replies (topicId, userId, userName, userImageUrl, content, id, createdAt, updatedAt, version) VALUES (64, 9, 'subscriber', '/static/img/user.png', 'pro pertinacia justo iudicabit lobortis rhoncus habeo sociis mel eos pericula sadipscing dicta bibendum malesuada nec causae diam adipisci dolores sociosqu ultricies inani necessitatibus dolorum iuvaret mea amet minim oratio.', 251, 1662711382000, 1662711382000, 0);
INSERT INTO topics (boardId, userId, userName, userImageUrl, refType, refId, replyNumber, locked, name, content, id, createdAt, updatedAt, version) VALUES (50, 9, 'subscriber', '/static/img/user.png', 'NONE', 0, 14, false, 'principes reprimique.15', 'dicam deseruisse has pharetra sanctus tota egestas regione massa.', 65, 1662831262000, 1662831262000, 0);
INSERT INTO replies (topicId, userId, userName, userImageUrl, content, id, createdAt, updatedAt, version) VALUES (65, 9, 'subscriber', '/static/img/user.png', 'adhuc mutat iudicabit vocent inani tristique semper nonumes homero habemus sumo dictumst appareat mea putent esse commodo mnesarchum accommodare ipsum amet habeo malesuada definiebas fugit varius iaculis iudicabit noster quod his eruditi delenit mi assueverit dico nunc tale libero fastidii adolescens cetero ne scripserit.', 252, 1662951142000, 1662951142000, 0);
INSERT INTO replies (topicId, userId, userName, userImageUrl, content, id, createdAt, updatedAt, version) VALUES (65, 9, 'subscriber', '/static/img/user.png', 'gravida affert diam ipsum et pertinacia vel posse neque mel commune ante deseruisse platonem volumus repudiare adversarium habitant vituperata mutat falli omittam fames error theophrastus mel mutat movet conceptam.', 253, 1663071022000, 1663071022000, 0);
INSERT INTO replies (topicId, userId, userName, userImageUrl, content, id, createdAt, updatedAt, version) VALUES (65, 9, 'subscriber', '/static/img/user.png', 'eu suas tritani ponderum consectetuer efficiantur tempus nostrum harum honestatis quaeque principes morbi intellegat arcu ei deterruisset civibus placerat inceptos debet iisque ignota sociis venenatis gloriatur leo.', 254, 1663190902000, 1663190902000, 0);
INSERT INTO replies (topicId, userId, userName, userImageUrl, content, id, createdAt, updatedAt, version) VALUES (65, 9, 'subscriber', '/static/img/user.png', 'lectus maluisset sapientem altera reformidans eruditi fuisset repudiandae sanctus maecenas sit verear potenti est saepe eum porro bibendum enim eget iudicabit vix lorem vidisse usu eos patrioque id elaboraret eruditi imperdiet maecenas eloquentiam dicant senectus eum liber ponderum equidem dictumst tota pretium.', 255, 1663310782000, 1663310782000, 0);
INSERT INTO replies (topicId, userId, userName, userImageUrl, content, id, createdAt, updatedAt, version) VALUES (65, 9, 'subscriber', '/static/img/user.png', 'consectetuer natoque quam nisi tempus contentiones definitiones tellus civibus nominavi mediocritatem verear iusto viderer magna ultricies ponderum postulant justo montes eget necessitatibus definiebas assueverit dicit simul rutrum accusata.', 256, 1663430662000, 1663430662000, 0);
INSERT INTO replies (topicId, userId, userName, userImageUrl, content, id, createdAt, updatedAt, version) VALUES (65, 9, 'subscriber', '/static/img/user.png', 'splendide.', 257, 1663550542000, 1663550542000, 0);
INSERT INTO replies (topicId, userId, userName, userImageUrl, content, id, createdAt, updatedAt, version) VALUES (65, 9, 'subscriber', '/static/img/user.png', 'voluptatum principes tristique risus quisque tota graeco senserit pri ignota ante alia suavitate pulvinar mediocritatem quam putent scripserit quem proin tortor tamquam verterem.', 258, 1663670422000, 1663670422000, 0);
INSERT INTO replies (topicId, userId, userName, userImageUrl, content, id, createdAt, updatedAt, version) VALUES (65, 9, 'subscriber', '/static/img/user.png', 'atqui expetendis suas verear efficiantur augue at vivamus meliore persius ullamcorper tincidunt veniam docendi laudem civibus porro consectetur epicurei suas adversarium sollicitudin purus tristique has semper sumo interesset senserit aperiri praesent putent nibh feugiat perpetua aliquam sumo senectus egestas epicuri conubia mei detraxit vix dicam altera.', 259, 1663790302000, 1663790302000, 0);
INSERT INTO replies (topicId, userId, userName, userImageUrl, content, id, createdAt, updatedAt, version) VALUES (65, 9, 'subscriber', '/static/img/user.png', 'solet.', 260, 1663910182000, 1663910182000, 0);
INSERT INTO replies (topicId, userId, userName, userImageUrl, content, id, createdAt, updatedAt, version) VALUES (65, 9, 'subscriber', '/static/img/user.png', 'vulputate mandamus lorem discere utinam an corrumpit class disputationi simul inani posse fusce voluptaria vehicula harum minim hac porttitor conceptam iaculis aenean eruditi primis conubia blandit placerat nisi consectetuer.', 261, 1664030062000, 1664030062000, 0);
INSERT INTO replies (topicId, userId, userName, userImageUrl, content, id, createdAt, updatedAt, version) VALUES (65, 9, 'subscriber', '/static/img/user.png', 'cu unum epicurei recteque scripserit interdum invidunt adolescens elitr patrioque odio explicari lacus.', 262, 1664149942000, 1664149942000, 0);
INSERT INTO replies (topicId, userId, userName, userImageUrl, content, id, createdAt, updatedAt, version) VALUES (65, 9, 'subscriber', '/static/img/user.png', 'ludus ancillae dicunt feugiat neglegentur dicta quisque tation varius suspendisse harum similique libris litora sollicitudin esse an option pro eripuit natum aliquam regione imperdiet novum esse gravida at usu nam urna meliore.', 263, 1664269822000, 1664269822000, 0);
INSERT INTO replies (topicId, userId, userName, userImageUrl, content, id, createdAt, updatedAt, version) VALUES (65, 9, 'subscriber', '/static/img/user.png', 'suscipit esse sanctus no purus velit id dolorem dicat ante mattis sea nascetur explicari netus adipisci habeo solum pellentesque congue proin consectetuer eu dolor suscipiantur omittam phasellus habeo mei nulla ipsum justo unum viris consectetur ludus periculis saepe adipiscing leo ponderum vero intellegebat antiopam augue.', 264, 1664389702000, 1664389702000, 0);
INSERT INTO replies (topicId, userId, userName, userImageUrl, content, id, createdAt, updatedAt, version) VALUES (65, 9, 'subscriber', '/static/img/user.png', 'graeco omittantur labores fabulas dictumst constituto ipsum luctus possit lacinia nihil justo graeco cras atomorum urbanitas aliquet moderatius elit consequat liber maecenas luctus ubique hac iriure aliquet aptent erroribus falli pertinax omnesque saepe congue senserit pulvinar deterruisset mentitum tantas recteque tellus docendi tota reque aptent.', 265, 1664509582000, 1664509582000, 0);
INSERT INTO topics (boardId, userId, userName, userImageUrl, refType, refId, replyNumber, locked, name, content, id, createdAt, updatedAt, version) VALUES (50, 9, 'subscriber', '/static/img/user.png', 'NONE', 0, 15, false, 'singulis.16', 'mus dicunt latine.', 66, 1664629462000, 1664629462000, 0);
INSERT INTO replies (topicId, userId, userName, userImageUrl, content, id, createdAt, updatedAt, version) VALUES (66, 9, 'subscriber', '/static/img/user.png', 'a vim placerat fringilla pulvinar quo posuere dolore lobortis tota nominavi.', 266, 1664749342000, 1664749342000, 0);
INSERT INTO replies (topicId, userId, userName, userImageUrl, content, id, createdAt, updatedAt, version) VALUES (66, 9, 'subscriber', '/static/img/user.png', 'eius persecuti similique augue debet tota consul oporteat eius mauris solet quis neglegentur nostra nonumes impetus feugait duis.', 267, 1664869222000, 1664869222000, 0);
INSERT INTO replies (topicId, userId, userName, userImageUrl, content, id, createdAt, updatedAt, version) VALUES (66, 9, 'subscriber', '/static/img/user.png', 'veritus blandit iusto.', 268, 1664989102000, 1664989102000, 0);
INSERT INTO replies (topicId, userId, userName, userImageUrl, content, id, createdAt, updatedAt, version) VALUES (66, 9, 'subscriber', '/static/img/user.png', 'feugait nisl.', 269, 1665108982000, 1665108982000, 0);
INSERT INTO replies (topicId, userId, userName, userImageUrl, content, id, createdAt, updatedAt, version) VALUES (66, 9, 'subscriber', '/static/img/user.png', 'corrumpit sadipscing viderer eros nisl homero lacinia decore tation maecenas litora neque assueverit habitant comprehensam doming faucibus massa montes delectus comprehensam volumus conclusionemque quo montes delenit verear.', 270, 1665228862000, 1665228862000, 0);
INSERT INTO replies (topicId, userId, userName, userImageUrl, content, id, createdAt, updatedAt, version) VALUES (66, 9, 'subscriber', '/static/img/user.png', 'doming eius minim consequat antiopam primis harum necessitatibus aliquip necessitatibus urna vix idque euripidis vestibulum detraxit cum vidisse nulla aeque nominavi euismod qui libris minim accommodare minim massa feugiat accumsan liber ornare placerat quem iaculis expetenda definitiones pharetra maiestatis contentiones id minim ornatus efficiantur adipiscing felis sed disputationi et.', 271, 1665348742000, 1665348742000, 0);
INSERT INTO replies (topicId, userId, userName, userImageUrl, content, id, createdAt, updatedAt, version) VALUES (66, 9, 'subscriber', '/static/img/user.png', 'appetere nulla wisi suscipit nisl interpretaris maiestatis mei mus interdum animal fringilla est harum petentium eros mediocrem noluisse vis.', 272, 1665468622000, 1665468622000, 0);
INSERT INTO replies (topicId, userId, userName, userImageUrl, content, id, createdAt, updatedAt, version) VALUES (66, 9, 'subscriber', '/static/img/user.png', 'scripta graeco sea dignissim vocibus consul adipiscing interdum varius aliquip dis dictum facilisi detracto voluptatibus adipisci tantas aliquet iudicabit eius equidem graecis mediocritatem justo condimentum affert pericula pulvinar litora reprimique utroque.', 273, 1665588502000, 1665588502000, 0);
INSERT INTO replies (topicId, userId, userName, userImageUrl, content, id, createdAt, updatedAt, version) VALUES (66, 9, 'subscriber', '/static/img/user.png', 'liber urbanitas commodo mazim tacimates nec a eget efficiantur atomorum quaestio hac nobis brute himenaeos lobortis sollicitudin per recteque in.', 274, 1665708382000, 1665708382000, 0);
INSERT INTO replies (topicId, userId, userName, userImageUrl, content, id, createdAt, updatedAt, version) VALUES (66, 9, 'subscriber', '/static/img/user.png', 'scelerisque nulla tempor erroribus partiendo suscipiantur indoctum suavitate sagittis solet tibique graeco aeque sagittis mandamus.', 275, 1665828262000, 1665828262000, 0);
INSERT INTO replies (topicId, userId, userName, userImageUrl, content, id, createdAt, updatedAt, version) VALUES (66, 9, 'subscriber', '/static/img/user.png', 'deseruisse sollicitudin eum legere delectus pri graece honestatis te sollicitudin alienum.', 276, 1665948142000, 1665948142000, 0);
INSERT INTO replies (topicId, userId, userName, userImageUrl, content, id, createdAt, updatedAt, version) VALUES (66, 9, 'subscriber', '/static/img/user.png', 'mediocrem arcu tacimates doming viverra eos porta pericula assueverit cursus duis inceptos singulis labores convallis nascetur cetero pertinacia mandamus natum eripuit tractatos.', 277, 1666068022000, 1666068022000, 0);
INSERT INTO replies (topicId, userId, userName, userImageUrl, content, id, createdAt, updatedAt, version) VALUES (66, 9, 'subscriber', '/static/img/user.png', 'autem explicari scelerisque habitant reque leo persecuti sea quo latine perpetua mus nascetur accusata.', 278, 1666187902000, 1666187902000, 0);
INSERT INTO replies (topicId, userId, userName, userImageUrl, content, id, createdAt, updatedAt, version) VALUES (66, 9, 'subscriber', '/static/img/user.png', 'rutrum omnesque posidonium cetero conubia his ornatus euripidis reque vim nostra explicari pertinax brute legimus homero lorem malorum noluisse senectus adipiscing sumo neque potenti viverra utroque tempus impetus appetere periculis mi nisi periculis magnis nascetur falli sapien delectus consectetur usu tritani conubia.', 279, 1666307782000, 1666307782000, 0);
INSERT INTO replies (topicId, userId, userName, userImageUrl, content, id, createdAt, updatedAt, version) VALUES (66, 9, 'subscriber', '/static/img/user.png', 'auctor quam penatibus cum conubia reque moderatius fermentum cum auctor maiorum magnis pulvinar.', 280, 1666427662000, 1666427662000, 0);
INSERT INTO topics (boardId, userId, userName, userImageUrl, refType, refId, replyNumber, locked, name, content, id, createdAt, updatedAt, version) VALUES (50, 9, 'subscriber', '/static/img/user.png', 'NONE', 0, 16, false, 'minim.17', 'aliquid atomorum platea mea an liber offendit efficiantur accusata pellentesque decore pericula class dapibus definiebas ultrices luctus dolore doctus aperiri fastidii lacinia leo malorum.', 67, 1666547542000, 1666547542000, 0);
INSERT INTO replies (topicId, userId, userName, userImageUrl, content, id, createdAt, updatedAt, version) VALUES (67, 9, 'subscriber', '/static/img/user.png', 'no fabulas vulputate sententiae eam intellegebat no primis recteque vix voluptaria sollicitudin brute duis indoctum has vestibulum option principes sagittis saperet platonem.', 281, 1666667422000, 1666667422000, 0);
INSERT INTO replies (topicId, userId, userName, userImageUrl, content, id, createdAt, updatedAt, version) VALUES (67, 9, 'subscriber', '/static/img/user.png', 'eu ridiculus agam invenire laudem saepe disputationi netus penatibus dicat varius nibh dolorum lacus doctus consequat commodo praesent eirmod sententiae facilisis senectus nonumes nunc ignota evertitur phasellus dolores luctus parturient eleifend ridens tamquam lobortis intellegat inani explicari definiebas alienum convallis eam ocurreret invenire vel duo efficitur aperiri.', 282, 1666787302000, 1666787302000, 0);
INSERT INTO replies (topicId, userId, userName, userImageUrl, content, id, createdAt, updatedAt, version) VALUES (67, 9, 'subscriber', '/static/img/user.png', 'mucius vituperatoribus dolor semper sea repudiandae enim hinc morbi fringilla dictum altera saepe esse ludus iisque hac rutrum convenire.', 283, 1666907182000, 1666907182000, 0);
INSERT INTO replies (topicId, userId, userName, userImageUrl, content, id, createdAt, updatedAt, version) VALUES (67, 9, 'subscriber', '/static/img/user.png', 'atqui dolore molestie fames necessitatibus pellentesque constituam omittam mollis iriure deserunt iaculis accumsan quam condimentum patrioque oratio tibique patrioque luctus pro porta arcu inimicus penatibus graece neglegentur tale elit massa cum elit mutat.', 284, 1667027062000, 1667027062000, 0);
INSERT INTO replies (topicId, userId, userName, userImageUrl, content, id, createdAt, updatedAt, version) VALUES (67, 9, 'subscriber', '/static/img/user.png', 'constituam dolorum quas ante maecenas atomorum propriae qui nisi aeque sapien vituperata nibh tacimates petentium turpis eu ubique deserunt convallis dissentiunt mauris vehicula lectus affert lectus invidunt sagittis libris fastidii ne convallis magnis justo ligula viverra ligula quisque veniam blandit.', 285, 1667146942000, 1667146942000, 0);
INSERT INTO replies (topicId, userId, userName, userImageUrl, content, id, createdAt, updatedAt, version) VALUES (67, 9, 'subscriber', '/static/img/user.png', 'pellentesque faucibus pharetra mattis docendi proin regione veritus pharetra omnesque assueverit vel quem fusce possim epicurei invenire ultricies propriae comprehensam feugiat eu moderatius vocent delectus fuisset mauris urna posse vivamus curae urna dicunt postulant pellentesque.', 286, 1667266822000, 1667266822000, 0);
INSERT INTO replies (topicId, userId, userName, userImageUrl, content, id, createdAt, updatedAt, version) VALUES (67, 9, 'subscriber', '/static/img/user.png', 'atomorum appetere.', 287, 1667386702000, 1667386702000, 0);
INSERT INTO replies (topicId, userId, userName, userImageUrl, content, id, createdAt, updatedAt, version) VALUES (67, 9, 'subscriber', '/static/img/user.png', 'suscipit tacimates persequeris dolores natum inceptos ne graeco neque dicam primis adversarium curae sapien alia.', 288, 1667506582000, 1667506582000, 0);
INSERT INTO replies (topicId, userId, userName, userImageUrl, content, id, createdAt, updatedAt, version) VALUES (67, 9, 'subscriber', '/static/img/user.png', 'vel doctus et magnis fames.', 289, 1667626462000, 1667626462000, 0);
INSERT INTO replies (topicId, userId, userName, userImageUrl, content, id, createdAt, updatedAt, version) VALUES (67, 9, 'subscriber', '/static/img/user.png', 'libero eum ultricies harum tellus euismod scripta evertitur.', 290, 1667746342000, 1667746342000, 0);
INSERT INTO replies (topicId, userId, userName, userImageUrl, content, id, createdAt, updatedAt, version) VALUES (67, 9, 'subscriber', '/static/img/user.png', 'brute inciderint viris elaboraret natum errem laoreet noster ullamcorper dicunt non aliquam.', 291, 1667866222000, 1667866222000, 0);
INSERT INTO replies (topicId, userId, userName, userImageUrl, content, id, createdAt, updatedAt, version) VALUES (67, 9, 'subscriber', '/static/img/user.png', 'epicuri dico brute.', 292, 1667986102000, 1667986102000, 0);
INSERT INTO replies (topicId, userId, userName, userImageUrl, content, id, createdAt, updatedAt, version) VALUES (67, 9, 'subscriber', '/static/img/user.png', 'iusto neglegentur etiam noluisse signiferumque molestie latine phasellus partiendo delicata theophrastus ridiculus possim eleifend commune porro tellus gravida odio movet dui omittam intellegebat duo purus posse nullam congue harum adolescens ad inciderint eripuit ancillae habemus oporteat.', 293, 1668105982000, 1668105982000, 0);
INSERT INTO replies (topicId, userId, userName, userImageUrl, content, id, createdAt, updatedAt, version) VALUES (67, 9, 'subscriber', '/static/img/user.png', 'referrentur atqui mediocritatem ac ne harum interdum iaculis accusata eirmod affert nibh doming habitasse mea tota reprehendunt similique auctor salutatus libris laudem venenatis.', 294, 1668225862000, 1668225862000, 0);
INSERT INTO replies (topicId, userId, userName, userImageUrl, content, id, createdAt, updatedAt, version) VALUES (67, 9, 'subscriber', '/static/img/user.png', 'facilisi a ut conceptam definiebas recteque cursus mentitum molestiae necessitatibus ridiculus mollis nostra impetus euripidis natoque utroque invidunt aliquid definitionem maiestatis saepe iisque prompta labores nostrum.', 295, 1668345742000, 1668345742000, 0);
INSERT INTO replies (topicId, userId, userName, userImageUrl, content, id, createdAt, updatedAt, version) VALUES (67, 9, 'subscriber', '/static/img/user.png', 'unum adolescens porttitor lacus altera eleifend nonumes inani veniam fuisset liber dolores nascetur dignissim nobis ac mi minim lectus deseruisse debet lacinia liber ocurreret deserunt eam litora porro vestibulum putent suavitate impetus oporteat tincidunt qualisque referrentur class adipisci patrioque mei sumo.', 296, 1668465622000, 1668465622000, 0);
INSERT INTO topics (boardId, userId, userName, userImageUrl, refType, refId, replyNumber, locked, name, content, id, createdAt, updatedAt, version) VALUES (50, 9, 'subscriber', '/static/img/user.png', 'NONE', 0, 17, false, 'quod purus labores.18', 'theophrastus moderatius bibendum nonumy omnesque graecis deserunt homero quo nam tamquam assueverit elementum repudiare utroque definitionem curae nunc pulvinar finibus persius ocurreret.', 68, 1668585502000, 1668585502000, 0);
INSERT INTO replies (topicId, userId, userName, userImageUrl, content, id, createdAt, updatedAt, version) VALUES (68, 9, 'subscriber', '/static/img/user.png', 'vituperata labores pro varius donec sociis quas venenatis hinc scripserit bibendum.', 297, 1668705382000, 1668705382000, 0);
INSERT INTO replies (topicId, userId, userName, userImageUrl, content, id, createdAt, updatedAt, version) VALUES (68, 9, 'subscriber', '/static/img/user.png', 'pericula quis dolore atomorum omittam consequat altera.', 298, 1668825262000, 1668825262000, 0);
INSERT INTO replies (topicId, userId, userName, userImageUrl, content, id, createdAt, updatedAt, version) VALUES (68, 9, 'subscriber', '/static/img/user.png', 'labores recteque noster maiestatis velit verterem menandri tation dui definiebas aliquet epicuri blandit doming reprimique iusto minim reformidans vituperata sagittis idque tempus adipiscing explicari fugit veniam percipit praesent suavitate feugait.', 299, 1668945142000, 1668945142000, 0);
INSERT INTO replies (topicId, userId, userName, userImageUrl, content, id, createdAt, updatedAt, version) VALUES (68, 9, 'subscriber', '/static/img/user.png', 'inceptos scelerisque tantas verterem mus putent noster.', 300, 1669065022000, 1669065022000, 0);
INSERT INTO replies (topicId, userId, userName, userImageUrl, content, id, createdAt, updatedAt, version) VALUES (68, 9, 'subscriber', '/static/img/user.png', 'magna vocent quo repudiare pertinax molestiae risus neque feugait expetenda dolor persecuti.', 301, 1669184902000, 1669184902000, 0);
INSERT INTO replies (topicId, userId, userName, userImageUrl, content, id, createdAt, updatedAt, version) VALUES (68, 9, 'subscriber', '/static/img/user.png', 'intellegebat ligula lorem tritani deserunt tantas constituto prompta curabitur accusata suavitate labores repudiandae dictumst salutatus voluptatum felis splendide reque tota curae prodesset pharetra quis pharetra mattis dicant vel an mel posidonium sapien dapibus netus homero nisl atqui laudem pertinacia mi mentitum appareat ferri.', 302, 1669304782000, 1669304782000, 0);
INSERT INTO replies (topicId, userId, userName, userImageUrl, content, id, createdAt, updatedAt, version) VALUES (68, 9, 'subscriber', '/static/img/user.png', 'eloquentiam laoreet expetendis potenti saepe ubique mediocrem pulvinar unum aptent postea legimus autem libero augue.', 303, 1669424662000, 1669424662000, 0);
INSERT INTO replies (topicId, userId, userName, userImageUrl, content, id, createdAt, updatedAt, version) VALUES (68, 9, 'subscriber', '/static/img/user.png', 'mediocritatem sodales partiendo cum graeci fastidii neglegentur cetero viderer libris netus sodales agam nobis feugiat dicam habitant mandamus constituam suas ac scripserit laoreet quidam inani epicurei finibus erroribus aliquip utinam quis fastidii populo facilis hendrerit nascetur inani vituperata integer venenatis platonem graeco vix possit conceptam.', 304, 1669544542000, 1669544542000, 0);
INSERT INTO replies (topicId, userId, userName, userImageUrl, content, id, createdAt, updatedAt, version) VALUES (68, 9, 'subscriber', '/static/img/user.png', 'accumsan explicari justo penatibus aliquip iisque dolor nobis aliquet recteque ridiculus egestas felis in delicata vulputate libero invenire suscipiantur mutat te quot velit.', 305, 1669664422000, 1669664422000, 0);
INSERT INTO replies (topicId, userId, userName, userImageUrl, content, id, createdAt, updatedAt, version) VALUES (68, 9, 'subscriber', '/static/img/user.png', 'placerat magna facilisi elementum pri saepe luptatum vix.', 306, 1669784302000, 1669784302000, 0);
INSERT INTO replies (topicId, userId, userName, userImageUrl, content, id, createdAt, updatedAt, version) VALUES (68, 9, 'subscriber', '/static/img/user.png', 'laoreet idque eleifend voluptatum vulputate vehicula nulla consectetur quaeque orci intellegebat placerat cursus eum ne ex aeque delicata himenaeos facilis honestatis signiferumque fusce numquam dicam ocurreret equidem mazim a detraxit dicat ferri quas dolores natum dolor ceteros.', 307, 1669904182000, 1669904182000, 0);
INSERT INTO replies (topicId, userId, userName, userImageUrl, content, id, createdAt, updatedAt, version) VALUES (68, 9, 'subscriber', '/static/img/user.png', 'dolorum dico disputationi necessitatibus duis ultricies omnesque persius molestiae iusto natoque dicta quod graeco et intellegat qualisque falli ancillae reprimique alienum fugit definitiones praesent vidisse massa risus signiferumque sodales possit expetendis senectus nostra suas turpis consequat placerat nostra postea enim dolorum pretium himenaeos vehicula appareat quis accommodare vitae class fusce.', 308, 1670024062000, 1670024062000, 0);
INSERT INTO replies (topicId, userId, userName, userImageUrl, content, id, createdAt, updatedAt, version) VALUES (68, 9, 'subscriber', '/static/img/user.png', 'in iriure arcu deserunt potenti populo interpretaris vituperatoribus consequat pertinacia ullamcorper alia dicant venenatis necessitatibus ponderum saepe faucibus consectetuer consequat mazim adipiscing honestatis auctor voluptatum lorem.', 309, 1670143942000, 1670143942000, 0);
INSERT INTO replies (topicId, userId, userName, userImageUrl, content, id, createdAt, updatedAt, version) VALUES (68, 9, 'subscriber', '/static/img/user.png', 'legimus fugit arcu mnesarchum habeo scelerisque prodesset eruditi.', 310, 1670263822000, 1670263822000, 0);
INSERT INTO replies (topicId, userId, userName, userImageUrl, content, id, createdAt, updatedAt, version) VALUES (68, 9, 'subscriber', '/static/img/user.png', 'option animal pretium ancillae dui mutat porta elitr sit quam noster numquam.', 311, 1670383702000, 1670383702000, 0);
INSERT INTO replies (topicId, userId, userName, userImageUrl, content, id, createdAt, updatedAt, version) VALUES (68, 9, 'subscriber', '/static/img/user.png', 'inceptos nominavi utinam detraxit honestatis dolores elementum vituperatoribus sea curabitur aliquip aliquam porro cu auctor labores prompta metus laoreet scripta cetero nascetur vivendo debet scripserit malesuada quisque quisque.', 312, 1670503582000, 1670503582000, 0);
INSERT INTO replies (topicId, userId, userName, userImageUrl, content, id, createdAt, updatedAt, version) VALUES (68, 9, 'subscriber', '/static/img/user.png', 'elit inceptos est egestas erroribus doctus libris an praesent maiestatis dicant idque per praesent euripidis dapibus cum eius porta intellegat nullam nisl propriae mediocritatem dicta vocent massa.', 313, 1670623462000, 1670623462000, 0);
INSERT INTO topics (boardId, userId, userName, userImageUrl, refType, refId, replyNumber, locked, name, content, id, createdAt, updatedAt, version) VALUES (50, 9, 'subscriber', '/static/img/user.png', 'NONE', 0, 18, false, 'error unum.19', 'sententiae hac idque nulla harum an sociosqu tincidunt vituperata velit maximus gloriatur porro mazim nascetur ex ius nonumy posse qui ubique latine scripserit posidonium eirmod consul mei eu libero tractatos.', 69, 1670743342000, 1670743342000, 0);
INSERT INTO replies (topicId, userId, userName, userImageUrl, content, id, createdAt, updatedAt, version) VALUES (69, 9, 'subscriber', '/static/img/user.png', 'evertitur graeco alterum pertinacia accommodare cetero regione dicam utamur animal audire percipit taciti tale veritus platonem putent dicunt accumsan dolor dui id vestibulum natoque ridens integer tantas quidam purus audire ponderum ridiculus viderer labores.', 314, 1670863222000, 1670863222000, 0);
INSERT INTO replies (topicId, userId, userName, userImageUrl, content, id, createdAt, updatedAt, version) VALUES (69, 9, 'subscriber', '/static/img/user.png', 'purus utamur gubergren decore mea recteque deterruisset ut necessitatibus class habeo has repudiare taciti atomorum euripidis electram vulputate nobis discere volutpat nec adhuc odio necessitatibus quot sed veri metus.', 315, 1670983102000, 1670983102000, 0);
INSERT INTO replies (topicId, userId, userName, userImageUrl, content, id, createdAt, updatedAt, version) VALUES (69, 9, 'subscriber', '/static/img/user.png', 'morbi quem hinc quis leo deserunt primis periculis eirmod primis dignissim definiebas voluptatibus accusata ridiculus posuere noluisse fugit amet movet corrumpit referrentur sit platonem nulla class luptatum tractatos consectetur sententiae regione sale dictumst equidem condimentum lobortis agam volumus pericula dolor pulvinar ullamcorper utroque.', 316, 1671102982000, 1671102982000, 0);
INSERT INTO replies (topicId, userId, userName, userImageUrl, content, id, createdAt, updatedAt, version) VALUES (69, 9, 'subscriber', '/static/img/user.png', 'auctor qui dicam legimus option venenatis nam principes in hinc vitae dico quot mauris aliquid reformidans pellentesque maluisset accusata nonumy tibique mazim odio an lacinia ocurreret magnis parturient posidonium posuere congue tibique natum accusata primis ponderum verear adipiscing ex usu has ocurreret.', 317, 1671222862000, 1671222862000, 0);
INSERT INTO replies (topicId, userId, userName, userImageUrl, content, id, createdAt, updatedAt, version) VALUES (69, 9, 'subscriber', '/static/img/user.png', 'dicta saperet signiferumque regione potenti scripta class enim sanctus mattis lorem adipiscing qualisque ceteros viverra blandit postulant reformidans constituam posidonium oratio quidam posidonium lectus dignissim persius praesent morbi postulant tellus adversarium natum sumo veritus utinam at ferri mei ultricies dictas scelerisque ullamcorper animal cubilia sapien parturient blandit.', 318, 1671342742000, 1671342742000, 0);
INSERT INTO replies (topicId, userId, userName, userImageUrl, content, id, createdAt, updatedAt, version) VALUES (69, 9, 'subscriber', '/static/img/user.png', 'scripta facilisis efficitur electram ligula doctus novum vocibus fastidii civibus quisque theophrastus libero cursus ligula quidam principes nisi accommodare doctus fuisset falli tamquam inciderint ea sapientem iudicabit eleifend euismod scripta novum risus laudem ubique.', 319, 1671462622000, 1671462622000, 0);
INSERT INTO replies (topicId, userId, userName, userImageUrl, content, id, createdAt, updatedAt, version) VALUES (69, 9, 'subscriber', '/static/img/user.png', 'consul tincidunt aliquip vituperatoribus suspendisse gravida per ancillae vitae lectus nec taciti ligula cubilia splendide eirmod prompta ne putent disputationi debet lectus ultricies veniam ultricies docendi doctus omittam lacus solet verterem tritani tristique option fames eius iudicabit elementum detracto mazim.', 320, 1671582502000, 1671582502000, 0);
INSERT INTO replies (topicId, userId, userName, userImageUrl, content, id, createdAt, updatedAt, version) VALUES (69, 9, 'subscriber', '/static/img/user.png', 'adipiscing reprehendunt vitae consul cubilia justo quisque vestibulum eripuit sollicitudin honestatis bibendum mauris euismod tortor congue sociis mazim nostrum nascetur scelerisque populo dicta cras cubilia tale egestas.', 321, 1671702382000, 1671702382000, 0);
INSERT INTO replies (topicId, userId, userName, userImageUrl, content, id, createdAt, updatedAt, version) VALUES (69, 9, 'subscriber', '/static/img/user.png', 'noster habitasse dolore persecuti ante sonet mediocrem aliquip ignota populo postea tellus pulvinar deseruisse habitant justo conceptam adolescens usu persequeris intellegebat tempus possim nonumes veri fringilla volumus equidem disputationi delectus honestatis senectus sociosqu nunc porttitor feugiat sed vehicula.', 322, 1671822262000, 1671822262000, 0);
INSERT INTO replies (topicId, userId, userName, userImageUrl, content, id, createdAt, updatedAt, version) VALUES (69, 9, 'subscriber', '/static/img/user.png', 'expetenda menandri semper quam dolorum accusata possim vocent inceptos ad vulputate honestatis tation vituperatoribus numquam dolores mel affert no ut taciti utroque natoque graece constituto primis utinam nibh definiebas theophrastus vestibulum oratio sed odio nulla.', 323, 1671942142000, 1671942142000, 0);
INSERT INTO replies (topicId, userId, userName, userImageUrl, content, id, createdAt, updatedAt, version) VALUES (69, 9, 'subscriber', '/static/img/user.png', 'putent alia expetendis pericula pertinacia odio debet decore imperdiet indoctum aliquet instructior vituperata omittam dolorem pro ancillae tractatos singulis signiferumque esse volutpat dolor lacus graeco honestatis placerat latine morbi vocibus consequat iisque signiferumque tempor expetenda.', 324, 1672062022000, 1672062022000, 0);
INSERT INTO replies (topicId, userId, userName, userImageUrl, content, id, createdAt, updatedAt, version) VALUES (69, 9, 'subscriber', '/static/img/user.png', 'facilisis sea regione meliore iisque viris pertinax maiestatis pellentesque appetere autem discere dictumst nonumes sapien omittam cursus inciderint ridens ultricies.', 325, 1672181902000, 1672181902000, 0);
INSERT INTO replies (topicId, userId, userName, userImageUrl, content, id, createdAt, updatedAt, version) VALUES (69, 9, 'subscriber', '/static/img/user.png', 'maximus accommodare epicuri convallis dictum repudiare wisi.', 326, 1672301782000, 1672301782000, 0);
INSERT INTO replies (topicId, userId, userName, userImageUrl, content, id, createdAt, updatedAt, version) VALUES (69, 9, 'subscriber', '/static/img/user.png', 'homero eum suscipiantur vitae adversarium convallis mattis varius principes perpetua solet alterum maecenas erroribus nostra unum consectetur hac vix.', 327, 1672421662000, 1672421662000, 0);
INSERT INTO replies (topicId, userId, userName, userImageUrl, content, id, createdAt, updatedAt, version) VALUES (69, 9, 'subscriber', '/static/img/user.png', 'unum condimentum vix appetere ei legimus omittantur novum gubergren propriae donec qualisque taciti equidem accusata atomorum moderatius has eos nominavi mucius impetus netus ex graece omittantur consetetur eirmod altera postulant contentiones primis comprehensam sadipscing parturient vivamus habitant amet cras molestie persius graece decore eget eirmod veritus no.', 328, 1672541542000, 1672541542000, 0);
INSERT INTO replies (topicId, userId, userName, userImageUrl, content, id, createdAt, updatedAt, version) VALUES (69, 9, 'subscriber', '/static/img/user.png', 'dicta per sonet instructior dui laudem eripuit laudem accumsan erroribus percipit commodo platonem prodesset contentiones errem ut suavitate reprehendunt tibique possit dicat feugiat equidem consectetuer comprehensam at nihil facilis.', 329, 1672661422000, 1672661422000, 0);
INSERT INTO replies (topicId, userId, userName, userImageUrl, content, id, createdAt, updatedAt, version) VALUES (69, 9, 'subscriber', '/static/img/user.png', 'dui quot auctor ligula dignissim volutpat putent pro voluptatibus risus nostrum quas utamur vis lobortis sea velit viderer placerat.', 330, 1672781302000, 1672781302000, 0);
INSERT INTO replies (topicId, userId, userName, userImageUrl, content, id, createdAt, updatedAt, version) VALUES (69, 9, 'subscriber', '/static/img/user.png', 'delicata felis nobis audire tamquam latine mucius morbi percipit repudiandae falli reprehendunt.', 331, 1672901182000, 1672901182000, 0);
INSERT INTO topics (boardId, userId, userName, userImageUrl, refType, refId, replyNumber, locked, name, content, id, createdAt, updatedAt, version) VALUES (50, 9, 'subscriber', '/static/img/user.png', 'NONE', 0, 19, false, 'quisque.20', 'graeco pretium gloriatur fames tellus vidisse sed mauris molestiae eu adipiscing posidonium tation phasellus sapientem putent venenatis dignissim latine varius sapientem pericula dicunt sed tristique accusata pulvinar inani.', 70, 1673021062000, 1673021062000, 0);
INSERT INTO replies (topicId, userId, userName, userImageUrl, content, id, createdAt, updatedAt, version) VALUES (70, 9, 'subscriber', '/static/img/user.png', 'pericula tortor habeo pertinacia simul eleifend massa referrentur te sociis nam affert finibus nullam erat dicant ligula quisque explicari rutrum ceteros nulla ridiculus bibendum graecis nisi consectetuer pertinacia error sit inciderint aliquet.', 332, 1673140942000, 1673140942000, 0);
INSERT INTO replies (topicId, userId, userName, userImageUrl, content, id, createdAt, updatedAt, version) VALUES (70, 9, 'subscriber', '/static/img/user.png', 'faucibus omittam scripserit odio referrentur solum tempor cum solet urbanitas gloriatur ornare cubilia dicit mnesarchum proin ac nec gravida intellegebat scelerisque habitant habemus patrioque vituperata viris dolores oporteat auctor platea est invenire tempor efficitur moderatius taciti principes platonem velit fusce dictumst ridens.', 333, 1673260822000, 1673260822000, 0);
INSERT INTO replies (topicId, userId, userName, userImageUrl, content, id, createdAt, updatedAt, version) VALUES (70, 9, 'subscriber', '/static/img/user.png', 'saperet fames platea fringilla propriae fabellas disputationi postulant.', 334, 1673380702000, 1673380702000, 0);
INSERT INTO replies (topicId, userId, userName, userImageUrl, content, id, createdAt, updatedAt, version) VALUES (70, 9, 'subscriber', '/static/img/user.png', 'meliore sapien appareat vim mel commune consectetur graeci etiam cum quem deserunt dicat dissentiunt numquam epicurei ius mnesarchum natoque simul perpetua partiendo euripidis repudiandae torquent augue sumo quaerendum oporteat.', 335, 1673500582000, 1673500582000, 0);
INSERT INTO replies (topicId, userId, userName, userImageUrl, content, id, createdAt, updatedAt, version) VALUES (70, 9, 'subscriber', '/static/img/user.png', 'meliore harum laoreet efficiantur bibendum aperiri nascetur sale erroribus facilisi brute facilisi ubique ludus no contentiones petentium.', 336, 1673620462000, 1673620462000, 0);
INSERT INTO replies (topicId, userId, userName, userImageUrl, content, id, createdAt, updatedAt, version) VALUES (70, 9, 'subscriber', '/static/img/user.png', 'utinam persius urna postea civibus iusto utinam referrentur offendit partiendo ignota nec pericula honestatis platea mel offendit mnesarchum animal signiferumque elitr nisi interesset alia metus.', 337, 1673740342000, 1673740342000, 0);
INSERT INTO replies (topicId, userId, userName, userImageUrl, content, id, createdAt, updatedAt, version) VALUES (70, 9, 'subscriber', '/static/img/user.png', 'qui eripuit simul quisque graeco ultricies quaestio cu nibh novum ne efficiantur adipiscing an sapien sapientem referrentur ius noster vel iriure graece inceptos neque eum dictas vidisse agam scelerisque mel scripta integer fugit sociis suavitate tempor porro odio cursus doming.', 338, 1673860222000, 1673860222000, 0);
INSERT INTO replies (topicId, userId, userName, userImageUrl, content, id, createdAt, updatedAt, version) VALUES (70, 9, 'subscriber', '/static/img/user.png', 'quam similique civibus habeo vix vestibulum ne ad affert diam maximus viverra vix scripserit porro dicam dictas pretium prodesset feugait nec ad adipisci porttitor assueverit veniam himenaeos porttitor noster massa adipisci ludus constituam vim efficiantur sed facilis.', 339, 1673980102000, 1673980102000, 0);
INSERT INTO replies (topicId, userId, userName, userImageUrl, content, id, createdAt, updatedAt, version) VALUES (70, 9, 'subscriber', '/static/img/user.png', 'dictas gloriatur ridens scripserit turpis cubilia orci vitae intellegebat natum indoctum conclusionemque omittam suscipit antiopam dictas aliquet scripserit tellus ancillae nascetur eros eius unum epicuri porro ante erroribus latine partiendo quidam dolores consetetur iuvaret molestiae delectus noster interpretaris.', 340, 1674099982000, 1674099982000, 0);
INSERT INTO replies (topicId, userId, userName, userImageUrl, content, id, createdAt, updatedAt, version) VALUES (70, 9, 'subscriber', '/static/img/user.png', 'tritani mollis pharetra nostra eos mei recteque penatibus quidam postea class vim ius referrentur graeci arcu.', 341, 1674219862000, 1674219862000, 0);
INSERT INTO replies (topicId, userId, userName, userImageUrl, content, id, createdAt, updatedAt, version) VALUES (70, 9, 'subscriber', '/static/img/user.png', 'nec porttitor vel ne quam enim.', 342, 1674339742000, 1674339742000, 0);
INSERT INTO replies (topicId, userId, userName, userImageUrl, content, id, createdAt, updatedAt, version) VALUES (70, 9, 'subscriber', '/static/img/user.png', 'epicuri deserunt sem evertitur sea maluisset eos mauris nibh error appareat nascetur dictumst simul quaerendum quas volutpat eu torquent parturient movet dictas dui perpetua nascetur pericula nec eleifend invenire disputationi detracto equidem expetenda vis nullam.', 343, 1674459622000, 1674459622000, 0);
INSERT INTO replies (topicId, userId, userName, userImageUrl, content, id, createdAt, updatedAt, version) VALUES (70, 9, 'subscriber', '/static/img/user.png', 'facilisi taciti luctus maluisset cu rutrum ullamcorper eos et oratio tantas noster utamur posse hac detracto.', 344, 1674579502000, 1674579502000, 0);
INSERT INTO replies (topicId, userId, userName, userImageUrl, content, id, createdAt, updatedAt, version) VALUES (70, 9, 'subscriber', '/static/img/user.png', 'vivendo dicunt vix vidisse aperiri.', 345, 1674699382000, 1674699382000, 0);
INSERT INTO replies (topicId, userId, userName, userImageUrl, content, id, createdAt, updatedAt, version) VALUES (70, 9, 'subscriber', '/static/img/user.png', 'senectus adipisci dicunt cras proin ea nostra mi honestatis habitant mus autem minim inceptos utroque noluisse eleifend deserunt usu viverra recteque his dissentiunt nobis ceteros graecis molestie.', 346, 1674819262000, 1674819262000, 0);
INSERT INTO replies (topicId, userId, userName, userImageUrl, content, id, createdAt, updatedAt, version) VALUES (70, 9, 'subscriber', '/static/img/user.png', 'quisque quas veri mediocritatem falli tortor quaerendum odio sodales oporteat nostrum ceteros malesuada fames legimus dolores mei posuere ei interdum equidem populo curae.', 347, 1674939142000, 1674939142000, 0);
INSERT INTO replies (topicId, userId, userName, userImageUrl, content, id, createdAt, updatedAt, version) VALUES (70, 9, 'subscriber', '/static/img/user.png', 'propriae fermentum noluisse suscipit vocibus vero.', 348, 1675059022000, 1675059022000, 0);
INSERT INTO replies (topicId, userId, userName, userImageUrl, content, id, createdAt, updatedAt, version) VALUES (70, 9, 'subscriber', '/static/img/user.png', 'docendi eripuit civibus est doming aliquam eum decore maiorum saperet egestas.', 349, 1675178902000, 1675178902000, 0);
INSERT INTO replies (topicId, userId, userName, userImageUrl, content, id, createdAt, updatedAt, version) VALUES (70, 9, 'subscriber', '/static/img/user.png', 'amet natum venenatis eirmod.', 350, 1675298782000, 1675298782000, 0);
INSERT INTO texts (hash, content, id, createdAt, updatedAt, version) VALUES ('2cbbd75543050df8c3fd9c349f20dedcc4608c1c24f29785c1e6125e5be54d82', '# solet senectus dicunt posidonium curabitur.\n\nignota sumo lacus inceptos fringilla homero mi vero amet facilisi voluptaria dico convenire sonet litora vituperata vidisse discere partiendo corrumpit.\n\nmus feugiat errem.\n\nmaiorum ex phasellus vitae ultrices inceptos ferri delectus.\n\nvituperata menandri suspendisse adversarium accumsan nisi natoque inciderint pellentesque maiorum wisi nascetur.\n\natqui principes feugiat dui numquam comprehensam risus eloquentiam.\n\nceteros in viris putent noluisse dolorum metus pertinax curabitur pertinax prompta viverra appareat dictumst scelerisque alterum eos est.\n\npotenti litora felis pertinacia.\n\nlectus reprehendunt hinc.\n\nrhoncus mandamus mnesarchum pri ius ante ornare neque maximus veritus vulputate lorem consetetur decore menandri viderer persecuti moderatius nonumy vitae.\n\norci interpretaris aptent an leo prodesset civibus mattis civibus vituperata molestiae praesent possit sodales.\n\ndiscere explicari efficitur scelerisque epicuri causae homero audire posidonium voluptatum pri dicit debet.\n\nat nam odio appareat definitionem tota curabitur ipsum dolor impetus regione vivamus ac sale referrentur dictumst pericula ligula nam.\n\n', 72, 1689084982000, 1689084982000, 0);
INSERT INTO wikis (imageId, textId, userId, tag, name, description, views, publishAt, id, createdAt, updatedAt, version) VALUES (15, 72, 1, 'sample', 'Sample Tutorial', 'A Sample Wiki', 0, 0, 71, 1689204862000, 1689204862000, 0);
INSERT INTO texts (hash, content, id, createdAt, updatedAt, version) VALUES ('217eba3bb78e64b761384c46b2d991100cf753d01b868fb795188cee21b91ba9', '# vivendo vehicula expetenda tibique comprehensam odio.\n\nvivamus interdum mucius prompta an phasellus causae eum.\n\nexpetenda no consectetuer posuere senserit venenatis iuvaret ocurreret dolor.\n\nvenenatis mediocrem inciderint tellus.\n\ntorquent bibendum.\n\nefficitur consectetur in unum antiopam iriure ex nec constituam tincidunt.\n\nsumo quaerendum dictumst.\n\nei eu noster adolescens ullamcorper legimus esse commodo penatibus nostrum massa felis possim magnis percipit adolescens tincidunt eruditi aliquid gloriatur.\n\ncontentiones adipiscing habeo tractatos velit ceteros fames recteque condimentum explicari euismod turpis leo ex consul maecenas.\n\nei salutatus aliquam iisque vituperata nihil vivamus suavitate mei harum sententiae feugiat instructior sea.\n\nsemper vestibulum.\n\nsingulis mnesarchum conclusionemque amet agam lectus movet reprimique.\n\nsaepe ornatus postea fabulas libero dolor curae sem contentiones maximus.\n\nnobis netus pellentesque definitiones cu volutpat eruditi noluisse metus qualisque ponderum tantas convallis adversarium maiorum ne te instructior at.\n\n', 74, 1689324742000, 1689324742000, 0);
INSERT INTO wiki_pages (parentId, textId, wikiId, name, views, publishAt, displayOrder, id, createdAt, updatedAt, version) VALUES (71, 74, 71, 'page 1', 0, 1675418662000, 0, 73, 1689444622000, 1689444622000, 0);
INSERT INTO texts (hash, content, id, createdAt, updatedAt, version) VALUES ('307c6ab8c1027061094b0c8b941871532c7ff95a7f4274534879937fac5f15b7', '# graeci idque moderatius sumo arcu elitr fuisset.\n\nmediocrem eirmod quem consul solet no.\n\npostulant maximus verterem dicunt tamquam elit tota volutpat appareat ornare.\n\nadolescens libris oporteat accusata minim constituto.\n\nviderer patrioque taciti alienum justo postea mattis sea elaboraret menandri scelerisque docendi assueverit mnesarchum enim liber animal.\n\nfelis delicata suscipiantur luptatum rutrum mutat mollis turpis.\n\nmediocritatem indoctum appetere inimicus unum alienum pro aliquam consul imperdiet equidem cubilia natum falli mollis senserit iudicabit vocibus ubique inciderint.\n\nsociosqu utamur maiestatis novum adipiscing auctor viverra qui euripidis adipisci ullamcorper efficitur habitasse.\n\nconsectetuer orci melius ea vel erroribus tractatos saperet singulis primis vituperata sociosqu repudiandae orci.\n\nvituperatoribus torquent an referrentur parturient gloriatur elit reque vidisse neque discere nobis iusto tristique.\n\niaculis numquam pretium malorum mauris vocibus elit verear hinc pertinacia harum urna nullam interpretaris iuvaret neglegentur meliore possit dapibus.\n\nduis petentium nullam porttitor persius periculis voluptatum has sumo voluptatibus interdum.\n\n', 76, 1689564502000, 1689564502000, 0);
INSERT INTO wiki_pages (parentId, textId, wikiId, name, views, publishAt, displayOrder, id, createdAt, updatedAt, version) VALUES (73, 76, 71, 'sub 1', 0, 1675538542000, 0, 75, 1689684382000, 1689684382000, 0);
INSERT INTO texts (hash, content, id, createdAt, updatedAt, version) VALUES ('c89f03bd301b3e1f5e79a988799afb5217c1a75c3d5650835a1e9e65c33a0436', '# animal nominavi.\n\neget sed homero recteque electram molestiae sociosqu consequat constituam quo sanctus expetenda metus percipit at dolor per voluptatibus errem comprehensam.\n\nantiopam graecis tortor mutat porttitor voluptatum no tempus amet antiopam gloriatur himenaeos.\n\nconvallis interpretaris expetenda nihil comprehensam feugiat.\n\nipsum elaboraret adhuc mel dictumst ante invidunt ridens diam iusto deterruisset.\n\nplatonem dictum maecenas adipisci possim mazim duo moderatius ignota.\n\nnecessitatibus id menandri oporteat.\n\nlitora suscipiantur mea sed tritani delicata consul conceptam falli ac erat tritani duo liber.\n\nenim simul facilisi disputationi dictum mauris finibus verear.\n\ndecore quisque lacus pharetra duis invidunt nisl.\n\nquem alterum unum elitr suspendisse vocibus iusto nisi esse sale donec auctor.\n\n', 78, 1689804262000, 1689804262000, 0);
INSERT INTO wiki_pages (parentId, textId, wikiId, name, views, publishAt, displayOrder, id, createdAt, updatedAt, version) VALUES (73, 78, 71, 'sub 2', 0, 1675658422000, 1, 77, 1689924142000, 1689924142000, 0);
INSERT INTO texts (hash, content, id, createdAt, updatedAt, version) VALUES ('17d0cf2ffa20611a25b70e48859d0cbd19b7ab6509d1ff1d831d03474d18f4b9', '# adipisci quod similique.\n\niisque sadipscing posse legimus contentiones vitae vulputate putent malesuada dis efficitur alienum pericula delenit his fabellas.\n\nlacus rhoncus postea unum pellentesque auctor hac maecenas reformidans solum his inciderint bibendum autem tation interesset mel.\n\naliquid velit tristique graecis.\n\ndeserunt viverra graeci cursus deserunt alterum has necessitatibus unum assueverit partiendo ornatus.\n\nmel periculis risus reprimique.\n\na honestatis.\n\ntellus euismod verterem diam adolescens eros vestibulum pertinacia ignota primis nascetur senserit consul mazim ex ante nostra cursus sumo.\n\nputent agam natum gloriatur nisi nonumy tota discere laudem ei aperiri suscipiantur venenatis fugit dictumst novum.\n\nhinc delenit orci mazim commodo movet purus facilisi facilisis tale.\n\neirmod.\n\naenean prodesset hac facilisis ut persius postulant mus autem simul.\n\nluptatum utroque viris dolor.\n\nnec tamquam dictum assueverit.\n\natomorum nibh propriae utinam porttitor ex vocent lacus aliquam tortor sem pellentesque expetenda quidam duo errem noster solum antiopam duis.\n\n', 80, 1690044022000, 1690044022000, 0);
INSERT INTO wiki_pages (parentId, textId, wikiId, name, views, publishAt, displayOrder, id, createdAt, updatedAt, version) VALUES (73, 80, 71, 'sub 3', 0, 1675778302000, 2, 79, 1690163902000, 1690163902000, 0);
INSERT INTO texts (hash, content, id, createdAt, updatedAt, version) VALUES ('aed3f51ecab55ed966a6332ce6e760f269105198fb998df3657d95d78bb29530', '# ultricies alienum nobis ridiculus nam.\n\noporteat constituto sapien orci duis ut velit persius vix ornare lectus molestie veri simul mutat errem mazim fabulas.\n\naperiri assueverit venenatis malesuada ad nonumy nonumy tale iudicabit malorum.\n\nminim vero persecuti velit solet dui ridens signiferumque errem putent liber potenti varius justo.\n\nprincipes tractatos saepe nonumes elaboraret sumo liber tota verterem justo.\n\nsuavitate option enim porttitor varius eripuit prodesset.\n\nposuere dico error petentium lacinia sale verear ponderum.\n\nvolutpat interdum.\n\ninterdum tale pro constituto appetere scripta habemus quo.\n\neos conubia consetetur habitant dissentiunt maiorum posse tincidunt interpretaris sagittis dolore mus pulvinar.\n\ncras sociosqu vulputate himenaeos molestiae himenaeos nascetur quisque vehicula.\n\nsimilique.\n\ndefiniebas senserit turpis reprehendunt patrioque menandri epicurei dictumst equidem oratio vis vim integer qualisque fabellas decore vix.\n\nlaoreet iudicabit ne offendit volutpat docendi ultrices nam suas.\n\npericula pellentesque corrumpit fusce veniam qui tantas faucibus an qualisque dolor quis vel mollis tantas.\n\negestas disputationi ceteros offendit augue lacinia discere definitionem netus.\n\nqualisque finibus fuisset mi persecuti iusto ad tibique fusce mediocrem consequat facilisis nullam quidam adipisci tritani fabellas option.\n\n', 82, 1690283782000, 1690283782000, 0);
INSERT INTO wiki_pages (parentId, textId, wikiId, name, views, publishAt, displayOrder, id, createdAt, updatedAt, version) VALUES (79, 82, 71, 'leaf 1', 0, 1675898182000, 0, 81, 1690403662000, 1690403662000, 0);
INSERT INTO texts (hash, content, id, createdAt, updatedAt, version) VALUES ('0b5a20fac20fab279bb1ffd8b0d3a3b7bfb2ff9926306ce91f57d931877a6cbd', '# percipit hendrerit omittam vivamus indoctum audire euismod euismod praesent vocibus.\n\nponderum scripta honestatis vituperatoribus harum inani dicat litora mutat honestatis.\n\nnascetur omnesque suavitate laoreet vix sociis commune tempus quo praesent quidam accommodare.\n\neius cursus nonumy.\n\ndapibus inani lacinia postea consectetur sonet euismod fringilla viderer orci contentiones volutpat dolorum.\n\nvelit.\n\nno regione alterum dicunt natum aeque natoque atomorum.\n\nquot sagittis litora tibique intellegat oporteat eros accumsan id integer.\n\ndolores facilisis eam nihil tantas sagittis.\n\nnec suspendisse porro reprehendunt adhuc integer quod aliquid leo mus euripidis quas interpretaris.\n\nmenandri faucibus quod omittantur delenit prompta assueverit iaculis condimentum finibus porro malesuada litora.\n\npulvinar nostra duo noster dolorum splendide mediocritatem neque proin feugait mollis tale bibendum duo aliquet.\n\nmucius elementum platonem movet regione utroque verterem expetenda tempor curabitur delectus dicam condimentum ludus nobis consectetur.\n\n', 84, 1690523542000, 1690523542000, 0);
INSERT INTO wiki_pages (parentId, textId, wikiId, name, views, publishAt, displayOrder, id, createdAt, updatedAt, version) VALUES (79, 84, 71, 'leaf 2', 0, 1676018062000, 1, 83, 1690643422000, 1690643422000, 0);
INSERT INTO texts (hash, content, id, createdAt, updatedAt, version) VALUES ('465a8a0fe2af03e9e3d57f2c0ef9d9fecc1c18aea53711d09beb1ac7005372f9', '# torquent iudicabit eirmod augue.\n\ndignissim eripuit mutat malesuada consul animal postulant mnesarchum senserit consequat egestas propriae solum.\n\nquidam ceteros veri nam tractatos appetere volutpat mentitum oratio iriure antiopam litora interesset.\n\ntincidunt sed litora praesent adolescens semper maiorum dicant volutpat morbi sapien vivendo.\n\npossit animal populo audire detraxit consectetuer erroribus posse tota legimus tincidunt mutat.\n\nlacinia ad morbi nisl quaestio eruditi eam ex nisl possim.\n\nconvallis efficitur dictumst ancillae perpetua expetendis delicata idque commune.\n\nvocent suavitate adipiscing tellus minim platea vivamus iaculis esse efficiantur sit suas malesuada altera congue habitasse movet.\n\nludus offendit verear iudicabit volumus eloquentiam eget dissentiunt eu iusto pulvinar hac quod nascetur nascetur.\n\neripuit tation feugait ultrices.\n\nsigniferumque noster appareat suas senserit mi recteque vivamus elitr consetetur erat minim nihil interpretaris sit.\n\n', 86, 1690763302000, 1690763302000, 0);
INSERT INTO wiki_pages (parentId, textId, wikiId, name, views, publishAt, displayOrder, id, createdAt, updatedAt, version) VALUES (79, 86, 71, 'leaf 3', 0, 1676137942000, 2, 85, 1690883182000, 1690883182000, 0);
INSERT INTO texts (hash, content, id, createdAt, updatedAt, version) VALUES ('dc7b45e4bca8273e05872e512495393df7060002d4d62e31a07a7c92d7fb4662', '# indoctum labores vitae invidunt ornatus interdum an mus senserit.\n\nadipiscing.\n\nantiopam habitant ornare offendit.\n\ncondimentum nisi eleifend per lacus maecenas intellegebat turpis.\n\neripuit primis fastidii.\n\nvestibulum constituam vehicula tota.\n\nmolestie quaestio aptent reprehendunt feugait patrioque pro pri nascetur nullam feugiat ancillae.\n\nadhuc contentiones instructior ceteros adolescens dicant liber sodales scelerisque blandit sagittis discere sale graeci.\n\nsuavitate omnesque has latine.\n\nquot dolorum feugait consequat interdum veniam.\n\nnonumes inciderint.\n\ndicit inimicus pulvinar habeo usu postulant impetus mentitum nominavi partiendo populo torquent hendrerit civibus adversarium eleifend possim tellus graecis natum.\n\nsemper.\n\npulvinar fermentum propriae auctor inani vis.\n\n', 88, 1691003062000, 1691003062000, 0);
INSERT INTO wiki_pages (parentId, textId, wikiId, name, views, publishAt, displayOrder, id, createdAt, updatedAt, version) VALUES (73, 88, 71, 'sub 4', 0, 1676257822000, 3, 87, 1691122942000, 1691122942000, 0);
INSERT INTO texts (hash, content, id, createdAt, updatedAt, version) VALUES ('f439bb2a75ad782b2aa49c85837761a6787ba141dfe276b8217c0f767e28960b', '# litora dicant suspendisse ubique risus.\n\nmel interpretaris vix aliquid ligula omnesque venenatis option malorum libero quam potenti dicat curae periculis necessitatibus adipisci causae quaestio.\n\nsimul vivamus partiendo similique dolore tempus netus eros platonem theophrastus an velit tristique aliquet melius.\n\ndictas legere delectus tristique aliquid magna suspendisse.\n\npretium salutatus graecis gravida.\n\nporro civibus idque vidisse brute altera conclusionemque.\n\nipsum vitae aenean dolore tibique sea molestie eirmod dictas nullam integer quam mattis dolorum.\n\nmaiestatis appetere eripuit definitionem suscipit purus nostra delenit consequat aperiri fugit et mei sodales cum adipiscing venenatis moderatius saperet.\n\nlitora referrentur vim justo iaculis turpis efficitur dictumst graece.\n\nutinam pellentesque saperet similique vituperata curabitur deserunt aeque nisl explicari gravida referrentur altera.\n\ncu.\n\ndictumst numquam meliore intellegebat commune civibus.\n\nridiculus vis iudicabit ea interesset graeco velit tractatos facilisis urna nascetur dis ipsum dolor salutatus eruditi quaeque.\n\ntristique curabitur gravida dolore mucius constituto lacus verterem at putent massa labores purus accumsan vivamus eleifend reprimique noluisse pulvinar minim.\n\nno montes neque ubique petentium adhuc.\n\ntation dolorem mediocritatem eruditi ei ridens velit detracto discere euismod vivendo principes cursus diam causae honestatis.\n\nomittantur reque rutrum quam.\n\nelectram senectus eos suscipit dicam dis intellegat percipit.\n\n', 90, 1691242822000, 1691242822000, 0);
INSERT INTO wiki_pages (parentId, textId, wikiId, name, views, publishAt, displayOrder, id, createdAt, updatedAt, version) VALUES (71, 90, 71, 'page 2', 0, 1676377702000, 1, 89, 1691362702000, 1691362702000, 0);
INSERT INTO texts (hash, content, id, createdAt, updatedAt, version) VALUES ('1044b0279409b4ecc1945d47e88520b82a3ecce7ab2614c49dad16b7bc3fcfda', '# graecis his recteque id tibique neglegentur audire ad malorum te.\n\nornatus.\n\nnihil.\n\nvituperata prompta percipit assueverit vehicula melius.\n\nsplendide ubique saperet montes dapibus interdum dolorum vestibulum delectus expetendis aliquam erat similique principes alia recteque nobis fermentum.\n\nintellegebat feugait epicurei evertitur tincidunt ante necessitatibus persecuti est enim montes eloquentiam iriure.\n\nmaiorum dissentiunt.\n\nposidonium tritani veritus vero utroque neque.\n\nnetus comprehensam ornatus similique fames nisl tacimates dictumst aliquip ridiculus feugait equidem mi tincidunt adipiscing class appareat sollicitudin.\n\niaculis ipsum mentitum vituperatoribus causae congue suspendisse dui.\n\nalia tantas unum gravida.\n\n', 92, 1691482582000, 1691482582000, 0);
INSERT INTO wiki_pages (parentId, textId, wikiId, name, views, publishAt, displayOrder, id, createdAt, updatedAt, version) VALUES (89, 92, 71, 'sub 1', 0, 1676497582000, 0, 91, 1691602462000, 1691602462000, 0);
INSERT INTO texts (hash, content, id, createdAt, updatedAt, version) VALUES ('67aaad9042cb2167f1f6c938a5ef886596df784292d8da5637f23195ce93b22c', '# sanctus ut rutrum.\n\ncu fugit ludus sem similique iriure affert dolorum.\n\nvoluptaria delenit adversarium patrioque eirmod dolorum saepe enim lorem malesuada eros civibus ancillae epicurei molestiae fermentum explicari ad.\n\nverterem vocent repudiandae neque adolescens risus montes labores erat expetenda quaerendum ipsum vituperatoribus lorem autem.\n\nturpis tibique nostra dolores adipiscing dolor iisque consetetur purus dicat hinc libris saperet.\n\nmenandri suscipit efficiantur pri labores habemus malesuada simul legimus graeci epicuri.\n\naenean amet instructior iusto homero lorem detracto dignissim legimus.\n\nverterem massa porta inani nihil.\n\nubique maiorum dolorem invenire fuisset senserit oporteat quot sapientem nostra doctus commodo interesset error fabulas montes legere.\n\nlitora erat.\n\nnihil enim dictum nunc sociosqu mi suspendisse sodales mediocrem docendi elitr ornare eros neque ullamcorper ceteros fames sententiae.\n\nurna nam deterruisset maecenas idque perpetua sit harum luctus saperet wisi vim tota aliquid interpretaris orci verear.\n\nsplendide dicam sapien urbanitas libris indoctum.\n\nconceptam ligula nostrum vis aliquet ceteros curabitur.\n\nputent sem libero congue mandamus maiorum condimentum.\n\nmetus vituperata himenaeos.\n\ntale dictum tale referrentur class quod commune dicit dicta vis saperet nihil urbanitas recteque etiam lacinia penatibus efficiantur pertinax.\n\nvidisse erat minim himenaeos mel proin no dicam tota gubergren tale.\n\nest libris tincidunt lobortis eius eos penatibus oporteat eros persius.\n\ncras numquam molestie nam euripidis duo tale bibendum saperet qui solet vituperatoribus omittantur metus.\n\n', 94, 1691722342000, 1691722342000, 0);
INSERT INTO wiki_pages (parentId, textId, wikiId, name, views, publishAt, displayOrder, id, createdAt, updatedAt, version) VALUES (89, 94, 71, 'sub 2', 0, 1676617462000, 1, 93, 1691842222000, 1691842222000, 0);
INSERT INTO texts (hash, content, id, createdAt, updatedAt, version) VALUES ('e17afe8765bab405ca51b4f738c4a921ba7f5daf83c5ca54f5f69ac401b429a2', '# mucius has disputationi dis adolescens appetere.\n\nposse instructior possit dicant consectetuer mea adolescens theophrastus honestatis dignissim nisl fuisset quidam quaestio quaerendum tempus facilisis audire utinam.\n\nscripta partiendo atqui neque definitionem blandit consequat theophrastus potenti pri graeco oporteat taciti volumus causae accusata consequat.\n\ntaciti intellegebat atqui dicunt malesuada nobis cursus vel tibique detraxit facilis eu ius lacinia cum ornatus error.\n\npropriae alienum natoque ridiculus leo latine lacinia salutatus instructior.\n\nposuere.\n\naliquid explicari.\n\nvocibus meliore posidonium feugiat etiam himenaeos prompta disputationi option utinam tempus maecenas elaboraret mei mi appetere altera senserit inani ut.\n\nvivendo dicam.\n\namet solum lobortis.\n\nvidisse nisl utroque eros tacimates has nobis praesent aeque cubilia nisl finibus id definitionem maecenas tacimates.\n\n', 96, 1691962102000, 1691962102000, 0);
INSERT INTO wiki_pages (parentId, textId, wikiId, name, views, publishAt, displayOrder, id, createdAt, updatedAt, version) VALUES (89, 96, 71, 'sub 3', 0, 1676737342000, 2, 95, 1692081982000, 1692081982000, 0);
INSERT INTO texts (hash, content, id, createdAt, updatedAt, version) VALUES ('338b74b6080776310df73692925136d631071715ce42b0a5903afee1757e425b', '# rutrum leo intellegat sadipscing magna.\n\nprodesset tincidunt quaeque consequat partiendo mentitum dis recteque atomorum.\n\nlectus errem theophrastus legimus molestie habemus class augue sollicitudin perpetua eu nunc vix neglegentur vituperatoribus.\n\nnisl.\n\neripuit reprimique oporteat quas.\n\nusu.\n\nnumquam dictas elementum cras inceptos non ponderum.\n\nmutat minim malorum platea vulputate aliquid adhuc delenit antiopam.\n\neget pretium perpetua amet rhoncus conceptam pharetra primis mediocritatem dis congue urna commodo.\n\niriure iudicabit blandit placerat in offendit ludus eum tritani instructior viris maximus epicuri erroribus fermentum efficiantur accommodare deterruisset eius alienum.\n\ntale ocurreret metus dis massa hinc melius.\n\narcu fusce malesuada ceteros intellegat iudicabit.\n\n', 98, 1692201862000, 1692201862000, 0);
INSERT INTO wiki_pages (parentId, textId, wikiId, name, views, publishAt, displayOrder, id, createdAt, updatedAt, version) VALUES (95, 98, 71, 'leaf 1', 0, 1676857222000, 0, 97, 1692321742000, 1692321742000, 0);
INSERT INTO texts (hash, content, id, createdAt, updatedAt, version) VALUES ('c169a48517bfb91d4c12418caeed0db60a2566f5976de056bbd675f4f47176fd', '# reprimique mei inciderint rutrum.\n\nei cu cum curabitur primis reque ultrices etiam fugit wisi eu verterem saperet epicurei commune vulputate commune reque varius.\n\nexpetenda nunc eos salutatus invidunt instructior falli nonumy vidisse oratio option cetero arcu pharetra gravida.\n\nadversarium quis placerat nibh dignissim indoctum hendrerit tale felis ferri metus minim aenean dissentiunt nostra eleifend gubergren definitiones mediocrem magna.\n\nmelius graeci voluptatum utinam intellegebat auctor urbanitas commodo viris est.\n\nlobortis sapientem mauris maluisset cum atqui habemus feugiat decore ipsum graeci sanctus te verterem euripidis.\n\nvitae recteque donec massa altera nisi perpetua rhoncus salutatus ridiculus lacus.\n\ntincidunt libris utamur integer curae alienum volutpat impetus cu efficitur congue iudicabit placerat donec.\n\neum semper convenire saperet suas.\n\npossim recteque brute tellus.\n\nqualisque iriure gloriatur sadipscing fuisset mea adipisci menandri dis iusto mucius theophrastus instructior.\n\nvoluptatum interdum tantas debet mediocrem solum ad dicunt placerat contentiones augue condimentum magnis verterem voluptaria.\n\neius.\n\nesse imperdiet mediocrem novum scripta omnesque interesset proin mazim legimus pertinacia lobortis graece.\n\nscelerisque harum vim contentiones liber prompta honestatis gravida lorem delectus ullamcorper utroque.\n\nnibh tellus gravida mei omnesque tractatos aeque mei inciderint debet diam dicat numquam menandri adolescens alterum vivamus liber.\n\n', 100, 1692441622000, 1692441622000, 0);
INSERT INTO wiki_pages (parentId, textId, wikiId, name, views, publishAt, displayOrder, id, createdAt, updatedAt, version) VALUES (95, 100, 71, 'leaf 2', 0, 1676977102000, 1, 99, 1692561502000, 1692561502000, 0);
INSERT INTO texts (hash, content, id, createdAt, updatedAt, version) VALUES ('7720b94dd056b44a637c73f8d9bd257393b62f3a44108260de6be49422d875b8', '# prodesset falli mediocritatem platea.\n\nrhoncus per elaboraret consequat sollicitudin iisque ceteros expetenda mucius conclusionemque aptent disputationi.\n\npertinax ea.\n\nullamcorper similique errem persius dolorem deterruisset elitr fringilla no pri senserit.\n\nposse commodo natum possit justo lobortis adipisci netus fusce signiferumque.\n\ngraeci impetus liber epicurei velit.\n\ndapibus risus tation decore iriure singulis interpretaris conubia maluisset.\n\nfuisset amet volutpat instructior sit viderer conclusionemque potenti mediocritatem tale nisl atqui dicam.\n\nsuavitate massa movet mutat dicam.\n\nimperdiet dignissim facilisi legimus netus vim ubique lorem volumus vero eruditi autem pro doctus maecenas invidunt atqui porttitor petentium.\n\ngraeci instructior constituam molestiae contentiones dictumst quod id phasellus nulla blandit signiferumque ei tortor.\n\nrutrum.\n\ndictum interpretaris accumsan oporteat eu viderer honestatis pharetra gloriatur expetenda dicat tempus civibus adipiscing tritani lectus dictumst tota contentiones.\n\nadversarium.\n\nsenectus amet.\n\nagam minim netus himenaeos contentiones urbanitas inciderint magnis sumo elementum similique.\n\nsanctus necessitatibus nominavi populo ex etiam liber dolores sollicitudin deseruisse euismod dis voluptatibus condimentum aenean.\n\net scripta gloriatur similique verear moderatius nulla alia cetero.\n\n', 102, 1692681382000, 1692681382000, 0);
INSERT INTO wiki_pages (parentId, textId, wikiId, name, views, publishAt, displayOrder, id, createdAt, updatedAt, version) VALUES (95, 102, 71, 'leaf 3', 0, 1677096982000, 2, 101, 1692801262000, 1692801262000, 0);
INSERT INTO texts (hash, content, id, createdAt, updatedAt, version) VALUES ('00bc3c67b408963ad1267a013689bd22348dffab81a82dda89b54fd7e662cfa7', '# graeci movet inimicus.\n\ncivibus vehicula nisl aeque postulant fringilla velit elementum.\n\nvel integer blandit posidonium luptatum pertinax varius putent.\n\negestas risus convallis efficitur.\n\nmandamus dolores iriure eleifend gloriatur odio nihil scripserit theophrastus volumus litora eius.\n\nquam recteque errem urna posuere senserit quem morbi sollicitudin ne ignota accommodare evertitur tibique turpis graecis potenti hendrerit.\n\nmattis auctor quaeque.\n\nequidem electram expetenda prodesset honestatis noster alienum integer tellus sapientem convallis dignissim orci aperiri.\n\nodio adhuc nulla sagittis amet novum ornatus offendit solet magna molestiae quot liber fugit interdum pri tempor instructior.\n\nignota consul gravida reformidans habeo iusto hinc.\n\ndis ei neque ante montes hac nominavi suavitate per ne gravida liber legere.\n\nte lorem simul maximus senectus animal perpetua graeco ubique explicari doctus inceptos tale dolore ignota sed dolore aliquet.\n\nsolum perpetua lorem suspendisse.\n\nsigniferumque recteque fugit inimicus iisque definitiones iudicabit inciderint neque persequeris ipsum evertitur principes cubilia appetere quaerendum graece qui nec porta.\n\n', 104, 1692921142000, 1692921142000, 0);
INSERT INTO wiki_pages (parentId, textId, wikiId, name, views, publishAt, displayOrder, id, createdAt, updatedAt, version) VALUES (89, 104, 71, 'sub 4', 0, 1677216862000, 3, 103, 1693041022000, 1693041022000, 0);
INSERT INTO texts (hash, content, id, createdAt, updatedAt, version) VALUES ('535d2825a8b919a719b1d6bfa74361021d57ef7e9b5404bd5fb19db1e5765577', '# constituto.\n\nvivendo interesset donec.\n\nmorbi tantas efficiantur venenatis iaculis justo sumo adversarium vitae imperdiet taciti maluisset finibus epicuri inimicus mollis tritani.\n\nluctus.\n\nquis ancillae veritus ipsum pertinax ullamcorper est duo litora postea commodo velit urbanitas has ius putent cubilia.\n\neius nobis dolorum consequat utroque delenit dui inceptos maluisset laudem primis dico quaeque aperiri perpetua lacus suscipit.\n\nesse et posuere petentium lorem epicuri ei constituam.\n\nsenectus turpis condimentum inimicus signiferumque dicit definiebas eu nullam lobortis turpis invidunt gravida inani sollicitudin nobis intellegat electram verterem.\n\nfringilla no nisi ea moderatius nisl id penatibus has voluptaria iudicabit accommodare.\n\ndonec tristique mucius.\n\nquis rutrum ocurreret alia dapibus natoque imperdiet a detraxit latine vehicula has pro definitiones.\n\npri ancillae aperiri dapibus ante montes option ridens porttitor accommodare platonem sapientem signiferumque.\n\nappareat porta mattis mea dicta libero viderer pertinax fringilla debet ludus scelerisque molestie ei elaboraret vulputate ligula latine verear.\n\ndapibus pericula consectetur fastidii contentiones errem consul blandit animal melius alienum iriure signiferumque quot laudem reque inciderint salutatus id labores.\n\n', 106, 1693160902000, 1693160902000, 0);
INSERT INTO wiki_pages (parentId, textId, wikiId, name, views, publishAt, displayOrder, id, createdAt, updatedAt, version) VALUES (71, 106, 71, 'page 3', 0, 1677336742000, 2, 105, 1693280782000, 1693280782000, 0);
INSERT INTO texts (hash, content, id, createdAt, updatedAt, version) VALUES ('891cf35205f468f896fa94f044c09e1fa6182c7bbc2a54f44132817af67b45e2', '# te eam.\n\nmalorum regione dolore egestas hac sapien ius novum eum viris laudem meliore solet te conceptam.\n\nfinibus indoctum litora.\n\nsem montes diam unum esse tempus.\n\nvix scripta ceteros tamquam audire reprimique iriure doming.\n\nrisus prodesset fastidii platea proin arcu eget class magnis sapientem elementum vituperata dicat ornare ipsum civibus minim docendi iriure similique.\n\nviderer ac brute et risus at inimicus constituam vivendo dicit cursus solum eros iusto.\n\ncontentiones pericula verterem offendit prompta vero mollis solet quas veri dolore.\n\nadipiscing suscipiantur labores maecenas ei quo phasellus persius consectetur.\n\nomittam vidisse platea brute magna luctus graece vivendo nonumy sanctus utroque molestiae eros.\n\nalterum habitasse mel pertinax putent voluptatibus duo eleifend ridens sociis mus dicat sanctus.\n\nfastidii.\n\n', 108, 1693400662000, 1693400662000, 0);
INSERT INTO wiki_pages (parentId, textId, wikiId, name, views, publishAt, displayOrder, id, createdAt, updatedAt, version) VALUES (105, 108, 71, 'sub 1', 0, 1677456622000, 0, 107, 1693520542000, 1693520542000, 0);
INSERT INTO texts (hash, content, id, createdAt, updatedAt, version) VALUES ('930f60af8669ce60a4f46a2b0def5b94ba1557a88ef6e94d4fbe4f7ef847edf1', '# cubilia luctus donec consectetur.\n\ntortor dapibus tritani efficiantur arcu postea putent convallis alterum.\n\noffendit efficiantur enim civibus graeci veri petentium tibique constituto maecenas congue dissentiunt necessitatibus conceptam detraxit.\n\nconvallis tantas iisque nibh atomorum quod ullamcorper laudem facilisi platonem dissentiunt vituperata massa posuere cubilia.\n\nfaucibus consequat noster posidonium augue theophrastus aliquet ornatus mucius.\n\nei contentiones nonumes odio sociosqu deserunt sit mucius unum porro ferri nonumy.\n\npulvinar et odio lacus fusce ac ad quis unum.\n\nnec oratio labores oporteat graece suavitate sollicitudin persecuti taciti viderer et error ubique populo saepe habemus consetetur habitasse vocent.\n\nregione platea idque est sed ipsum eleifend leo vix scelerisque inani ius viverra invenire intellegebat.\n\ndoming repudiandae convallis commune cras hendrerit.\n\ndignissim aenean hac tractatos quam vitae aptent an latine laudem eloquentiam habitasse primis.\n\n', 110, 1693640422000, 1693640422000, 0);
INSERT INTO wiki_pages (parentId, textId, wikiId, name, views, publishAt, displayOrder, id, createdAt, updatedAt, version) VALUES (105, 110, 71, 'sub 2', 0, 1677576502000, 1, 109, 1693760302000, 1693760302000, 0);
INSERT INTO texts (hash, content, id, createdAt, updatedAt, version) VALUES ('bfa45936f5a799184c5120e32998c641099d6b9e7782eeb3f1b00ee2a5522e1f', '# invenire option netus simul pertinacia inimicus.\n\naliquid quisque dolorem sapien quot suas tacimates cursus fringilla pharetra deserunt tota.\n\nius risus mediocritatem causae nunc accusata ius oporteat platonem falli novum aeque cubilia omnesque finibus.\n\nmediocritatem dicant.\n\nposse suavitate mazim dolor penatibus urna tamquam cubilia deserunt sagittis mutat reformidans posidonium suas dico per principes.\n\npurus morbi possit fames suas faucibus agam mel vidisse graeco iusto erroribus civibus turpis graecis tation veniam vehicula turpis.\n\nporta interdum pretium reprimique suscipiantur sed urbanitas contentiones solet homero ac delicata convallis inciderint qualisque.\n\nvivendo semper persequeris eruditi pellentesque offendit cu intellegebat.\n\npharetra himenaeos.\n\netiam potenti oratio fermentum nominavi erat pertinax movet magna.\n\narcu appetere maiestatis.\n\nnullam neque detracto imperdiet mea imperdiet ignota elit a natum liber saperet fuisset ei suavitate noluisse molestie.\n\n', 112, 1693880182000, 1693880182000, 0);
INSERT INTO wiki_pages (parentId, textId, wikiId, name, views, publishAt, displayOrder, id, createdAt, updatedAt, version) VALUES (105, 112, 71, 'sub 3', 0, 1677696382000, 2, 111, 1694000062000, 1694000062000, 0);
INSERT INTO texts (hash, content, id, createdAt, updatedAt, version) VALUES ('34d3c249849219ab900717eea7d973a3704042241e4e751d48fd9834db65276b', '# tellus omittam sumo diam suas.\n\nequidem suas pri.\n\ntellus maximus intellegat volutpat est verterem tota platea a facilisi ante nec fabulas ante reprehendunt vis.\n\nmalesuada constituam eros platea est leo alia.\n\nelit oporteat faucibus meliore pharetra dignissim quaestio adipisci aliquid esse pertinax repudiare.\n\nquas instructior quaestio arcu iaculis hac persecuti fermentum definitiones sadipscing lacinia.\n\nepicuri convenire recteque habeo facilisi repudiare solet tempor veritus rhoncus turpis metus dolorem a corrumpit evertitur.\n\nultricies.\n\nconvallis voluptatum fermentum elitr voluptatibus voluptaria vivendo nonumes elementum.\n\nadhuc repudiare metus.\n\nmenandri duo luctus interdum vivamus mei delectus vivendo maluisset.\n\n', 114, 1694119942000, 1694119942000, 0);
INSERT INTO wiki_pages (parentId, textId, wikiId, name, views, publishAt, displayOrder, id, createdAt, updatedAt, version) VALUES (111, 114, 71, 'leaf 1', 0, 1677816262000, 0, 113, 1694239822000, 1694239822000, 0);
INSERT INTO texts (hash, content, id, createdAt, updatedAt, version) VALUES ('235d9eb70cd0d61a0a5fffc5f75f73defee16dd630db0c8dcd90cd1650f9fb32', '# postea laudem metus magna eget nonumy montes habitant.\n\nnominavi nulla patrioque bibendum vix sollicitudin porro lacinia suspendisse errem maiorum lobortis qui graece alia error vehicula.\n\nconsul saepe netus egestas dis scripta congue latine falli ne consectetuer ne consequat utamur faucibus ullamcorper dignissim.\n\npertinacia aliquet odio quaestio parturient intellegebat deseruisse vulputate delectus hac definitiones a a mauris vidisse.\n\nvoluptatibus.\n\nconclusionemque ridens fames fames partiendo maluisset deserunt delenit brute purus elit.\n\nancillae disputationi vis auctor.\n\naltera suscipiantur commune auctor veri porttitor vituperata scelerisque tincidunt eirmod pericula reque imperdiet.\n\nlatine constituto curae vivendo has eruditi porta vim alterum dis habitant nisl lobortis.\n\nvis montes senectus leo nobis principes salutatus egestas lacus nonumes viderer veniam fugit molestie consectetuer pertinacia.\n\nnatum cubilia hinc suscipit nominavi dicam tota commune efficitur porttitor solet mel definitionem eros est.\n\nfringilla voluptatibus deterruisset tellus scripserit aperiri ubique taciti intellegat eloquentiam.\n\nultrices.\n\ntellus vero veritus prompta contentiones minim epicurei fames cum montes movet iaculis eruditi mi posse sententiae at.\n\n', 116, 1694359702000, 1694359702000, 0);
INSERT INTO wiki_pages (parentId, textId, wikiId, name, views, publishAt, displayOrder, id, createdAt, updatedAt, version) VALUES (111, 116, 71, 'leaf 2', 0, 1677936142000, 1, 115, 1694479582000, 1694479582000, 0);
INSERT INTO texts (hash, content, id, createdAt, updatedAt, version) VALUES ('2d8422eb98258cae4685c97509104ec07acb0cafdc83b0e74e89280ecbad9a55', '# iuvaret cras elitr.\n\nautem consectetur maiorum conclusionemque dui convenire singulis perpetua mandamus ubique proin natum mentitum numquam aliquip laoreet viris falli semper.\n\nsagittis accusata reprehendunt platea.\n\ndonec natoque netus.\n\nproin invenire senserit adhuc sumo similique dictum comprehensam nisl homero ridens.\n\naliquip per equidem aliquid vulputate principes viderer euripidis maiestatis.\n\ncursus invenire ornatus diam.\n\nconstituam cras perpetua atqui class mattis.\n\nmeliore comprehensam adolescens nullam consetetur tempor dapibus ei labores purus erroribus voluptatum scripta disputationi nonumy noster periculis pretium.\n\ninteresset mediocritatem quaeque interpretaris taciti eum nobis nam eloquentiam.\n\nsigniferumque pharetra maluisset theophrastus mucius mus convallis tempor cursus ridens vulputate tractatos delectus facilis sumo.\n\nlectus referrentur viverra vis.\n\n', 118, 1694599462000, 1694599462000, 0);
INSERT INTO wiki_pages (parentId, textId, wikiId, name, views, publishAt, displayOrder, id, createdAt, updatedAt, version) VALUES (111, 118, 71, 'leaf 3', 0, 1678056022000, 2, 117, 1694719342000, 1694719342000, 0);
INSERT INTO texts (hash, content, id, createdAt, updatedAt, version) VALUES ('1e757aa366a4291b21d9679f3aaa6a21545cab417806d4bdd021b019dc4ee7a4', '# lobortis signiferumque movet proin convallis commodo quot imperdiet eos vulputate.\n\nhimenaeos convallis viris efficiantur iisque ea singulis invenire corrumpit accumsan sapientem noluisse disputationi sale sem luptatum.\n\nplatea docendi.\n\ngraece venenatis brute feugiat habeo class iaculis.\n\nsuspendisse volutpat proin.\n\nequidem.\n\nmenandri tantas facilisis mucius duo putent viderer intellegat tempor scripserit iisque meliore.\n\neloquentiam tempor postea facilisi sumo dignissim arcu ei atomorum donec ea feugait.\n\nvitae.\n\neros scelerisque conubia imperdiet tritani meliore definitiones voluptatibus aperiri electram sumo intellegebat pretium maiorum volutpat voluptaria eum.\n\nconubia vis quam affert torquent solet iisque saperet.\n\nhac delectus.\n\nmea.\n\n', 120, 1694839222000, 1694839222000, 0);
INSERT INTO wiki_pages (parentId, textId, wikiId, name, views, publishAt, displayOrder, id, createdAt, updatedAt, version) VALUES (105, 120, 71, 'sub 4', 0, 1678175902000, 3, 119, 1694959102000, 1694959102000, 0);
INSERT INTO navigations (name, icon, url, blank, displayOrder, id, createdAt, updatedAt, version) VALUES ('Sample Tutorial', 'magic', '/wiki/71', false, 3, 351, 1695078982000, 1695078982000, 0);
INSERT INTO navigations (name, icon, url, blank, displayOrder, id, createdAt, updatedAt, version) VALUES ('Discuss', 'commenting-o', '/discuss', false, 5, 352, 1695198862000, 1695198862000, 0);
INSERT INTO navigations (name, icon, url, blank, displayOrder, id, createdAt, updatedAt, version) VALUES ('External', 'external-link', 'https://weibo.com/', true, 6, 353, 1695318742000, 1695318742000, 0);
INSERT INTO settings (settingGroup, settingKey, settingValue, id, createdAt, updatedAt, version) VALUES ('Website', 'name', 'iTranswarp', 354, 1695438622000, 1695438622000, 0);
