-- generated initial data

USE it;

INSERT INTO users (role, email, name, imageUrl, lockedUntil, id, createdAt, updatedAt, version) VALUES ('ADMIN', 'admin@itranswarp.com', 'admin', '/static/img/admin.png', 0, 1466422463037472, 1645929520636, 1645929520636, 0);
INSERT INTO local_auths (userId, passwd, salt, id, createdAt, updatedAt, version) VALUES (1466422463037472, '78d5e71030003ac42acb7940724587dac55bd39e69a35c5a3f9cb438f72c043e', 'e43c4c3d60e8646783a908538fda9b5cd6beb89f0aa7660b171f39d428a2dfe5', 1466422463037504, 1645929520637, 1645929520637, 0);
INSERT INTO users (role, email, name, imageUrl, lockedUntil, id, createdAt, updatedAt, version) VALUES ('EDITOR', 'editor@itranswarp.com', 'editor', '/static/img/user.png', 0, 1466422463037536, 1645929520638, 1645929520638, 0);
INSERT INTO local_auths (userId, passwd, salt, id, createdAt, updatedAt, version) VALUES (1466422463037536, 'bc20bc3521dab6114bec2ac80cc2812b2126246af4a0190e3c70c5518d0b92d0', 'dc0c1cfd21bf9d4a6319ba474f0e6471e8be1ce6384fe677ca45982ed87d695b', 1466422463037568, 1645929520638, 1645929520638, 0);
INSERT INTO users (role, email, name, imageUrl, lockedUntil, id, createdAt, updatedAt, version) VALUES ('CONTRIBUTOR', 'contributor@itranswarp.com', 'contributor', '/static/img/user.png', 0, 1466422463037600, 1645929520638, 1645929520638, 0);
INSERT INTO local_auths (userId, passwd, salt, id, createdAt, updatedAt, version) VALUES (1466422463037600, 'c9cf6446702a2efea92203a5ca560bd3315cb3ad68224714cdfec885f75bee28', 'c23e5f70a61bfd8db92bfd80e1827e9c546247b73b74357cb5bcb59211a0337c', 1466422463037632, 1645929520638, 1645929520638, 0);
INSERT INTO users (role, email, name, imageUrl, lockedUntil, id, createdAt, updatedAt, version) VALUES ('SPONSOR', 'sponsor@itranswarp.com', 'sponsor', '/static/img/user.png', 0, 1466422463037664, 1645929520638, 1645929520638, 0);
INSERT INTO local_auths (userId, passwd, salt, id, createdAt, updatedAt, version) VALUES (1466422463037664, '01bb07a13cf3b5353c1e476aa3cde29f827c4651651f653fa4626ad3d4cc4889', '0baebf6a1bdcbf32d8d0adb0dcbd34fcb55493628a28696e546a2357090797fd', 1466422463037696, 1645929520638, 1645929520638, 0);
INSERT INTO users (role, email, name, imageUrl, lockedUntil, id, createdAt, updatedAt, version) VALUES ('SUBSCRIBER', 'subscriber@itranswarp.com', 'subscriber', '/static/img/user.png', 0, 1466422463037728, 1645929520638, 1645929520638, 0);
INSERT INTO local_auths (userId, passwd, salt, id, createdAt, updatedAt, version) VALUES (1466422463037728, '58fb74bcbc792706e58e803d388dacf3a1802d30e35388b32492641d3d5fd4a2', 'c3f7067890a5d9f1147f2b207bd8951b7f1a1f3cf69fcf9dfb0050b7676a7875', 1466422463037760, 1645929520638, 1645929520638, 0);
INSERT INTO texts (hash, content, id, createdAt, updatedAt, version) VALUES ('f8a468087fbe221f7235e5ca7812fa77c739c559ed0eb0987890e9702ae57a39', '# habitasse inceptos utamur.\n\ndicta noster luctus pertinax rhoncus suscipit iudicabit neglegentur legimus suavitate ea ridens expetendis fabellas appareat hendrerit.\n\nsociosqu sollicitudin harum tale alterum vulputate ea prompta ferri nibh ex vituperata possit adhuc tacimates nibh perpetua consectetur.\n\nmelius periculis tibique molestiae senectus sem.\n\npartiendo vocibus errem commodo verear.\n\nscelerisque sapien autem.\n\ndicam molestiae dolorum iisque recteque diam sociosqu tota elementum urbanitas moderatius graece tantas sententiae.\n\nnovum mauris egestas qualisque persecuti dictumst te pulvinar vestibulum vituperata oporteat unum.\n\nridens nulla feugait leo dis invenire animal venenatis sociis fastidii.\n\nut equidem delectus appareat tristique possim assueverit mazim mutat consetetur vituperata saepe.\n\nultricies aliquam mattis mus percipit movet urbanitas mauris reque salutatus saepe utamur debet.\n\npersius egestas a nihil tristique consul oporteat adolescens vero melius fugit delectus posuere causae idque.\n\nerror primis necessitatibus.\n\nreformidans metus suscipit blandit libris mandamus.\n\nmazim te percipit gubergren diam convallis vitae phasellus detracto condimentum nobis natoque libero ferri iaculis litora fringilla quisque.\n\nplacerat diam comprehensam platea dicam hinc affert.\n\noporteat augue intellegat felis arcu numquam eirmod per sagittis conubia atqui dolorem dictum periculis ante habitasse animal.\n\n', 1466422463037792, 1645929520638, 1645929520638, 0);
INSERT INTO single_pages (textId, tags, name, publishAt, id, createdAt, updatedAt, version) VALUES (1466422463037792, 'help,doc', 'Help', 1645929520617, 1466422463037824, 1645929520639, 1645929520639, 0);
INSERT INTO navigations (name, icon, url, blank, displayOrder, id, createdAt, updatedAt, version) VALUES ('Help', 'plane', '/single/1466422463037824', false, 2, 1466422463041312, 1645929520639, 1645929520639, 0);
INSERT INTO categories (name, tag, description, displayOrder, id, createdAt, updatedAt, version) VALUES ('Sample', 'sample', 'Java Series', 0, 1466422463037856, 1645929520639, 1645929520639, 0);
INSERT INTO navigations (name, icon, url, blank, displayOrder, id, createdAt, updatedAt, version) VALUES ('Sample', 'coffee', '/category/1466422463037856', false, 0, 1466422463041344, 1645929520639, 1645929520639, 0);
INSERT INTO resources (hash, encoding, content, id, createdAt, updatedAt, version) VALUES ('10cefe320c9e49a9a0ba13bf870c3b5dcd572ff0032ea941b2f659e9e712bfe4', 'BASE64', '/9j/4QAYRXhpZgAASUkqAAgAAAAAAAAAAAAAAP/sABFEdWNreQABAAQAAAAKAAD/4QMsaHR0cDovL25zLmFkb2JlLmNvbS94YXAvMS4wLwA8P3hwYWNrZXQgYmVnaW49Iu+7vyIgaWQ9Ilc1TTBNcENlaGlIenJlU3pOVGN6a2M5ZCI/PiA8eDp4bXBtZXRhIHhtbG5zOng9ImFkb2JlOm5zOm1ldGEvIiB4OnhtcHRrPSJBZG9iZSBYTVAgQ29yZSA1LjUtYzAxNCA3OS4xNTE0ODEsIDIwMTMvMDMvMTMtMTI6MDk6MTUgICAgICAgICI+IDxyZGY6UkRGIHhtbG5zOnJkZj0iaHR0cDovL3d3dy53My5vcmcvMTk5OS8wMi8yMi1yZGYtc3ludGF4LW5zIyI+IDxyZGY6RGVzY3JpcHRpb24gcmRmOmFib3V0PSIiIHhtbG5zOnhtcD0iaHR0cDovL25zLmFkb2JlLmNvbS94YXAvMS4wLyIgeG1sbnM6eG1wTU09Imh0dHA6Ly9ucy5hZG9iZS5jb20veGFwLzEuMC9tbS8iIHhtbG5zOnN0UmVmPSJodHRwOi8vbnMuYWRvYmUuY29tL3hhcC8xLjAvc1R5cGUvUmVzb3VyY2VSZWYjIiB4bXA6Q3JlYXRvclRvb2w9IkFkb2JlIFBob3Rvc2hvcCBDQyAoTWFjaW50b3NoKSIgeG1wTU06SW5zdGFuY2VJRD0ieG1wLmlpZDpCODQ5NDA1RTQyMDUxMUU5OTk4RkJCNjMyNTY5RTk2QSIgeG1wTU06RG9jdW1lbnRJRD0ieG1wLmRpZDpCODQ5NDA1RjQyMDUxMUU5OTk4RkJCNjMyNTY5RTk2QSI+IDx4bXBNTTpEZXJpdmVkRnJvbSBzdFJlZjppbnN0YW5jZUlEPSJ4bXAuaWlkOjEzOTcxQUQ1NDIwNTExRTk5OThGQkI2MzI1NjlFOTZBIiBzdFJlZjpkb2N1bWVudElEPSJ4bXAuZGlkOjEzOTcxQUQ2NDIwNTExRTk5OThGQkI2MzI1NjlFOTZBIi8+IDwvcmRmOkRlc2NyaXB0aW9uPiA8L3JkZjpSREY+IDwveDp4bXBtZXRhPiA8P3hwYWNrZXQgZW5kPSJyIj8+/+4ADkFkb2JlAGTAAAAAAf/bAIQAFBAQGRIZJxcXJzImHyYyLiYmJiYuPjU1NTU1PkRBQUFBQUFERERERERERERERERERERERERERERERERERERERAEVGRkgHCAmGBgmNiYgJjZENisrNkREREI1QkRERERERERERERERERERERERERERERERERERERERERERERERERE/8AAEQgBaAKAAwEiAAIRAQMRAf/EAI4AAQADAQEBAAAAAAAAAAAAAAACAwQFAQYBAQEAAwAAAAAAAAAAAAAAAAABAgMEEAEAAgADAwgDDQgDAAAAAAAAAQIRAwRREhMhMUFhUuJTk4HRkpGhscHhIkJicqLSFAXwcTIjM0NjJIKyoxEBAAEDAwQDAQAAAAAAAAAAAAERUQIxEiJhobED8EEycf/aAAwDAQACEQMRAD8A+jAdDlAAAAAAAAAAAAAAAAAAAAAAAAAAAAAAAAAAAAAAAAAAAAAAAAAAAAAAAAAAAAAAAAAAAAAAAAAAAAAAAAAAAAAAAAAAAAAAAAAAAAAAAAAAAAAAAAAAAAAAAAAAAAAAAAAAAAAAAAAAAAAAAAAAAAAAAAAAAAAAAAAAAAAAAAAAAAAAAAAAAAAAAAAAAAAAAAAAAAAAAAAAAAAAAAAAAAAAAAAAAAAAAAAAAAAAAAAAAAAAAAAAAAAAAAAAAAAAAAAAAAAAAAAAAAAAAAAAAAAAAAAAAAAAAAAAAAAAAAAAAAAAAAAAAAAAAAAAAAAAAAAAAAAAAAAAAAAAAAAAAAAAAAAAAAAAAAAAAAAAAAAAAAAAAAAAAAAAAAAAAAAAAAAAAAAAAAAAAAAAAAAAAAAAAAAAAAAAAAAAAAAAAAAAAAAAAAAAAAAAAAAAAAAAAAAAAAAAAAAAAAAAAAAAAAAAAAAAAAAAAAAAAAAAAAAAAAAAAAAAAAAAAAAAAAAAAAAAAAAAAAAAAAAAAAAAAAAAAAAAAAAAAAAAAAAAAAAAAAAAAAAAAAAAAAAAAAAAAAAAAAAAAAAAAAAAAAAAAAAAAAAAAAAAAAAAAAAAAAAAAAAAAAAAAAAAAAAAAAAAAAAAAAAAAAAAAAAAAAAAAAAAAAAAAAAAAAAAAAAAAAAAAAAAAAAAAAAAAAAAAAAAAAAUX1Na24dYm9+xSMZ9PRHpmErQiK6LxXGXq78sZdKfbvjP3Y+N7+W1e3K9y3rTdDPZKYhwNZHhT6bR8UozXV158qs/ZzPXEG6DZktFE596/wBTKzK/8d7/AKzKP57K6d7HZw7+pd0JtmzSM/5qd6sbl4red2LWjd5cJnmnl6NjQRNUmJjUAVAAAAAAAAAAAAAAAAAAAAAAAAAAAAAAAAAAAAAAAAAAAAAAAAAAAAAAAAAAAAAAAAAAAFefmxk5dsyeXCObbsgELb+ozOBlTu4cuZePoxsj60+9HLsdLI0+Xp67mXEVj9ufbLFp6W0mTM4b+ZhN7RH0r/tyR1L9PrJtlZeZn1nKvmTu7k7Z6GiZrLpjGkNYy8bP/M8Phxwd3Hib30tmDUigAAAMH6rH8mL9NL0tHtRHwS8S/VZ/kbvTa+XX70ItmDV7PoAbGoAAAAAAAAAAAAAAAAAAAAAAAAAAAAAAAAAAAAAAAAAAAAAAAAAAAAAAAAAAAAAAAAAAZdbaIjLrPTmZfJtws1MuoreM3KvlWit5mcvljGMJjGdnZ2sctGWH6h0VOdpsvUTE5sTO7/DhaYwnbHX1qorq6fTpf7VZr8EynWNXPLu5WH2rfhaXQ20mIiK444bedPFycjUZ+5FbZV7Z3LvYxu1iftTyYR1Yr4rrOzle3b8IroDn7us7OV7dvwqtR+epl2tWKYxHNXetPo5ubnEdV5NojpcyuuysIiJveY2ZdsZ95VqM3UTu4RwaXtuYzhN+WJ6OaObrnqBbqsyNRn1y68tcr595+th82PfmfcWK8rKrk13KRhHw9c9axuxikOfKayAMmIAAAAAAAAAAAAAAAAAAAAAAAAAAAAAAAAAAAAAAAAAAAAAAAAAAAAAAAAAAAAAAAAAAz5v9fJj61p+5LQz5vJn5E/WtHu0ljloyw/UNdf47fuhPT5k4UrtxRis70z0TEGXXCK489Wl0NghW8T+9MEL23cOucClpmbRPRL21d7DqnErXCZnaCHEmK2tsnBl/U/4cqf8ALT42uleeJ6Zlk/U+bKj/AC1+CZISdHgDocwAAAAAAAAAAAAAAAAAAAAAAAAAAAAAAAAAAAAAAAAAAAAAAAAAAAAAAAAAAAAAAAAAAAA5+qtmZudGXl2ivD3czHDGcZxw9GHO6DDn6fN4s5uVuzForExaZjmx6pP7oRX61e7+pn+77mXU3tR40+xVXw9T2K+Z3Xm5qexXzPkKYWK+y/hbvanxvuVexfUx/en2K+pTuanw48z5Dh6nsV8zulMLFfZfwu4mp8a3sU9RxNT41vZp6lPC1PYr5ndOHqexXzO6UwsV9l13E1PjW9inqV5tc/N3d7Omd2d6PmV58MNnWjwtT2K+Z3ThansV8zulMLFfZfwl/seL/wCcH+z4seXHrR4Wp7FfM7pwtT2K+Z3V4/Kpy6dksdT4tfL+Ux1PiV8vvI8PU9ivmd04ep7FfM7px+VOXTsnvarxKeX3je1Xbp5c/iQ4ep7FfM7puanw48yPUcTl07OkAigAAAAAAAAAAAAAAAAAAAAAAAAAAAAAAAAAAAAAAAAAAAAAAAAAAAAAAAAAAAAAAAAAAAAAAAAAAAAAAAAAAAAAAAAAAAAAAAAAAAAAAAAAAAAAAAAAAAAAAAAAAAAAAAAAAAAAAAAAAAAAAAAAAAAAAAAAAAAAAAAAAAAAAAAAAAAAAAAAAAAAAAAAAAAAAAAAAAAAAAAAAAAAAAAAAAAAAAAAAAAAAAAAAAAAAAAAAAAAAAAAAAAAAAAAAAAAAAAAAAAAAAAAAAAAAAAAAAAAAAAAAAAAAAAAAAAAAAAAAAAAAAAAAAAAAAAAAAAAAAAAAAAAAAAAAAAAAAAAAAAAAAAAAAAAAAAAAAAAAAAAAAAAAAAAAAAAAAAAAAAAAAAAAAAAAAAAAAAAAAAAAAAAAAAAAAAAAAAAAAAAAAAAAAAAAAAAAAAAAAAAAAAAAAAAAAAAAAAAAAAAAAAAAAAAAAAAAAAAAAAAAAAAAAAAAAAAAAAAAAAAAAAAAAAAAAAAAAAAAAAAAAAAAAAAAAAAAAAAAAAAAAAAAAAAAAAAAAAAAAAAAAAAAAAAAAAAAAAAAAAAAAAAAAAAAAAAAAAAAAAAAAAAAAAAAAAAAAAAAAAAAAAAAAAAAAAAAAAAAAAAAAAAAAAAAAAAAAAAAAAAAAAAAAAAAAAAAAAAAAAAAAAAAAAAAAAAAAAAAAAAAAAAAAAAAAAAAAAAAAAAAAAAAAAAAAAAAAAAAAAAAAAAAAAAAAAAAAAAAAAAAAAAAAAAAAAAAAAAAAAAAAAAAAAAAAAAAAAAP//Z', 1466422463037888, 1645929520639, 1645929520639, 0);
INSERT INTO attachments (userId, resourceId, size, width, height, name, mime, id, createdAt, updatedAt, version) VALUES (1466422463037472, 1466422463037888, 3468, 640, 360, 'img-0', 'image/jpeg', 1466422463037920, 1645929520640, 1645929520640, 0);
INSERT INTO resources (hash, encoding, content, id, createdAt, updatedAt, version) VALUES ('f1a7d878def8e70293eeb1d26ea20d4e47bc7e07edd0b142545df4bfd26d80c9', 'BASE64', '/9j/4AAQSkZJRgABAgAAZABkAAD/7AARRHVja3kAAQAEAAAACgAA/+EDLGh0dHA6Ly9ucy5hZG9iZS5jb20veGFwLzEuMC8APD94cGFja2V0IGJlZ2luPSLvu78iIGlkPSJXNU0wTXBDZWhpSHpyZVN6TlRjemtjOWQiPz4gPHg6eG1wbWV0YSB4bWxuczp4PSJhZG9iZTpuczptZXRhLyIgeDp4bXB0az0iQWRvYmUgWE1QIENvcmUgNS41LWMwMTQgNzkuMTUxNDgxLCAyMDEzLzAzLzEzLTEyOjA5OjE1ICAgICAgICAiPiA8cmRmOlJERiB4bWxuczpyZGY9Imh0dHA6Ly93d3cudzMub3JnLzE5OTkvMDIvMjItcmRmLXN5bnRheC1ucyMiPiA8cmRmOkRlc2NyaXB0aW9uIHJkZjphYm91dD0iIiB4bWxuczp4bXBNTT0iaHR0cDovL25zLmFkb2JlLmNvbS94YXAvMS4wL21tLyIgeG1sbnM6c3RSZWY9Imh0dHA6Ly9ucy5hZG9iZS5jb20veGFwLzEuMC9zVHlwZS9SZXNvdXJjZVJlZiMiIHhtbG5zOnhtcD0iaHR0cDovL25zLmFkb2JlLmNvbS94YXAvMS4wLyIgeG1wTU06RG9jdW1lbnRJRD0ieG1wLmRpZDowNUJDMkU1QTQyMDIxMUU5OTk4RkJCNjMyNTY5RTk2QSIgeG1wTU06SW5zdGFuY2VJRD0ieG1wLmlpZDowNUJDMkU1OTQyMDIxMUU5OTk4RkJCNjMyNTY5RTk2QSIgeG1wOkNyZWF0b3JUb29sPSJBZG9iZSBQaG90b3Nob3AgQ0MgKE1hY2ludG9zaCkiPiA8eG1wTU06RGVyaXZlZEZyb20gc3RSZWY6aW5zdGFuY2VJRD0ieG1wLmlpZDo3MEZERjI3OTJCRDgxMUU2OUIyREM0OUM4MTBDNDI3MyIgc3RSZWY6ZG9jdW1lbnRJRD0ieG1wLmRpZDo3MEZERjI3QTJCRDgxMUU2OUIyREM0OUM4MTBDNDI3MyIvPiA8L3JkZjpEZXNjcmlwdGlvbj4gPC9yZGY6UkRGPiA8L3g6eG1wbWV0YT4gPD94cGFja2V0IGVuZD0iciI/Pv/uAA5BZG9iZQBkwAAAAAH/2wCEABQQEBkSGScXFycyJh8mMi4mJiYmLj41NTU1NT5EQUFBQUFBREREREREREREREREREREREREREREREREREREREQBFRkZIBwgJhgYJjYmICY2RDYrKzZERERCNUJERERERERERERERERERERERERERERERERERERERERERERERERERP/AABEIAWgCgAMBIgACEQEDEQH/xACAAAEAAwEBAQAAAAAAAAAAAAAAAQMEAgUGAQEBAQEAAAAAAAAAAAAAAAAAAQIDEAEAAgIABAMEBwYFBAMAAAAAAQIRAyExEgRBUWFxgSITkaGxwTJyBdFCUoIjFPDhkqIz8bLCU6OzFREBAQEBAQEAAAAAAAAAAAAAAAERMSEC/9oADAMBAAIRAxEAPwD64BzbAFAAAAAAAAAAAAAAAAAAAAAAAAAAAAAAAAAAAAAAAAAAAAAAAAAAAAAAAAAAAAAAAAAAAAAAAAAAAAAAABAAAAAAAAAAAAAAAAAAAAAAAAAAAAAAAAAAAAAAAAAAAAAAAAAAAAAAAAAAAAAAAAAAAAAAAAUAAAAAEAAAAABQAAAAAAAAAAAQAFAAAAAAAAAAADmAAAAAByAA5AByEABQAAAAAAAQAFABAAUAAAAAAAAAAAAA5gAAAAACAAoAAAAASAAAAgAAAAAAAAAAAAAAcgAAAAAOYABzAAAAAAAAAAAAAAAAAAAAAAAAAAAAAA5AAAAAAcwAAUOYCAAoAIACgAAAAAAAgAKACAAoAIAAACgAgAKACAAoAIAAAAAAACgAAAgAAAAAKAAACAAoAIACgAgAKAAACAAAAAAoAAAIACgAgAKAAAAAAAAAAAAAAAAAAAAAAAAAAAAAAAAAAAAAAAAAAAAAAAAAAAAAAAAAAAAAAAAAAAAAAACAAAAoAAAAAIACgAgAKAAACABkAAAAAAAAAAAAAAAAAAAAAAAAAAAAAAAAAAAAAAAAAAAAAAAAAAABQAAAQAAAAAAAFABAAUAEABQAQAFAyAAAAAAAAAAAACAAoAAAAjORT3dbW1W6JmLdMzXHnhRo/UNdtfVe2LViOvh58p96DcKY7jXFIvNois8OPDitraLRmOMeaiQABR3Hd6u36Y2WiJtOI/x9/Jf7EAAABQAAAAAAAAAAAQAFABAAUAAAAAEABQAAAQAAAFABAAAAAAUAJQAFABAAAAAAUAAAEABQAQAAAFAGXdstW1aa8RNotOZ48sevqIv2bK64zeYiPWXzunVbdWuY6a2+HqrjjEZmOrOZz8MY98cnvae0pFvmTM2v/FM/sxDJ/Z7pts1xiuuJ6tVufGefj6zzLPDVOzt+nha02paLzETj8WJnMcPze9u7LZFtUVieNY6Z8+Dyuz32vsmmyOnptN8eMRMXmZn6Y+lr01jXsrujlaba/TE2tMT9kJFbtvc69M1recTbhVcw91+n07i8bJmYnlb1hX3P6lXVnXqxa/DEZ4fT9Pj4Kizv+wjuppbxrMZ/L+36Pa2xGOEPjtXf7J7uNl/gmZ5Y8Orly+t9fTZGysXrxiYiYB2Kb76UvWkzEWtn6oyuhFAFABAAUAEABQAAAQAFABAAAAAAAAUAEABQAAAAAAAQAAAFABAAAAAAUAEABQAAAQAAAFABAAAAAU9z29O4rNNnL0XCjLq7a+mvTrviI84jH7Svc7pvOvorMxHPqn7On72ll7aZt3W2P4Yr9cESuN/a111veIxs3TWl5iZ5cvsROiOiNVZ5RGJ9a8l/6jovv0TSnC3CY+lm7GJpqilpzaJtE+2MtSesfV8aO32/0p6541zW38v+XF4+f7ms7Lxib8PZEf4y095snTXbbGa3r0z6Ty+vMK448Y+ln6mVZdjFr7H5VpmLZ4cOHKfDx/x6vS/RZnGykzmK3wqwu/SY6LbYnHGY5e9Gl+79M17bzaZmIv8A8kefl7OLdERBnPLxSoDnrjOM8XSKAAAAAAAAAAAAAAAAAKAAAAACAAAAAAAAAAoSAAAgAAAAAAAAAAAKACAAAAAAAAoAIACgAgAKDP2dc32X/inH+nMNCrs5+CfPq2f99liVomHjWrsjuLbY4aovj3zEV+2XtMvfxadNopE2tOOmI88tMsUz8/bOivGIms7M+63vy1z+m9vac9ER+Xh9h2Pbzq15vGNluN5+yPXDYdOPOt+lauHRNq+fx25eX4mbs/0y2vudk7Yi2uYnp6vi/e4c+L2hMGPb2VZjOnGu/wDFWPu8WDf3t72/tKZjd+9MTw+n15+mfPg9t5f6j2fzb0vWei1p6JtjPDFp5e1LFlUf/mWnXPVaPmTx6sZ/6+2fat/T98zNtWzMTExiJnqxmOWfHz/mx4M99NuzmJnE+PXWOnOOM1mI9InzWbo6e6jb/D0f7pms/UxytPWEcktAAAAgAKAAACABKgAAAAAAAgAAAKGAEAAAAABQAQAAAAAAAAAAAFAAAAAAABAAUAAAAAEABQQlAE2iOc4YNXc11btlZtHROJrPhE+OZ9c8HXb0+fbZG6ZzW0xWMzHw+HJ1ns4iaz04mcT1Rzmvt8lZb44kvP1b4rurr13m9Ji0TmcxExyxPj4+MtHdXvXo+XOJm2OPH923sXUaEsVtvc1/ci3s+H75V/3fdf8Ao/8AkqauPRc7NldcZtOIedfvu4pNYtqivVPTGbZ4+5H6h86NM3tNcVmJxFZ9n8U+ao9Nm7mc2118erP1WaYnLFidnc2vn4aR0RHrzz9eEqsndzbbvinOkdNf5pnj/smTuJi+y2PxTOukR78z9EWynPGLz/7bZ+usfcjRpm/c26o/48W9vVXH3MfXcWPUj1SIlVSAgAAAAAAAKACAAoAAAIACgAAAgAAAKACAAoAIACgAASAACAAAAoAQgAAAAAKAAAAACAAoAAAAy77TpvXbEZicUt7Oefdx+lxfbPax18LaZmZzHh1cfDOeM+Tazbey1bPDE+PTEQIndMYpeOUWrx/N8P3uu5421fn/APGznuYiuqccq9M/6ZhF7dUabedon/ZYhWhICq92qNtZrPjDjVsr3NJpfhaMddfX9mV7NovG3be8cIr/AE/fnj9yxK77TdE1+VMx10jFo8fT6UdvOJvWecXt9fH72bt6RbbTd+9s6rz+Xw+2FsVm3d2vH4a06J9vC32HUZ+6xptNbf8AFsmc+mY4z9TmItWZ22nNtcxWZ/irP7Mzyd992eqbT3G29ojpxjMdM+nHz8mPse320mmq9omM9V+eYx+GPZw8fXCUe9AiEjSEggAAAKACAAAHIAAkAAAAABQAQDmCgAAHIQAAAFAAA5ggAKHqAgAAAAHIAAAOYCgAgAKACAAoAAAIACgAgAKKO8j+hs/Lb7FNJ/pdt/L/APXZZ3tojVMTwiZrE++0KtM/M3R0/wDHrr0x+b2eyRG4EZwKq7nfGiuedp+Gses8lG3RHRXtYnGYza3jiuOPtmcO9lqW2zN/w6q9U+2Z5+7plRN9lNdts8b7Jjojyrzx5cOIjrXeNU7O6vPwR8NY8sT0z9MxEtPb0mtM2/FaZtPtnjj3cvcoitbWr2/ONcZt5csR9ufc2g5tWt4xaMx5SU1V1x00iKx6Rh0CoSSIAcwABQAAAAAQAADkCgAgHIAAAAACQUAAAAAAAAAAAEAAABQAQAFAAAAAAAAABAAUAAAEABQAABAIveuuOq8xER4zwRXZW8dVZiYnxhh/VqdeqI48/CJnwnniJ+HzZJv3Ea6bKUmOqnT0UiYxOa/u+EcJwg9m8V2R0WiJjylzX5WqsxXFaxzxwiPN4Oie4tstWk3nbThabT8EfDMfTM9Ph6utXbdzauyL9fXMTExn4Z+KJ+zy4eCo93XtptjOu0WjOM1nLL/c7tm6aaoiddZiLzPPlnhx8pjwWdp29dWmKRHTMxGceeOLFTtNmj51tc3m/PXM28enHsmf8kV6GztdW23XaMzjznj7vFO7TG6IjM1ms5iazj0eZ2+zfF7xEbei1Z6J2Rx64+yJzHOPBN9fda61+XNptanxdU5xbNfo8Qelo1a9cT0cc855zPtWvDveadvM9t835kRXq6uvPrjq4Zzzx6tnZ9zPcbdk5noicViYx+7Xjjn4yD0REJUAAAEABQAQAFABAAUAAAAAAAAAEAAABQAQAFAAABAAUAAAAAAAEABQAQAAAADmCgAgAABIoAIAAACgACina012vsp+K8x1e5Z8WMOxBx8RGXeDmDj4nUZ8UmAROZjEcJUdr23yYmbW6r2t1Wnlx4R90NGRQAAAQAFABADkKAAACAAAAoAAAhBICgAgAKAAAAAAAAACAAAAoAAAAAIAAAAACgAgAKACAAAAAAoAIACgAAAAAAAAAAAAAgAAAAAKACAAoAIAAAAAAACgAAAAAgAAAAAKACAAoAAAIACgAgAKACAAAAoAIAAAAACgAgAAAAAKACAAoAAAAAAAAAIAAACgAAAAAgAAAAAKACAAAAoAIAAAAAAACgAAAAAgAKACAAoAAAIAAAAACgAgAAAKAAACAAoAAAAAIACgAgAKAAACAAAAAAoAIAAAAACgAAAgAAAKACAAAAAAoAAAIACgAgAKAAACAAAAAAoBzAAAIAQAgAAUAEADmAAoAIBgAAFAAABAAUAAAEDmAoAAAIACgAgAcgAAAFAAABAAUAEABQAQAFABAAUAAAAAEABQAAAAAQAFAAAAAAABAAUAAAAAEABQAAAQAFABAAUAAAAAEAAABQAQAAAFAAAAAAAAABAAUAAAAAAAAAEABQAAAAAQAFABAAAAUAEABQAAAAOQAAIAAACgAAAgAAAAAAAKAAACAAoAAAAAIACgAAAAAAAAAgAAAAAKACAAAAAAAAAAoAAAIGAAAAAAAFABAAUEAgkBQAQAAAFAAAAAADAAACAAAAAAoAIAAAAACgAgAKAAACAAAAoAA//Z', 1466422463037952, 1645929520640, 1645929520640, 0);
INSERT INTO attachments (userId, resourceId, size, width, height, name, mime, id, createdAt, updatedAt, version) VALUES (1466422463037472, 1466422463037952, 4554, 640, 360, 'img-1', 'image/jpeg', 1466422463037984, 1645929520641, 1645929520641, 0);
INSERT INTO resources (hash, encoding, content, id, createdAt, updatedAt, version) VALUES ('440392a23d56a425a41ade3c9e8cf9941179f05ac0dbe22f666f754c2050bfd3', 'BASE64', '/9j/4AAQSkZJRgABAgAAZABkAAD/7AARRHVja3kAAQAEAAAACgAA/+EDLGh0dHA6Ly9ucy5hZG9iZS5jb20veGFwLzEuMC8APD94cGFja2V0IGJlZ2luPSLvu78iIGlkPSJXNU0wTXBDZWhpSHpyZVN6TlRjemtjOWQiPz4gPHg6eG1wbWV0YSB4bWxuczp4PSJhZG9iZTpuczptZXRhLyIgeDp4bXB0az0iQWRvYmUgWE1QIENvcmUgNS41LWMwMTQgNzkuMTUxNDgxLCAyMDEzLzAzLzEzLTEyOjA5OjE1ICAgICAgICAiPiA8cmRmOlJERiB4bWxuczpyZGY9Imh0dHA6Ly93d3cudzMub3JnLzE5OTkvMDIvMjItcmRmLXN5bnRheC1ucyMiPiA8cmRmOkRlc2NyaXB0aW9uIHJkZjphYm91dD0iIiB4bWxuczp4bXBNTT0iaHR0cDovL25zLmFkb2JlLmNvbS94YXAvMS4wL21tLyIgeG1sbnM6c3RSZWY9Imh0dHA6Ly9ucy5hZG9iZS5jb20veGFwLzEuMC9zVHlwZS9SZXNvdXJjZVJlZiMiIHhtbG5zOnhtcD0iaHR0cDovL25zLmFkb2JlLmNvbS94YXAvMS4wLyIgeG1wTU06RG9jdW1lbnRJRD0ieG1wLmRpZDowNUJDMkU1RTQyMDIxMUU5OTk4RkJCNjMyNTY5RTk2QSIgeG1wTU06SW5zdGFuY2VJRD0ieG1wLmlpZDowNUJDMkU1RDQyMDIxMUU5OTk4RkJCNjMyNTY5RTk2QSIgeG1wOkNyZWF0b3JUb29sPSJBZG9iZSBQaG90b3Nob3AgQ0MgKE1hY2ludG9zaCkiPiA8eG1wTU06RGVyaXZlZEZyb20gc3RSZWY6aW5zdGFuY2VJRD0ieG1wLmlpZDo3MEZERjI3OTJCRDgxMUU2OUIyREM0OUM4MTBDNDI3MyIgc3RSZWY6ZG9jdW1lbnRJRD0ieG1wLmRpZDo3MEZERjI3QTJCRDgxMUU2OUIyREM0OUM4MTBDNDI3MyIvPiA8L3JkZjpEZXNjcmlwdGlvbj4gPC9yZGY6UkRGPiA8L3g6eG1wbWV0YT4gPD94cGFja2V0IGVuZD0iciI/Pv/uAA5BZG9iZQBkwAAAAAH/2wCEABQQEBkSGScXFycyJh8mMi4mJiYmLj41NTU1NT5EQUFBQUFBREREREREREREREREREREREREREREREREREREREQBFRkZIBwgJhgYJjYmICY2RDYrKzZERERCNUJERERERERERERERERERERERERERERERERERERERERERERERERERP/AABEIAWgCgAMBIgACEQEDEQH/xACOAAEAAgMBAQAAAAAAAAAAAAAABAUBAwYCBwEBAQEBAQEAAAAAAAAAAAAAAAEDAgQFEAEBAAECAwUFBQUHAwUBAAAAAQIRAyExBEFRcRIF8GGBwSKRobEyE9HhQnIGUmKCoiNDFDNTc/GSstIkNBEBAQACAgEFAQEAAAAAAAAAAAERAiExA0FRYRIyE1L/2gAMAwEAAhEDEQA/AOhAfPekAAAAAAAAAAAAAAAAAAAAAAAAAAAAAAAAAAAAAAAAAAAAAAAAAAAAAAAAAAAAAAAAAAAAAAAAAAAAAAAAAAAAAAAAAAAAAAAAAAAAAAAAAAAAAAAAAAAAAAAAAAAAAAAAAAAAAAAAAAAAAAAAAAAAAAAAAAAAAAAAAAAAAAAAAAClAClAAAAAAAAAAAAAClAClAClAClAAAAgAQgAQgAQgAQ7gA7juADuAAAAAAAAIAEIAEAAAAAAAApQApQAAAAAAAhAAhAAAAAAAAAApQApQAAAAAAAAA7zvADvO8AKUAKUAKUAKUAAACABCABCABCABAAAAAAAAAAAACABCABAAAAAAAAAAAAAAAAACEACEAAAAAAAAAClAClAAAAAAAAAAAAAClAClAAAAAAAAAAAAAAAAAAAAAAAAAAAAAAAAAAAAAAAAAAAAAAAAAAAAAAAAAAAAAAAAAAAAAAAAAAAAAAAAAAAAAAAAAAAAgAQgAQAAAAAAAAAAAAgAQgAQAAAAAAAClAClAAAAAAAAIQAIQAAAAAAAAAKUAKUAAAAAAAAAO87wA7zvAClAClAClAClAAAAgAQgAQgAQgAQAAAAAAAAAAAAgAQgAQAAAAAAAAAAAAAAAAAAAAAAAAAAAAAClAClAAAAAAAAAAAAAClAClAClAClAAAAgAQgAQgAQgAQ7gA7juADuAAAAAAAAIAEIAEAAAAAAAApQApQAAAAAAAAAAAAAAAAAAAAAAAAAAAAAAAAAAAAAAAAAAAAAAAAAAAAAAAAAAAAAAAAAAAAAAAAAAAAAAAAAAAAAAPE8QA8TxAD29vbwPb29vAAPb29vA8AA8DwADwPAAPA8AA8DwAAAAAAAAAAAAADwPAAPA8AAAAAAAAAAAAAAAAAAAAAAAAAAAAAAAAAAAAAAAAAAAA8TxADxPEAAAAAAAAAAAAAAAApQApQAAAAAAAAAAAAApQApQApQApQAAAIAEIAeJCAeJ4kIB4hDuADuO4AO4AAAAAAAPEIB4niQgHieJADxPEAPE9vb28QA9vb28T29vbxADwPApQPA8ClAAAAAAACEACEAAAAAAAAAClAClAAAAAAAAADvO8AO87wApQApQApQApQAAAIAEIAEIAEIAEAAAAAAAAAAAAIAEIAEAAAAAAAAAAAAAAAAAAAAAAAAAAAAAAAAAAAAAAAAAAAAAAAAAAAAAAAAAAAAAAAAAAAAAAAAAAAAAAAAAAAAAAAAAAAAAAAAAAAAAAAAAAAAAA5nMAOZzAAAAAAAAAAAAADmcwA5nMAAAAAAAAAAAgAQgAQAAAAAAAAAAAADmAR4y3cJfLxuXbMZrZr+HxPNuc/wBLP/L/APZ1NbUzHsjXN/DXy5a4ZXszmn2dn2Vs5JZZ2uQ5AgcgAAecsvL2a23SQnI9HGsTHHbtu9uzXhLjNMZLfv8AvbP+L090zy4y6aebLKy68uFung2nivrXH3jwc+TdOh6e/wC3j/7Y8zoely444Y8O3Hs+xf4/Kff4a6N2PRbeP5PNL/NlfutsRc8c9iee5Tc2u3L+Ke/hw0nby041zfFZ8rN5WwBk7AAAhAAhAAAAAAAAAApQApQAAAAAAAAA7zvADvO8AKUAKUAKUAKUAAACABCABCABCABAAAAAAAAAAAB43crjjbrpymvdr+x70YsmUsvGXhYTi8jZ1Ny6fbn6Okty7bx48eGtmt92vLkiY+qZXDK2ayeaTKTTjjh5vy34+3Fst3MZcNMdzbv8GfOfHjr7pp8Xr/lY4Y657NxxnP8AJZpy7+7uevXfW9VjZUnC49TjcdyS8csfLePCWxF28bjrhzmOVxxvu/dy1+L3ubuWedx2tMZ5ZbnONsy7uz8WMcZjNJ7e338XHls/Pq60l7ZPE0QOq9V2untww+vOcLJynjf2MJLemluO0/mKPDHr+uvmxtwxvKz6Z+2pm50d6Xbuee9uZZ8seNv1Xl9Pb8exp/P55cfZYaPGcylm5t6XLHXhe2ds93Z+DMx3s+OO3p/Plp+Gqs6j1TPYz8uU287/AHMrw8eBrptLmLdosMsem63c45aZWaXDLhdey8e7Wzhw4t2PQTG53zX6pZ4a/jp2dyjx6jq+vsmG3j5LeFuOsnxy4fZFlt/rbV/T3rLPL5r+n5sbLPC9vZppyvBt9sds8Z6S8OgmGeOcyumMnDw17dffre9ien+XLzTL+PLc0s/tfOacL2d1R9vHcyxn6mWWM5yTO68ePHLn7tNbJ72ybdxusyz4d+5lfml8uq/Sk9O8s1y3LNLjlbppxmvHu1uv3PG3lMcLtbGXmxty+rT6Z5rrz7dOXDn2tmeGOf55L48XrTg4vl/zFmnuxjjMZMZyk0jIMGgAAAAAAAAAAAAAAHM5gBzOYAAAAAAAAAfM+YAfM+YAczmAHM5gBzOYAczmAAAByADkcgA5HIAORyADkfIAPkfIAPkAAAAAAAHMIAACPNnLb3P1McpNvTTLHTSSe6/t76r+p9a8tuOxjrp/Fly+E/el+qzXp7PNMe3jefu9v3ofoW3sZ+bzyXclnl83d3xvpJZ9tuXFuLiM7HQ9Z1f1b+dxwy5468/8PKe2sWnT+ndPsSTHCWz+LLjdUrKZWaY3S96L0HUXdmeOX+3ncJe+Tlr73aM9TuYbWWP6m7cJlwxnDTh79Pmreu9awymmxLbLMvNeE4fej+uXLLenO4SaTu17fj3rXofTtnZwxysmed0vm5/YvE5c98K7Z6fr+r+rczywxvfdP8s0+9ZbHpPTbE/L5r358f3fcmbmVxxtxmt7J7djz0+eO7t45bd82NnC95m1cSPWW5jhpLdNeEiFvdJeo387hnlhnMcLjljf5uc7Wd/Z3d3qNrc2L9OOsz46Sz5+3JM/4OOW7N/PXzyaTS6TT5/EkS1Wzd6npfp6rDXH/u4cv8X7UzGzKTLG6zss5LCzXheMQOr6PHb2rudPPJlhrn5ceEy91nK6/a528WeYs39wa+m35v7eO7jNJlOTY81mK1AAAAApQApQAAAIAEIAEIAEIAEIAAAAAAAAAAAAAEIAEIAAAAAAAAAAAAAAAAAAAAAAAAAAAADGsk1vCTtapN7qeGxpht3/AHMuOv8ALPnfhrwrZsdP+tnnnuaZbc+nHHs4c7e+69/LRY6dz0ePx+tZ7bekQZ0fTdNhM97TK4/7m7xv235Oe9NzmXXTKcdbn+Fddnt47k8ucmU7rNUXD0zpsN2b2GExyndwn2cm2PZnl682vCcb7jY6PHa1vblbldOWt/H4pGX0TXGa6dkcp6j6h1uWdmXm2sZdJJrP83b+CSSdrblYeu9VszZ/4+Nnn1x+nHs09uR6Fncunst10y0n2RT9H6bv9bfNjNMbzzy9uLqej9O2ulw8mOt15+bj93JbMkuGeOfDGazvvJnpuhw6bbm1jrcZ3pQTWRLcsaaMg6QYvGIHqfW7fT7Vnm0z4aYy/VzVuz/UG5u7+OHkkwysx07eN011Bv8ATtcdvLDswz3MZ8KlonRc973buaW8O/6r0a9AMuVYAAAAAAAAAAAAAAAAAAAAAAAAAAAAAAAAAAAAAAAAAAAAAAAAAAAAAAAAAAAAJzOwBTdfv5Y9Nj5LZ/q7nK6crWvpvXuo2ZMdzTcnv4X7Wvrbr0+3f7+9/wDJXPdr0897df03rnTb/DK+TLuz/asplLNY+fPW3u57N823lcb3yukfQDSOY6X+odzDTHfx80/tY8L+/wC50HTdVt9Vh59q6z8EG/QBQAAAByPqPSbm71m55MbZrjreyayLXofQ9vYym7uXz5zjj2Sfv+Kx62T9HL4fjEhyqk6Lnv8A/mzS0Xovzb//AJc0p5N/1W+vQGgzUAUAAAAAAAAAAAAAAAAAAAAAAAAAAAAAAAAAAAAAAAAAAAPEAPE8QA8QAAAAAAAAAADsCMzmDnOqn/5drScJnuzv7e9XrHqpJ0uEknDd3J7e18Vc92vTz0AdIOj/AKa/JufzT8HOOk/pr8m5/NPwQXwCgADR1PUTp8ZnZbNZLp2a9t907Vdh61s7+/ht43KTzc9OGWvCTv58mz1jek6bcwxv1SY6z3W6OX6THXf25354/ig7TrP+jl8Pxje0buzrtfp7c05SeEbsspjLlldJONtBUdJNLu3v3c0lq2LLjcpyyyzynhcrp9vNteLf9V6J0UByoAAAAAAAAeAAeB4AB4HgAAAAAAAAAAAAAAAAAHgeBzOYHgeBzOYAAAAAAAAAAAAAAAAAAAAAAAAAAB2gCl6/buPTXXs3sv8ANNVOv+svn/U6fPTGZ3HPbzv5dZJwt+Cj3NrPb/NNNeV7L4Xt+D2aXiMNpy8ANHI6X+mv+lufzfJzTp/6bn+jnf7/AMoguwFAAGvd2sd3DLDKcMppUDpfSen6K3e1tsn5s7OHt3vXUeq7OEuO1/q7nZjt/V9tQLsdT1t16vLy4f8Aaw+ftfg422mvbqS3pP3/AFXbxlx2J+rn3YcZx5a5ckPLpuo6nKZdTufTLrdrCfT4e/4xL29vHbxmGE0xnZHvm8+3kt64jSaSdsEBk7CAAAAAAAAAAAAAAABSgBSgAAAAAAAAAAAABSgBSgBSgBSgAAAQAIQAIQIBCEIBDuIAdx3AB3AAAAAAAADLAMxG3ulm5LJw83PG8cb8OGnjLOPPVIFzZ0Yc71Hp9w82WM007MrwnLlneGU+y9+qBlhljp5pZrNZq7G8EPe6DHKWbfCc/JnPNhr+OP8Ahsba+X02Z3T2czydT/Ts06fL+e/hFXv+lzHG563b07Mp5sfhcdbp/NNe9eej7U2enmPmmWtuWuN1nFvNpemeMLEQ8/UtjHK7eN82c/hwmv7p8ar9ydV1nDdy/S2/7GF+q+OSXeTsktT9/wBU2Nrhjl+pn2Ybf1X7lbubXV9b/wD0Zfpbf/bw5/G/+s9yXtbOGzj5duTGe5sYbeW3rhrNJ6te1s4bOPk25MZ7mzQGLsAAoABPkAAAAAAAAAAAAAAAAAAAAAAAAAAAAAAAAAAAAQgAQgAAAAAAAFAClACgAAAAAAAAAAAAAAAACv3/AEna38/1JbjbePl9vbmsOQstnM4LMtXT9Nh02H6e3NJ2++tpBLzyAAFDsAAEAKKAAAAAAAAAAAAAAAAAAAAAAAAAAAAAAAAAAAAAAAAAAAAAAAAAAAAAAAAAAAAAAAAACAAoAAAAAAAAAIACgAAAD//Z', 1466422463038016, 1645929520641, 1645929520641, 0);
INSERT INTO attachments (userId, resourceId, size, width, height, name, mime, id, createdAt, updatedAt, version) VALUES (1466422463037472, 1466422463038016, 5082, 640, 360, 'img-2', 'image/jpeg', 1466422463038048, 1645929520641, 1645929520641, 0);
INSERT INTO resources (hash, encoding, content, id, createdAt, updatedAt, version) VALUES ('a1b2369523a030c91bda13dcf872c04b29542589ac2f920a91fee34dfe00a5c4', 'BASE64', '/9j/4QAYRXhpZgAASUkqAAgAAAAAAAAAAAAAAP/sABFEdWNreQABAAQAAAAKAAD/4QMsaHR0cDovL25zLmFkb2JlLmNvbS94YXAvMS4wLwA8P3hwYWNrZXQgYmVnaW49Iu+7vyIgaWQ9Ilc1TTBNcENlaGlIenJlU3pOVGN6a2M5ZCI/PiA8eDp4bXBtZXRhIHhtbG5zOng9ImFkb2JlOm5zOm1ldGEvIiB4OnhtcHRrPSJBZG9iZSBYTVAgQ29yZSA1LjUtYzAxNCA3OS4xNTE0ODEsIDIwMTMvMDMvMTMtMTI6MDk6MTUgICAgICAgICI+IDxyZGY6UkRGIHhtbG5zOnJkZj0iaHR0cDovL3d3dy53My5vcmcvMTk5OS8wMi8yMi1yZGYtc3ludGF4LW5zIyI+IDxyZGY6RGVzY3JpcHRpb24gcmRmOmFib3V0PSIiIHhtbG5zOnhtcD0iaHR0cDovL25zLmFkb2JlLmNvbS94YXAvMS4wLyIgeG1sbnM6eG1wTU09Imh0dHA6Ly9ucy5hZG9iZS5jb20veGFwLzEuMC9tbS8iIHhtbG5zOnN0UmVmPSJodHRwOi8vbnMuYWRvYmUuY29tL3hhcC8xLjAvc1R5cGUvUmVzb3VyY2VSZWYjIiB4bXA6Q3JlYXRvclRvb2w9IkFkb2JlIFBob3Rvc2hvcCBDQyAoTWFjaW50b3NoKSIgeG1wTU06SW5zdGFuY2VJRD0ieG1wLmlpZDpDRDQ2NTJFMjQyMDQxMUU5OTk4RkJCNjMyNTY5RTk2QSIgeG1wTU06RG9jdW1lbnRJRD0ieG1wLmRpZDpDRDQ2NTJFMzQyMDQxMUU5OTk4RkJCNjMyNTY5RTk2QSI+IDx4bXBNTTpEZXJpdmVkRnJvbSBzdFJlZjppbnN0YW5jZUlEPSJ4bXAuaWlkOkNENDY1MkUwNDIwNDExRTk5OThGQkI2MzI1NjlFOTZBIiBzdFJlZjpkb2N1bWVudElEPSJ4bXAuZGlkOkNENDY1MkUxNDIwNDExRTk5OThGQkI2MzI1NjlFOTZBIi8+IDwvcmRmOkRlc2NyaXB0aW9uPiA8L3JkZjpSREY+IDwveDp4bXBtZXRhPiA8P3hwYWNrZXQgZW5kPSJyIj8+/+4ADkFkb2JlAGTAAAAAAf/bAIQAFBAQGRIZJxcXJzImHyYyLiYmJiYuPjU1NTU1PkRBQUFBQUFERERERERERERERERERERERERERERERERERERERAEVGRkgHCAmGBgmNiYgJjZENisrNkREREI1QkRERERERERERERERERERERERERERERERERERERERERERERERERE/8AAEQgBaAKAAwEiAAIRAQMRAf/EAHQAAQADAQEAAAAAAAAAAAAAAAABAwQCBQEBAQEBAQEAAAAAAAAAAAAAAAECBAMFEAEAAgIAAwgDAQEAAAAAAAAAAQIRA1GRBCExQXESUjMU0TITYUIRAQEAAgICAgMAAAAAAAAAAAABEQIhEjEDQVFhMhP/2gAMAwEAAhEDEQA/APYAafSAAAAAAAAAAAAAAAAAAAAAAAAAAAAAAAAAAAAAAAAAAAAAAAAAAAAAAAAAAAAAAAAAAAAAAAAAAAAAAAAAAAAAAAAAAAAAAAAAAAAAAAAAAAAAAAAAAAAAAAAAAAAAAAAAAAAAAAAAAAAAAAAAAAAAAAAAAAAAAAAAAAAAAAAAAAAAAAAAAAAAAAAAAAAAAAAAAAAAAAAAAAAAAAAAAAAAAAAAAAAAAAAAAAAAAAAAAAAAAAAAAAAAAAAAAAAAAAAAAAAAAAAAAAAAAAAAAAAAAAAAAAAAAAAAAAAAAAAAAAAAAAAAAAAAAAAAAAAAAAAAAAAAAAAAAAAAAAAAAAAAAAAAAAAAAAAAAAAAAAAAAAAAAAAAAAAAAAAAAAAAAAAAAAAAAAAAAAAAAAAAAAAAAAAAAAAAAAAAAAAAAAAAAAAAAAAAAAAAAAAAAAAAAAAAAAAAAAAAAAAAAAAAAAAAAAAAAAAAAAAAAAAAAAAAAAAAAAAAAAAAAAAAAAAAAAAAAAAAAAAAAAAAAAAAAAAAAAAAAAAAAAAAAAAAAAAAAAAAAAAAAAAAAAAAAAAAAAAAAAAAAAAAAAAAAAAAAAAAAAAAAAAAAAAAAAAAAAAAAAAAAAAAAAAAAAAAAAAAAAAAAAAAAAAAAAAAAAAAAAAAAAAAAAAAAAAAAAABMW9M55u7a5zivbHgjPbF5Vi6OmvPgi3T3jwVO+v2qFlY9GbT4d3mr7xqXIAKAAAAAAAAAAAAAAAAAAAAAAAAAAAAAAAAAAAAAAAAAAAAAAAAAAAAAAAAAAAAAAAAAAAAAAA71U9dogS3Eyt6fp/X227m+tYrGI7iIxGIZ9Oi2u82m0zlHFtt25y0gIw4vrrsjEvP3aZ1T/jVXReNs7JtOOGVu2nrrMK9NN+t/DywmMTgV2gAAAAAAAAAAAAAAAAAAAAAAAAAAAAAAAAAAAAAAAAAAAAAAAAAAAAAAAAAAAAAAAAAAACEu9VPXaIEtxy4W9Nsprtm8xEY8W/+FMYwzatVY2zWYiYiEeF9k21sXfc0e+vM+5o99ebv+NPbHI/jr9schz8K/uaPfXmfc0e+vNZ/HX7Y5H8dftjkhwr+5o99eZ9zR7683f8AHXH/ADHJzOqntjkpww7Ji1pms5iXDTXVFtk8I8F9tVLRjA6v6TXEeeExjsFewAAAAAAAAAAAAAAAAAAAAAAAAAAAAAAAAAAAAAAAAAAAAAAAAAAAAAAAAAAAAAAAAAAu6b5IUrum+SBnf9a9Jmp89vL8NLLT57eX4Rxa/LUgRM4RlKJthzNuDkEzOUQhMAp1/JZdCjX8ll8De3mPOt3z5oTbvnzQ07Z4ABQAAAAAAAAAAAAAAAAAAAAAAAAAAAAAAAAAAAAAAAAAAAAAAAAAAAAAAAAAAAAAAABd03yQpMzHbE4niJtMzD2GWnz28vwo+9sxj0xnjnsT0kzN5mZzOEck0sltbpthxM5Jco8koAEJhBAKtfyWXQxbL217JtXlxTbq72j01r6Z45V7XS2yq7d8+aAV1zwAAAAAAAAAAAAAAAAAAAAAAAAAAAAAAAAAAAAAAAAAAAAAAAAAAAAAAAAAAAAAAAAAAAAOte2dU+qIzxhyCWZmGyvV6tkxWJ7Z8FrFp/ePNtZce+s1qvZvpqxF5xlNNldkeqk5juU9T3x5O+m/SfMLpOvZZPYpnrNUfrOZ4RErp7pYBfXpNibTacz3yA07JMcAAAAAAAAAAAAAAAAAAAAAAAAAAAAAAAAAAAAAAAAAAAAAAAAAAAAAAAAAAAAAAAAAAAAAACEgO9U4vGeLdMdrzp4Oo37qxiLRj/Y7Uw8PZpdvC7qpj1RHCHXTfrMeOWSI4zmeMpi1qz6qTiRbpevX5b7dkTM8GAtfZs/eezhEYBfXpdfIAr1AAAAAAAAAAAAAAAAAAAAAAAAAAAAAAAAAAAAAAAAAAAAAAAAAAAAAAAAAAAAAAAAAAAAAAAAAAAAAAAAAAAAAAAAAAAAAAAAAAAAAAAAAAAAAAAAAAAAAAAAAAAAAAAAAAAAAAAAAAAAAAAAAAAAAAAAAAAAAAAAAAAAAAAAAAAAAAAAAAAAAAAAAAAAAAAAAAAAAAAAAAAAAAAAAAAAAAAAAAAAAAAAAAAAAAAAAAAAAAAAAAAAAAAAAAAAAAAAAAAAAAAAAAAAAAAAAAAAAAAAAAAAAAAAAAAAAAAAAAAAAAAAAAAAAAAAAAAAAAAAAAAAAAAAAAAAAAAAAAAAAAAAAAAAAAAAAAAAAAAAAAAAAAAAAAAAAAAAAAAAAAAAAAAAAAAAAAAAAAAAAAAAAAAAAAAAAAAAAAAAAAAAAAAAAAAAAAAAAAAAAAAAAAAAAAAAAAAAAAAAAAAAAAAAAAAAAAAAAAAAAAAAAAAAAAAAAAAAAAAAAAAAAAAAAAAAAAAAAAAAAAAAAAAAAAAAAAAAAAAAAAAAAAAAAAAAAAAAAAAAAAAAAAAAAAAAAAAAAAAAAAAAAAAAAAAAAAAAAAAAAAAAAAAAAAAAAAAAAAAAAAAAAAAAAAAAAAAAAAAAAAAAAAAAAAAAAAAAAAAAAAAAAAAAAAAAAAf/Z', 1466422463038080, 1645929520641, 1645929520641, 0);
INSERT INTO attachments (userId, resourceId, size, width, height, name, mime, id, createdAt, updatedAt, version) VALUES (1466422463037472, 1466422463038080, 3102, 640, 360, 'img-3', 'image/jpeg', 1466422463038112, 1645929520642, 1645929520642, 0);
INSERT INTO resources (hash, encoding, content, id, createdAt, updatedAt, version) VALUES ('0f184778fdd4273749c379b248de0413607a81930ecf71521b715cf700fb9c6d', 'BASE64', '/9j/4QAYRXhpZgAASUkqAAgAAAAAAAAAAAAAAP/sABFEdWNreQABAAQAAAAKAAD/4QMsaHR0cDovL25zLmFkb2JlLmNvbS94YXAvMS4wLwA8P3hwYWNrZXQgYmVnaW49Iu+7vyIgaWQ9Ilc1TTBNcENlaGlIenJlU3pOVGN6a2M5ZCI/PiA8eDp4bXBtZXRhIHhtbG5zOng9ImFkb2JlOm5zOm1ldGEvIiB4OnhtcHRrPSJBZG9iZSBYTVAgQ29yZSA1LjUtYzAxNCA3OS4xNTE0ODEsIDIwMTMvMDMvMTMtMTI6MDk6MTUgICAgICAgICI+IDxyZGY6UkRGIHhtbG5zOnJkZj0iaHR0cDovL3d3dy53My5vcmcvMTk5OS8wMi8yMi1yZGYtc3ludGF4LW5zIyI+IDxyZGY6RGVzY3JpcHRpb24gcmRmOmFib3V0PSIiIHhtbG5zOnhtcD0iaHR0cDovL25zLmFkb2JlLmNvbS94YXAvMS4wLyIgeG1sbnM6eG1wTU09Imh0dHA6Ly9ucy5hZG9iZS5jb20veGFwLzEuMC9tbS8iIHhtbG5zOnN0UmVmPSJodHRwOi8vbnMuYWRvYmUuY29tL3hhcC8xLjAvc1R5cGUvUmVzb3VyY2VSZWYjIiB4bXA6Q3JlYXRvclRvb2w9IkFkb2JlIFBob3Rvc2hvcCBDQyAoTWFjaW50b3NoKSIgeG1wTU06SW5zdGFuY2VJRD0ieG1wLmlpZDowRjdGRjEzMzQyMDYxMUU5OTk4RkJCNjMyNTY5RTk2QSIgeG1wTU06RG9jdW1lbnRJRD0ieG1wLmRpZDowRjdGRjEzNDQyMDYxMUU5OTk4RkJCNjMyNTY5RTk2QSI+IDx4bXBNTTpEZXJpdmVkRnJvbSBzdFJlZjppbnN0YW5jZUlEPSJ4bXAuaWlkOjBGN0ZGMTMxNDIwNjExRTk5OThGQkI2MzI1NjlFOTZBIiBzdFJlZjpkb2N1bWVudElEPSJ4bXAuZGlkOjBGN0ZGMTMyNDIwNjExRTk5OThGQkI2MzI1NjlFOTZBIi8+IDwvcmRmOkRlc2NyaXB0aW9uPiA8L3JkZjpSREY+IDwveDp4bXBtZXRhPiA8P3hwYWNrZXQgZW5kPSJyIj8+/+4ADkFkb2JlAGTAAAAAAf/bAIQAFBAQGRIZJxcXJzImHyYyLiYmJiYuPjU1NTU1PkRBQUFBQUFERERERERERERERERERERERERERERERERERERERAEVGRkgHCAmGBgmNiYgJjZENisrNkREREI1QkRERERERERERERERERERERERERERERERERERERERERERERERERE/8AAEQgBaAKAAwEiAAIRAQMRAf/EAIoAAQACAwEAAAAAAAAAAAAAAAAEBQEDBgIBAQADAQEBAAAAAAAAAAAAAAABAgMEBQYQAQACAQIEBAMGBgIDAAAAAAABAgMRBCExEgVBUSITYXEy8IGRobFC0VJyIzMUwZIVBhYRAQACAgICAQMEAwAAAAAAAAABAhEDIRIxBEFRIhPwYcFC0TIj/9oADAMBAAIRAxEAPwC4AVYAAAAAAAAAAAAAAAAAAAAAAAAAAAAAAAAAAAAAAAAAAAAAAAAAAAAAAAAAAAAAAAAAAAAAAAAAAAAAAAAAAAAAAAAAAAAAAAAAAAAAAAAAAAAAAAAAAAAAAAAAAAAAAAAAAAAAAAAAAAAAAAAAAAAAAAAAAAAAAAAAAAAAAAAAAAAAAAAAAAAAAAAAAAAAAAAAAAAAAAAAAAAAAAAAAAAAAAAAAAAAAAAAAAAAAAAAAAAAAAAAAAAAAAAAAAAAAAAAAAAAAAAAAAAAAAAAAAAAAAAAAAAAAAAAAAAAAAAAAAAAAAAAAAAAAAAAAAAAAAAAAAAAAAAAAAAAAAAAAAAAAAAAAAAAAAAAAAAAAAAAAAAAAAAAAAAAAAAAAAAAAAAAAAAAAAAAAAAAAAAAAAAAAAAAAAAAAAAAAAAAAAAAAAAAAAAAAAAAAAAAAAAAAAAAAAAAAAAAAAAAAAAAAAAAAAAAAAAAAAAAAAAAAAAAAAAAAAAAAAAAAAAAAAAAAAAAAAAAAAAAAAAAAAAAAAAAAAAAAAAAAAAAAAAAAAAAAAAAAAAAAAAAAAAAAAAAAAAAAAAAAAAAAAAAAAAAAAAAAAAAAAAAAAAAAAAAAAAAAAAAAAAAAAAAAAAAAAAAAAAAAAAAAAAAAAAAAAAAAAAAAAAAAAAAAAAAAAAAAAAAAAAAAAAAAAAAAAAAAAAAAAAAAAAAAAAAAAAAAAAAAAAAAAAAAAAAAAAAAAAAAAAAAAAAAAAAAAAAAAAAAAAAAAAAAAAAAAAAAAAAAAAAAAAAAAAAAAAAAAAAAAAAAAAAAAAAAAAAAAAAAAAAAAAAAAAAAAAAAAAAAAAAAAAAAAAAAAAAAAAAAAAAAAAAAAAAAAAAAAAAAAAAAAAAAAAAAAAAAAAAAAAAAAAAAAAAAAAAAAAAAAAAAAAAAAAAAAAAAAAAAAAAAAAAAAAAAAAAAAAAAAAAAAAAAAAAAAAAAAAAAAAAAAAAAAAAAAAAAAAAAAAAAAAAAAAAAAAAAAAAAAAAAAAAAAAAAAAAAAAAAAAAAAAAAAAAAAAAAAAAAAAAAAAAAAAAAAAAAAAAAAAAAAAAAAAAAAAAAAAAAAAAAAAAAAAAAAAAAAAAAAAAAAAAAAAAAAAAAAAAAAAAAAAAAAAAAAAAAAAAAAAAAAAAAAAAAAAAAAAAAAAAAAAAAAAAAAAAAAAAAAAAAAAAAAAAAAAAAAAAAAAAAAAAAAAAAAAAAAAAAAAAAAAAAAAAAAAAAAAAAAMXvFIm1p0iBOM8Mivnu2OJ0iszHmm4stcteuk6xKZiY8tb6dmuO164iXsBDEAAAAAAAAAAAAAAAAAAAAAAAAAAAAAAAAAAAAAAAAAAAAAAAAAAAAAAAAAAAAAABB3ncIwz0UjW3j8ExEz4aa9dtlutIzKcK7ab7Jmv0TXq/p5wsSYmPKdmq2qet/IAhkAAAATOjRXeYbW6ItGrbTd7fHlnHuNNJrrx5OczTSb2nH9Gs9PyXrXPl6Hrep+WJ75rxmsulbdjucNr5MdpiLV/m8ldhy5ce39zLWdYj0zMfV5KO0zadZ4zPFNa+VtHqd5vFp/14iYb957fv39r6Oqel72Oe2HJpGs1n6oj9UV0v/rnt+1fT/J1cfl4NLcQ9P2JimmYtHaPD2Nm6mlM3RE8Zjq0a3O+bmJjyACAAAAAAAAAAAAAAAAAAAAAAAAAAAAAAAAAAAAAAAAAAAAAAAAAAAAAAAAAAAAHnJ7nTPtVm19OEQ5vJS9LTXJExbx15uv7Xlx5q3tSdZiemVD3zNTNuf7fHpiKzPxa044ev6MzS065r58z9GOz7zFtslve+m0aa+Sdi3tdxltFPp/b8fNz6Vsa5LZI9qNbRxWtXPLp9r1q2i23+2F8Hzb9vrrM1jW0RwYPAaBti2XLGu4p0erSJ84es05otFIxx7fHqn+UThoZrWbTERzlhjFvsO3zdOWdPTrEkRlNKTecVjKl7ptr7fPMZJi029UTHkj222WtPcmlop/NMcErfb6u63MZtPRWYiInxiJ/5X+77ngnbWvjtW0zGkV+fwdGZiIe9O3Zrrqr0zM8SlbLLO4xVzTHTrHJyPcYrG5yRTl1TyWv/wBBFcEUpWfdiOnX9sfFQTMzOs8ZlFYxKvq6bUte9o6x4iHvFivltFMcTa0+EPdb5tnk9OtLxzS+z7ym0zTbJ9No6dfJju+7x7rP14vpiIrr5rfOPh0za07PxTT/AJ48o9cufcZovEzbLMxo6K1LY56b8/HRzODLbDkrkp9VZ1hdbfuV97knriI0jhopeHD72qZiLViOtISgGLxQAAAAAAAAAAAAAAAAAAAAAAAAAAAAAAAAAAAAAAAAAAAAAAAAAAAAAAAAAB5z7XJuMN/anSY/P4PSJXcbrNnvtMFois85mOUacVqxy6NFJtbtGI6fdOVJXJan0zMa89J0WPZNlTdZp9yNa0jXTzmUffduy7G0RfSaz9Noe+27rJsrzmrWbY/pv5fi3nmOHv7J76rW0zzbxK67z2/D7E5aVitqeXDgruwZKxntjt++ukfcdy7zO8p7WOs1rztrzlVUm1bRNNeqOMaKxE4xLHVpvOi2vbxM+P2dZuMfRLVFprOscJU+bu2fcVit9I6eOsRpM6Lenr008dPzZWjDx92m2qY7fKXk1vniJ5cGnJlveZiZnTXkmzj/AL9beEQrrc5+arGWELLsYz7mlr/454W+7+KaJicLa9ltU9qecYVve9rhwXrXBXSdPVEcvgq4pPHhP4O6vaa9No0ikcbzPlp4FZ9ydY0nHMcNOerSLvRp7k1pFJjMx85UPZO24c9Jy5o6p16YrPgr+7bfHt9zamL6dInTy+DrK44pk0rw1jih5+2bLriMkaXvM6eqdZki3OTX7WNk7L56z/VyJETadIjWZ8IdZfsmypHVaNI85s34O2bfaWjJjiYty1181u8Oqfepj7YnKn7Jmwbabxn9OXWIjq/Rp3N7bDd3maxpf1aRPhK17vtYtivkxVjriNb3nnpHk5e2Sb21vM2n4z4Ec8q6qxvm2yfFoxav+HSUvGSsWrxiXppnfbW1qY9vGkTHLTTSfJuYzGHjbKTScTEx9MgCGQAAAAAAAAAAAAAAAAAAAAAAAAAAAAAAAAAAAAAAAAAAAAAAAAAAAAAAAA0UmdruP9msTato6bxHP5w3sxE2nSOMpicNKXmk8fPEwjdy3f8A5KsYNrWbTX12mY0/Vo2vcse32l9tkrPX6o0056+fydLjw1rWImI10YnbYpnWaVmf6YXz8O2u+vWNc0+2Jz55y4KIlc9jyVxXtHDrtEdM/q6WNvijlSv/AFh7ila8oiEzbLXb7c7KzTriJc9v9pbcZazSOM/XOn24rTa7WaR1TwmI9MSnMqOK1ptERPivhBjPn4zetYrHjE6oSXvM3VPRXlHP5oissLDzkiZjSvN6BV6xb+2Ont5adURwbKdzx446a0mI+5pDK3aW/Dv/AHc8cNInhzT8lIn+5MazWJmvDkocmK2vVVIp3HPjjS0RPzhOVot9UzbWjfYZjPWJjVM6OGk8dFVXus1jSKR+LzbuuWfpiI/MyntCHuN5utzTNhx01rEz1W+Hl9vB6wZdj/o9N+nq6Z1j93V8EradWT3YtEz1xrMR6dZ5c2Y7HtJtpEW0059f5NImHdTdrmvWYmkROY6/yrdjtLYNvO/i0dVYtpWY1jy4/FPpMzWJnnMQ3bjYYcNa9NeXD7fH4tSlpy5vY2/knP6x9ABVygAAAAAAAAAAAAAAAAAAAAAAAAAAAAAAAAAAAAAAAAAAAAAAAAAAAAAAANWXLNJ0hO2m+w6RW3pt+U/eizWLcJa5wVnlwExOF/ExMaxxhlz9KZMf0WmG339zH7/t+Ccr9l2KSNzuo/dH5E7ncz+6I+RlPaF1a0VjWZ0hWbnuUR6cXHzt/BCvTJk43tr8yNvHjJlWbNtbRaNYZYrEVjSGUKAAAAAAGgAMRN6W66Tx5aTye6bjJjnWlKRM+UPIJyxlvlzzE5JiIjlEMgAAIAAAAAAAAAAAAAAAAAAAAAAAAAAAAAAAAAAAAAAAAAAAAAAAAAAAAAAAAAAAAAAAAAAAAAAAAAAAAAAAAAAAAAAAAAAAAAAAAAAAAAAAAAAAAAAAAAAAAAAAAAAAAAAAAAAAAAAAAAAAAAAAAAAAAAAAAAAAAAAAAAAAAAAf/9k=', 1466422463038144, 1645929520642, 1645929520642, 0);
INSERT INTO attachments (userId, resourceId, size, width, height, name, mime, id, createdAt, updatedAt, version) VALUES (1466422463037472, 1466422463038144, 4338, 640, 360, 'img-4', 'image/jpeg', 1466422463038176, 1645929520642, 1645929520642, 0);
INSERT INTO resources (hash, encoding, content, id, createdAt, updatedAt, version) VALUES ('74320ce02334225a6b65279fe6714f2b12b65dfb5650de0102b2428288176119', 'BASE64', '/9j/4QAYRXhpZgAASUkqAAgAAAAAAAAAAAAAAP/sABFEdWNreQABAAQAAAAKAAD/4QMsaHR0cDovL25zLmFkb2JlLmNvbS94YXAvMS4wLwA8P3hwYWNrZXQgYmVnaW49Iu+7vyIgaWQ9Ilc1TTBNcENlaGlIenJlU3pOVGN6a2M5ZCI/PiA8eDp4bXBtZXRhIHhtbG5zOng9ImFkb2JlOm5zOm1ldGEvIiB4OnhtcHRrPSJBZG9iZSBYTVAgQ29yZSA1LjUtYzAxNCA3OS4xNTE0ODEsIDIwMTMvMDMvMTMtMTI6MDk6MTUgICAgICAgICI+IDxyZGY6UkRGIHhtbG5zOnJkZj0iaHR0cDovL3d3dy53My5vcmcvMTk5OS8wMi8yMi1yZGYtc3ludGF4LW5zIyI+IDxyZGY6RGVzY3JpcHRpb24gcmRmOmFib3V0PSIiIHhtbG5zOnhtcD0iaHR0cDovL25zLmFkb2JlLmNvbS94YXAvMS4wLyIgeG1sbnM6eG1wTU09Imh0dHA6Ly9ucy5hZG9iZS5jb20veGFwLzEuMC9tbS8iIHhtbG5zOnN0UmVmPSJodHRwOi8vbnMuYWRvYmUuY29tL3hhcC8xLjAvc1R5cGUvUmVzb3VyY2VSZWYjIiB4bXA6Q3JlYXRvclRvb2w9IkFkb2JlIFBob3Rvc2hvcCBDQyAoTWFjaW50b3NoKSIgeG1wTU06SW5zdGFuY2VJRD0ieG1wLmlpZDpCODQ5NDA2MjQyMDUxMUU5OTk4RkJCNjMyNTY5RTk2QSIgeG1wTU06RG9jdW1lbnRJRD0ieG1wLmRpZDpCODQ5NDA2MzQyMDUxMUU5OTk4RkJCNjMyNTY5RTk2QSI+IDx4bXBNTTpEZXJpdmVkRnJvbSBzdFJlZjppbnN0YW5jZUlEPSJ4bXAuaWlkOkI4NDk0MDYwNDIwNTExRTk5OThGQkI2MzI1NjlFOTZBIiBzdFJlZjpkb2N1bWVudElEPSJ4bXAuZGlkOkI4NDk0MDYxNDIwNTExRTk5OThGQkI2MzI1NjlFOTZBIi8+IDwvcmRmOkRlc2NyaXB0aW9uPiA8L3JkZjpSREY+IDwveDp4bXBtZXRhPiA8P3hwYWNrZXQgZW5kPSJyIj8+/+4ADkFkb2JlAGTAAAAAAf/bAIQAFBAQGRIZJxcXJzImHyYyLiYmJiYuPjU1NTU1PkRBQUFBQUFERERERERERERERERERERERERERERERERERERERAEVGRkgHCAmGBgmNiYgJjZENisrNkREREI1QkRERERERERERERERERERERERERERERERERERERERERERERERERE/8AAEQgBaAKAAwEiAAIRAQMRAf/EAHkAAQACAwEAAAAAAAAAAAAAAAADBAECBQYBAQEBAQAAAAAAAAAAAAAAAAACAQMQAQACAQIEAwYFBAEFAAAAAAABAgMRMSFBEgRRYdFxgZEiMlLwoUITBbHB4RTSYnIjM0MRAQEBAQEBAAAAAAAAAAAAAAABEQJRMf/aAAwDAQACEQMRAD8A7ADq4gAAAAAAAAAAAAAAAAAAAAAAAAAAAAAAAAAAAAAAAAAAAAAAAAAAAAAAAAAAAAAAAAAAAAAAAAAAAAAAAAAAAAAAAAAAAAAAAAAAAAAAAAAAAAAAAAAAAAAAAAAAAAAAAAAAAAAAAAAAAAAAAAAAAAAAAAAAAAAAAAAAAAAAAAAAAAAAAAAAAAAAAAAAAAAAAAAAAAAAAAAAAAAAAAAAAAAAAAAAAAAAAAAAAAAAAAAAAAAAAAAAAAAAAAAAAAAAAAAAAAAAAAAAAAAAAAAAAAAAAAAAAAAAAAAAAAAAAAAAAAAAAAAAAAAAAAAAAAAAAAAAAAAAAAAAAAAAAAAAAAAAAAAAAAAAAAAAAAAAAAAAAAAAAAAAAAAAAAAAAAAAAAAAAAAAAAAAAAAAAAAAAAAAAAAAAAAAAAAAAAAAAAAAAAAAAAAAAAAAAAAAAAAAAAAAAAAAAAAAAAAAAAAAAAAAAAAAAAAAAAAAAAAAAAAAAAAAAAAAAAAAAAAAAAAAAAAAAAAAAAAAAAAAAAAAAAAAAAAAAAAAAAAAAAAAAAAAAAAAAAAAAAAAAAAAAAAAAAAAAAAAAAAAAAAAAAAAAAAAAAAAAAAAAAAAAAAAAAAAAAAAAAAAAAAAAAAAAAAAAAAAAAAAAAAAAAAAAAAAAAAAAAAAAAAAAAAAAAAAAAAAAAAAAAAAAAAAAAAAAAAAAAAAAAAAAAAAAAAAAAAAAAAAAAAAAAAAAAAAAAAAAAAAAAAAAAAAAAAAAAAAAAAAAAAAAAAAAAAAAAAAAAAAAAAAAAAAAAAAAAAAAAAAAAAAAAAAAAAAAAAAAAAAAAAAAAAAAAAAAAAAAAAAAAAAAAAAAAAAAAAAAAAAAAAAAAAAAAAAAAAAAAAAAAAAAAAAAAAAAAAAAAAAAAAAAAAAAAAAAAAAAAAAAAAAAAAAAAAAAAAAAAAAAAAAAAAAAAAAAAAAAAAAAAAAAAAAAAAAAAAAAAAAAAAAAAAAAAAAAAAAAAAAAAAAAAAAAAAAAAAAAAAAAAAAAAAAAAAAAAAAAAAAAAAAAAAAAAAAAAAAAAAAAAAAAAAAAAAAAAAAAAAAAAAAAAAAAAAAAAAAAAAAAAAAAAAAAAAAAAAAAAAAAAAAAAAAAAAAAAAAAAAAAAAAAAAAAAAAAAAAAAAAAAAAAAAAAAAA3x47ZJ0ruzjwze0VmJ6ZmeMbcPNmtxGl/wBfJx4cYjWPP3+qzHZ14RbWdJjTlPv8U2TNSs9MfNb7a8Z/x703pU59R/6tZpFZ4eOnP3+jl2yaW/brW1sn2RHH38ojzdfoyZPrnoj7a7/H0+KSlK446axoyVVkcz/U7itYvMRM86Ry9k8/yRRbX2xvE8nb0mVHvsP/ANq8vq84/wAf0bKm8+KYC0AAAAAAAAAAAAAAAAAAAAAAAAAAAAAAAAAAAAAAAAAAAAAAAAAAAAAAAAAAAAAAAAAAAEVte3RTTXTqmZ5R+OTAnhxlZwYK5MfXvM/Tx0hJh7HFpF5n9yd4mfp90bf1T/v1i0468bR+nx9nJNq5z607Xt/2tdbazPlpo3vmrS3TGtrfbX8cPex+3fJxvPTE/pp/y9NElKVxx00jSPCErR9GTL9c9MfbXf329PikpSuOOmkaR5N+MkRoBxk00ZY1BliZNNdwHI7jBPbTMxGuLxj9PlPl4S0iYmNY2dqY1c/P/H6TN8HCedJ+mfSVSovPiqNYtrM1mJraN6zu2WgAAAAAAAAAAAAAAAAAAAAAAAAAAAAAAAAAAAAAAAAAAAAAAAAAAAAAAAAAAAAAAAAX+xxdNOufqvx93L8ebk581YpaI4zpL0FLdVYtHONUdL5Q2xTSevFwmd68p9J8/iY8HXj0yRxtM2nyn2+SwJWr47Wrb9q868628Y9YTxGiPNj668OFo41nz/G7OLJGSvVt4x4SCRiZ0NzQDdjbZsA1teKRrM6HUq0pW2S3XxvG2v28tPxulzWmtJtExExGoJxrSeqsTtrDYEHcdrTuI+beNrRvDl5sd+2/9nGvK8f38P6O2xMRMaS2XGWa4osZ+wnH83b7c8c7e7w/oq1vFtY2mN4neFy652Y2AawAAAAAAAAAAAAAAAAAAAAAAAAAAAAAAAAAAAAAAAAAAAAAAAAAAAAAAAAABFly9HCN1e1ptvKXLinXqjigYExrweh7C/X2+Of+mHnlnte+ydrHRp1UjltMeyfX4ssVzcehFbt+9xdx9E/NzrPC3wWUOggvitWZyY9/1Vna3pPn8U4CPHmrkjhvG8TvCRDlw9c9VZ6bxtb+0+MGLNrPReOm/h4+cfjgCYAGmTFXJ9Ua6bI/9am86zp91plOAAAAAKH8jirpXJ+qLRGvlPJfc/v81bTGKJ1tE9VvLhzbGX4qAOjkAAAAAAAAAAAAAAAAAAAAAAAAAAAAAAAAAAAAAAAAAAAAAAAAAAAAAAAAAAIcmHXjXdMAoTw3F6axbeNUVu3ifpnRgqzETx5xtPNdwfyeXFwyf+Svwt6T+StbFau8NDGy49H2/d4u4jXHbWY3jnHthO8ppxi0cJjaY4TC/wBv/KZcXDNHXX7o+r0n8k2LnTuI8mKuSNLe6ecT5NcHc4+4jqx2ifHxj2wmSpXjJbFMUy7T9N/H2+E/lP5LDFqxaNLRrE8lf5u38bY/jNfWPzjzBZGK2i0axOsSyAAAxro0y5a4qze86RDlZ89+54T8uP7ec/8Ad6fFsmstxN3HfTk+TBOleeT/AI+u3hqrVrFY0hkXJjnboA1gAAAAAAAAAAAAAAAAAAAAAAAAAAAAAAAAAAAAAAAAAAAAAAAAAAAAAAAAAAAAAA1tjrbeGwCvbt5/TKK1ZrvC6MHP2t1VmYtG1o4S6GD+WyY/lzx1R99d/fHp8EdsNbeSG2C0bcSxsuPQYc+PPXqx2i0eSR5aItS3VWZrfxjhP+fe6OD+XtT5e4jWPvp/ePRFi506M47Ypm2Lad6ePs8J/KfzS48lcka19/l7WMWWmavXjmLRPOGnCM/DnXj7pYpOrdz3de3jTe8/TWN5Qdz3+kzjw8bc7cq/jwUq10mZmdbTvad5VIm9M2m2W37mWdbco5V9nqyC3MAAAAAAAAAAAAAAAAAAAAAAAAAAAAAAAAAAAAAAAAAAAAAAAAAAAAAAAAAAAAAAAAAAAAAAABiaxbhPFFbt4nbgmAVaYcmO3Vjnot91f7xzWb5c+WYi0xXh0zavP0ZGY3WK1isaVjSGQawAAAAAAAAAAAAAAAAAAAAAAAAAAAAAAAAAAAAAAAAAAAAAAAAAAAAAAAAAAAAAAAAAAAAAAAAAAAAAAAAAAAAAAAAAAAAAAAAAAAAAAAAAAAAAAAAAAAAAAAAAAAAAAAAAAAAAAAAAAAAAAAAAAAAAAAAAAAAAAAAAAAAAAAAAB//Z', 1466422463038208, 1645929520642, 1645929520642, 0);
INSERT INTO attachments (userId, resourceId, size, width, height, name, mime, id, createdAt, updatedAt, version) VALUES (1466422463037472, 1466422463038208, 3726, 640, 360, 'img-5', 'image/jpeg', 1466422463038240, 1645929520643, 1645929520643, 0);
INSERT INTO resources (hash, encoding, content, id, createdAt, updatedAt, version) VALUES ('ee0de76026f84c9c54b070530fc0f19134b4e2381f3af1a11b1af1e6565bab1b', 'BASE64', '/9j/4QAYRXhpZgAASUkqAAgAAAAAAAAAAAAAAP/sABFEdWNreQABAAQAAAAKAAD/4QMsaHR0cDovL25zLmFkb2JlLmNvbS94YXAvMS4wLwA8P3hwYWNrZXQgYmVnaW49Iu+7vyIgaWQ9Ilc1TTBNcENlaGlIenJlU3pOVGN6a2M5ZCI/PiA8eDp4bXBtZXRhIHhtbG5zOng9ImFkb2JlOm5zOm1ldGEvIiB4OnhtcHRrPSJBZG9iZSBYTVAgQ29yZSA1LjUtYzAxNCA3OS4xNTE0ODEsIDIwMTMvMDMvMTMtMTI6MDk6MTUgICAgICAgICI+IDxyZGY6UkRGIHhtbG5zOnJkZj0iaHR0cDovL3d3dy53My5vcmcvMTk5OS8wMi8yMi1yZGYtc3ludGF4LW5zIyI+IDxyZGY6RGVzY3JpcHRpb24gcmRmOmFib3V0PSIiIHhtbG5zOnhtcD0iaHR0cDovL25zLmFkb2JlLmNvbS94YXAvMS4wLyIgeG1sbnM6eG1wTU09Imh0dHA6Ly9ucy5hZG9iZS5jb20veGFwLzEuMC9tbS8iIHhtbG5zOnN0UmVmPSJodHRwOi8vbnMuYWRvYmUuY29tL3hhcC8xLjAvc1R5cGUvUmVzb3VyY2VSZWYjIiB4bXA6Q3JlYXRvclRvb2w9IkFkb2JlIFBob3Rvc2hvcCBDQyAoTWFjaW50b3NoKSIgeG1wTU06SW5zdGFuY2VJRD0ieG1wLmlpZDpDRDQ2NTJFNjQyMDQxMUU5OTk4RkJCNjMyNTY5RTk2QSIgeG1wTU06RG9jdW1lbnRJRD0ieG1wLmRpZDpDRDQ2NTJFNzQyMDQxMUU5OTk4RkJCNjMyNTY5RTk2QSI+IDx4bXBNTTpEZXJpdmVkRnJvbSBzdFJlZjppbnN0YW5jZUlEPSJ4bXAuaWlkOkNENDY1MkU0NDIwNDExRTk5OThGQkI2MzI1NjlFOTZBIiBzdFJlZjpkb2N1bWVudElEPSJ4bXAuZGlkOkNENDY1MkU1NDIwNDExRTk5OThGQkI2MzI1NjlFOTZBIi8+IDwvcmRmOkRlc2NyaXB0aW9uPiA8L3JkZjpSREY+IDwveDp4bXBtZXRhPiA8P3hwYWNrZXQgZW5kPSJyIj8+/+4ADkFkb2JlAGTAAAAAAf/bAIQAFBAQGRIZJxcXJzImHyYyLiYmJiYuPjU1NTU1PkRBQUFBQUFERERERERERERERERERERERERERERERERERERERAEVGRkgHCAmGBgmNiYgJjZENisrNkREREI1QkRERERERERERERERERERERERERERERERERERERERERERERERERE/8AAEQgBaAKAAwEiAAIRAQMRAf/EAIgAAQACAwEAAAAAAAAAAAAAAAAEBQECAwYBAQADAQEAAAAAAAAAAAAAAAACAwQBBRABAAIBAwIEBQEHBQAAAAAAAAECAxESBCExQVETBWFxkSIyUoGhscFCYhXR4TMUBhEBAAICAQIGAgEFAAAAAAAAAAECEQMSITFBUWEiMhORBHGx0eFScv/aAAwDAQACEQMRAD8A9CAwtgAAAAAAAAAAAAAAAAAAAAAAAAAAAAAAAAAAAAAAAAAAAAAAAAAAAAAAAAAAAAAAAAAAAAAAAAAAAAAAAAAAAAAAAAAAAAAAAAAAAAAAAAAAAAAAAAAAAAAAAAAAAAAAAAAAAAAAAAAAAAAAAAAAAAAAAAAAAAAAAAAAAAAAAAAAAAAAAAAAAAAAAAAAAAAAAAAAAAAAAAAAAAAAAAAAAAAAAAAAAAAAAAAAAAAAAAAAAAAAAAAAAAAAAAAAAAAAAAAAAAAAAAAAAAAAAAAAAAAAAAAAAAAAAAAAAAAAAAAAAAAAAAAAAAAAAAAAAAAAAAAAAAAAAAAAAAAAAAAAAAAAAAAAAAAAAAAAAAAAAAAAAAAAAAAAAAAAAAAAAAAAAAAAAAAAAAAAAAAAAAAAAAAAAAAAAAAAAAAAAAAAAAAAAAAAAAAAAAAAAAAAAAAAAAAAAAAAAAAAAAAAAAAAAAAAAAAAAAAAAAAAAAAAAAAAAAAAAAAAAAAAAAAAAAAAAAAAAAAAAAAAAAAAAAAAAAAAAAAAAAAAAAAAAAAAAAAAAAAAAAAAAAAAAAAAAAAAAAAAAAAAAAAAAAAAAAAAAAAAAAAAAAAAAAAAAAAAAAAAAAAAAAAAAAAAAAAAAAAAAAAAAAAAAAAAAAAAAAAAAAAAAAAAAAAAAAAAAAAAAAAAAAAAAAAAAAAAAAAAAAAAAAAAAAAAAAAAAAAAAAAAAAAAAAAAAAAAAAAAAAAAAAAAAAAAAAAAAAAAAAAAAAAAAAAAAAAAAAAAAAAAAAAAAAAAAAAAAAAAAAAAAAAAAAAAAAAAAAAAAAAAAAAAAAAAAAAAAAAAAAAAAAAAAAAAAAAAAAAAAAAAAAAAAAAAAAAAAAAAAAAAAAAAAAAAAAAAAAAAAAAAAAAAAAAAAAAAAAAAAAAAAAAAAAAAAAAAAAAAAAAAAAAAAAAAAAAAAAAAAAAAAAAAAAAAAAAAAAAAAAAAAAAAAAAAAAAAAAAAAAAAAAAAAAAAAAAAAAAAAAAAAAAAAAAAAAAAAAAAAAAAAAAAAAAAAAAAAAAAAAAAAAAAAAAAAAAAAAj5+XTDO2dZt5Q25Ob0qax+U9KotqVpWIjreetrI2nC2lYnrbszPuUV70tCRh5mLN0rPXylXRlreZqiZ8Xp21jsri8tP00t0+MvRikwe45MXS33V/es8XOw5e1tJ8pWRaJZ76b08Mx5wkBSYvMViYnV3vx9I1iU4rMxmGeZiJxLgA4kAAAAAAAAAAAAAAAAAAAAAAAAAAAAAAAAAAAAAAAAAAAAAAAAAAAAAAAAAAAAAAAAAAAyDBMjG2bzpCF7TWuYjM+ECr5eXJlzenhrN5r5N49r5l41vemOPqn0tnvE0xaY6xPXJPWZ+Ufzlv8A4vDm65ptln+60/wjos164vWLzGZt1WTv44rGK49Mz/ZV/wCDyd6ZqTPy/wB0bmcXlYK7s1daR/VWdY/avZ9l4desY+vwmf8AVFnBM78PGy6TEaWx3tviNfOJ6wsnTHl+Ha/tzmM2z/1GP6Kbj4LZ9Zp4NL45rbb4wsPaONfj5L4MsaTrCzrirS0zpG7XuwRFvsmk9mq37HG0xHWPBV8Hh5q3rl/HTr1X1s+saRHdxYaq5rGI8WLZb7LcreHYAEQAAAAAAAAAAAAAAAAAAAAAAAAAAAAAAAAAAAAAAAAAAAAAAAAAAAAAAAAAAAAAAAAAGL22Vm0+Cp5HLyY5id07vLwW1qxaJie0qLmxMXiLR90d/irvlp/XiJtiVhHuMTFZ2zpPSfmk3yWrbSI7wqa0mcdZ0/Cd1o8dPNdxbdEWjtKOPsjjlHbWtfjHmZ75cfDtfDGuWI+2J81f/wCY9x5HMw5LcqddltIv2+f0WODnUm3pX6ddIme0psUrWNsRER5Q9DXNZrEU8OjzrZz1Q8XueHPkjDXWJtE7Z81X7Z7Ry8XOvy+VbdP4xaJj7q6aR00S+Pw+Nxs3qY4vN46VrMW0r8un8VnfLFK7rTER8Uq5x7k9kVzH1xOPVF5NJnSY8JccMWiPv7k82mS8UrrMT2t4OjHeK22Tsr18FtMxSIly5Gb0KTeY10Rb+5RSmtq/f5NudFssen2rGkzaeyr5Vt2RVa3XENunXW0Ry791vxuVOWYi0R1jpolK/hYtNunWK9Zn4rBOucdVGyIi2KgCSsAAAAAAAAAAAAAAAAAAAAAAAAAAAAAAAAAAAAAAAAAAAAAAAAAAAAAAAAAAAAAAAAcORx4zRE/1R1iXccmMuxMxOYRMfHtuiZ6RHb4a94+SdSms6T4NdNejrWtotp4Oa6cbZxM1nuhtvOPV5/NMUnZljxnX4O9c2TTZW9tvwlb8n2/HyY++Pu/VHdUZsMcfJNNdZrEfRXt1W1daz7fR2NkTSta8omuZtiM9/L8sY+TyMesVyTMT+rro0yX3xM5bTf5ouSta1mYt38Fnwfa4y4t1rRtt+lCsX2RxiZldPGNf2TPe0dePGcZhy4URkvXZHSJ/dC3vTrpDbFx6ceNtI0hmcdZnWW6NFq040xNpnLFbbHObRmK9UPPi9TTbPbxlFjgxktuydo+Osz85WNo2zo1Zo1xE9e7VXZaI9ssViKxpWNIZZYWIgAAAAAAAAAAAAAAAAAAAAAAAAAAAAAAAAAAAAAAAAAAAAAAAAAAAAAAAAAAAAAAAAAAAN6fklY48UWnSyXj7NWr4z/LNt+UN3nefes5smvaNKz9F7n5GPj1nJlttrDyuTnYs02m2sRa0+DP+18YiPNdopac3itrRH+vdvhpjmN0R9W/F92/62SaxE2x/2umbgVngzmprExrb5w7+3YsN8FaxEbvNRr12raLz49vRqrFONtmybbIzxxbvX/K043Lxcym7FPbvHjDZT8KPT50Vp2mJ3Lme709dsx1YP2Nca7e3tMZhxy93N0yz1c2S/wApW0+MACCYAAAAAAAAAAAAAAAAAAAAAAAAAAAAAAAAAAAAAAAAAAAAAAAAAAAAAAAAAAAAAAAAAAADKTjv4oraltsrdd+M9e0q9leUdO8K73WYyc3HTJ/x1jdp56t+bw8XpzasRpKTzeFHLitqzpev4z/KUX/H8jN9uW9a08dvVK1J5TMRnLRr21409/Dh0mE72ufU4lYtGsaTX9kdES3s+XHMxx8kRSfC0dvlK1w1phpGOnStY0htOTyW8MxiWX75re1qdrTnCHw+DXia2md2S3eyRM+JM+bje+vSHbTGuPVV7ttuVurWZ1nVgGLu1gAAAAAAAAAAAAAAAAAAAAAAAAAAAAAAAAAAAAAAAAAAAAAAAAAAAAAAAAAAAAAAAAAAAAAAAMxaY7OkZfNyEq3tXtKE0ie7t6sMTl8nIT+2yP1VbWtNu7DArmc91kRjsAOOgAAAAAAAAAAAAAAAAAAAAAAAAAAAAAAAAAAAAAAAAAAAAAAAAAAAAAAAAAAAAAAAAAAAAAAAAAAAAAAAAAAAAAAAAAAAAAAAAAAAAAAAAAAAAAAAAAAAAAAAAAAAAAAAAAAAAAAAAAAAAAAAAAAAAAAAAAAAAAAAAAAAAAAAAAAAAAAAAAAAAAAAAAAAAAAAAAAAAAAAAAAAAAAAAAAAAAAAAAAAAAAAAAAAAAAAAAAAAAAAAAAAAAAAAAAAAAAAAAAAAAAAAAAAAAAAAAP/2Q==', 1466422463038272, 1645929520643, 1645929520643, 0);
INSERT INTO attachments (userId, resourceId, size, width, height, name, mime, id, createdAt, updatedAt, version) VALUES (1466422463037472, 1466422463038272, 3933, 640, 360, 'img-6', 'image/jpeg', 1466422463038304, 1645929520643, 1645929520643, 0);
INSERT INTO resources (hash, encoding, content, id, createdAt, updatedAt, version) VALUES ('a6a5439c996ea2fefbc3055398e25eb290dbf49a5e8727369e5d504e69be1e38', 'BASE64', '/9j/4QAYRXhpZgAASUkqAAgAAAAAAAAAAAAAAP/sABFEdWNreQABAAQAAAAKAAD/4QMsaHR0cDovL25zLmFkb2JlLmNvbS94YXAvMS4wLwA8P3hwYWNrZXQgYmVnaW49Iu+7vyIgaWQ9Ilc1TTBNcENlaGlIenJlU3pOVGN6a2M5ZCI/PiA8eDp4bXBtZXRhIHhtbG5zOng9ImFkb2JlOm5zOm1ldGEvIiB4OnhtcHRrPSJBZG9iZSBYTVAgQ29yZSA1LjUtYzAxNCA3OS4xNTE0ODEsIDIwMTMvMDMvMTMtMTI6MDk6MTUgICAgICAgICI+IDxyZGY6UkRGIHhtbG5zOnJkZj0iaHR0cDovL3d3dy53My5vcmcvMTk5OS8wMi8yMi1yZGYtc3ludGF4LW5zIyI+IDxyZGY6RGVzY3JpcHRpb24gcmRmOmFib3V0PSIiIHhtbG5zOnhtcD0iaHR0cDovL25zLmFkb2JlLmNvbS94YXAvMS4wLyIgeG1sbnM6eG1wTU09Imh0dHA6Ly9ucy5hZG9iZS5jb20veGFwLzEuMC9tbS8iIHhtbG5zOnN0UmVmPSJodHRwOi8vbnMuYWRvYmUuY29tL3hhcC8xLjAvc1R5cGUvUmVzb3VyY2VSZWYjIiB4bXA6Q3JlYXRvclRvb2w9IkFkb2JlIFBob3Rvc2hvcCBDQyAoTWFjaW50b3NoKSIgeG1wTU06SW5zdGFuY2VJRD0ieG1wLmlpZDpCODQ5NDA2NjQyMDUxMUU5OTk4RkJCNjMyNTY5RTk2QSIgeG1wTU06RG9jdW1lbnRJRD0ieG1wLmRpZDpCODQ5NDA2NzQyMDUxMUU5OTk4RkJCNjMyNTY5RTk2QSI+IDx4bXBNTTpEZXJpdmVkRnJvbSBzdFJlZjppbnN0YW5jZUlEPSJ4bXAuaWlkOkI4NDk0MDY0NDIwNTExRTk5OThGQkI2MzI1NjlFOTZBIiBzdFJlZjpkb2N1bWVudElEPSJ4bXAuZGlkOkI4NDk0MDY1NDIwNTExRTk5OThGQkI2MzI1NjlFOTZBIi8+IDwvcmRmOkRlc2NyaXB0aW9uPiA8L3JkZjpSREY+IDwveDp4bXBtZXRhPiA8P3hwYWNrZXQgZW5kPSJyIj8+/+4ADkFkb2JlAGTAAAAAAf/bAIQAFBAQGRIZJxcXJzImHyYyLiYmJiYuPjU1NTU1PkRBQUFBQUFERERERERERERERERERERERERERERERERERERERAEVGRkgHCAmGBgmNiYgJjZENisrNkREREI1QkRERERERERERERERERERERERERERERERERERERERERERERERERE/8AAEQgBaAKAAwEiAAIRAQMRAf/EAHkAAQACAwEAAAAAAAAAAAAAAAABBAMFBgIBAQEBAQAAAAAAAAAAAAAAAAABBAUQAQACAQIEAQoFBQAAAAAAAAABAgMRBCExEgVBUWFxgZEiMnITBsHRQjM0seFSgjURAQEBAAIDAQAAAAAAAAAAAAABESESMQIEA//aAAwDAQACEQMRAD8A6UAAAAAAAAAAAAAAAAAAAAAAAAAAAAAAAAAAAAAAAAAAAAAAAAAAAAAAAAAAAAAAAAAAAAAAAAAAAAAAAAAAAAAAAAAAAAAAAAAAAAAAAAAAAAAAAAAAAAAAAAAAAAAAAAAAAAAAAAAAAAAAAAAAAAAAAAAAAAAAAAAAAAAAAAAAAAAAAAAAAAAAAAAAAAAAAAAAAAAAAAAAAAAAAAAAAAAAAAAAAAAAAAAAAAAAAAAAAAAAAAAAAAAAAAAAAAAAAAAAAAAAAAAAAAAAAAAAAAAAAAAAAAAAAAAAAAAAAAAAAAAAAAAAAAAAAAAAAAAAAAAAAAAAAAAAAAAAAAAAAAAAAAAAAAAAAAAAAAAAAAAAAAAAAAAAAAAAAAAAAAAAAAAAAAAAAAAAAAAAAAAAAAAAAAAAAAAAAAAAAAAAAAAAAAAAAAAAAAAAAAAAAAAAAAAAAAAAAAAAAAAAAAAAAAAAAAAAAAAAAAAAAAAAAAAAAAAAAAAAAAAAAAAAAAAAAAAAAAAAAAAAAAAAAAAAAAAAAAAAAAAAAAAAAAAAAAAAAAAAAAAAAAAAAAAAAAAAAAAAAAAAAAAAAAAAAAAAAAAAAAAAAAAAAAAAAAAAAAAAAAAAAAAAAAAAAAAAAAAAAAAAAAAAAAAAAAAAAAAAAAAAAAAAAAAAAAAAAAAAAAAAAAAAAAAAAAAAAAAAAAAAAAAAAAAAAAAAAAAAAAAAAAAAAAAAAAAAAAAAAAAAEWtFI6rTpEeMgkY8WambjjtFtP8AGdWQARExPI10FypEa6pEAAAAAAAAAAAAAAAAAAAAAAAAAAAAAAAAAAAAAAAAAAAAAAAAAAAAAAAAAAAAAAAAAAAAAAAAFbfUjJgvW09MTGnVKyp9z/i5PlBX7NgpgpeKZIyazHwsm8yzNuiOUKf25+3k+aFve45rbq8JGj8JO/KvW01nWJ0l7y5rZZ1ljEdDrPOMmHLOK0T4eMLm932PZRFskTMW4e6pYsc5LRVn7xg+ttbac6+/Hq/srF9GbMZsG+x58M5669Ea668+DFtO64t5f6eOLa6a8Yj83P7XdfT2mbF4zNdPXzXOz1nDt8258dJivq4jI2O771g29ppxvaOfTyh62fd8G6t0RrW3kt4+hz/adrTd5+nLxrETafO8dwwxs91auLhETW1QdJu+64dpf6eSLTOmvCI/Nly77HiwRuLRPROnp4ud73frz1t5aVn26r+//wCZj9GMGy2W/wAe9i044mOnTXq8620P238OT01/FvgAAAAAAAAAAAAAAAAAAAAAAAAAAAAAAAAAAAAAAAAAAAAAAAAAAAAAAAAAAAAAAAAFPuf8XJ8q483pXJWa2jWs84Bpftz9vJ80f0bq9IvHTbk8YdvjwRMY6xWJ56MosuNVmwWxTx4x5XimO2SdK823mImNJ5IpStI0rGkDVPovXLOWPDgjFHn8rLasXiazxieHtSqdyplvt7Rh16+GmnPmMt9r7Xa47PinDktjn9MzX2S67ZbWK7SuG36q+9/tzaTadm3GXLFs9dK662m083UiONpObtWfqmvGOHHlMJrjzd03E20+KfenwiHYTEW4TGsERERpEaQDm+/7a1b0yVj3Onp4eWFG+6z59vGKf28fjEfi7KYieEoisRGkRGgNH9t/Dl9Nfxb5GiQAAAAAAAAAAAAAAAAAAAAAAAAAAAAAAAAAAAAAAAAAAAAAAAAAAAAAAAAAAAAAAAAAAAAAAAAAAAAAAAAAAAAAAAAAAAAAAAAAAAAAAAAAAAAAAAAAAAAAAAAAAAAAAAAAAAAAAAAAAAAAAAAAAAAAAAAAAAAAAAAAAAAAAAAAAAAAAAAAAAAAAAAAAAAAAAAAAAAAAAAAAAAAAAAAAAAAAAAAAAAAAAAAAAAAAAAAAAAAAAAAAAAAAAAAAAAAAAAAAAAAAAAAAAAAAAAAAAAAAAAAAAAAAAAAAAAAAAAAAAAAAAAAAAAAAAAAAAAAAAAAAAAAAAAAAAAAAAAAAAAAAAAAAAAAAAAAAAAAAAAAAAAAAAAAAAAAAAAAAAAAAAAAAAAAAAAAAAAAAAAAAAAAAAAAAAAAAAAAAAAAAAAAAAAAAAAAAAAAAAAAAAAAAAAAAAAAAAAAAAAAAAAAAAAAAAAAAAAAAAAAAAAAAAAAAAAAAAAAAAAAAAAAAAAAAAAAAAAAAAAAAAAAAAAAAAAAAAAAAAAAAAAAAAAAAAAAAAAAAAAAAAAAAAAAAAAAAAAAAAAAAAAAAAAAAAAAAAAAAAAAAAAAAAAAAAAAAAAAAAAAAAAAAAAAAAAAAAAAAAAAAAAAAAAAAAAAAAAAAAAAAAAAAAAAAAAAAAAAAAAAAAAAAAAAAAAAAAAAAAAAAAAAAAAAAAAAAAAAAAAAAAAAAAAAAAAAAAAAAAAAAAAAAAAAAAAAAAAAAAAAAAAAAAAAAAAAAAAAAAAAAAAAAAAAAAAAAAAAAAAAAAAAAAAAAAAAAAAAAAAAAAAAAAAAAAAAAAAAAAAAAAAAAAAAAAAAAAAAAAAAAAAAAAAAAAAAAAAAAAAAAAAAAAAAAAAAAAAAAAAAAAAAAAAAAAAAAAAAAAAAAf/Z', 1466422463038336, 1645929520643, 1645929520643, 0);
INSERT INTO attachments (userId, resourceId, size, width, height, name, mime, id, createdAt, updatedAt, version) VALUES (1466422463037472, 1466422463038336, 3111, 640, 360, 'img-7', 'image/jpeg', 1466422463038368, 1645929520643, 1645929520643, 0);
INSERT INTO resources (hash, encoding, content, id, createdAt, updatedAt, version) VALUES ('dbeb0261edacb7695b33fd85f14a34dc80bc3589b18ee1ba83a2a120798659c4', 'BASE64', '/9j/4QAYRXhpZgAASUkqAAgAAAAAAAAAAAAAAP/sABFEdWNreQABAAQAAAAKAAD/4QMsaHR0cDovL25zLmFkb2JlLmNvbS94YXAvMS4wLwA8P3hwYWNrZXQgYmVnaW49Iu+7vyIgaWQ9Ilc1TTBNcENlaGlIenJlU3pOVGN6a2M5ZCI/PiA8eDp4bXBtZXRhIHhtbG5zOng9ImFkb2JlOm5zOm1ldGEvIiB4OnhtcHRrPSJBZG9iZSBYTVAgQ29yZSA1LjUtYzAxNCA3OS4xNTE0ODEsIDIwMTMvMDMvMTMtMTI6MDk6MTUgICAgICAgICI+IDxyZGY6UkRGIHhtbG5zOnJkZj0iaHR0cDovL3d3dy53My5vcmcvMTk5OS8wMi8yMi1yZGYtc3ludGF4LW5zIyI+IDxyZGY6RGVzY3JpcHRpb24gcmRmOmFib3V0PSIiIHhtbG5zOnhtcD0iaHR0cDovL25zLmFkb2JlLmNvbS94YXAvMS4wLyIgeG1sbnM6eG1wTU09Imh0dHA6Ly9ucy5hZG9iZS5jb20veGFwLzEuMC9tbS8iIHhtbG5zOnN0UmVmPSJodHRwOi8vbnMuYWRvYmUuY29tL3hhcC8xLjAvc1R5cGUvUmVzb3VyY2VSZWYjIiB4bXA6Q3JlYXRvclRvb2w9IkFkb2JlIFBob3Rvc2hvcCBDQyAoTWFjaW50b3NoKSIgeG1wTU06SW5zdGFuY2VJRD0ieG1wLmlpZDowRjdGRjEyRjQyMDYxMUU5OTk4RkJCNjMyNTY5RTk2QSIgeG1wTU06RG9jdW1lbnRJRD0ieG1wLmRpZDowRjdGRjEzMDQyMDYxMUU5OTk4RkJCNjMyNTY5RTk2QSI+IDx4bXBNTTpEZXJpdmVkRnJvbSBzdFJlZjppbnN0YW5jZUlEPSJ4bXAuaWlkOkI4NDk0MDY4NDIwNTExRTk5OThGQkI2MzI1NjlFOTZBIiBzdFJlZjpkb2N1bWVudElEPSJ4bXAuZGlkOjBGN0ZGMTJFNDIwNjExRTk5OThGQkI2MzI1NjlFOTZBIi8+IDwvcmRmOkRlc2NyaXB0aW9uPiA8L3JkZjpSREY+IDwveDp4bXBtZXRhPiA8P3hwYWNrZXQgZW5kPSJyIj8+/+4ADkFkb2JlAGTAAAAAAf/bAIQAFBAQGRIZJxcXJzImHyYyLiYmJiYuPjU1NTU1PkRBQUFBQUFERERERERERERERERERERERERERERERERERERERAEVGRkgHCAmGBgmNiYgJjZENisrNkREREI1QkRERERERERERERERERERERERERERERERERERERERERERERERERE/8AAEQgBaAKAAwEiAAIRAQMRAf/EAJMAAQADAQEBAQAAAAAAAAAAAAABBAUDAgYHAQEAAwEBAAAAAAAAAAAAAAAAAQIDBAUQAQACAQIDBAYHBQYHAAAAAAABAgMRBCESBTFBUWFxgZGxMlKhwSJCEzMU0WKSFQZygrIjQ1Pw4cJjc4OTEQEAAgEDAgUFAAAAAAAAAAAAAQIRITEDEgRBkSIyE1FhcVIU/9oADAMBAAIRAxEAPwD7EBmkAAAAAAAAAAAAAAAAAAAAAAAAAAAAAAAAAAAAAAAAAAAAAAAAAAEicCBKAAAEohIIAVABICRIjiJDAAJxAgSIwIEgIEgIEhiBAlBiAAQAAAAAAAAAAAAAAAAAAAAAAAAAAAAAAAAAAAAAAAAAAAAAAAAAAAAAAAAAAAAAAAAAAAAAAAAAAAAAAAAAAAAAAAAAAAAAAAAAAAAAAAAAAAAAAAAAAAAAAAAAAAAAAAAAAAAAAAAAAAAAAAAAAAAAAAAAAAAAAAAAAAAAAAAAAAAAAAAAAAAAAAAAAAAAAAAAAAAAAAAAAAAAAAAAAAAAAAAAAAAAAAAAAAAAAAAAAAAAAAAAAAAAAAAAAAAAAAAAAAAAAAAAAAAAAAAAAAAAAAAAAAAAAAAAAAAAAAAAAAAAAAAAAAAAAAAAAAAAAAAAAAAAAAAAAAAAAAAAAAAAAAAAAAAAAAAAAAAAAAAAAAAAAAAAAAAAAAAAAAAAAAAAAAAAAAAAAAAAAAAAAAAAAAAAAAAAAAAAAAAAAAAAAAAAAAAAAAAAAAAAAAAAAAAAAAAAAAAAAAAAAAAAAAAAAAAAAAAAAAAAAAAAAAAAAAAAAAAAAAAAAAAAAAAAAAAAAAAAAAAAAAAAAAAAAAAAAAAAAAAAAAAAAAAAAAAAAAAAAAAAAAAAAAAAAAAAAAAAAAAAAAAAAAOeXPjw158lorXxtOgOg81vF41rOsT3w9AAAATOgAzc/XNrhy1w83NabcluXspP73g626rt6567Wbf5loiY07OPZx8+5IumsMuvX9lfLGCl9b2nljSJ019LP3W1vuOo1pk4zFvxKzFuFcdNO75rX7ZMD6QIEAAAAAAAAAAAAAAAAAAAAAAAAAAAAAAAAAAAAAAAAAAAAAAAAAAAAAAAAAAAAAAAAAAAzOtbH9Zt5isa3pPPSPGY7vXDQyZK4qze3ZWJmfRD5nJ/Uua082DFXk7ue3GfZ2JVtMRHqZnTepW6bki0TM7e86Xp8s+MfW+7raLRE14xMaxL86327i2Sc34U05/zKxOtdfGJ8+9p9N3O43O2jBXJNcVJmvNHx2jujXu07OHFF7RWOq2kI44mfTu+pz9Q2+3nTNkrWfCZ4+xyjrOynszU9rHw7HBh+Cka/NPGfbLvbHW3CYifU5J7qudKzLrjgnxlu0y1yRzUmLR4xOqtuN/TBkphnW2TJP2a18PGfKGFGz/Bt+JtbThv+78M+mvY1um7+NzaaZqxTcUj7UeMeNZ8Jb05a8mzK9JruoYugxmtuIz8K3zRkjT71Y46eji97foV8dsVrXj/AC7azER21rMzSPVr7G/2jXMqPn7dBjHSJxcv41c34sWn5ebXl9jWyYpi8ZccRzzpS02+Tt9vgtMXrW6z4r48OKZpS8Wm+StOe0cvhBuNibxWNbTER5q9+pbWnxZqR/fhh48fSLaWz5fxb9857W906R9C/iz9Jx/BOCP4TAsX6xs6RrOamnlOvueP57sf92PZb9j3/NNjXsy4/VaD+b7S3CuSLeVIm3ugHvD1TaZ5iuPLSbT3a8fYuQzM+Om+pNIwaxP3steWI/6vd6XH+nqZMeDJjyTM8uS9a2mddYidAbICAAAAAAAAAAAAAAAAAAAAAAAAAAAAAAAAAAAAAAAAAAAAAAAAAAAAAAAAAAAAAmNWFm/pvBa02x3vjiePLXTl+mG68ZLxjpa9uysTafUImInd8puOlbeuaMFZteaaXyTa3j8NdI0jj2+j0r1axWIrWIiI7IhT6ba2altzf4s1rX9Xd9C88zuLza818Id3FSK1AHM2FbcxbHy7nF+Zi+1HnX71fXH0rIvS01tFoVtETGJbWDLXNSuSnGtoi0et0ZfQraYLYZ/0r2pHo7Y97UezE5jLz5jGgy+p25NztLf9y1f4qy1GT12eSmHL8mbHPvhKGpNKz2xHseZwY57a1n+7ClbqFu6IeP1+SfBzT3FGscVpXo22KOylf4YdYrFezgy/1uXxj2Eb7L5exH9NE/DZqKHS+EZq+GbJ9M6/W5/r8nk89HyWvfca/wC5r7aw0py1vpVS1JrrLWAaqAAAAAAAAAAAAAAAAAAAAAAAAAAAAAAAAAAAAAAAAAAAAAAAAAAAAAAAAAAAACvvcU5tvkx17bUtWPXCwiQfNbG0X2+OY4Ryxw9Cw5ZMP6LcWxT+XkmcmOfP71frjye70rkrNbcYnhLyeWvTec7bvQpOa6JS8zpWvlEKkY8+5+1e04qd1K/F657vRCsVidc4haZ8114tSLTEzM/ZnXt97xi22PDxpHHxnjLxuJvmtG1wfmX7Z+Svfafq800r1XitPNFpxGbNDoP26Zc3dfJPL6KxFfqbDhtNvTbYq4cfw1jSHZ68RiMPPmczkZfX667S0/LalvZaGqz+tV5tlmj9yZ9nERG6gIidY1S8Sd3pwAIB16Jxybn+3X/BDksdErGme3jln6Ih2dr7rfhhz+2GsA9BxgAAAAAAAAAAAAAAAAAAAAAAAAAAAAAAAAAAAAAAAAAAAAAAAAAAAAAAAAAAAAAK+72mPd4/w8nZ2xMdsT4wwctsuynl3UTNY7M1Y+zP9r5Z+h9NJp3KXpW8YtC9bzXZ89jy0yxrS0WjynVN71pGtpiI85aOXo+zzTzXxV18Y+z7tHrB0ra4J5qYq6+M/an6dXN/LH7aNvn+zMxUy7nhhjSs/wCpaOHqj73u82ts9jj2lZinG1uN7z8Vp/47u5aHRTjrSPT5sbXm25EaANFBV6jXm22WP3L+5actxhjPjtimZiLRNZmPMGFgtzY6T41ifodHP+X7zaV5KRXPSOFZ15b6eevCXOc2Wn5mDLX0V5vdLzL8F4mcRmHdXkrjdYFb9ZXvpkj/ANVv2H62ny5P/lb9jP4r/rK3yV+qysdBnXHm/wDNf6lKmTJk+DDkn005f8WjQ6Jgvgw2/FjltbJktMev/k7O347VmeqMMOa0TEYlpiUOtzAAAAAAAAAAAAAAAAAAAAAAAAAAAAAAAAAAAAAAAAAAAAAAAAAAAAAAAAAAAAAAAAAAAAAAAAAABoAGhEaAAAAAAAAAAAAAAAAAAAAAAAAAAAAAAAAAAAAAAAAAAAAAAAAAAAAAAAAAAAAAAAAAAAAAAAAAAAAAAAAAAAAAAAAAAAAAAAAAAAAAAAAAAAAAAAAAAAAAAAAAAAAAAAAAAAAAAAAAAAAAAAAAAAAAAAAAAAAAAAAAAAAAAAAAAAAAAAAAAAAAAAAAAAAAAAAAAAAAAAAAAAAAAAAAAAAAAAAAAAAAAAAAAAAAAAAAAAAAAAAAAAAAAAAAAAAAAAAAAAAAAAAAAAAAAAAAAAAAAAAAAAAAAAAAAAAAAAAAAAAAAAAAAAAAAAAAAAAAAAAAAAAAAAAAAAAAAAAAAAAAAAAAAAAAAAAAAAAAAAAAAAAAAAAAAAAAAAAAAAAAAAAAAAAAAAAAAAAAAAAAAAAAAAAAAAAAAAAAAAAAAAAAAAAAAAAAAAAAAAAAAAAAAAAAAAAAAAAAAAAAAAAAAAAAAAAAAAAAAAAAAAAAAAAAAAAAAAAAAAAAAAAAAAAAAAAAAAAAAAAAAAAAAAAAAAAAAAAAAAAAAAAAAAAAAAAAAAAAAAAAAAAAAAAAAAAAAAAAAAAAAAAAAAAAAAAAAAAAAAAAAAAAAAAAAAAAAAAAAAAAAAAAAAAAAAAAAAAAAAAAAAAAAAAAAAAAAAAAAAAAAAAAAAAAAAAAAAAAAAAAAAAAAAAAAAAAAAAAAAAAAAAAAAAAAAAAAAAAAAAAAAAAAAAAAAAAAAAAAAAAAAAAAAAAAAAAAAD/2Q==', 1466422463038400, 1645929520644, 1645929520644, 0);
INSERT INTO attachments (userId, resourceId, size, width, height, name, mime, id, createdAt, updatedAt, version) VALUES (1466422463037472, 1466422463038400, 4056, 640, 360, 'img-8', 'image/jpeg', 1466422463038432, 1645929520644, 1645929520644, 0);
INSERT INTO resources (hash, encoding, content, id, createdAt, updatedAt, version) VALUES ('a891495b4634473a1c6e6b4ca23c805f64a5b62006d4f11efd8e682c624a9211', 'BASE64', '/9j/4QAYRXhpZgAASUkqAAgAAAAAAAAAAAAAAP/sABFEdWNreQABAAQAAAAKAAD/4QMsaHR0cDovL25zLmFkb2JlLmNvbS94YXAvMS4wLwA8P3hwYWNrZXQgYmVnaW49Iu+7vyIgaWQ9Ilc1TTBNcENlaGlIenJlU3pOVGN6a2M5ZCI/PiA8eDp4bXBtZXRhIHhtbG5zOng9ImFkb2JlOm5zOm1ldGEvIiB4OnhtcHRrPSJBZG9iZSBYTVAgQ29yZSA1LjUtYzAxNCA3OS4xNTE0ODEsIDIwMTMvMDMvMTMtMTI6MDk6MTUgICAgICAgICI+IDxyZGY6UkRGIHhtbG5zOnJkZj0iaHR0cDovL3d3dy53My5vcmcvMTk5OS8wMi8yMi1yZGYtc3ludGF4LW5zIyI+IDxyZGY6RGVzY3JpcHRpb24gcmRmOmFib3V0PSIiIHhtbG5zOnhtcD0iaHR0cDovL25zLmFkb2JlLmNvbS94YXAvMS4wLyIgeG1sbnM6eG1wTU09Imh0dHA6Ly9ucy5hZG9iZS5jb20veGFwLzEuMC9tbS8iIHhtbG5zOnN0UmVmPSJodHRwOi8vbnMuYWRvYmUuY29tL3hhcC8xLjAvc1R5cGUvUmVzb3VyY2VSZWYjIiB4bXA6Q3JlYXRvclRvb2w9IkFkb2JlIFBob3Rvc2hvcCBDQyAoTWFjaW50b3NoKSIgeG1wTU06SW5zdGFuY2VJRD0ieG1wLmlpZDpDRDQ2NTJFQTQyMDQxMUU5OTk4RkJCNjMyNTY5RTk2QSIgeG1wTU06RG9jdW1lbnRJRD0ieG1wLmRpZDoxMzk3MUFDQzQyMDUxMUU5OTk4RkJCNjMyNTY5RTk2QSI+IDx4bXBNTTpEZXJpdmVkRnJvbSBzdFJlZjppbnN0YW5jZUlEPSJ4bXAuaWlkOkNENDY1MkU4NDIwNDExRTk5OThGQkI2MzI1NjlFOTZBIiBzdFJlZjpkb2N1bWVudElEPSJ4bXAuZGlkOkNENDY1MkU5NDIwNDExRTk5OThGQkI2MzI1NjlFOTZBIi8+IDwvcmRmOkRlc2NyaXB0aW9uPiA8L3JkZjpSREY+IDwveDp4bXBtZXRhPiA8P3hwYWNrZXQgZW5kPSJyIj8+/+4ADkFkb2JlAGTAAAAAAf/bAIQAFBAQGRIZJxcXJzImHyYyLiYmJiYuPjU1NTU1PkRBQUFBQUFERERERERERERERERERERERERERERERERERERERAEVGRkgHCAmGBgmNiYgJjZENisrNkREREI1QkRERERERERERERERERERERERERERERERERERERERERERERERERE/8AAEQgBaAKAAwEiAAIRAQMRAf/EAHQAAQADAQEAAAAAAAAAAAAAAAACAwQBBQEBAQEBAQAAAAAAAAAAAAAAAAEDAgUQAQACAgAEBQMCBwAAAAAAAAABAhEDITESBEFRcSIyYaGxExSBkdFCYnIFEQEBAQEAAwEBAAAAAAAAAAAAARECITESQTL/2gAMAwEAAhEDEQA/APMAec6AAAAAAAAAAAAAAAAAAAAAAAAAAAAAAAAAAAAAAAAAAAAAAAAAAAAAAAAAAAAAAAAAAAAAAAAAAAAAAAAAAAAAAAAAAAAAAAAAAAAAAAAAAAAAAAAAAAAAAAAAAAAAAAAAAAAAAAAAAAAAAAAAAAAAAAAAAAAAAAAAAAAAAAAAAAAAAAAAAAAAAAAAAAAAAAAAAAAAAAAAAAAAAAAAAAAAAAAAAAAAAAAAAAAAAAAAAAAAAAAAAAAAAAAAAAAAAAAAAAAAAAAAAAAAAAAAAAAAAAAAAAAAAAAAAAAAAAAAAAAAAAAAAAAAAAAAAAAAAAAAAAAAAAAAAAAAAAAAAAAAAAAAAAAAAAAAAAAAAAAAAAAAAAAAAAAAAAAAAAAAAAAAAAAAAAAAAAAAAAAAAAAAAAAAAAAAAAAAAAAAAAAAAAAAAAAAAAAAAAAAAAAAAAAAAAAAAAAAAAAAAAAAAAAAAAAAAAAAAAAAAAAAAAAAAAAAAAAAAAAAAAAAAAAAAAAAAAAAAAAAAAAAAAAAAAAAAAAAAAAAAAAAAAAAAAAAAAAAAAAAAAAAAAAAAAAAAAAAAAAAAAAAAAAAAAAAAAAAAAAAAAAAAAAAAAAAAAAAAAAAAAAAAAAAAAAAAAAAAAAAAAAAAAAAAAAAAAAAAAAAAAAAAAAAAAAAAAAAAAAAAAAAAAAAAAAAAAAAAAAAAAAAAAAAAAAAAAAAAAAAAAAAAAAAAAAAAAAAAAAAAAAAAAAAAAAAAAAAAAAAAAAAAAAAAAAAAAAAAAAAAAAAAAAAAAAAAAAAAAAAAAAAAAAAAAAAAAAAAAAAAAAAAAAAAAAAAAAAAAAAAAAAAAAAAAAAAAAAAAAAAAAAAAAAAAAAAAAAAAAAAAAAAAAAAAAAAAAAAAAAAAAAAAAAAAAAAAAAAAAAAAAAAAAAAAAAAAAAAAAAAAAAAAAAAAAAAAAAAAAAAAAAAAAAAAAAAAAAAAAAAAAAAAAAAAAAAAAAAAAAAAAAAAAAAAAAAAAAAAAAAAAAAAAAAAAAAAAAAAAAAAAAAAAAAAAAAAAAAAAAAAAAAAAAAAAAAAAAAAAAAAAAAAAAAAAAAAAAAAAAAAAAAAAAAAAAAAAAAAAAAAAAAAAAAAAAAAAAAAAAAAAAAAAAAAAAAAAAAAAAAAAAAAAAAAAAAAAAAAAAAAAAAAAAAAAAAAAAAAAAAAAAAAAAAAAAAAAAAAAAAAAAAAAAAAAAAAAAAAAAAAAAAAAAAAAAAAAAAAAAAAAAAAAAAAAAAAAAAAAAAAAAAAAAAAAAAAAAAAAAAAAAAAAAAAAAAAAAAAAAAAAAAAAAAAAAAAAAAAAAAAAAAAAAAAAAAAAAAAAAAAAAAAAAAAAAAAAAAAAAAAAAAAAAAAAAAAAAAAAAAAAAAAAAW9vqjbfE/GOMiyalp7adnutOKtfRqp8K5nzsTOZGkmNZMSi0eNazHojbtdW74ey32DOOMKrBs1W1W6bxxQett1x3OvH90fF5LOzGXXOegBHIAAAAAAAAAAAAAAAAAAAAAAAAAAAAAAAAAAAAAAAAAAAAAAAAAAAAAAAAAAAAAAAAAAAAAA3djX22t5zj+UMLf/z5ia2rPn+YwvPt1x7SicuoVjEzE84lNo1HHXAW6JxZ5/dVim28Ryy9DRGbPO7m/XttaOUynXpz3/MVAM2QAAAAAAAAAAAAAAAAAAAAAAAAAAAAAAAAAAAAAAAAAAAAAAAAAAAAAAAAAAAAAAAAAAAAAAs0bf0rRM8uUqwWXPL1ttYv745+OPyqZNPczr9s8a+X9Gqu3XflaI/24NJdayyuuxGeSWKRzvXHqjs77XrjGuOqfPwXwvj9T27P22v/ADtyeUls2W226rTmUWdusurtAEcgAAAAAAAAAAAAAAAAAAAAAAAAAAAAAAAAAAAAAAAAAAAAAAAAAAAAAAAAAAAAAAANOrt69MbNvKfjWPFb0a+XRGPWc/lZtn3Y8I4R6K2mNsjNu0/p8YnNZ5Km7ZGdNpnzrhhcVn1MoAjkAAAAAAAAAAAAAAAAAAAAAAAAAAAAAAAAAAAAAAAAAAAAAAAAAAAAAAAAAAAAAAAAAAAAE9Wm+2emkZX/ALKeU3jP8VyrlZRdt7W+qOqeNfOFKGWAAjZp3UvWK3nExwifCV068cbWrEerzR19O/to7nfF8Up8Y+7ODm3XNu3QAQAAAAAAAAAAAAAAAAAAAAAAAAAAAAAAAAAAAAAAAAAAAAAAAAAAAAAAAAAAAAAAAAAAdpWb2isc5nABHo4ikdFfjH3+rgNY3TpeaT9PGGPu9Mar+3424wDnpz1meWcBwyAAAAAAAAAAAAAAAAAAAAcdAUAEAAAAAAAAAAAAf//Z', 1466422463038464, 1645929520644, 1645929520644, 0);
INSERT INTO attachments (userId, resourceId, size, width, height, name, mime, id, createdAt, updatedAt, version) VALUES (1466422463037472, 1466422463038464, 2940, 640, 360, 'img-9', 'image/jpeg', 1466422463038496, 1645929520644, 1645929520644, 0);
INSERT INTO resources (hash, encoding, content, id, createdAt, updatedAt, version) VALUES ('887ce4f6c44816b7f8d3dc046e3ffa03c9ce8ed2dfb8d16e8f732890eca32b45', 'BASE64', '/9j/4QAYRXhpZgAASUkqAAgAAAAAAAAAAAAAAP/sABFEdWNreQABAAQAAAAKAAD/4QMsaHR0cDovL25zLmFkb2JlLmNvbS94YXAvMS4wLwA8P3hwYWNrZXQgYmVnaW49Iu+7vyIgaWQ9Ilc1TTBNcENlaGlIenJlU3pOVGN6a2M5ZCI/PiA8eDp4bXBtZXRhIHhtbG5zOng9ImFkb2JlOm5zOm1ldGEvIiB4OnhtcHRrPSJBZG9iZSBYTVAgQ29yZSA1LjUtYzAxNCA3OS4xNTE0ODEsIDIwMTMvMDMvMTMtMTI6MDk6MTUgICAgICAgICI+IDxyZGY6UkRGIHhtbG5zOnJkZj0iaHR0cDovL3d3dy53My5vcmcvMTk5OS8wMi8yMi1yZGYtc3ludGF4LW5zIyI+IDxyZGY6RGVzY3JpcHRpb24gcmRmOmFib3V0PSIiIHhtbG5zOnhtcD0iaHR0cDovL25zLmFkb2JlLmNvbS94YXAvMS4wLyIgeG1sbnM6eG1wTU09Imh0dHA6Ly9ucy5hZG9iZS5jb20veGFwLzEuMC9tbS8iIHhtbG5zOnN0UmVmPSJodHRwOi8vbnMuYWRvYmUuY29tL3hhcC8xLjAvc1R5cGUvUmVzb3VyY2VSZWYjIiB4bXA6Q3JlYXRvclRvb2w9IkFkb2JlIFBob3Rvc2hvcCBDQyAoTWFjaW50b3NoKSIgeG1wTU06SW5zdGFuY2VJRD0ieG1wLmlpZDoxMzk3MUFEMzQyMDUxMUU5OTk4RkJCNjMyNTY5RTk2QSIgeG1wTU06RG9jdW1lbnRJRD0ieG1wLmRpZDoxMzk3MUFENDQyMDUxMUU5OTk4RkJCNjMyNTY5RTk2QSI+IDx4bXBNTTpEZXJpdmVkRnJvbSBzdFJlZjppbnN0YW5jZUlEPSJ4bXAuaWlkOjEzOTcxQUQxNDIwNTExRTk5OThGQkI2MzI1NjlFOTZBIiBzdFJlZjpkb2N1bWVudElEPSJ4bXAuZGlkOjEzOTcxQUQyNDIwNTExRTk5OThGQkI2MzI1NjlFOTZBIi8+IDwvcmRmOkRlc2NyaXB0aW9uPiA8L3JkZjpSREY+IDwveDp4bXBtZXRhPiA8P3hwYWNrZXQgZW5kPSJyIj8+/+4ADkFkb2JlAGTAAAAAAf/bAIQAFBAQGRIZJxcXJzImHyYyLiYmJiYuPjU1NTU1PkRBQUFBQUFERERERERERERERERERERERERERERERERERERERAEVGRkgHCAmGBgmNiYgJjZENisrNkREREI1QkRERERERERERERERERERERERERERERERERERERERERERERERERE/8AAEQgBaAKAAwEiAAIRAQMRAf/EAH0AAQADAQEBAAAAAAAAAAAAAAABBAUDAgYBAQEAAwEAAAAAAAAAAAAAAAABAgMEBRABAAICAAQCBwYHAAAAAAAAAAECEQMhEgQFMUFRYdEiQmIT8IEyUnIzcZGhweFTFREBAQACAgIDAAAAAAAAAAAAAAERAhIDIUExcUL/2gAMAwEAAhEDEQA/AOgDteMAAAAAAAAAAAAAAACAAoAAAAAAAAAAAAAAAAAAAAAAAAAAAAAAAAAIACgAAAAAAAAAAAAAAAAAAAAAAAAAAAAAAAAAAAAAgAKAAACAAoAAAAAAAAAAAAAAAAAAAAAAAIACgAAAAAAAAAAAAAAAAAAAAAAAAAAAAAAAAAAAAAAAAAAAAAAAAAAAgAKAAAAAAAAAAAAAAAAAAAAAAAAAAAAAAAAAAAAAAAAAAAAAAAAAAAAAAAAAAAAAAAAAAAAAAAAAAAAAAAAACAAoAAAAAAAAAAAAAAAAAAAAAAAAAAAAAAAIACgAAAAAAAAAAAAAAAAAAAAAAAAAAAAAAAAAAAAAAAAAAAAAAAAAAAAAgAKAAAAAAAAAAAAAAAAAAAAAAAAAAAAAAAAAAAAAAAAAAAAAAAAAAAAAAAAAAAAAAAAAAAAAAAAAAAAAAAAAAAAAAAAAAAAACAAoAAAIACgAAAAAAAAAAAgAKAAAAACAAAAoAIACgAgAKAAAAAAAAAAAAAAAAAAAAAAAAACAAoAAAAAAAAAAAAAAAAAAAIACgAAAAAAAAAAAAAAAAAAAAAAAAAAAAAAAAAAAAAAAAAAAAAAAAAAAAAAAAAAAAAAAAAAAAAAAAAAAAAAAAAAAAAAAAAAAAAAAAAAAAAgAKAAAAAAAAAAAAAAAAAAAAAAAAAAAAAAAAAAAAAAACAAoAAAAAAAAAAAAAAAAAAAAAAAAAAAAAAAAAAAAAAAAAAAAAAAAAAAAAAAAAAAAAAAAAAAAAAAAAAAIACgAAAAAAAAAAAAAAAAAAAAAAAAAAAAAAAAAAAAAAAAAAAAAAAAAAAAAAAAAAAAAAAAAAAAAAAAAAAAAAAAAAAAAAAAAAAAAAAAAAAAAAAAAAAAAAAAAAAAAAAAAAAAAAAAAAAAAAAAAAAAAAAAAAAAAAAgAKAAAAAAAAAAACAAoAAAAAAAAAAAAAAAAAAAAAAAIACgAAAAAAAAAAAAAAAAAAAAAAAAAAAAAAAAAAAAAAAAAAAAAgAKAAAAAAAAAAAAAAAAAAAAAAAAAAAAAAAAAAAAAAAAACAAoAAAAAAAAAAAAAAAAAAAAAAAAAAAAAAAAAAAAAAAAAAAAAAAIACgAAAAAAAAAAAAAAAAAAAAAAAAAAAAAAAAAAAAAAAAAAAAAAAAAAAAAAAAAAAAAAAAAAAAAAAAAAAAAAAAAAAAAAAgAKAAAAAAAAAAAAAAAAAAAAAAAAAAAAAAAAAAAAAAAAAAAAAAAAAAAAAAAAAAAAAAAAAAAAAAAAAAAAAAAAAAAAACAAoAAAAAAAAAAAAAAAAAAAAAAAAAAAAAAAAAAAAAAAAAAAIACgAAAAAAAAAAAAAAAAAAAAAAAAAAAAAgItaKxmeEGcTNbRi0eMJlli/KQFYgAoAIACgAAAAAAAAAAAgAAAAAKAAAAAAAAAAAAAAAAAAAAAAAAAAAAAAAAAAAAACAAoAAAAAIACgAgiZxGZ8ErPb+np1O2fqcYpi3L5TPr/gxtxGemvPbi7du6Kdkxv2xiscaVnz+b2OneOkiIjqK4ry55oxxt/lr+DO7zfGmIj4rVhzy27ZehdJrpYxgHS80AVAAUAAAAAAAAAAAAAAAAAAAAAAAAAAAAAAAAAAAAAAAAAAAEABQAAAAAAAAAAAAAAAAAQAQBGfKImZ9EIm3LPLaJrPotGEzGXG4zh6AVBe7P+/sn5YUJ4cZ4NbsumYpbdbh9T8P6Ya+y+HR0a27Zayh3bVzdNbHw+/8AyaGVbuF4p0+yflmGiO+zMfNRsrM4iXpb6/ZomldGJjbSK+9WPCceH3+anGZjM+Lp1uXm9unG+EgM2kAFABAAUAAAAAAAEABQAAAAAAAAAAAAAAAAAAAQAFAAAAAAAAAAAAAAAAAAABAAUAAAAAARMZjCQR61b92nhrtGI8pr9uLtPcN14xurTZX1xhXGF1jbOzaOk36a2ZtW+qZ/LPNDpq6TXu/b3xM+i0YV3m1K28YTjfVZTsn6ka+nstImLbbTsiPh8K/b72jt0xenJmYj5OD5inNqnOu1q49ftaGnvGzX7u6vNH5qexr21rp07dPpe+h1Wvjr2xb5dlf7wq9dv3Tq5d2qaxmszas80Yj+rrTu/TW/FM0/VV3/AOl03+yuGGK3cpYwJ2zutbdPxznHq8ho779t2zNuaK285rmGZstWlois80TOPHMt2u3pw9nXc8pXoBtc4AKAAAAAAAAAAAAAAAAACAAoAAAAAAAAAAAAAAAAAAAAAAAAAAAAAAAAAAAAAAAAAAAAAAAAAIACk8fFHLHohImDNRMR6IRFYjwh6DBmgCoACgAAAAAAAgAKAAAAAAAAAAAAAAAAAAAAAAAAAAAAACAAoAAAAAAAAAAAAAAAAAAAAAAAAAAAAAAAAAAAIACgAgAKAAAAAAAAACAAoAAAAAAAAAAAAAAAAAIACgAAAAAAAAAAAgAKAAAAAAAAAAAAAAAAAAAAAAAAAAACP//Z', 1466422463038528, 1645929520644, 1645929520644, 0);
INSERT INTO attachments (userId, resourceId, size, width, height, name, mime, id, createdAt, updatedAt, version) VALUES (1466422463037472, 1466422463038528, 3042, 640, 360, 'img-10', 'image/jpeg', 1466422463038560, 1645929520645, 1645929520645, 0);
INSERT INTO resources (hash, encoding, content, id, createdAt, updatedAt, version) VALUES ('e33578ea5812325eb83016a79bd29346f098ac5e74ec258aeacbf2bfc90fa3db', 'BASE64', '/9j/4QAYRXhpZgAASUkqAAgAAAAAAAAAAAAAAP/sABFEdWNreQABAAQAAAAKAAD/4QMsaHR0cDovL25zLmFkb2JlLmNvbS94YXAvMS4wLwA8P3hwYWNrZXQgYmVnaW49Iu+7vyIgaWQ9Ilc1TTBNcENlaGlIenJlU3pOVGN6a2M5ZCI/PiA8eDp4bXBtZXRhIHhtbG5zOng9ImFkb2JlOm5zOm1ldGEvIiB4OnhtcHRrPSJBZG9iZSBYTVAgQ29yZSA1LjUtYzAxNCA3OS4xNTE0ODEsIDIwMTMvMDMvMTMtMTI6MDk6MTUgICAgICAgICI+IDxyZGY6UkRGIHhtbG5zOnJkZj0iaHR0cDovL3d3dy53My5vcmcvMTk5OS8wMi8yMi1yZGYtc3ludGF4LW5zIyI+IDxyZGY6RGVzY3JpcHRpb24gcmRmOmFib3V0PSIiIHhtbG5zOnhtcD0iaHR0cDovL25zLmFkb2JlLmNvbS94YXAvMS4wLyIgeG1sbnM6eG1wTU09Imh0dHA6Ly9ucy5hZG9iZS5jb20veGFwLzEuMC9tbS8iIHhtbG5zOnN0UmVmPSJodHRwOi8vbnMuYWRvYmUuY29tL3hhcC8xLjAvc1R5cGUvUmVzb3VyY2VSZWYjIiB4bXA6Q3JlYXRvclRvb2w9IkFkb2JlIFBob3Rvc2hvcCBDQyAoTWFjaW50b3NoKSIgeG1wTU06SW5zdGFuY2VJRD0ieG1wLmlpZDoxMzk3MUFDRjQyMDUxMUU5OTk4RkJCNjMyNTY5RTk2QSIgeG1wTU06RG9jdW1lbnRJRD0ieG1wLmRpZDoxMzk3MUFEMDQyMDUxMUU5OTk4RkJCNjMyNTY5RTk2QSI+IDx4bXBNTTpEZXJpdmVkRnJvbSBzdFJlZjppbnN0YW5jZUlEPSJ4bXAuaWlkOjEzOTcxQUNENDIwNTExRTk5OThGQkI2MzI1NjlFOTZBIiBzdFJlZjpkb2N1bWVudElEPSJ4bXAuZGlkOjEzOTcxQUNFNDIwNTExRTk5OThGQkI2MzI1NjlFOTZBIi8+IDwvcmRmOkRlc2NyaXB0aW9uPiA8L3JkZjpSREY+IDwveDp4bXBtZXRhPiA8P3hwYWNrZXQgZW5kPSJyIj8+/+4ADkFkb2JlAGTAAAAAAf/bAIQAFBAQGRIZJxcXJzImHyYyLiYmJiYuPjU1NTU1PkRBQUFBQUFERERERERERERERERERERERERERERERERERERERAEVGRkgHCAmGBgmNiYgJjZENisrNkREREI1QkRERERERERERERERERERERERERERERERERERERERERERERERERE/8AAEQgBaAKAAwEiAAIRAQMRAf/EAHgAAQACAwEAAAAAAAAAAAAAAAAFBgEDBAIBAQEAAAAAAAAAAAAAAAAAAAABEAEAAgECBAIGBgkEAwAAAAAAAQIDEQQhMRIFQVFhcdEiMhORobHBFQaB4UJSYnKCkhTxIzNDU2MWEQEAAAAAAAAAAAAAAAAAAAAA/9oADAMBAAIRAxEAPwCfZBQAAAAAAAAAAAAAAAAAAAAAAAAAAAAAAAAAAAAAAAAAAAAAAAAAAAAAAAAAAAAAAAAAAAAAAAAAAAAAAAAAAAAAAAAAAAAAAAAAAAAAAAAAAAAAAAAAAAAAAAAAAAAAAAAAAAAAAAAAAAAAAAAAAAAAAAAAAAAAAAAAAAAAAAAAAAAAAAAAAAAAAAAAAAAAAAAAAAAAAAAAAAAAAAAAAAAAAAAAAAAAAAAAAAAAAAAAAAAAAAAAAAAAAAAAAAAAAAAAAAAAAAAAAAAAAAAAAAAAAAAAAAAAAAAAAAAAAAAAAAAAAAAAAAAAAAAAAAAAAAAAAAAAAAAAAAAAAAAAAAAAAAAAAAAAAAAAAAAAAAAAAAAAAAAAAAAAAAAAAAAAAAAAAAAAAAAAAAAAAAAAAAAAAAAAAAAAAAAAAAAAAAAAAAAAAAAAAAAAAAAAAAAAAAAAAAAAAAAAAAAAAAAAAAAAAAAAAAAAAAAAAAAAAAAAAAAAAAAAAAAAAAAAAAAAAAAAAAAAAAAAAAAAAAAAAAAAAAAAAAAAAAAAAAAAAAAAAAAAAAAAAAAAAAAAAAAAAAAAAAAAAAAAAAAAAAAAAAAAAAAAAAAAAAAAAAAAAAAAAAAAAAAAAAAAAAAAAAAAAAAAAAAAAAAAAAAAAAAAAAAAAAAAAAAAAAAAAAABry5aYazfJMVrHOZBsEDm/MVdZjb45tH71vdhor+Ydxr7+Okx6LSIso4dj3PDveFJ6bxzpbn+t3AACgNWfPTb0nJknSsCNorOfv2fJP8AsVrSv8cazLXj75vKTrbovHlp0yC1CP7f3bDvvdr7uSOdLc/0eaQFAAAAAAAAAAAAAAAAAAAAAAAAAAAAAAAAAAAAAAAAAAAAAAAAAAAAAAAAAAAAAAAAAAaN3use0xzlyTwj6/QqG73WXf3683CsfDj8I9fpdHdd5/mbia1n/axTpX028ZcYgDfstrbe5vk1t0xEdU25g5rRMaXrOl68ayuXb91/l7embxtHH1+Ko5cc4ct8UzrNLdOseKe/LczO1mJ5RewJoAVhVe87mdxuZxRPuYuHrt4ytahTkm0XyeM2vb6wex173b7bDhxZdvk6r206o111/R4aOQRiYmLRek9N68a2ha+1dxjfY9Z4ZK8L19Pn6lVesG5tss1dxXlHC8edQXgeaWi9YtWdYmNYl6FAAAAAAAAAAAAAAAAAAAAAAAAAAAAAAAAAAAAAAAAAAAAAAAAAAAAAAAAAAAAAAHL3DPO32+TLHOtZ09bqRvfI12OXTyj7QVTHXSsRPPxeyAQIma2i9Zmto5TWdJBRjhWJmePOZmfFZ+w4px7KkzztNr/TKtY8Ft3lrtqc7fFPlXxXbHSMdYpXlWIiP0IPYApzUOkTSbVnnW1o+tfFQ7ttp226tP7GX36z6fGBHHFaxOsRESyADEx1RpPiyxa0ViZnwBZvy/ltk2dYtzpM0+hKo7smCcGzpFudtbz/AFJEUAAAAAAAAAAAAAAAAAAAAAAAAAAAAAAAAAAAAAAAAAAAAAAAAAAAAAAAAAAAAAAadzhjPivin9qs1bmBFFrE11pbhas9Mx6mVm7j2em7n5lJ6Mv73hPrhCX7VvaTp8uL+mlo+8HIaTa0UpHVe3CKw7sfZd5lnSYrjjzmdZ+iE727tmPY11r72SfivPP9UA8dq7ZGyrNr8ct/in7od+TJXHWb3nSsRrMy9tebFXNS2O8a1tGkiuCO+bW0zFJtbSNZ6aWnh9DX/wDQbaeNYvMfyo/P2LcYNZwW668tNem2nl5S4Me3y3vOKmO03r8VdOXrBZNv3nb58kYo6q2ty6o5uje7Km9xTiyeuJ8p80Z2/sl6Xrn3ExrWda0ry19Mp0FJ3W2y7G3Tnjh4ZI+GWmL1nlML3asWjS0ax5S4rdo2dp1nDXX1AqFstK85d/be2X3t4yZazXBWdePOyyYu37bDOuPFWJ9TqBiGQAAAAAAAAAAAAAAAAAAAAAAAAAAAAAAAAAAAAAAAAAAAAAAAAAAAAAAAAAAAAAAAABhkYmdOMgNebcY8EdWW0Uj+KdETbu3+Xn/xdtaKRPD5tvH0Vjzbs+023bsN9zePmZIj4snvTNgbZ7ztI+G/V/JE2+w/E4v/AMWLLf8Ao0+3RAdr7jbt95+Z72K/G2nOtvOPQmO6d3xVwTXBeL3yRpXpnlE85lA2+/3Hcon/ABYrjrE9NrWnW0f0x7Wz8MvtZ+btba3n/ljJ+36fRP1K3s9xfYZIy4ePDS1P3o9qT3/fJ3OP5WCtqdXx2tziPKAdm271bPFunDe00npt8uYtH3N2Tus4qTe+DLFYjWZmscPrV/t27/D88X0n5do6LxH1S6O69znfT8vHExhjjOvCbT7AS2Du1txSMmLBktWfH3fa2R3bFSdM9b4p/wDZXh9Mawi+wb2MGS22vOlbz1UmfPxh39z7zjwxOHFpkyTz8a19fsBJ1tFo6qzrE8ph6UzZ77LsJ6qz1Umdb08PXXy9S34c1c9K5KTrW0awo2AAAAAAAAAAAAAAAAAAAAAAAAAAAAAAAAAAAAAAAAAAAAAAAAAAAAAAAAAAAAAAAAAAIP8AMO7tSldtSdJyazaf4Y9qcVb8wTNd3SbfD0Tp9IIyccadPl9Tdl3GfcVrTNeb1pxrE/fPi922e4rgnczTTHHHj8Wnno0c+IgxFYjjEaMfMrPiza0VjWQZG/Psdzt8UZ8tNKTz0njXXzc8zpp4zPCIjxBkbdztM+0its9YiLeMTrpPlLXFbXtFKRra06VgHm1YtGklaxWNIjRv3ezzbKYjPEaW5Wry18paqY7Zr1xY/ivPTHtBhOflvLM0yYZ5UtrX1W/0c3c+zTs8fz8NrWrX/ki3l5w6Py1jmaZc3he0RX+n/UVPMgAAAAAAAAAAAAAAAAAAAAAAAAAAAAAAAAAAAAAAAAAAAAAAAAAAAAAAAAAAAAAAAAAj+57KdzWt6RE5cU9dItyn+GfWkAHFg7hg3tLYrT0XmOm+O/CY9qudr7dbeZZxX1+VimYvb97SeEe1Z9zsdvup1zUi0x4+Lk/AtpHw1tX+W9o+9B073t2PcbadvWIrpHueiY5K52bBXNn69xMVrh8LTzv+pNfge0njMWn15LPdeybKv/VE+vWQbt1udpmx2xXy00tEx8UK52KcEZpy7i9Y+V7tNZ5z+8sVe2bSvLDT+2Hr8P23/ip/aDn3262W7w2w2y096OHvcp8EX+XvkVmc+e9YyfBWJtHLxn9P2JyNhto5Yqf2w8z23aW54af2iPe7pg32G2GbVmLRwmJjhPhKvdhpFdxfJnmK/Jjo4zp70z7I+tM27Lsp/wCqI9WsfY807Fsqzr8vX+aZkVr3G+t3DXbbKOqs8L5pj3ax46ecpHbbem2x1w4/hrGjZSlaR00iIrHhD0oAAAAAAAAAAAAAAAAAAAAAAAAAAAAAAAAAAAAAAAAAAAAAAAAAAAAAAAAAAAAAAAAAAAAAAAAAAAAAAAAAAAAAAAAAAAAAAAAAAAAAAAAAAAAAAAAAAAAAAAAAAAAAAAAAAAAAAAAAAAAAAAAAAAAAAAAAAAAAAAAAAAAAAAAAAAAAAAAAAAAAAAAAAAAAAAAAAAAAAAAAAAAAAAAAAAAAAAAAAAAAAAAAAAAAAAAAAAAAAAAAAAAAAAAAAAAAAAAAAAAAAAAAAAAAAAAAAAAAAAAAAAAAAAAAAAAAAAAAAAAAAAAAAAAAAAAAAAAAAAAAAAAAAAAAAAAAAAAAAAAAAAAAAAAAAAAAAAAAAAAAAAAAAAAAAAAAAAAAAAAAAAAAAAAAAAAAAAAAAAAAAAAAAAAAAAAAAAAAAAAAAAAAAAAAAAAAAAAAAAAAAAAAAAAAAAAAAAAAAAAAAAAAAAAAAAAAAAAAAAAAAAAAAAAAAAAAAAAAAAAAAAAAAAAAAAAAAAAAAAAAAAAAAAAAAAAAAAAAAAAAAAAAAAAAAAAAAAAAAAAAAAAAAAAAAAAAAAAAAAAAAAAAAAAAAAAAAAAAAAAAAAAAAAAAAAAAAAAAAAAAAAAAAAAAAAAAAAAAAAAAAAAAAAAAAAAAAAAAAAAAAAAAAAA//9k=', 1466422463038592, 1645929520645, 1645929520645, 0);
INSERT INTO attachments (userId, resourceId, size, width, height, name, mime, id, createdAt, updatedAt, version) VALUES (1466422463037472, 1466422463038592, 4233, 640, 360, 'img-11', 'image/jpeg', 1466422463038624, 1645929520645, 1645929520645, 0);
INSERT INTO texts (hash, content, id, createdAt, updatedAt, version) VALUES ('121b456d65f0fd0f86905a4c1ea61586bd132bf705a89e191001ecac9057d5ef', '# iusto praesent convallis venenatis sapien eruditi dicunt.\n\nullamcorper conubia.\n\ncubilia noluisse aliquip noluisse.\n\ntota doming adolescens litora ullamcorper nunc noluisse iriure ignota sociosqu splendide sociosqu.\n\nlaoreet magnis inani dui tortor sonet graecis penatibus recteque mentitum purus himenaeos lectus.\n\ndoctus nonumes vituperata pretium perpetua posse maluisset erroribus aenean eos altera.\n\nlegimus himenaeos erroribus vis splendide aliquet lacinia prompta expetendis torquent habemus epicuri graecis postulant.\n\nposse nec verterem graecis no potenti pertinacia definitiones nihil iudicabit orci sollicitudin litora id mediocrem inimicus.\n\ntractatos tempor debet accusata.\n\nmelius debet aeque liber sodales ridiculus parturient mattis nominavi fusce pharetra eirmod suscipit tale hinc suavitate mediocritatem laoreet quisque delenit.\n\nsaperet eirmod omittantur.\n\nmutat intellegat luptatum constituam urbanitas legimus doctus dapibus mattis iriure vix nihil adipisci ultricies sociis sapientem.\n\nparturient electram mediocrem varius netus eloquentiam sem ferri putent dolorem hendrerit necessitatibus diam vis comprehensam graeci maximus ponderum petentium.\n\ndictumst.\n\nelectram vix consul maiorum latine.\n\nvim mnesarchum ullamcorper quisque tota quo ludus necessitatibus maximus salutatus libero posse sadipscing an.\n\nfames.\n\nsadipscing fabellas nec neglegentur pericula persius duis nibh.\n\nut in ei etiam feugait novum feugiat adhuc mi cursus fames prodesset regione.\n\n', 1466422463038656, 1645929520646, 1645929520646, 0);
INSERT INTO articles (userId, categoryId, imageId, textId, views, tags, name, description, publishAt, id, createdAt, updatedAt, version) VALUES (1466422463037472, 1466422463037856, 1466422463037920, 1466422463038656, 0, 'abc,xyz,hello', 'liber. 0', 'delenit taciti aliquet expetendis vis qualisque graecis suspendisse.', 1645929520622, 1466422463041376, 1645929520646, 1645929520646, 0);
INSERT INTO texts (hash, content, id, createdAt, updatedAt, version) VALUES ('1f7a49756d5c609f9ee76853d11a0ed0313c39a5d029402aa26fc3e9e8a05a3c', '# vituperata justo.\n\neleifend veri adhuc.\n\ndetracto detraxit melius noluisse mus elaboraret discere nullam invenire dicam ea fugit movet doming.\n\ndeterruisset tractatos praesent expetendis faucibus.\n\nantiopam propriae ocurreret nullam mnesarchum periculis periculis omnesque disputationi montes epicuri nulla velit sanctus et auctor qualisque.\n\nsuavitate molestie atomorum conceptam.\n\nea sapien partiendo iisque aptent risus ornare veri adolescens ei integer neque magna viverra sale eruditi sed reprimique.\n\nbibendum parturient theophrastus velit orci pretium doctus vero mandamus prodesset dolore quem sodales inciderint nam suscipiantur.\n\npartiendo quidam consetetur solum fugit consectetuer integer omittam facilisis veritus omittantur partiendo nisl purus.\n\nfermentum platea perpetua alienum posidonium libris blandit mea etiam labores veniam epicurei.\n\ncomprehensam in conceptam fusce vituperatoribus phasellus utinam constituto definiebas brute sodales discere percipit.\n\ndissentiunt fringilla omittantur doming fringilla suscipit reprimique fuisset.\n\nfeugait lacus sed dolores postea pertinax iusto sanctus dictumst cu habeo interesset viverra pertinacia mi.\n\nvituperatoribus scripserit.\n\ntractatos vestibulum dolor phasellus indoctum odio inciderint condimentum pretium alia adolescens veniam quot iusto scelerisque congue etiam iudicabit eripuit regione.\n\n', 1466422463038688, 1645929520646, 1645929520646, 0);
INSERT INTO articles (userId, categoryId, imageId, textId, views, tags, name, description, publishAt, id, createdAt, updatedAt, version) VALUES (1466422463037472, 1466422463037856, 1466422463037984, 1466422463038688, 0, 'abc,xyz,hello', 'risus. 1', 'harum graecis.', 1645929520623, 1466422463041408, 1645929520646, 1645929520646, 0);
INSERT INTO texts (hash, content, id, createdAt, updatedAt, version) VALUES ('da438d8c2f6eb7d600c8bd093ee53881a303ce32f4c042f64e94be4b58c616ad', '# docendi recteque vix arcu sagittis.\n\nfaucibus legere conclusionemque periculis duo facilisis tempor conclusionemque tamquam dicit aliquam repudiare.\n\nunum graeci postulant detracto reque cetero necessitatibus vim.\n\nerrem quidam imperdiet periculis bibendum ludus conceptam volutpat meliore molestiae laudem liber tritani tellus neglegentur adversarium similique similique.\n\npellentesque proin felis non saperet iaculis discere maximus explicari dicam volumus semper.\n\ndebet vero iusto proin mnesarchum vestibulum percipit eirmod tortor libero elaboraret vituperatoribus.\n\nquisque constituto.\n\niriure fuisset.\n\nmediocritatem.\n\ndictas sanctus solet iuvaret per elitr saperet dicat doctus nisi saperet risus cum eros adolescens splendide possit duo.\n\nimperdiet feugait quisque primis.\n\ndicta adhuc putent.\n\n', 1466422463038720, 1645929520647, 1645929520647, 0);
INSERT INTO articles (userId, categoryId, imageId, textId, views, tags, name, description, publishAt, id, createdAt, updatedAt, version) VALUES (1466422463037472, 1466422463037856, 1466422463038048, 1466422463038720, 0, 'abc,xyz,hello', 'quam. 2', 'alterum iisque tibique vel pharetra gubergren novum tamquam litora nullam.', 1645929520624, 1466422463041440, 1645929520647, 1645929520647, 0);
INSERT INTO texts (hash, content, id, createdAt, updatedAt, version) VALUES ('108efe36051f8a7d87330b9f214e5546ad81e5c4ec97fa4a2d5bfe6403768b10', '# explicari homero melius adhuc noluisse nec vero.\n\neius putent doctus risus at gravida alia vivendo elit phasellus mel turpis ei.\n\nmandamus quas has autem.\n\ndolorum menandri non.\n\nvehicula primis eleifend.\n\nidque partiendo ridiculus fames ius aenean quis delenit quot scelerisque dapibus aperiri legimus.\n\nindoctum nobis.\n\nsodales signiferumque possim leo ultricies feugait suavitate mucius consequat himenaeos tritani mediocritatem dignissim porttitor.\n\nmnesarchum postea integer splendide alienum referrentur faucibus ligula senserit enim montes docendi.\n\nlacus movet.\n\ncongue ignota turpis adipiscing referrentur scelerisque per falli quis montes augue.\n\nsalutatus accusata verear elit morbi.\n\nfabellas moderatius latine elaboraret invenire bibendum docendi nostra doming appareat aptent leo indoctum comprehensam velit.\n\nimperdiet inani vis augue molestie metus saperet regione petentium persecuti usu atqui eleifend quaerendum.\n\nquaestio tractatos lectus tincidunt repudiandae maecenas epicurei simul legimus mnesarchum metus leo a dico.\n\nvis.\n\niisque altera libris iisque wisi rutrum mentitum aperiri equidem.\n\n', 1466422463038752, 1645929520647, 1645929520647, 0);
INSERT INTO articles (userId, categoryId, imageId, textId, views, tags, name, description, publishAt, id, createdAt, updatedAt, version) VALUES (1466422463037472, 1466422463037856, 1466422463038112, 1466422463038752, 0, 'abc,xyz,hello', 'leo. 3', 'arcu ignota cetero mnesarchum.', 1645929520625, 1466422463041472, 1645929520647, 1645929520647, 0);
INSERT INTO texts (hash, content, id, createdAt, updatedAt, version) VALUES ('74dd89416b902ae2e5db837d4f589df0363f71d58bb1c15ff736ccb1cf03c5e6', '# harum deserunt mazim vituperata nullam.\n\nvitae tritani aliquam definitionem constituto tacimates luctus vix agam fames massa mus detracto quidam nonumes vivendo.\n\nexpetendis propriae efficiantur equidem dicat omittantur reformidans tempor unum odio aliquip duo dictum.\n\nqui platea ad possim tincidunt ultrices nam vitae scripta.\n\ndolor altera contentiones iisque reformidans pulvinar novum referrentur altera dolorem laoreet rhoncus viverra.\n\ndeserunt nibh voluptaria delenit cras ocurreret adversarium pharetra lectus.\n\nprincipes egestas suscipit gubergren ornatus viverra oratio dictum pro accommodare.\n\nharum ius dicunt adolescens efficiantur vidisse interpretaris tristique.\n\ndolor vivamus condimentum lacinia interdum nostrum.\n\nscelerisque putent saepe deterruisset repudiandae porro cu montes evertitur dapibus ferri cursus conceptam quem quaestio luptatum pellentesque justo.\n\nutroque congue senserit tacimates vivamus errem ridens metus fuisset volumus vel elit.\n\niisque neglegentur auctor ex ea facilis prompta omittantur prompta nonumes natoque utroque ac cetero principes vero faucibus numquam.\n\n', 1466422463038784, 1645929520647, 1645929520647, 0);
INSERT INTO articles (userId, categoryId, imageId, textId, views, tags, name, description, publishAt, id, createdAt, updatedAt, version) VALUES (1466422463037472, 1466422463037856, 1466422463038176, 1466422463038784, 0, 'abc,xyz,hello', 'putent. 4', 'quaeque explicari affert gravida definitiones nec causae.', 1645929520626, 1466422463041504, 1645929520647, 1645929520647, 0);
INSERT INTO texts (hash, content, id, createdAt, updatedAt, version) VALUES ('43954f3f9892248e12e0cbd86613ca0433c624f3691a274cae68da129d1d6fe3', '# efficitur prompta viris.\n\nintellegebat massa contentiones viverra nonumy netus dolor elitr mnesarchum nostra ad.\n\nligula equidem assueverit ei sale petentium sonet legimus fabulas cras quis referrentur nonumes dolorem graeco.\n\nalia sagittis commune tale proin vocent graece magnis eam necessitatibus.\n\noratio intellegat dolorum deterruisset ipsum sem theophrastus electram pertinax feugiat eum salutatus.\n\nac cetero.\n\noratio dolores sonet.\n\nveniam theophrastus conclusionemque te praesent iudicabit at mnesarchum te tempor ne rutrum elaboraret sententiae tristique.\n\ninvidunt euripidis fusce.\n\nclass falli doctus natum quo ancillae nunc libris errem instructior conclusionemque.\n\ntale fringilla tincidunt.\n\naugue legere commodo inani euripidis putent posidonium.\n\noratio elit quo.\n\nmus torquent quo.\n\npenatibus mediocritatem voluptaria torquent vituperatoribus volumus tota ponderum semper.\n\nconsetetur pulvinar pulvinar.\n\naenean gloriatur antiopam efficitur legimus idque explicari eros suscipit melius nostrum quot.\n\nvocent.\n\n', 1466422463038816, 1645929520647, 1645929520647, 0);
INSERT INTO articles (userId, categoryId, imageId, textId, views, tags, name, description, publishAt, id, createdAt, updatedAt, version) VALUES (1466422463037472, 1466422463037856, 1466422463038240, 1466422463038816, 0, 'abc,xyz,hello', 'vituperata. 5', 'leo prompta partiendo inimicus tota.', 1645929520627, 1466422463041536, 1645929520647, 1645929520647, 0);
INSERT INTO texts (hash, content, id, createdAt, updatedAt, version) VALUES ('4396918db54cc6d3bff5bef7380666466241fcdb82f82e968a7b373903c0770f', '# platonem eu saepe iaculis volutpat facilis gubergren nec.\n\nmutat.\n\nconsul vitae montes felis vis.\n\nhas quod tacimates legere tamquam fermentum lorem tellus electram minim sit vestibulum autem.\n\ndapibus gloriatur ullamcorper qualisque legimus vis.\n\npossit eripuit.\n\nplatonem honestatis voluptatibus.\n\nornare habemus class fuisset error efficitur quem adipiscing.\n\nfelis iusto tritani accommodare veri intellegat iudicabit natum ultricies maximus aliquam discere definiebas appareat tritani.\n\nnovum prompta no consetetur magnis ceteros habemus minim wisi vidisse libero et propriae percipit porttitor fabulas voluptatibus nulla conceptam.\n\nmenandri suscipiantur amet oratio alterum fabellas.\n\ndissentiunt mollis ultricies numquam convallis.\n\ndonec eripuit rutrum.\n\ndeterruisset instructior sodales nobis dolorum ea euripidis qualisque nec qui fusce facilis labores mediocritatem sonet ultricies aenean.\n\ninvenire noster adhuc lacinia ferri theophrastus nonumy laudem feugait sem.\n\nimpetus elaboraret magna senectus ferri quo sapien neglegentur ludus posse commune delenit ante ac iaculis felis.\n\ncubilia fames offendit minim volutpat patrioque quem utinam placerat salutatus delicata doming.\n\npretium prodesset oratio adhuc.\n\ncondimentum quas.\n\n', 1466422463038848, 1645929520648, 1645929520648, 0);
INSERT INTO articles (userId, categoryId, imageId, textId, views, tags, name, description, publishAt, id, createdAt, updatedAt, version) VALUES (1466422463037472, 1466422463037856, 1466422463038304, 1466422463038848, 0, 'abc,xyz,hello', 'eruditi. 6', 'semper erat postea usu quaerendum minim contentiones.', 1645929520628, 1466422463041568, 1645929520648, 1645929520648, 0);
INSERT INTO texts (hash, content, id, createdAt, updatedAt, version) VALUES ('43d89e7239f9f163f7cd3eb92b1463b58af8ba54727b88d1156cd0de25f55649', '# epicurei ius invenire adversarium ornatus magna deterruisset hendrerit purus aeque.\n\ntellus vulputate cum hac his cursus metus iaculis vestibulum.\n\nperpetua aliquet viderer hendrerit molestiae nostrum.\n\net falli efficitur.\n\nsaepe ignota cubilia viris quaestio efficitur pro fusce cras quas legimus ornare.\n\nverear repudiandae habeo.\n\nnisi ludus aeque.\n\nreferrentur turpis fabulas feugiat vim usu tempor senserit vivendo torquent condimentum tractatos dolorum quidam.\n\nvenenatis fastidii bibendum his euripidis nibh neglegentur dicam ante tellus signiferumque imperdiet.\n\nvehicula voluptatum consequat ridiculus constituto ius velit commodo cum indoctum fusce his regione adhuc delenit gloriatur erroribus veri solum pharetra.\n\naenean nec consectetuer nostrum debet docendi utamur eu noster legimus latine brute tritani cetero quo percipit scripserit ne cras.\n\npertinacia equidem neque utinam facilisi quot conclusionemque dis sollicitudin fermentum dicant inceptos gubergren adversarium ligula animal appareat dui.\n\naeque unum adipiscing tamquam epicurei magna facilis sale porro facilisis amet.\n\npatrioque pulvinar perpetua facilisis dignissim vel delectus dignissim suscipit option mi senectus comprehensam.\n\nponderum urbanitas splendide diam moderatius doctus movet deseruisse mea reformidans.\n\n', 1466422463038880, 1645929520648, 1645929520648, 0);
INSERT INTO articles (userId, categoryId, imageId, textId, views, tags, name, description, publishAt, id, createdAt, updatedAt, version) VALUES (1466422463037472, 1466422463037856, 1466422463038368, 1466422463038880, 0, 'abc,xyz,hello', 'honestatis. 7', 'suscipit delectus rhoncus tibique sea potenti recteque verterem.', 1645929520629, 1466422463041600, 1645929520648, 1645929520648, 0);
INSERT INTO texts (hash, content, id, createdAt, updatedAt, version) VALUES ('b1b35d96f86ea71fa37b33387baa983cefaadd29597643ff06a52586c73b79f2', '# detraxit.\n\npri reque qualisque efficitur tale perpetua sadipscing curabitur consectetur auctor dictas.\n\neuismod libero indoctum errem at persequeris vituperata ius mei comprehensam delectus dolorem.\n\nrhoncus voluptaria idque alia sententiae labores quod adipiscing orci harum utamur litora phasellus metus mus percipit.\n\npartiendo euripidis nibh brute postea magna interdum vis velit quaerendum.\n\ngravida libero.\n\ncommune primis simul principes et eum felis unum dictas conubia donec maximus verear mazim ridens venenatis conceptam.\n\ndui deserunt diam habeo pellentesque melius scripserit class dolores meliore vim.\n\nultricies mediocritatem habeo mazim idque adolescens fringilla varius per homero sanctus adipisci.\n\nesse dolorem inimicus principes omittantur electram fuisset fermentum vocent mus.\n\nelitr mediocrem gravida.\n\naltera comprehensam facilisis lobortis eros taciti errem noster atomorum tortor labores nec quot postulant singulis lacus vidisse.\n\nornare suscipit cubilia.\n\nphasellus.\n\n', 1466422463038912, 1645929520648, 1645929520648, 0);
INSERT INTO articles (userId, categoryId, imageId, textId, views, tags, name, description, publishAt, id, createdAt, updatedAt, version) VALUES (1466422463037472, 1466422463037856, 1466422463038432, 1466422463038912, 0, 'abc,xyz,hello', 'sumo. 8', 'torquent graecis aeque.', 1645929520630, 1466422463041632, 1645929520648, 1645929520648, 0);
INSERT INTO texts (hash, content, id, createdAt, updatedAt, version) VALUES ('9c06812aa50c388bde07bd994582a026c820a1157c49166199a4b175028890ce', '# leo orci.\n\nveniam dignissim nascetur usu labores fermentum mandamus tortor aptent conceptam suscipit laudem.\n\nneque sapientem aliquam vestibulum dicam donec petentium malorum fastidii ei phasellus nonumy affert doming petentium contentiones elementum dolor hendrerit.\n\ndeserunt theophrastus imperdiet erat purus quo consequat.\n\nea ligula laudem senectus eum affert periculis molestie habemus nascetur facilisis.\n\nexpetendis reformidans voluptatum delectus suscipit metus falli mel reformidans.\n\nelementum cubilia.\n\nomittantur.\n\nconceptam mentitum.\n\nconstituam vero minim convenire diam conubia id minim lorem viderer doming inimicus nonumes audire propriae.\n\ntortor detracto nostrum.\n\nquidam tritani putent mi dictas pulvinar sale sagittis expetenda ornatus inceptos scripserit ceteros mauris quisque ferri interpretaris.\n\nscelerisque iudicabit tempus ocurreret posidonium.\n\npersecuti iisque esse corrumpit ignota.\n\n', 1466422463038944, 1645929520648, 1645929520648, 0);
INSERT INTO articles (userId, categoryId, imageId, textId, views, tags, name, description, publishAt, id, createdAt, updatedAt, version) VALUES (1466422463037472, 1466422463037856, 1466422463038496, 1466422463038944, 0, 'abc,xyz,hello', 'hinc. 9', 'ubique option parturient quidam.', 1645929520631, 1466422463041664, 1645929520648, 1645929520648, 0);
INSERT INTO texts (hash, content, id, createdAt, updatedAt, version) VALUES ('0479be757daeeb735d7a7533d21a8b86ca17b82be7c31c737df2909b2428609f', '# consectetuer maiestatis postulant antiopam nostra malorum suas eam rhoncus.\n\neuismod nec enim laudem pertinacia tantas libris habeo dolorum netus malorum venenatis expetenda quaerendum has repudiandae.\n\nnatoque omittantur.\n\nanimal adversarium prodesset sit.\n\nomittantur delicata eum inimicus lobortis definitionem quaestio falli atomorum alia posse quas dolores solet dui quis ad necessitatibus.\n\naeque dissentiunt quis dignissim.\n\noption hinc faucibus.\n\nfacilisi pro accusata egestas intellegebat voluptatum numquam assueverit hendrerit praesent tortor usu taciti alia offendit consectetuer.\n\nscelerisque ignota aliquip natoque mi movet moderatius semper senectus nulla diam ponderum homero utinam decore omittantur.\n\nprodesset in dicit ancillae viverra fastidii mediocrem electram delenit bibendum ex debet.\n\namet curabitur inciderint duis suavitate dicam omnesque.\n\nquo mentitum labores definitionem finibus nisl feugait eius principes dicam porta taciti accommodare eius.\n\ndicant legimus omittantur inani viris equidem consequat sententiae sumo.\n\ndui gloriatur noluisse aeque nec verear conceptam vis affert pri iisque quot.\n\n', 1466422463038976, 1645929520648, 1645929520648, 0);
INSERT INTO articles (userId, categoryId, imageId, textId, views, tags, name, description, publishAt, id, createdAt, updatedAt, version) VALUES (1466422463037472, 1466422463037856, 1466422463038560, 1466422463038976, 0, 'abc,xyz,hello', 'sociosqu. 10', 'decore viderer minim natoque est accumsan tibique sed.', 1645929520632, 1466422463041696, 1645929520648, 1645929520648, 0);
INSERT INTO texts (hash, content, id, createdAt, updatedAt, version) VALUES ('d8cb71f6589b33b268051f1b58a382c094f57f454867385bd0c5047217aab3ad', '# sea veritus pericula pellentesque ultrices sociis.\n\nper solet tota nominavi fastidii.\n\nnascetur orci nascetur solet utroque veritus.\n\nhimenaeos sollicitudin aliquid atqui nonumy facilisi mazim aliquip brute potenti constituam mediocritatem sociis equidem libero ubique in.\n\nubique dicta prodesset fusce ignota dapibus.\n\nnostra legere ante habeo dicat falli euripidis.\n\ndoctus veri his oratio instructior malorum movet nonumes movet sem.\n\nmel integer repudiandae tempor luptatum pri dictas mauris reprehendunt litora quaeque impetus adipiscing feugait.\n\nfaucibus mediocritatem mazim alienum ultrices dicunt utamur sanctus his consul ne molestie alia.\n\ntation fabellas dico lectus menandri faucibus iisque habitasse taciti quaestio dis graeci.\n\ninstructior tortor consequat ludus dolores quisque utroque metus voluptatum quod quidam dolor labores facilis adhuc sagittis mediocrem condimentum.\n\ndictas deterruisset nascetur ultricies etiam rhoncus erat magna felis.\n\naccommodare.\n\n', 1466422463039008, 1645929520648, 1645929520648, 0);
INSERT INTO articles (userId, categoryId, imageId, textId, views, tags, name, description, publishAt, id, createdAt, updatedAt, version) VALUES (1466422463037472, 1466422463037856, 1466422463038624, 1466422463039008, 0, 'abc,xyz,hello', 'ex. 11', 'ultrices discere posse epicurei adipiscing mazim porro disputationi salutatus molestiae.', 1645929520633, 1466422463041728, 1645929520649, 1645929520649, 0);
INSERT INTO boards (topicNumber, locked, tag, name, description, displayOrder, id, createdAt, updatedAt, version) VALUES (0, false, 'sample', 'Discuss Sample', 'Discuss Sample.', 0, 1466422463039040, 1645929520649, 1645929520649, 0);
INSERT INTO topics (boardId, userId, userName, userImageUrl, refType, refId, replyNumber, locked, name, content, id, createdAt, updatedAt, version) VALUES (1466422463039040, 1466422463037728, 'subscriber', '/static/img/user.png', 'NONE', 0, 0, false, 'magna.1', 'magnis montes placerat nec eam repudiare usu indoctum pro unum accommodare gubergren consul.', 1466422463039072, 1645929520628, 1645929520628, 0);
INSERT INTO topics (boardId, userId, userName, userImageUrl, refType, refId, replyNumber, locked, name, content, id, createdAt, updatedAt, version) VALUES (1466422463039040, 1466422463037728, 'subscriber', '/static/img/user.png', 'NONE', 0, 1, false, 'regione.2', 'finibus falli qui sapientem dapibus maecenas putent causae malorum deserunt perpetua blandit expetendis periculis evertitur falli his doctus dictum dolores audire reformidans ex mollis docendi conclusionemque vocent facilisi finibus duis morbi veritus tempus vocent amet gubergren platonem vidisse lacus aliquet quam volutpat omittantur nam homero quaestio movet.', 1466422463039104, 1645925920628, 1645925920628, 0);
INSERT INTO replies (topicId, userId, userName, userImageUrl, content, id, createdAt, updatedAt, version) VALUES (1466422463039104, 1466422463037728, 'subscriber', '/static/img/user.png', 'qualisque mnesarchum sumo.', 1466422463041760, 1645925860628, 1645925860628, 0);
INSERT INTO topics (boardId, userId, userName, userImageUrl, refType, refId, replyNumber, locked, name, content, id, createdAt, updatedAt, version) VALUES (1466422463039040, 1466422463037728, 'subscriber', '/static/img/user.png', 'NONE', 0, 2, false, 'repudiandae.3', 'verear nulla dicat dignissim repudiare suas habitasse vero vitae persius graeco.', 1466422463039136, 1645922320628, 1645922320628, 0);
INSERT INTO replies (topicId, userId, userName, userImageUrl, content, id, createdAt, updatedAt, version) VALUES (1466422463039136, 1466422463037728, 'subscriber', '/static/img/user.png', 'elit pri ad donec ipsum mea dolores an adversarium ne expetenda inciderint arcu noster in propriae vestibulum mea adipisci saepe decore debet salutatus eleifend epicurei adhuc veri ante nulla tellus.', 1466422463041792, 1645922260628, 1645922260628, 0);
INSERT INTO replies (topicId, userId, userName, userImageUrl, content, id, createdAt, updatedAt, version) VALUES (1466422463039136, 1466422463037728, 'subscriber', '/static/img/user.png', 'ridens quod eos solum viris himenaeos suas porttitor class nihil hendrerit accumsan suavitate error malesuada commune maecenas partiendo non mea tibique ludus qui vidisse audire omnesque euismod pretium quam nullam bibendum velit delenit reque malesuada gubergren possim sagittis epicurei vel quisque senserit vis pri decore debet debet semper.', 1466422463041824, 1645918660628, 1645918660628, 0);
INSERT INTO topics (boardId, userId, userName, userImageUrl, refType, refId, replyNumber, locked, name, content, id, createdAt, updatedAt, version) VALUES (1466422463039040, 1466422463037728, 'subscriber', '/static/img/user.png', 'NONE', 0, 3, false, 'pericula referrentur.4', 'qui dolorem nam vituperatoribus movet sagittis viderer consequat etiam aliquet sanctus facilisi pertinacia reprehendunt volumus imperdiet fugit dolores eirmod splendide natoque laudem suscipiantur.', 1466422463039168, 1645918720628, 1645918720628, 0);
INSERT INTO replies (topicId, userId, userName, userImageUrl, content, id, createdAt, updatedAt, version) VALUES (1466422463039168, 1466422463037728, 'subscriber', '/static/img/user.png', 'habeo intellegebat nonumy cras quem mattis persequeris sonet eum curabitur montes sodales novum elementum vivendo pellentesque quidam te sollicitudin perpetua id unum vel cursus sociosqu reque definitionem commune dissentiunt disputationi.', 1466422463041856, 1645918660628, 1645918660628, 0);
INSERT INTO replies (topicId, userId, userName, userImageUrl, content, id, createdAt, updatedAt, version) VALUES (1466422463039168, 1466422463037728, 'subscriber', '/static/img/user.png', 'morbi nascetur libris per taciti amet pertinacia petentium labores mei ceteros inceptos.', 1466422463041888, 1645915060628, 1645915060628, 0);
INSERT INTO replies (topicId, userId, userName, userImageUrl, content, id, createdAt, updatedAt, version) VALUES (1466422463039168, 1466422463037728, 'subscriber', '/static/img/user.png', 'porta splendide tota idque delectus sonet habitant sanctus epicurei oporteat theophrastus molestiae himenaeos malorum usu tellus invidunt consul idque ea periculis corrumpit eius conubia mei tation nam ridens at dictas suscipiantur delectus class discere expetenda vituperatoribus ridens persecuti aptent netus per.', 1466422463041920, 1645911460628, 1645911460628, 0);
INSERT INTO topics (boardId, userId, userName, userImageUrl, refType, refId, replyNumber, locked, name, content, id, createdAt, updatedAt, version) VALUES (1466422463039040, 1466422463037728, 'subscriber', '/static/img/user.png', 'NONE', 0, 4, false, 'his.5', 'fastidii tempus aliquid rutrum dolor efficiantur nam debet propriae dicta metus repudiare ceteros maecenas habitasse etiam pellentesque urbanitas singulis feugiat persecuti quaeque commune suscipit instructior inciderint duis auctor auctor suavitate dignissim orci appareat vivendo aenean volumus porttitor hendrerit dolor unum eam.', 1466422463039200, 1645915120628, 1645915120628, 0);
INSERT INTO replies (topicId, userId, userName, userImageUrl, content, id, createdAt, updatedAt, version) VALUES (1466422463039200, 1466422463037728, 'subscriber', '/static/img/user.png', 'mediocritatem mattis iaculis labores ultricies ancillae constituto verear errem faucibus quem sadipscing graecis invidunt veri volumus vivamus saperet fermentum errem docendi nisl eirmod dolorem salutatus idque potenti voluptatibus rutrum omittam gloriatur meliore parturient interpretaris.', 1466422463041952, 1645915060628, 1645915060628, 0);
INSERT INTO replies (topicId, userId, userName, userImageUrl, content, id, createdAt, updatedAt, version) VALUES (1466422463039200, 1466422463037728, 'subscriber', '/static/img/user.png', 'hac tortor elitr regione mus nec melius etiam malorum penatibus eirmod vituperatoribus definiebas accommodare putent et accommodare epicurei himenaeos nulla dictumst mus curabitur pericula dico quem ante graeco his primis delenit sumo vituperata suas movet offendit sagittis quaestio quidam tractatos maluisset velit option tractatos delectus necessitatibus.', 1466422463041984, 1645911460628, 1645911460628, 0);
INSERT INTO replies (topicId, userId, userName, userImageUrl, content, id, createdAt, updatedAt, version) VALUES (1466422463039200, 1466422463037728, 'subscriber', '/static/img/user.png', 'harum pro harum accumsan nam dolores ornatus interdum reprimique corrumpit reprimique reque.', 1466422463042016, 1645907860628, 1645907860628, 0);
INSERT INTO replies (topicId, userId, userName, userImageUrl, content, id, createdAt, updatedAt, version) VALUES (1466422463039200, 1466422463037728, 'subscriber', '/static/img/user.png', 'persequeris quem mel est nostra dicta causae dicam libris maximus moderatius nostrum voluptaria.', 1466422463042048, 1645904260628, 1645904260628, 0);
INSERT INTO topics (boardId, userId, userName, userImageUrl, refType, refId, replyNumber, locked, name, content, id, createdAt, updatedAt, version) VALUES (1466422463039040, 1466422463037728, 'subscriber', '/static/img/user.png', 'NONE', 0, 5, false, 'quod.6', 'equidem curabitur nostrum affert interpretaris leo qualisque singulis malesuada tation leo platonem imperdiet vitae at verear omnesque comprehensam mei iisque posse tempus affert at ponderum mattis ac necessitatibus class mel quam persecuti euismod honestatis nisl nullam quem sapien quis ut usu prodesset massa solum electram perpetua tempus.', 1466422463039232, 1645911520628, 1645911520628, 0);
INSERT INTO replies (topicId, userId, userName, userImageUrl, content, id, createdAt, updatedAt, version) VALUES (1466422463039232, 1466422463037728, 'subscriber', '/static/img/user.png', 'intellegebat class viverra utamur instructior graeco novum justo ancillae eos appareat eruditi habemus ultricies convallis graecis impetus rhoncus odio wisi aptent torquent efficitur vero augue partiendo conceptam himenaeos legimus iaculis offendit graece voluptaria inani propriae inani senectus ridiculus mutat accommodare ipsum mediocritatem nascetur recteque patrioque vituperatoribus.', 1466422463042080, 1645911460628, 1645911460628, 0);
INSERT INTO replies (topicId, userId, userName, userImageUrl, content, id, createdAt, updatedAt, version) VALUES (1466422463039232, 1466422463037728, 'subscriber', '/static/img/user.png', 'regione mediocrem ornatus per equidem brute eros justo ornatus consetetur vituperata detraxit netus disputationi dui debet adhuc auctor platonem orci iudicabit quaerendum fames varius alienum error an menandri.', 1466422463042112, 1645907860628, 1645907860628, 0);
INSERT INTO replies (topicId, userId, userName, userImageUrl, content, id, createdAt, updatedAt, version) VALUES (1466422463039232, 1466422463037728, 'subscriber', '/static/img/user.png', 'et.', 1466422463042144, 1645904260628, 1645904260628, 0);
INSERT INTO replies (topicId, userId, userName, userImageUrl, content, id, createdAt, updatedAt, version) VALUES (1466422463039232, 1466422463037728, 'subscriber', '/static/img/user.png', 'a nonumes regione putent vis agam condimentum inciderint vitae ullamcorper alia iuvaret dissentiunt primis sit elit docendi omnesque constituam ubique delicata tellus viverra suscipit faucibus delectus in reformidans dicta.', 1466422463042176, 1645900660628, 1645900660628, 0);
INSERT INTO replies (topicId, userId, userName, userImageUrl, content, id, createdAt, updatedAt, version) VALUES (1466422463039232, 1466422463037728, 'subscriber', '/static/img/user.png', 'similique curae dictas molestie sociosqu alienum saepe mutat elitr dolores equidem veri disputationi volumus contentiones nibh magnis ridens est ridiculus prompta sollicitudin eruditi egestas.', 1466422463042208, 1645897060628, 1645897060628, 0);
INSERT INTO topics (boardId, userId, userName, userImageUrl, refType, refId, replyNumber, locked, name, content, id, createdAt, updatedAt, version) VALUES (1466422463039040, 1466422463037728, 'subscriber', '/static/img/user.png', 'NONE', 0, 6, false, 'adipisci torquent.7', 'consetetur facilisi vituperatoribus viverra mel tempor ius scelerisque eloquentiam tibique reprehendunt vis detraxit graeci constituto reformidans egestas repudiare fabulas sea necessitatibus vero theophrastus vocibus feugait latine purus maiorum indoctum ligula saperet enim reprimique iuvaret imperdiet inceptos voluptatibus congue quam dissentiunt.', 1466422463039264, 1645907920628, 1645907920628, 0);
INSERT INTO replies (topicId, userId, userName, userImageUrl, content, id, createdAt, updatedAt, version) VALUES (1466422463039264, 1466422463037728, 'subscriber', '/static/img/user.png', 'accumsan utroque curabitur labores urna vivendo mattis sea has vituperatoribus causae harum mazim montes mandamus consetetur esse unum ancillae te urbanitas luctus iudicabit mediocritatem taciti sadipscing propriae conubia quaestio usu dolor animal erat duis risus justo corrumpit salutatus putent duo adipiscing curae lacinia sagittis brute.', 1466422463042240, 1645907860628, 1645907860628, 0);
INSERT INTO replies (topicId, userId, userName, userImageUrl, content, id, createdAt, updatedAt, version) VALUES (1466422463039264, 1466422463037728, 'subscriber', '/static/img/user.png', 'est posse scelerisque volutpat elementum iriure persecuti vero alienum utamur gloriatur sollicitudin invidunt propriae prompta aliquet dis cras platea voluptaria posse ea vivendo esse vivendo pertinax curae repudiare inciderint luctus fermentum oporteat.', 1466422463042272, 1645904260628, 1645904260628, 0);
INSERT INTO replies (topicId, userId, userName, userImageUrl, content, id, createdAt, updatedAt, version) VALUES (1466422463039264, 1466422463037728, 'subscriber', '/static/img/user.png', 'habemus class.', 1466422463042304, 1645900660628, 1645900660628, 0);
INSERT INTO replies (topicId, userId, userName, userImageUrl, content, id, createdAt, updatedAt, version) VALUES (1466422463039264, 1466422463037728, 'subscriber', '/static/img/user.png', 'interesset.', 1466422463042336, 1645897060628, 1645897060628, 0);
INSERT INTO replies (topicId, userId, userName, userImageUrl, content, id, createdAt, updatedAt, version) VALUES (1466422463039264, 1466422463037728, 'subscriber', '/static/img/user.png', 'brute suscipit eloquentiam placerat reprimique vestibulum assueverit in.', 1466422463042368, 1645893460628, 1645893460628, 0);
INSERT INTO replies (topicId, userId, userName, userImageUrl, content, id, createdAt, updatedAt, version) VALUES (1466422463039264, 1466422463037728, 'subscriber', '/static/img/user.png', 'nonumes efficiantur populo conceptam senectus adipisci sodales reque iuvaret equidem constituto.', 1466422463042400, 1645889860628, 1645889860628, 0);
INSERT INTO topics (boardId, userId, userName, userImageUrl, refType, refId, replyNumber, locked, name, content, id, createdAt, updatedAt, version) VALUES (1466422463039040, 1466422463037728, 'subscriber', '/static/img/user.png', 'NONE', 0, 7, false, 'non posidonium.8', 'ius contentiones causae pellentesque inani erroribus cetero inani detraxit inimicus voluptaria gravida quis repudiare dictum.', 1466422463039296, 1645904320630, 1645904320630, 0);
INSERT INTO replies (topicId, userId, userName, userImageUrl, content, id, createdAt, updatedAt, version) VALUES (1466422463039296, 1466422463037728, 'subscriber', '/static/img/user.png', 'equidem scelerisque nobis consetetur comprehensam fugit ornatus hendrerit interesset his est.', 1466422463042432, 1645904260630, 1645904260630, 0);
INSERT INTO replies (topicId, userId, userName, userImageUrl, content, id, createdAt, updatedAt, version) VALUES (1466422463039296, 1466422463037728, 'subscriber', '/static/img/user.png', 'similique consectetur expetendis eam harum senectus fugit repudiandae sadipscing semper fabulas graeco dictas unum latine habemus luptatum habitant docendi mentitum eruditi commune perpetua ultrices pertinax luptatum repudiare quaestio sociosqu pretium conceptam dico lacinia offendit fames faucibus tota enim no nostrum vero tortor consectetuer utamur iriure usu felis wisi.', 1466422463042464, 1645900660630, 1645900660630, 0);
INSERT INTO replies (topicId, userId, userName, userImageUrl, content, id, createdAt, updatedAt, version) VALUES (1466422463039296, 1466422463037728, 'subscriber', '/static/img/user.png', 'malesuada mea aptent aenean pretium lectus causae eius contentiones persius omittantur sapientem definitiones ei appetere nascetur eum malesuada nulla accumsan ex civibus nunc graeco pertinacia mucius pulvinar ancillae himenaeos quo intellegebat sodales ornare ad urbanitas definitionem molestiae fringilla ullamcorper verterem utamur numquam repudiare vocent lectus ad quidam disputationi.', 1466422463042496, 1645897060630, 1645897060630, 0);
INSERT INTO replies (topicId, userId, userName, userImageUrl, content, id, createdAt, updatedAt, version) VALUES (1466422463039296, 1466422463037728, 'subscriber', '/static/img/user.png', 'possit lectus laoreet persius maiestatis mnesarchum periculis prompta fermentum nibh dissentiunt veri splendide iriure harum usu elaboraret contentiones adhuc dictumst accumsan splendide civibus lacus epicurei leo deseruisse mandamus volutpat ius atqui primis dico vero sonet inciderint commodo tincidunt epicurei dicunt interesset pellentesque quaerendum necessitatibus debet.', 1466422463042528, 1645893460630, 1645893460630, 0);
INSERT INTO replies (topicId, userId, userName, userImageUrl, content, id, createdAt, updatedAt, version) VALUES (1466422463039296, 1466422463037728, 'subscriber', '/static/img/user.png', 'evertitur duo veri elitr ludus euismod possit scripserit urna mauris constituam egestas tation porttitor tota mucius sociosqu consetetur pericula percipit pro.', 1466422463042560, 1645889860630, 1645889860630, 0);
INSERT INTO replies (topicId, userId, userName, userImageUrl, content, id, createdAt, updatedAt, version) VALUES (1466422463039296, 1466422463037728, 'subscriber', '/static/img/user.png', 'efficitur expetendis eloquentiam dolore repudiare graeco repudiare aliquam metus prompta habemus quidam cu inceptos fabellas cetero qui mucius ocurreret quo.', 1466422463042592, 1645886260630, 1645886260630, 0);
INSERT INTO replies (topicId, userId, userName, userImageUrl, content, id, createdAt, updatedAt, version) VALUES (1466422463039296, 1466422463037728, 'subscriber', '/static/img/user.png', 'unum ceteros nonumes nihil facilisis putent autem novum praesent suavitate ut torquent convenire mandamus.', 1466422463042624, 1645882660630, 1645882660630, 0);
INSERT INTO topics (boardId, userId, userName, userImageUrl, refType, refId, replyNumber, locked, name, content, id, createdAt, updatedAt, version) VALUES (1466422463039040, 1466422463037728, 'subscriber', '/static/img/user.png', 'NONE', 0, 8, false, 'himenaeos.9', 'detracto luptatum pericula perpetua impetus iaculis vitae quot pericula faucibus massa duo elementum latine necessitatibus montes luctus sententiae et simul graece mediocritatem fames detracto torquent consectetur utamur rhoncus moderatius ei aenean delenit has mi.', 1466422463039328, 1645900720630, 1645900720630, 0);
INSERT INTO replies (topicId, userId, userName, userImageUrl, content, id, createdAt, updatedAt, version) VALUES (1466422463039328, 1466422463037728, 'subscriber', '/static/img/user.png', 'viris consequat persius sociosqu torquent blandit.', 1466422463042656, 1645900660630, 1645900660630, 0);
INSERT INTO replies (topicId, userId, userName, userImageUrl, content, id, createdAt, updatedAt, version) VALUES (1466422463039328, 1466422463037728, 'subscriber', '/static/img/user.png', 'class iudicabit splendide animal hinc explicari qui dictas massa mediocrem noster potenti nam equidem et fusce epicuri delicata numquam elaboraret minim habeo melius vero nobis ponderum nunc est ligula quo amet adipisci definitionem dictas viverra natum aliquet laoreet assueverit adversarium cum molestiae eum delenit varius.', 1466422463042688, 1645897060630, 1645897060630, 0);
INSERT INTO replies (topicId, userId, userName, userImageUrl, content, id, createdAt, updatedAt, version) VALUES (1466422463039328, 1466422463037728, 'subscriber', '/static/img/user.png', 'cras autem cubilia harum quot ultrices sem alterum tota libero habitant tristique mazim inimicus volutpat ex neglegentur voluptatum semper oratio tota dicta platea brute utinam suscipit dis dissentiunt invidunt sententiae utamur posidonium reque dicunt risus ullamcorper proin erroribus eu viris iudicabit definitionem.', 1466422463042720, 1645893460630, 1645893460630, 0);
INSERT INTO replies (topicId, userId, userName, userImageUrl, content, id, createdAt, updatedAt, version) VALUES (1466422463039328, 1466422463037728, 'subscriber', '/static/img/user.png', 'porro quod neque verear sea moderatius homero praesent option eripuit noluisse quot adolescens deserunt graecis recteque eros cu quaerendum parturient hendrerit euismod partiendo ex discere utamur omnesque class duis theophrastus fermentum quisque quod.', 1466422463042752, 1645889860630, 1645889860630, 0);
INSERT INTO replies (topicId, userId, userName, userImageUrl, content, id, createdAt, updatedAt, version) VALUES (1466422463039328, 1466422463037728, 'subscriber', '/static/img/user.png', 'conceptam porttitor tristique dicat aperiri pellentesque vestibulum viris dicit dictas.', 1466422463042784, 1645886260630, 1645886260630, 0);
INSERT INTO replies (topicId, userId, userName, userImageUrl, content, id, createdAt, updatedAt, version) VALUES (1466422463039328, 1466422463037728, 'subscriber', '/static/img/user.png', 'aliquip ferri nostrum posuere pretium signiferumque disputationi mel fusce eos falli decore neque necessitatibus ridens eloquentiam tempor possim sumo omittantur orci idque habitant dicta commodo laoreet urna libris.', 1466422463042816, 1645882660630, 1645882660630, 0);
INSERT INTO replies (topicId, userId, userName, userImageUrl, content, id, createdAt, updatedAt, version) VALUES (1466422463039328, 1466422463037728, 'subscriber', '/static/img/user.png', 'invenire splendide deterruisset propriae egestas volumus turpis viderer gravida sale primis erat erat id ludus nascetur neque adversarium pertinacia omittantur sit sententiae vocent luptatum litora auctor eirmod lectus dolore quam penatibus idque leo id orci deterruisset purus ponderum.', 1466422463042848, 1645879060630, 1645879060630, 0);
INSERT INTO replies (topicId, userId, userName, userImageUrl, content, id, createdAt, updatedAt, version) VALUES (1466422463039328, 1466422463037728, 'subscriber', '/static/img/user.png', 'postulant ne ancillae morbi justo ut nisi facilisis mutat persius interesset gravida reque vivendo.', 1466422463042880, 1645875460630, 1645875460630, 0);
INSERT INTO topics (boardId, userId, userName, userImageUrl, refType, refId, replyNumber, locked, name, content, id, createdAt, updatedAt, version) VALUES (1466422463039040, 1466422463037728, 'subscriber', '/static/img/user.png', 'NONE', 0, 9, false, 'affert in.10', 'fusce eloquentiam reque ferri quot magna vidisse adipisci eam simul vero dolore convallis aperiri non finibus utroque persecuti noluisse nascetur utroque suscipiantur litora.', 1466422463039360, 1645897120630, 1645897120630, 0);
INSERT INTO replies (topicId, userId, userName, userImageUrl, content, id, createdAt, updatedAt, version) VALUES (1466422463039360, 1466422463037728, 'subscriber', '/static/img/user.png', 'quot utamur oratio vix scripta accusata noster dictum scelerisque volutpat deterruisset hendrerit equidem dolorum pri delicata quisque rhoncus constituto suspendisse vestibulum.', 1466422463042912, 1645897060630, 1645897060630, 0);
INSERT INTO replies (topicId, userId, userName, userImageUrl, content, id, createdAt, updatedAt, version) VALUES (1466422463039360, 1466422463037728, 'subscriber', '/static/img/user.png', 'legere oratio risus nullam vocibus homero periculis eros putent cras errem efficiantur mauris option amet conceptam laudem ferri eget inceptos dolorem mus vis atqui corrumpit habeo ad invenire platonem dicunt potenti verear vivendo harum atomorum aliquid similique qui etiam invidunt suavitate invenire.', 1466422463042944, 1645893460630, 1645893460630, 0);
INSERT INTO replies (topicId, userId, userName, userImageUrl, content, id, createdAt, updatedAt, version) VALUES (1466422463039360, 1466422463037728, 'subscriber', '/static/img/user.png', 'fermentum inciderint cum definitionem blandit mea consequat perpetua persius euismod menandri ubique deserunt orci idque erat noluisse inimicus mediocritatem adolescens.', 1466422463042976, 1645889860630, 1645889860630, 0);
INSERT INTO replies (topicId, userId, userName, userImageUrl, content, id, createdAt, updatedAt, version) VALUES (1466422463039360, 1466422463037728, 'subscriber', '/static/img/user.png', 'tale orci vocibus graeci fugit accumsan mentitum cetero tation solum molestiae melius veniam tamquam equidem falli tincidunt maluisset sociis quo maximus consectetur altera minim lorem mediocrem dictas proin honestatis ultrices sapien interesset lacinia expetenda urbanitas quod vim suscipiantur vituperata varius at tritani himenaeos.', 1466422463043008, 1645886260630, 1645886260630, 0);
INSERT INTO replies (topicId, userId, userName, userImageUrl, content, id, createdAt, updatedAt, version) VALUES (1466422463039360, 1466422463037728, 'subscriber', '/static/img/user.png', 'latine iisque agam aliquam at nibh wisi laoreet class vocent honestatis sagittis consetetur mnesarchum volutpat posidonium fugit purus ceteros accommodare platea maecenas ultricies agam laoreet menandri omittantur sed maluisset eripuit consequat fastidii libris primis ei in causae sociis quem voluptaria.', 1466422463043040, 1645882660630, 1645882660630, 0);
INSERT INTO replies (topicId, userId, userName, userImageUrl, content, id, createdAt, updatedAt, version) VALUES (1466422463039360, 1466422463037728, 'subscriber', '/static/img/user.png', 'vivamus facilisis hendrerit viderer dapibus aliquam morbi efficiantur adipisci quaerendum mattis metus varius proin facilis aperiri cras feugait constituam utamur.', 1466422463043072, 1645879060630, 1645879060630, 0);
INSERT INTO replies (topicId, userId, userName, userImageUrl, content, id, createdAt, updatedAt, version) VALUES (1466422463039360, 1466422463037728, 'subscriber', '/static/img/user.png', 'detracto mauris facilis risus suscipiantur aenean volumus possim fames vituperatoribus comprehensam petentium agam voluptaria gubergren meliore.', 1466422463043104, 1645875460630, 1645875460630, 0);
INSERT INTO replies (topicId, userId, userName, userImageUrl, content, id, createdAt, updatedAt, version) VALUES (1466422463039360, 1466422463037728, 'subscriber', '/static/img/user.png', 'magnis ac audire mollis auctor menandri platonem definitionem electram regione interdum faucibus eum tibique quaeque commune veri ancillae erroribus conclusionemque maecenas litora fabellas ad noluisse porttitor efficitur egestas.', 1466422463043136, 1645871860630, 1645871860630, 0);
INSERT INTO replies (topicId, userId, userName, userImageUrl, content, id, createdAt, updatedAt, version) VALUES (1466422463039360, 1466422463037728, 'subscriber', '/static/img/user.png', 'ultrices dictumst penatibus contentiones non iriure meliore referrentur ne adipiscing parturient dictumst vulputate pro comprehensam quo.', 1466422463043168, 1645868260630, 1645868260630, 0);
INSERT INTO topics (boardId, userId, userName, userImageUrl, refType, refId, replyNumber, locked, name, content, id, createdAt, updatedAt, version) VALUES (1466422463039040, 1466422463037728, 'subscriber', '/static/img/user.png', 'NONE', 0, 10, false, 'tritani novum.11', 'parturient platea suavitate nonumy no tristique.', 1466422463039392, 1645893520630, 1645893520630, 0);
INSERT INTO replies (topicId, userId, userName, userImageUrl, content, id, createdAt, updatedAt, version) VALUES (1466422463039392, 1466422463037728, 'subscriber', '/static/img/user.png', 'an dicat lacus eius vivendo tempus consequat persequeris verterem eu utroque ius partiendo vocibus neglegentur brute senectus feugiat consectetur mel urbanitas convenire pretium graecis pretium disputationi autem natoque ei intellegat nec nihil dicta atomorum at condimentum reque aeque ante mus consequat dictas brute.', 1466422463043200, 1645893460630, 1645893460630, 0);
INSERT INTO replies (topicId, userId, userName, userImageUrl, content, id, createdAt, updatedAt, version) VALUES (1466422463039392, 1466422463037728, 'subscriber', '/static/img/user.png', 'ac sodales sem ullamcorper utinam quas torquent doctus mucius cu porro sociis augue alia nostra praesent elitr intellegat ridiculus utamur massa nam graece convenire cubilia mediocrem deserunt quo homero accusata reprimique alienum.', 1466422463043232, 1645889860630, 1645889860630, 0);
INSERT INTO replies (topicId, userId, userName, userImageUrl, content, id, createdAt, updatedAt, version) VALUES (1466422463039392, 1466422463037728, 'subscriber', '/static/img/user.png', 'montes persius inimicus libero sed eros constituto ignota cum consectetuer agam quaestio civibus eripuit invenire partiendo eget dui utamur eos aperiri vel orci rutrum esse tantas delenit intellegat condimentum cetero magna accommodare numquam inceptos fusce tibique integer facilisis integer veritus ferri et consul ceteros iriure labores.', 1466422463043264, 1645886260630, 1645886260630, 0);
INSERT INTO replies (topicId, userId, userName, userImageUrl, content, id, createdAt, updatedAt, version) VALUES (1466422463039392, 1466422463037728, 'subscriber', '/static/img/user.png', 'periculis commodo euripidis principes viris sodales tacimates usu repudiandae lacus verear id efficiantur sagittis libris facilis liber qualisque theophrastus propriae penatibus maximus cubilia nobis neque potenti molestiae antiopam primis mauris a conubia quis elit cu lobortis.', 1466422463043296, 1645882660630, 1645882660630, 0);
INSERT INTO replies (topicId, userId, userName, userImageUrl, content, id, createdAt, updatedAt, version) VALUES (1466422463039392, 1466422463037728, 'subscriber', '/static/img/user.png', 'ceteros vel maiorum ornatus class sollicitudin fames vitae sociosqu conceptam arcu graeco cum tractatos varius arcu epicurei fringilla salutatus tacimates veniam pericula brute etiam sociosqu sed prompta vestibulum mattis constituto nullam neque antiopam ei neque tincidunt eos hac sollicitudin solet elementum mentitum nihil cetero autem tacimates adipiscing facilisis idque quaerendum.', 1466422463043328, 1645879060630, 1645879060630, 0);
INSERT INTO replies (topicId, userId, userName, userImageUrl, content, id, createdAt, updatedAt, version) VALUES (1466422463039392, 1466422463037728, 'subscriber', '/static/img/user.png', 'dictum mazim omittam purus platea velit no eget mauris scripserit porro donec vivendo molestie aliquip sem proin duis legimus tempor leo felis nec fermentum doming potenti.', 1466422463043360, 1645875460630, 1645875460630, 0);
INSERT INTO replies (topicId, userId, userName, userImageUrl, content, id, createdAt, updatedAt, version) VALUES (1466422463039392, 1466422463037728, 'subscriber', '/static/img/user.png', 'etiam senserit quas epicuri erroribus montes commodo odio tibique fabulas labores rhoncus magna saperet equidem habitasse sapien suscipit persequeris quo euismod vituperatoribus vidisse ferri pellentesque electram usu inimicus ultricies maiestatis contentiones eam dicit propriae definiebas dolorem aenean periculis deseruisse.', 1466422463043392, 1645871860630, 1645871860630, 0);
INSERT INTO replies (topicId, userId, userName, userImageUrl, content, id, createdAt, updatedAt, version) VALUES (1466422463039392, 1466422463037728, 'subscriber', '/static/img/user.png', 'duis saperet nascetur ultricies ante maiorum euripidis augue docendi at quisque homero.', 1466422463043424, 1645868260630, 1645868260630, 0);
INSERT INTO replies (topicId, userId, userName, userImageUrl, content, id, createdAt, updatedAt, version) VALUES (1466422463039392, 1466422463037728, 'subscriber', '/static/img/user.png', 'fabellas tritani scripserit dicam dolorum viverra alienum suscipit brute phasellus blandit eos quaestio menandri ornatus dico est tempus velit simul scripta ponderum aptent dictumst urna augue option senserit labores oporteat a an quisque vix veritus brute vim facilis.', 1466422463043456, 1645864660630, 1645864660630, 0);
INSERT INTO replies (topicId, userId, userName, userImageUrl, content, id, createdAt, updatedAt, version) VALUES (1466422463039392, 1466422463037728, 'subscriber', '/static/img/user.png', 'proin cursus mentitum tamquam offendit dicta docendi cetero maiestatis solum duo scripta congue diam facilis nunc ancillae purus dolor nisi auctor contentiones animal nihil vestibulum faucibus scripserit sumo nisi tempor placerat habeo facilis nec maiestatis te indoctum facilisis molestiae mel.', 1466422463043488, 1645861060630, 1645861060630, 0);
INSERT INTO topics (boardId, userId, userName, userImageUrl, refType, refId, replyNumber, locked, name, content, id, createdAt, updatedAt, version) VALUES (1466422463039040, 1466422463037728, 'subscriber', '/static/img/user.png', 'NONE', 0, 11, false, 'libris lacus.12', 'ea habemus mollis torquent elementum egestas evertitur adversarium senectus praesent dolorum arcu suspendisse integer cras ceteros animal elit sodales quisque pro volumus sociosqu ex alia appetere efficiantur postulant suscipiantur quidam mnesarchum veniam tempor enim oratio te neque tristique.', 1466422463039424, 1645889920630, 1645889920630, 0);
INSERT INTO replies (topicId, userId, userName, userImageUrl, content, id, createdAt, updatedAt, version) VALUES (1466422463039424, 1466422463037728, 'subscriber', '/static/img/user.png', 'tale nisi salutatus rhoncus vestibulum dicant cras cu.', 1466422463043520, 1645889860630, 1645889860630, 0);
INSERT INTO replies (topicId, userId, userName, userImageUrl, content, id, createdAt, updatedAt, version) VALUES (1466422463039424, 1466422463037728, 'subscriber', '/static/img/user.png', 'appareat elementum tantas consetetur voluptatibus dolorem quaeque gloriatur movet sem accumsan rutrum patrioque delectus nominavi tantas efficitur porro ceteros has per penatibus conclusionemque lacinia euismod felis aliquam donec menandri liber egestas lacinia civibus fastidii mandamus melius fringilla.', 1466422463043552, 1645886260630, 1645886260630, 0);
INSERT INTO replies (topicId, userId, userName, userImageUrl, content, id, createdAt, updatedAt, version) VALUES (1466422463039424, 1466422463037728, 'subscriber', '/static/img/user.png', 'nostra no felis mnesarchum reprimique posidonium nominavi tota sodales cetero mea eripuit sententiae inciderint splendide te suscipit ei dicam falli hac sociis.', 1466422463043584, 1645882660630, 1645882660630, 0);
INSERT INTO replies (topicId, userId, userName, userImageUrl, content, id, createdAt, updatedAt, version) VALUES (1466422463039424, 1466422463037728, 'subscriber', '/static/img/user.png', 'expetenda nisl vis orci aptent mus quaerendum feugait eget cubilia deseruisse evertitur adipiscing iriure homero mus eos platonem comprehensam repudiandae mentitum metus oratio sociosqu urna fuisset veniam efficitur menandri antiopam libero signiferumque eirmod unum eros tincidunt hendrerit moderatius tale.', 1466422463043616, 1645879060630, 1645879060630, 0);
INSERT INTO replies (topicId, userId, userName, userImageUrl, content, id, createdAt, updatedAt, version) VALUES (1466422463039424, 1466422463037728, 'subscriber', '/static/img/user.png', 'phasellus elaboraret fastidii lectus interesset comprehensam tritani ius singulis nonumy vitae voluptatum ridiculus ipsum erroribus mentitum affert eu veniam liber eros fames tempor dictas.', 1466422463043648, 1645875460630, 1645875460630, 0);
INSERT INTO replies (topicId, userId, userName, userImageUrl, content, id, createdAt, updatedAt, version) VALUES (1466422463039424, 1466422463037728, 'subscriber', '/static/img/user.png', 'ius splendide ad proin fabellas torquent mei fugit offendit quidam nominavi vix primis orci percipit vel rutrum iuvaret phasellus graeci dolores dolorem.', 1466422463043680, 1645871860630, 1645871860630, 0);
INSERT INTO replies (topicId, userId, userName, userImageUrl, content, id, createdAt, updatedAt, version) VALUES (1466422463039424, 1466422463037728, 'subscriber', '/static/img/user.png', 'fabulas proin te ancillae id persius mazim fusce accusata solum dictum sollicitudin atqui tacimates eius prodesset aliquet epicuri duo ornare urbanitas inimicus affert purus donec elaboraret purus salutatus pertinax vel petentium dicta ius nobis interdum sadipscing homero eloquentiam eu necessitatibus sonet mus phasellus adhuc definitionem graeco.', 1466422463043712, 1645868260630, 1645868260630, 0);
INSERT INTO replies (topicId, userId, userName, userImageUrl, content, id, createdAt, updatedAt, version) VALUES (1466422463039424, 1466422463037728, 'subscriber', '/static/img/user.png', 'ut libris ferri natum dui tale commune maluisset deseruisse metus dico iuvaret turpis per detracto ex equidem libero quis fabellas tale tation possim pri tamquam mentitum dolor posse brute vix idque per dolor graece dicam quo metus.', 1466422463043744, 1645864660630, 1645864660630, 0);
INSERT INTO replies (topicId, userId, userName, userImageUrl, content, id, createdAt, updatedAt, version) VALUES (1466422463039424, 1466422463037728, 'subscriber', '/static/img/user.png', 'euismod posse moderatius vidisse nunc senectus maximus fabulas iudicabit impetus hinc aliquip curabitur parturient quas est viris cursus ei maluisset.', 1466422463043776, 1645861060630, 1645861060630, 0);
INSERT INTO replies (topicId, userId, userName, userImageUrl, content, id, createdAt, updatedAt, version) VALUES (1466422463039424, 1466422463037728, 'subscriber', '/static/img/user.png', 'voluptatibus dicant mi mutat diam porro nostrum pertinacia id habemus proin elaboraret tamquam tempus dicant epicurei eget quis ornatus sociis invidunt adipisci.', 1466422463043808, 1645857460630, 1645857460630, 0);
INSERT INTO replies (topicId, userId, userName, userImageUrl, content, id, createdAt, updatedAt, version) VALUES (1466422463039424, 1466422463037728, 'subscriber', '/static/img/user.png', 'dolor intellegebat hinc quisque orci interdum cursus neglegentur scripserit dui platonem sententiae disputationi vulputate mei utinam quot fastidii legimus vero eleifend oratio eros augue placerat ullamcorper errem possit vocent reprimique bibendum signiferumque nunc fermentum postulant fastidii homero pellentesque.', 1466422463043840, 1645853860630, 1645853860630, 0);
INSERT INTO topics (boardId, userId, userName, userImageUrl, refType, refId, replyNumber, locked, name, content, id, createdAt, updatedAt, version) VALUES (1466422463039040, 1466422463037728, 'subscriber', '/static/img/user.png', 'NONE', 0, 12, false, 'suavitate.13', 'ornare dictumst tritani errem ceteros libris dico ei mollis evertitur nonumes congue discere.', 1466422463039456, 1645886320630, 1645886320630, 0);
INSERT INTO replies (topicId, userId, userName, userImageUrl, content, id, createdAt, updatedAt, version) VALUES (1466422463039456, 1466422463037728, 'subscriber', '/static/img/user.png', 'metus nominavi suscipiantur has aenean consectetuer quas habitant agam delenit saperet eu his pertinacia errem ignota novum cras inciderint dolorem est nisi habeo euripidis elit comprehensam no utinam erat quem tractatos doming morbi nisi dicit himenaeos.', 1466422463043872, 1645886260630, 1645886260630, 0);
INSERT INTO replies (topicId, userId, userName, userImageUrl, content, id, createdAt, updatedAt, version) VALUES (1466422463039456, 1466422463037728, 'subscriber', '/static/img/user.png', 'mucius solum dicit qualisque voluptaria errem graecis fames potenti ipsum tation.', 1466422463043904, 1645882660630, 1645882660630, 0);
INSERT INTO replies (topicId, userId, userName, userImageUrl, content, id, createdAt, updatedAt, version) VALUES (1466422463039456, 1466422463037728, 'subscriber', '/static/img/user.png', 'phasellus ignota senectus tamquam hac aptent sodales populo duo iusto vulputate impetus quaerendum alterum dis ne urna magnis expetenda reformidans fusce etiam est legimus wisi quot ubique maiorum pri litora te omittantur graece.', 1466422463043936, 1645879060630, 1645879060630, 0);
INSERT INTO replies (topicId, userId, userName, userImageUrl, content, id, createdAt, updatedAt, version) VALUES (1466422463039456, 1466422463037728, 'subscriber', '/static/img/user.png', 'errem quidam appareat feugiat ridiculus sententiae noster prodesset cubilia ferri duis dicit aperiri arcu posse per qui feugait definitiones.', 1466422463043968, 1645875460630, 1645875460630, 0);
INSERT INTO replies (topicId, userId, userName, userImageUrl, content, id, createdAt, updatedAt, version) VALUES (1466422463039456, 1466422463037728, 'subscriber', '/static/img/user.png', 'at hinc nam novum eget habitant gloriatur signiferumque duo sententiae intellegebat montes offendit morbi error postulant class sanctus rhoncus feugait moderatius omnesque quaeque rutrum ancillae habitant dolorum referrentur adipisci ut interpretaris euripidis viderer expetenda lacinia nec omittantur.', 1466422463044000, 1645871860630, 1645871860630, 0);
INSERT INTO replies (topicId, userId, userName, userImageUrl, content, id, createdAt, updatedAt, version) VALUES (1466422463039456, 1466422463037728, 'subscriber', '/static/img/user.png', 'latine antiopam ignota urbanitas hinc vocibus affert comprehensam impetus duis ferri torquent amet possim movet dolor delenit ceteros iisque rhoncus numquam iisque massa nonumy sale solum conclusionemque scripta aeque augue equidem nisl adipisci definiebas postea decore principes suscipit eu dicat ad usu lorem sem platea cubilia rhoncus dicam tation.', 1466422463044032, 1645868260630, 1645868260630, 0);
INSERT INTO replies (topicId, userId, userName, userImageUrl, content, id, createdAt, updatedAt, version) VALUES (1466422463039456, 1466422463037728, 'subscriber', '/static/img/user.png', 'persecuti tibique prodesset ancillae iisque graece quisque leo fabellas patrioque per repudiandae mauris partiendo gubergren deterruisset similique sociosqu tristique dicam pharetra mauris postulant homero vero elitr nihil.', 1466422463044064, 1645864660630, 1645864660630, 0);
INSERT INTO replies (topicId, userId, userName, userImageUrl, content, id, createdAt, updatedAt, version) VALUES (1466422463039456, 1466422463037728, 'subscriber', '/static/img/user.png', 'inceptos sumo atqui integer fermentum decore doctus tantas maecenas dignissim molestie ea dis graecis justo fermentum erat vel porta vocibus montes at orci mediocritatem sem wisi delenit ponderum ubique.', 1466422463044096, 1645861060630, 1645861060630, 0);
INSERT INTO replies (topicId, userId, userName, userImageUrl, content, id, createdAt, updatedAt, version) VALUES (1466422463039456, 1466422463037728, 'subscriber', '/static/img/user.png', 'alterum interdum ridens consequat fugit vocent porttitor quis verterem posse gubergren mollis facilisi donec nullam dolor cursus lectus reque aliquid pulvinar iaculis porro omnesque harum dolores causae dolorem harum lorem scripserit aptent.', 1466422463044128, 1645857460630, 1645857460630, 0);
INSERT INTO replies (topicId, userId, userName, userImageUrl, content, id, createdAt, updatedAt, version) VALUES (1466422463039456, 1466422463037728, 'subscriber', '/static/img/user.png', 'regione ei tortor mucius ius venenatis petentium percipit dictas reque sociosqu montes risus facilisis fuisset fugit dolore massa viverra quaerendum ipsum iisque epicuri antiopam pertinax animal diam doctus intellegebat dolorum ridiculus interpretaris repudiare dictumst antiopam unum metus mi aliquam quaestio hendrerit.', 1466422463044160, 1645853860630, 1645853860630, 0);
INSERT INTO replies (topicId, userId, userName, userImageUrl, content, id, createdAt, updatedAt, version) VALUES (1466422463039456, 1466422463037728, 'subscriber', '/static/img/user.png', 'ignota porttitor aliquid ut decore ultricies menandri hac dicit pretium vitae nulla cubilia conceptam vituperata elementum.', 1466422463044192, 1645850260630, 1645850260630, 0);
INSERT INTO replies (topicId, userId, userName, userImageUrl, content, id, createdAt, updatedAt, version) VALUES (1466422463039456, 1466422463037728, 'subscriber', '/static/img/user.png', 'dicant reprehendunt semper mollis reformidans graece iudicabit hinc faucibus dicit senectus pharetra laudem habitasse eirmod.', 1466422463044224, 1645846660630, 1645846660630, 0);
INSERT INTO topics (boardId, userId, userName, userImageUrl, refType, refId, replyNumber, locked, name, content, id, createdAt, updatedAt, version) VALUES (1466422463039040, 1466422463037728, 'subscriber', '/static/img/user.png', 'NONE', 0, 13, false, 'facilisi.14', 'blandit nonumy aliquam vel porta aenean doctus pericula tacimates legimus sadipscing maecenas porta pro eleifend partiendo luctus euripidis quas interdum taciti at quo veniam wisi labores theophrastus adolescens.', 1466422463039488, 1645882720630, 1645882720630, 0);
INSERT INTO replies (topicId, userId, userName, userImageUrl, content, id, createdAt, updatedAt, version) VALUES (1466422463039488, 1466422463037728, 'subscriber', '/static/img/user.png', 'vituperatoribus class persius platonem scelerisque intellegebat accommodare laoreet iisque fusce consequat urbanitas per eam dicit sonet lacinia eripuit in consequat suavitate volumus explicari quaestio nonumy elaboraret pri pericula congue magna perpetua assueverit hac mus dis aeque.', 1466422463044256, 1645882660630, 1645882660630, 0);
INSERT INTO replies (topicId, userId, userName, userImageUrl, content, id, createdAt, updatedAt, version) VALUES (1466422463039488, 1466422463037728, 'subscriber', '/static/img/user.png', 'verterem sale consetetur commodo dis conubia pri elit cum nonumes partiendo simul dolorum mandamus semper unum tractatos proin sumo sollicitudin percipit definitiones equidem accusata constituto nominavi necessitatibus euismod impetus lobortis dolore maximus pellentesque eripuit vitae antiopam no evertitur cum persequeris scelerisque salutatus quot salutatus.', 1466422463044288, 1645879060630, 1645879060630, 0);
INSERT INTO replies (topicId, userId, userName, userImageUrl, content, id, createdAt, updatedAt, version) VALUES (1466422463039488, 1466422463037728, 'subscriber', '/static/img/user.png', 'pertinax nonumy scripta malorum sodales sanctus sodales gloriatur integer porta facilisis aenean salutatus.', 1466422463044320, 1645875460630, 1645875460630, 0);
INSERT INTO replies (topicId, userId, userName, userImageUrl, content, id, createdAt, updatedAt, version) VALUES (1466422463039488, 1466422463037728, 'subscriber', '/static/img/user.png', 'epicuri necessitatibus sociis oporteat doming consetetur omittam ac habemus error suspendisse consul posuere.', 1466422463044352, 1645871860630, 1645871860630, 0);
INSERT INTO replies (topicId, userId, userName, userImageUrl, content, id, createdAt, updatedAt, version) VALUES (1466422463039488, 1466422463037728, 'subscriber', '/static/img/user.png', 'appareat ubique ludus nonumy maximus fabulas postea nibh aliquet animal pulvinar patrioque natoque mutat cetero elit intellegat ante definitionem dicta posse enim fringilla congue integer cum graecis fringilla mel moderatius ornare sagittis dicunt novum partiendo consul expetendis maluisset platonem ultrices oratio postulant dicit tale errem expetendis.', 1466422463044384, 1645868260630, 1645868260630, 0);
INSERT INTO replies (topicId, userId, userName, userImageUrl, content, id, createdAt, updatedAt, version) VALUES (1466422463039488, 1466422463037728, 'subscriber', '/static/img/user.png', 'qualisque etiam docendi sadipscing velit ridiculus iisque esse putent tempor dictumst eloquentiam convallis sagittis ligula fugit iisque vehicula quaestio in reprehendunt iaculis diam blandit molestie imperdiet necessitatibus donec latine expetenda mei ut conceptam intellegat urbanitas sodales qui posidonium mi utroque theophrastus lacus.', 1466422463044416, 1645864660630, 1645864660630, 0);
INSERT INTO replies (topicId, userId, userName, userImageUrl, content, id, createdAt, updatedAt, version) VALUES (1466422463039488, 1466422463037728, 'subscriber', '/static/img/user.png', 'cursus magna nihil.', 1466422463044448, 1645861060630, 1645861060630, 0);
INSERT INTO replies (topicId, userId, userName, userImageUrl, content, id, createdAt, updatedAt, version) VALUES (1466422463039488, 1466422463037728, 'subscriber', '/static/img/user.png', 'scelerisque commune magna est eleifend intellegat repudiare taciti vix iaculis curabitur maiestatis eos et definitiones moderatius cubilia scelerisque postulant dolorum ut possim non nec eirmod veniam mollis corrumpit commune eleifend voluptaria epicuri sententiae aliquip.', 1466422463044480, 1645857460630, 1645857460630, 0);
INSERT INTO replies (topicId, userId, userName, userImageUrl, content, id, createdAt, updatedAt, version) VALUES (1466422463039488, 1466422463037728, 'subscriber', '/static/img/user.png', 'habitasse erat tation aptent veri viverra adversarium per ullamcorper interdum fabellas an feugait mediocritatem movet urbanitas conubia vitae dapibus erroribus dolorem donec placerat.', 1466422463044512, 1645853860630, 1645853860630, 0);
INSERT INTO replies (topicId, userId, userName, userImageUrl, content, id, createdAt, updatedAt, version) VALUES (1466422463039488, 1466422463037728, 'subscriber', '/static/img/user.png', 'consetetur percipit utroque hendrerit sodales vis nulla sea malorum pellentesque detracto minim convallis dui prodesset tale potenti autem graeci brute noster laoreet tacimates vel alia sit dicam impetus pericula accommodare magna laudem.', 1466422463044544, 1645850260630, 1645850260630, 0);
INSERT INTO replies (topicId, userId, userName, userImageUrl, content, id, createdAt, updatedAt, version) VALUES (1466422463039488, 1466422463037728, 'subscriber', '/static/img/user.png', 'luctus porttitor purus nec quisque dolore lacus conceptam impetus civibus nobis expetenda praesent solet eum eu persequeris efficiantur qualisque cu adolescens adhuc dolor falli dolor donec vocibus mandamus errem sapien porttitor pertinax expetenda nominavi dicat quidam dis eget noster errem homero vidisse felis noluisse.', 1466422463044576, 1645846660630, 1645846660630, 0);
INSERT INTO replies (topicId, userId, userName, userImageUrl, content, id, createdAt, updatedAt, version) VALUES (1466422463039488, 1466422463037728, 'subscriber', '/static/img/user.png', 'felis perpetua urna quam consectetuer melius interpretaris mi bibendum mandamus fastidii populo ac dicat velit viderer ridiculus numquam oratio commodo amet solum moderatius ius fusce repudiare simul mentitum pericula libero noster scripta moderatius senserit elit eum appetere veri mi.', 1466422463044608, 1645843060630, 1645843060630, 0);
INSERT INTO replies (topicId, userId, userName, userImageUrl, content, id, createdAt, updatedAt, version) VALUES (1466422463039488, 1466422463037728, 'subscriber', '/static/img/user.png', 'inani suas idque cursus partiendo ex decore altera elitr dolore latine magna maluisset urbanitas utinam quaestio veniam sumo meliore ferri utroque legimus aenean luctus.', 1466422463044640, 1645839460630, 1645839460630, 0);
INSERT INTO topics (boardId, userId, userName, userImageUrl, refType, refId, replyNumber, locked, name, content, id, createdAt, updatedAt, version) VALUES (1466422463039040, 1466422463037728, 'subscriber', '/static/img/user.png', 'NONE', 0, 14, false, 'lorem maecenas.15', 'vis eirmod eu velit ponderum dictas ipsum delicata semper facilisis homero convallis appareat adipisci ridiculus ultrices lacinia.', 1466422463039520, 1645879120631, 1645879120631, 0);
INSERT INTO replies (topicId, userId, userName, userImageUrl, content, id, createdAt, updatedAt, version) VALUES (1466422463039520, 1466422463037728, 'subscriber', '/static/img/user.png', 'vivamus posidonium utroque iuvaret non nostra tractatos torquent has repudiare eum vituperatoribus debet ludus legimus atomorum definitiones numquam electram veri voluptatibus vix usu ancillae voluptatibus consectetuer proin scripserit diam feugiat referrentur iuvaret euismod porta putent laoreet metus latine suas civibus constituam pertinacia ludus contentiones tristique laudem neglegentur quidam.', 1466422463044672, 1645879060631, 1645879060631, 0);
INSERT INTO replies (topicId, userId, userName, userImageUrl, content, id, createdAt, updatedAt, version) VALUES (1466422463039520, 1466422463037728, 'subscriber', '/static/img/user.png', 'est intellegat luptatum egestas homero tibique mus facilisis dui persequeris conclusionemque blandit sapientem simul possim scripta numquam metus vocibus causae montes error amet tincidunt solet alterum adhuc phasellus vim adipisci pertinacia diam porta patrioque iisque an fugit latine morbi lacinia montes odio litora.', 1466422463044704, 1645875460631, 1645875460631, 0);
INSERT INTO replies (topicId, userId, userName, userImageUrl, content, id, createdAt, updatedAt, version) VALUES (1466422463039520, 1466422463037728, 'subscriber', '/static/img/user.png', 'mediocrem ornare.', 1466422463044736, 1645871860631, 1645871860631, 0);
INSERT INTO replies (topicId, userId, userName, userImageUrl, content, id, createdAt, updatedAt, version) VALUES (1466422463039520, 1466422463037728, 'subscriber', '/static/img/user.png', 'primis senserit quo idque mentitum no cum malesuada class quaerendum hac persius principes invenire delenit donec pertinacia comprehensam quot mucius taciti legere adipisci urna platea solum no prodesset repudiare pharetra moderatius definitiones praesent graeci suas posidonium dictum aptent inceptos habitant pharetra sale invidunt.', 1466422463044768, 1645868260631, 1645868260631, 0);
INSERT INTO replies (topicId, userId, userName, userImageUrl, content, id, createdAt, updatedAt, version) VALUES (1466422463039520, 1466422463037728, 'subscriber', '/static/img/user.png', 'interesset senserit.', 1466422463044800, 1645864660631, 1645864660631, 0);
INSERT INTO replies (topicId, userId, userName, userImageUrl, content, id, createdAt, updatedAt, version) VALUES (1466422463039520, 1466422463037728, 'subscriber', '/static/img/user.png', 'quaeque signiferumque detracto fastidii ea feugait comprehensam nam accusata.', 1466422463044832, 1645861060631, 1645861060631, 0);
INSERT INTO replies (topicId, userId, userName, userImageUrl, content, id, createdAt, updatedAt, version) VALUES (1466422463039520, 1466422463037728, 'subscriber', '/static/img/user.png', 'parturient constituto sem dictum a molestiae platea.', 1466422463044864, 1645857460631, 1645857460631, 0);
INSERT INTO replies (topicId, userId, userName, userImageUrl, content, id, createdAt, updatedAt, version) VALUES (1466422463039520, 1466422463037728, 'subscriber', '/static/img/user.png', 'harum error consectetur disputationi duo suavitate habemus dicam alia est ne placerat persequeris elit debet quidam mel quis senserit commodo maecenas pellentesque fusce sem sonet accommodare.', 1466422463044896, 1645853860631, 1645853860631, 0);
INSERT INTO replies (topicId, userId, userName, userImageUrl, content, id, createdAt, updatedAt, version) VALUES (1466422463039520, 1466422463037728, 'subscriber', '/static/img/user.png', 'netus te qui a mentitum ultrices quidam viris melius himenaeos brute taciti an putent utroque donec inciderint ferri fuisset vitae vivamus neglegentur porta sodales volutpat ceteros maiestatis praesent ei porta dictas homero laoreet sociis commodo falli vim.', 1466422463044928, 1645850260631, 1645850260631, 0);
INSERT INTO replies (topicId, userId, userName, userImageUrl, content, id, createdAt, updatedAt, version) VALUES (1466422463039520, 1466422463037728, 'subscriber', '/static/img/user.png', 'quem quaestio donec fabellas rutrum audire definiebas nibh feugait morbi justo per tellus iusto netus ornare oratio constituto interesset dui instructior facilis tota senserit aenean bibendum libris dicunt fabulas sem tota ullamcorper elitr magna viris bibendum falli hac oporteat solet sagittis.', 1466422463044960, 1645846660631, 1645846660631, 0);
INSERT INTO replies (topicId, userId, userName, userImageUrl, content, id, createdAt, updatedAt, version) VALUES (1466422463039520, 1466422463037728, 'subscriber', '/static/img/user.png', 'nibh persecuti utroque amet nisl eget semper eum agam.', 1466422463044992, 1645843060631, 1645843060631, 0);
INSERT INTO replies (topicId, userId, userName, userImageUrl, content, id, createdAt, updatedAt, version) VALUES (1466422463039520, 1466422463037728, 'subscriber', '/static/img/user.png', 'luptatum has error repudiandae nunc ullamcorper ornatus voluptatibus debet dicam ubique nihil sale idque rutrum vulputate lacinia vix tibique venenatis laoreet fusce tristique possit mi corrumpit menandri putent fuisset nascetur mediocrem commune interdum simul ancillae morbi nostra numquam repudiare deseruisse singulis interesset primis harum option omittantur decore.', 1466422463045024, 1645839460631, 1645839460631, 0);
INSERT INTO replies (topicId, userId, userName, userImageUrl, content, id, createdAt, updatedAt, version) VALUES (1466422463039520, 1466422463037728, 'subscriber', '/static/img/user.png', 'idque sed utinam dis curae appetere hac porta evertitur utamur fermentum congue minim novum tation scelerisque repudiandae homero interesset natoque alterum novum disputationi affert scripserit ad doming vulputate expetenda legere decore interdum consetetur pertinacia tation tristique iriure accommodare persequeris pretium eius pharetra instructior.', 1466422463045056, 1645835860631, 1645835860631, 0);
INSERT INTO replies (topicId, userId, userName, userImageUrl, content, id, createdAt, updatedAt, version) VALUES (1466422463039520, 1466422463037728, 'subscriber', '/static/img/user.png', 'nihil tale principes vocibus evertitur.', 1466422463045088, 1645832260631, 1645832260631, 0);
INSERT INTO topics (boardId, userId, userName, userImageUrl, refType, refId, replyNumber, locked, name, content, id, createdAt, updatedAt, version) VALUES (1466422463039040, 1466422463037728, 'subscriber', '/static/img/user.png', 'NONE', 0, 15, false, 'maecenas dicta graeco.16', 'tractatos regione no epicurei posuere tale porttitor comprehensam praesent mei hac ocurreret augue eius sodales minim saperet mentitum vis class ea sagittis theophrastus contentiones arcu maiestatis inani adhuc velit duis patrioque ceteros convenire auctor voluptaria leo putent.', 1466422463039552, 1645875520631, 1645875520631, 0);
INSERT INTO replies (topicId, userId, userName, userImageUrl, content, id, createdAt, updatedAt, version) VALUES (1466422463039552, 1466422463037728, 'subscriber', '/static/img/user.png', 'inciderint tale dapibus mollis suscipiantur est quis facilisi vivamus conubia ornare vocent noluisse docendi aeque reprehendunt sale offendit nominavi vivamus efficitur verterem constituto vituperatoribus possim harum tacimates proin auctor theophrastus viderer metus eloquentiam tota nam metus mentitum mnesarchum animal ad cursus perpetua curabitur nunc detracto.', 1466422463045120, 1645875460631, 1645875460631, 0);
INSERT INTO replies (topicId, userId, userName, userImageUrl, content, id, createdAt, updatedAt, version) VALUES (1466422463039552, 1466422463037728, 'subscriber', '/static/img/user.png', 'habemus tempor rhoncus eget audire sem justo brute pellentesque lacus tincidunt malorum malorum autem tritani adhuc tincidunt latine moderatius hinc propriae suscipit no ridens singulis tantas pertinacia dolor meliore veniam proin solum numquam harum eleifend molestie lectus diam a sapientem vel delectus noluisse vitae scripta efficitur ac tellus imperdiet finibus.', 1466422463045152, 1645871860631, 1645871860631, 0);
INSERT INTO replies (topicId, userId, userName, userImageUrl, content, id, createdAt, updatedAt, version) VALUES (1466422463039552, 1466422463037728, 'subscriber', '/static/img/user.png', 'habitant scripta in persecuti ridens tibique aeque mentitum penatibus delicata suas quaeque vituperatoribus cetero posuere sociis sodales dicant consetetur odio.', 1466422463045184, 1645868260631, 1645868260631, 0);
INSERT INTO replies (topicId, userId, userName, userImageUrl, content, id, createdAt, updatedAt, version) VALUES (1466422463039552, 1466422463037728, 'subscriber', '/static/img/user.png', 'natoque reprimique dapibus appetere vivendo neglegentur curabitur vel aliquid at lectus suscipiantur magna dolorem arcu dis per taciti commune tellus habitasse vulputate instructior vix mattis.', 1466422463045216, 1645864660631, 1645864660631, 0);
INSERT INTO replies (topicId, userId, userName, userImageUrl, content, id, createdAt, updatedAt, version) VALUES (1466422463039552, 1466422463037728, 'subscriber', '/static/img/user.png', 'alterum salutatus tritani maiorum vituperatoribus etiam persius persius tortor agam neglegentur sed habitant maluisset inciderint impetus dicta platonem vidisse sale scripserit libero mnesarchum vituperata ut quas viris aliquid euismod utroque tale consectetur nonumes inimicus platonem faucibus quo doming falli sapien constituam commodo gubergren.', 1466422463045248, 1645861060631, 1645861060631, 0);
INSERT INTO replies (topicId, userId, userName, userImageUrl, content, id, createdAt, updatedAt, version) VALUES (1466422463039552, 1466422463037728, 'subscriber', '/static/img/user.png', 'pertinax ubique dicat vocibus eros ne doctus netus varius viderer lobortis voluptatum scelerisque dictum ceteros eius autem maiorum mutat eius contentiones electram fermentum iisque dictas.', 1466422463045280, 1645857460631, 1645857460631, 0);
INSERT INTO replies (topicId, userId, userName, userImageUrl, content, id, createdAt, updatedAt, version) VALUES (1466422463039552, 1466422463037728, 'subscriber', '/static/img/user.png', 'elitr tota doming sadipscing detraxit metus vocent reprimique esse maiorum legere melius movet persius vis fabellas pri alia.', 1466422463045312, 1645853860631, 1645853860631, 0);
INSERT INTO replies (topicId, userId, userName, userImageUrl, content, id, createdAt, updatedAt, version) VALUES (1466422463039552, 1466422463037728, 'subscriber', '/static/img/user.png', 'porttitor faucibus euripidis proin impetus populo referrentur.', 1466422463045344, 1645850260631, 1645850260631, 0);
INSERT INTO replies (topicId, userId, userName, userImageUrl, content, id, createdAt, updatedAt, version) VALUES (1466422463039552, 1466422463037728, 'subscriber', '/static/img/user.png', 'ultricies civibus convenire nonumy evertitur quisque saepe diam lacinia cursus gravida has novum invenire detraxit malesuada iriure harum similique reformidans cras suas comprehensam hac turpis a facilisis sanctus cu proin metus graece referrentur maiestatis postulant harum consectetur sem cras doctus alienum detracto ultrices natoque nullam scripserit ludus intellegat tractatos.', 1466422463045376, 1645846660631, 1645846660631, 0);
INSERT INTO replies (topicId, userId, userName, userImageUrl, content, id, createdAt, updatedAt, version) VALUES (1466422463039552, 1466422463037728, 'subscriber', '/static/img/user.png', 'quot mnesarchum senserit detracto veniam volumus nisl putent.', 1466422463045408, 1645843060631, 1645843060631, 0);
INSERT INTO replies (topicId, userId, userName, userImageUrl, content, id, createdAt, updatedAt, version) VALUES (1466422463039552, 1466422463037728, 'subscriber', '/static/img/user.png', 'blandit tempor graece nullam quis utamur meliore iriure civibus constituam.', 1466422463045440, 1645839460631, 1645839460631, 0);
INSERT INTO replies (topicId, userId, userName, userImageUrl, content, id, createdAt, updatedAt, version) VALUES (1466422463039552, 1466422463037728, 'subscriber', '/static/img/user.png', 'eius quaerendum convenire nonumy curabitur noluisse quo consul commune amet fuisset potenti molestiae comprehensam quidam cubilia aenean in reformidans feugiat constituam hinc propriae neque finibus maximus litora accusata harum veri erroribus cum.', 1466422463045472, 1645835860631, 1645835860631, 0);
INSERT INTO replies (topicId, userId, userName, userImageUrl, content, id, createdAt, updatedAt, version) VALUES (1466422463039552, 1466422463037728, 'subscriber', '/static/img/user.png', 'nam expetenda dicunt postea sed conclusionemque referrentur condimentum potenti honestatis repudiare inimicus interesset nostra egestas sapien.', 1466422463045504, 1645832260631, 1645832260631, 0);
INSERT INTO replies (topicId, userId, userName, userImageUrl, content, id, createdAt, updatedAt, version) VALUES (1466422463039552, 1466422463037728, 'subscriber', '/static/img/user.png', 'definitionem sociis intellegebat pericula conceptam blandit petentium principes vestibulum efficitur dicta ignota posidonium consul primis etiam no ferri suavitate cras.', 1466422463045536, 1645828660631, 1645828660631, 0);
INSERT INTO replies (topicId, userId, userName, userImageUrl, content, id, createdAt, updatedAt, version) VALUES (1466422463039552, 1466422463037728, 'subscriber', '/static/img/user.png', 'gubergren litora esse integer pretium qui iriure ante adipiscing expetendis nonumy saperet sententiae nulla gloriatur lobortis solet recteque finibus.', 1466422463045568, 1645825060631, 1645825060631, 0);
INSERT INTO topics (boardId, userId, userName, userImageUrl, refType, refId, replyNumber, locked, name, content, id, createdAt, updatedAt, version) VALUES (1466422463039040, 1466422463037728, 'subscriber', '/static/img/user.png', 'NONE', 0, 16, false, 'repudiare.17', 'torquent eripuit auctor facilis.', 1466422463039584, 1645871920631, 1645871920631, 0);
INSERT INTO replies (topicId, userId, userName, userImageUrl, content, id, createdAt, updatedAt, version) VALUES (1466422463039584, 1466422463037728, 'subscriber', '/static/img/user.png', 'esse liber pharetra ipsum.', 1466422463045600, 1645871860631, 1645871860631, 0);
INSERT INTO replies (topicId, userId, userName, userImageUrl, content, id, createdAt, updatedAt, version) VALUES (1466422463039584, 1466422463037728, 'subscriber', '/static/img/user.png', 'liber quod ipsum legere mi fabellas adolescens nostra fusce sociis gubergren alienum aliquip persius voluptatibus facilis accumsan scripta nominavi posse definitionem cras venenatis accumsan legimus neglegentur interesset aenean sed lacinia faucibus bibendum nascetur atqui brute eruditi dictas quaestio evertitur reprehendunt.', 1466422463045632, 1645868260631, 1645868260631, 0);
INSERT INTO replies (topicId, userId, userName, userImageUrl, content, id, createdAt, updatedAt, version) VALUES (1466422463039584, 1466422463037728, 'subscriber', '/static/img/user.png', 'amet reprimique.', 1466422463045664, 1645864660631, 1645864660631, 0);
INSERT INTO replies (topicId, userId, userName, userImageUrl, content, id, createdAt, updatedAt, version) VALUES (1466422463039584, 1466422463037728, 'subscriber', '/static/img/user.png', 'deterruisset ocurreret adipiscing eloquentiam veri curabitur nec autem consetetur vix posidonium qui solum convenire noster accusata feugait honestatis conubia ultricies eum eripuit docendi qualisque atqui et donec interesset nam deterruisset.', 1466422463045696, 1645861060631, 1645861060631, 0);
INSERT INTO replies (topicId, userId, userName, userImageUrl, content, id, createdAt, updatedAt, version) VALUES (1466422463039584, 1466422463037728, 'subscriber', '/static/img/user.png', 'aliquid.', 1466422463045728, 1645857460631, 1645857460631, 0);
INSERT INTO replies (topicId, userId, userName, userImageUrl, content, id, createdAt, updatedAt, version) VALUES (1466422463039584, 1466422463037728, 'subscriber', '/static/img/user.png', 'feugiat tortor nisi porttitor mi constituam fastidii inceptos nostra iriure dolores gloriatur sanctus suspendisse nullam ultrices molestiae an habemus vituperatoribus litora saperet himenaeos reprimique singulis equidem iuvaret delectus nonumes tale maiestatis noluisse nominavi liber tibique malesuada similique viderer cum condimentum mel mus ligula an vel eleifend curae scripserit volumus phasellus.', 1466422463045760, 1645853860631, 1645853860631, 0);
INSERT INTO replies (topicId, userId, userName, userImageUrl, content, id, createdAt, updatedAt, version) VALUES (1466422463039584, 1466422463037728, 'subscriber', '/static/img/user.png', 'eius postulant delicata est cras conclusionemque metus no congue numquam ocurreret libris condimentum habitant mei animal praesent quidam arcu repudiare suavitate ex unum adipiscing molestiae quod maluisset tacimates impetus ea pro taciti dicit torquent graeco dolor libero detracto voluptatibus penatibus.', 1466422463045792, 1645850260631, 1645850260631, 0);
INSERT INTO replies (topicId, userId, userName, userImageUrl, content, id, createdAt, updatedAt, version) VALUES (1466422463039584, 1466422463037728, 'subscriber', '/static/img/user.png', 'ipsum aenean atomorum iaculis iisque per in tempor a eu eum esse dolorum efficitur.', 1466422463045824, 1645846660631, 1645846660631, 0);
INSERT INTO replies (topicId, userId, userName, userImageUrl, content, id, createdAt, updatedAt, version) VALUES (1466422463039584, 1466422463037728, 'subscriber', '/static/img/user.png', 'pertinax.', 1466422463045856, 1645843060631, 1645843060631, 0);
INSERT INTO replies (topicId, userId, userName, userImageUrl, content, id, createdAt, updatedAt, version) VALUES (1466422463039584, 1466422463037728, 'subscriber', '/static/img/user.png', 'efficitur falli civibus veritus veritus vivendo interdum civibus accommodare tempor consetetur dolor aeque semper ultrices libero persequeris iaculis dicta vulputate graeci dolorem corrumpit necessitatibus epicurei affert omittantur causae.', 1466422463045888, 1645839460631, 1645839460631, 0);
INSERT INTO replies (topicId, userId, userName, userImageUrl, content, id, createdAt, updatedAt, version) VALUES (1466422463039584, 1466422463037728, 'subscriber', '/static/img/user.png', 'sit himenaeos vocibus integer sollicitudin mi splendide inciderint placerat potenti urbanitas efficiantur patrioque dicam lobortis dolore ferri primis taciti molestiae dolor ipsum brute habemus gloriatur qui honestatis lobortis erat numquam inani dicat sapien utroque sumo ad has commodo ultricies.', 1466422463045920, 1645835860631, 1645835860631, 0);
INSERT INTO replies (topicId, userId, userName, userImageUrl, content, id, createdAt, updatedAt, version) VALUES (1466422463039584, 1466422463037728, 'subscriber', '/static/img/user.png', 'omittantur nonumy equidem accusata eum mus mus himenaeos finibus constituto eripuit sociis tellus sodales mentitum elitr efficitur atomorum blandit placerat fusce orci prompta qui dictumst expetenda veri varius litora minim reprimique sadipscing nisi ligula ex mentitum dicunt doming sumo solet antiopam simul suspendisse adhuc mattis proin platea.', 1466422463045952, 1645832260631, 1645832260631, 0);
INSERT INTO replies (topicId, userId, userName, userImageUrl, content, id, createdAt, updatedAt, version) VALUES (1466422463039584, 1466422463037728, 'subscriber', '/static/img/user.png', 'aptent nam constituam mattis quem consectetur electram quaeque maiestatis tota cras electram oratio wisi invidunt.', 1466422463045984, 1645828660631, 1645828660631, 0);
INSERT INTO replies (topicId, userId, userName, userImageUrl, content, id, createdAt, updatedAt, version) VALUES (1466422463039584, 1466422463037728, 'subscriber', '/static/img/user.png', 'recteque quas omnesque cetero nonumy postulant graeci vivamus contentiones pellentesque nulla brute fusce autem deseruisse mauris dis dolore constituam gubergren per cu prodesset antiopam utamur indoctum sumo numquam sapientem delectus detraxit dolorum honestatis habemus reprimique vocibus etiam tincidunt.', 1466422463046016, 1645825060631, 1645825060631, 0);
INSERT INTO replies (topicId, userId, userName, userImageUrl, content, id, createdAt, updatedAt, version) VALUES (1466422463039584, 1466422463037728, 'subscriber', '/static/img/user.png', 'vestibulum errem luptatum scripta eirmod malorum ullamcorper vituperatoribus appetere vel constituto lacinia menandri pellentesque hinc mel detraxit dictumst appareat pulvinar vel disputationi quas qui quam menandri molestie tritani sea inciderint.', 1466422463046048, 1645821460631, 1645821460631, 0);
INSERT INTO replies (topicId, userId, userName, userImageUrl, content, id, createdAt, updatedAt, version) VALUES (1466422463039584, 1466422463037728, 'subscriber', '/static/img/user.png', 'suscipiantur singulis.', 1466422463046080, 1645817860631, 1645817860631, 0);
INSERT INTO topics (boardId, userId, userName, userImageUrl, refType, refId, replyNumber, locked, name, content, id, createdAt, updatedAt, version) VALUES (1466422463039040, 1466422463037728, 'subscriber', '/static/img/user.png', 'NONE', 0, 17, false, 'ea aptent eu.18', 'porttitor tale omnesque sadipscing sea proin semper iaculis graeco aptent mucius.', 1466422463039616, 1645868320631, 1645868320631, 0);
INSERT INTO replies (topicId, userId, userName, userImageUrl, content, id, createdAt, updatedAt, version) VALUES (1466422463039616, 1466422463037728, 'subscriber', '/static/img/user.png', 'viderer iuvaret ferri falli dictumst sed quaestio delectus quis reprehendunt voluptatibus natum vis singulis sapientem pharetra nobis expetenda homero vituperatoribus sea epicuri ea prompta commodo.', 1466422463046112, 1645868260631, 1645868260631, 0);
INSERT INTO replies (topicId, userId, userName, userImageUrl, content, id, createdAt, updatedAt, version) VALUES (1466422463039616, 1466422463037728, 'subscriber', '/static/img/user.png', 'tamquam intellegat deseruisse hac pulvinar reque sententiae urna fermentum electram odio nonumy iuvaret maiestatis verear veritus iriure dictumst pulvinar deserunt purus veniam erat an adipisci class interesset lectus his.', 1466422463046144, 1645864660631, 1645864660631, 0);
INSERT INTO replies (topicId, userId, userName, userImageUrl, content, id, createdAt, updatedAt, version) VALUES (1466422463039616, 1466422463037728, 'subscriber', '/static/img/user.png', 'veniam novum platonem laudem inimicus accusata netus eloquentiam tritani pretium errem dicunt affert solet cubilia minim altera eloquentiam per curabitur egestas mucius urna habitant per utroque tibique dolores voluptatum dolores.', 1466422463046176, 1645861060631, 1645861060631, 0);
INSERT INTO replies (topicId, userId, userName, userImageUrl, content, id, createdAt, updatedAt, version) VALUES (1466422463039616, 1466422463037728, 'subscriber', '/static/img/user.png', 'sea natum honestatis auctor facilis solet constituam omnesque detracto conceptam penatibus ante error putent vocent omnesque utinam pertinacia melius.', 1466422463046208, 1645857460631, 1645857460631, 0);
INSERT INTO replies (topicId, userId, userName, userImageUrl, content, id, createdAt, updatedAt, version) VALUES (1466422463039616, 1466422463037728, 'subscriber', '/static/img/user.png', 'molestiae finibus vivamus detracto expetendis quot maluisset constituto eu elit sociis tibique graecis nam mutat idque esse conclusionemque tacimates mazim reprehendunt latine quem volumus nihil corrumpit movet vestibulum wisi delectus malorum scripta tristique auctor definitionem appareat eirmod euismod alienum neglegentur fuisset dolores montes assueverit malesuada molestiae est.', 1466422463046240, 1645853860631, 1645853860631, 0);
INSERT INTO replies (topicId, userId, userName, userImageUrl, content, id, createdAt, updatedAt, version) VALUES (1466422463039616, 1466422463037728, 'subscriber', '/static/img/user.png', 'placerat accommodare aenean constituto nulla reprehendunt feugiat at intellegebat nihil usu graeco causae referrentur ceteros vivamus latine dicit gubergren iuvaret deterruisset instructior reformidans dolorem tation deterruisset explicari natoque et mei nominavi nominavi ex delicata sapientem eirmod aliquet neglegentur magna harum tritani pericula deserunt mediocrem cras decore.', 1466422463046272, 1645850260631, 1645850260631, 0);
INSERT INTO replies (topicId, userId, userName, userImageUrl, content, id, createdAt, updatedAt, version) VALUES (1466422463039616, 1466422463037728, 'subscriber', '/static/img/user.png', 'atqui repudiandae tractatos fugit esse doming rutrum massa percipit mnesarchum arcu tation velit elit maluisset venenatis idque doctus usu atqui massa venenatis elitr partiendo quod postulant nec et accommodare ludus convenire mucius civibus nunc venenatis nostra percipit nascetur tritani fabulas vivamus animal.', 1466422463046304, 1645846660631, 1645846660631, 0);
INSERT INTO replies (topicId, userId, userName, userImageUrl, content, id, createdAt, updatedAt, version) VALUES (1466422463039616, 1466422463037728, 'subscriber', '/static/img/user.png', 'comprehensam discere fermentum graece.', 1466422463046336, 1645843060631, 1645843060631, 0);
INSERT INTO replies (topicId, userId, userName, userImageUrl, content, id, createdAt, updatedAt, version) VALUES (1466422463039616, 1466422463037728, 'subscriber', '/static/img/user.png', 'lobortis oratio iuvaret non.', 1466422463046368, 1645839460631, 1645839460631, 0);
INSERT INTO replies (topicId, userId, userName, userImageUrl, content, id, createdAt, updatedAt, version) VALUES (1466422463039616, 1466422463037728, 'subscriber', '/static/img/user.png', 'saepe meliore mea sadipscing constituam tritani oporteat volutpat vim penatibus interpretaris sed agam repudiandae theophrastus adhuc meliore nisl noluisse reformidans fugit iisque luctus possit appetere.', 1466422463046400, 1645835860631, 1645835860631, 0);
INSERT INTO replies (topicId, userId, userName, userImageUrl, content, id, createdAt, updatedAt, version) VALUES (1466422463039616, 1466422463037728, 'subscriber', '/static/img/user.png', 'appetere ultricies enim cursus reformidans dicam theophrastus ante electram veniam feugiat mnesarchum mus eloquentiam dico aliquid cetero nibh platonem delicata urbanitas quas volumus sociis felis maiestatis adolescens instructior volumus dictas aliquip graece quaestio morbi ponderum fabellas inceptos necessitatibus simul impetus sed affert adipisci tempor homero homero.', 1466422463046432, 1645832260631, 1645832260631, 0);
INSERT INTO replies (topicId, userId, userName, userImageUrl, content, id, createdAt, updatedAt, version) VALUES (1466422463039616, 1466422463037728, 'subscriber', '/static/img/user.png', 'lacinia cursus erat mediocritatem tristique ignota viverra voluptatum sonet.', 1466422463046464, 1645828660631, 1645828660631, 0);
INSERT INTO replies (topicId, userId, userName, userImageUrl, content, id, createdAt, updatedAt, version) VALUES (1466422463039616, 1466422463037728, 'subscriber', '/static/img/user.png', 'accommodare verterem vehicula autem dicit ocurreret reque dignissim cras convallis ac turpis orci fuisset donec pericula te ad ex netus dolores autem persecuti tempus nisi mucius singulis electram molestiae perpetua facilisi massa.', 1466422463046496, 1645825060631, 1645825060631, 0);
INSERT INTO replies (topicId, userId, userName, userImageUrl, content, id, createdAt, updatedAt, version) VALUES (1466422463039616, 1466422463037728, 'subscriber', '/static/img/user.png', 'equidem sanctus arcu montes suas congue penatibus placerat ipsum detraxit nobis iriure eam penatibus nisi faucibus ligula sollicitudin definiebas.', 1466422463046528, 1645821460631, 1645821460631, 0);
INSERT INTO replies (topicId, userId, userName, userImageUrl, content, id, createdAt, updatedAt, version) VALUES (1466422463039616, 1466422463037728, 'subscriber', '/static/img/user.png', 'ignota adhuc ea mazim adversarium definiebas consequat faucibus explicari voluptatibus suspendisse varius lorem quas nostrum graece posidonium delectus menandri comprehensam eu consectetuer fringilla moderatius perpetua voluptatibus veniam fringilla convallis dicit himenaeos.', 1466422463046560, 1645817860631, 1645817860631, 0);
INSERT INTO replies (topicId, userId, userName, userImageUrl, content, id, createdAt, updatedAt, version) VALUES (1466422463039616, 1466422463037728, 'subscriber', '/static/img/user.png', 'definitiones ornare vidisse constituam petentium tale autem regione sociosqu iuvaret semper perpetua tellus iriure natoque viderer integer aliquet.', 1466422463046592, 1645814260631, 1645814260631, 0);
INSERT INTO replies (topicId, userId, userName, userImageUrl, content, id, createdAt, updatedAt, version) VALUES (1466422463039616, 1466422463037728, 'subscriber', '/static/img/user.png', 'commodo pri aenean legere possim persequeris ocurreret voluptatum maecenas ridiculus scripta potenti lacinia ne accommodare curae massa lacinia odio platonem ornatus graeco detraxit discere percipit electram sed aeque graece graecis postea ocurreret elit quis vestibulum sadipscing prodesset tristique discere mutat nunc.', 1466422463046624, 1645810660631, 1645810660631, 0);
INSERT INTO topics (boardId, userId, userName, userImageUrl, refType, refId, replyNumber, locked, name, content, id, createdAt, updatedAt, version) VALUES (1466422463039040, 1466422463037728, 'subscriber', '/static/img/user.png', 'NONE', 0, 18, false, 'ceteros.19', 'meliore verear nascetur scelerisque natoque tristique comprehensam error perpetua.', 1466422463039648, 1645864720631, 1645864720631, 0);
INSERT INTO replies (topicId, userId, userName, userImageUrl, content, id, createdAt, updatedAt, version) VALUES (1466422463039648, 1466422463037728, 'subscriber', '/static/img/user.png', 'splendide facilisis accommodare qui.', 1466422463046656, 1645864660631, 1645864660631, 0);
INSERT INTO replies (topicId, userId, userName, userImageUrl, content, id, createdAt, updatedAt, version) VALUES (1466422463039648, 1466422463037728, 'subscriber', '/static/img/user.png', 'nostrum repudiare scripserit torquent aliquid latine magnis venenatis bibendum persius pertinacia atomorum viris scripserit tibique commune pharetra postulant consequat simul falli corrumpit dissentiunt cu venenatis utamur interpretaris tota adhuc scripserit brute mutat ante minim errem dicat.', 1466422463046688, 1645861060631, 1645861060631, 0);
INSERT INTO replies (topicId, userId, userName, userImageUrl, content, id, createdAt, updatedAt, version) VALUES (1466422463039648, 1466422463037728, 'subscriber', '/static/img/user.png', 'libero eos harum nonumy doming debet urbanitas consetetur movet splendide elaboraret.', 1466422463046720, 1645857460631, 1645857460631, 0);
INSERT INTO replies (topicId, userId, userName, userImageUrl, content, id, createdAt, updatedAt, version) VALUES (1466422463039648, 1466422463037728, 'subscriber', '/static/img/user.png', 'eget causae molestie posse iaculis proin nostra graeco cubilia luctus elitr tibique nam urna perpetua vocibus congue tacimates gloriatur posse splendide cum persius alia has vel pro vivendo dico ponderum sollicitudin et conclusionemque eros dicta vivamus duis impetus sale porro porro molestie lorem torquent omittam mucius fusce wisi magnis.', 1466422463046752, 1645853860631, 1645853860631, 0);
INSERT INTO replies (topicId, userId, userName, userImageUrl, content, id, createdAt, updatedAt, version) VALUES (1466422463039648, 1466422463037728, 'subscriber', '/static/img/user.png', 'aenean adversarium.', 1466422463046784, 1645850260631, 1645850260631, 0);
INSERT INTO replies (topicId, userId, userName, userImageUrl, content, id, createdAt, updatedAt, version) VALUES (1466422463039648, 1466422463037728, 'subscriber', '/static/img/user.png', 'parturient convallis mi fames.', 1466422463046816, 1645846660631, 1645846660631, 0);
INSERT INTO replies (topicId, userId, userName, userImageUrl, content, id, createdAt, updatedAt, version) VALUES (1466422463039648, 1466422463037728, 'subscriber', '/static/img/user.png', 'ubique dapibus nisi ne habemus ponderum elementum wisi primis libero sapientem principes ornatus habemus moderatius appetere vix ancillae consequat simul ornare verear sadipscing invidunt lobortis meliore suas quaeque consectetuer dictas offendit nisi repudiare senectus conclusionemque etiam necessitatibus dissentiunt inceptos.', 1466422463046848, 1645843060631, 1645843060631, 0);
INSERT INTO replies (topicId, userId, userName, userImageUrl, content, id, createdAt, updatedAt, version) VALUES (1466422463039648, 1466422463037728, 'subscriber', '/static/img/user.png', 'mollis sodales novum detraxit maximus ludus veritus putent novum luctus utinam euripidis aperiri massa augue eruditi semper lorem taciti an.', 1466422463046880, 1645839460631, 1645839460631, 0);
INSERT INTO replies (topicId, userId, userName, userImageUrl, content, id, createdAt, updatedAt, version) VALUES (1466422463039648, 1466422463037728, 'subscriber', '/static/img/user.png', 'morbi nobis principes dicta turpis quot mel maximus noster accumsan reprimique risus et detraxit orci reprehendunt mi vituperata varius laoreet pro.', 1466422463046912, 1645835860631, 1645835860631, 0);
INSERT INTO replies (topicId, userId, userName, userImageUrl, content, id, createdAt, updatedAt, version) VALUES (1466422463039648, 1466422463037728, 'subscriber', '/static/img/user.png', 'option posidonium volumus laudem.', 1466422463046944, 1645832260631, 1645832260631, 0);
INSERT INTO replies (topicId, userId, userName, userImageUrl, content, id, createdAt, updatedAt, version) VALUES (1466422463039648, 1466422463037728, 'subscriber', '/static/img/user.png', 'eum hinc mnesarchum felis tale molestie voluptaria laudem lectus indoctum ponderum graece phasellus eius instructior detraxit proin aenean congue vestibulum mea indoctum eos euripidis tamquam dicunt dictas esse necessitatibus gubergren lacinia eirmod urna ne.', 1466422463046976, 1645828660631, 1645828660631, 0);
INSERT INTO replies (topicId, userId, userName, userImageUrl, content, id, createdAt, updatedAt, version) VALUES (1466422463039648, 1466422463037728, 'subscriber', '/static/img/user.png', 'ea graece nisi tempor ridens natoque cras rutrum ceteros magna fabellas.', 1466422463047008, 1645825060631, 1645825060631, 0);
INSERT INTO replies (topicId, userId, userName, userImageUrl, content, id, createdAt, updatedAt, version) VALUES (1466422463039648, 1466422463037728, 'subscriber', '/static/img/user.png', 'diam mutat veri feugait sadipscing nostra ornatus cu pericula sanctus alia lectus invenire dictas numquam morbi esse facilisis amet mazim duo rutrum vel.', 1466422463047040, 1645821460631, 1645821460631, 0);
INSERT INTO replies (topicId, userId, userName, userImageUrl, content, id, createdAt, updatedAt, version) VALUES (1466422463039648, 1466422463037728, 'subscriber', '/static/img/user.png', 'himenaeos mi meliore prodesset eu voluptatibus dolor accommodare voluptaria ignota platea nonumes qui urbanitas te ridiculus constituam etiam alterum natoque civibus gravida elementum conceptam reque tation mutat voluptaria tation option ferri ignota tractatos decore sumo ante augue ridiculus enim constituam quas libero primis dissentiunt.', 1466422463047072, 1645817860631, 1645817860631, 0);
INSERT INTO replies (topicId, userId, userName, userImageUrl, content, id, createdAt, updatedAt, version) VALUES (1466422463039648, 1466422463037728, 'subscriber', '/static/img/user.png', 'tantas pericula tacimates magnis fastidii antiopam appareat nobis evertitur debet habeo unum aptent vivendo viderer error libris suas maximus lectus solum ocurreret possim omittam eruditi ornatus cubilia consul orci ubique aliquet iriure dolorem has eloquentiam turpis.', 1466422463047104, 1645814260631, 1645814260631, 0);
INSERT INTO replies (topicId, userId, userName, userImageUrl, content, id, createdAt, updatedAt, version) VALUES (1466422463039648, 1466422463037728, 'subscriber', '/static/img/user.png', 'homero turpis dictas vidisse natum tempus reque ancillae scelerisque persequeris senserit utroque aliquet posse inimicus ullamcorper delectus ornatus ad consectetur minim dis congue consectetuer deserunt repudiare interesset voluptatibus molestie conclusionemque populo at parturient facilis adversarium ne maecenas atqui eu nibh constituam parturient decore.', 1466422463047136, 1645810660631, 1645810660631, 0);
INSERT INTO replies (topicId, userId, userName, userImageUrl, content, id, createdAt, updatedAt, version) VALUES (1466422463039648, 1466422463037728, 'subscriber', '/static/img/user.png', 'dui assueverit graeci sumo nominavi similique discere sociis novum veri condimentum justo justo legimus aeque sociis errem bibendum massa ad qualisque sagittis duis mel definitionem ancillae interdum brute molestie finibus homero ludus egestas quem harum deterruisset viderer impetus ignota utroque ornatus.', 1466422463047168, 1645807060631, 1645807060631, 0);
INSERT INTO replies (topicId, userId, userName, userImageUrl, content, id, createdAt, updatedAt, version) VALUES (1466422463039648, 1466422463037728, 'subscriber', '/static/img/user.png', 'ei regione utamur dicat quem menandri aliquid veri quidam explicari detraxit laudem interdum indoctum tibique quem noster adversarium platea volutpat nullam metus dico ne natum delectus.', 1466422463047200, 1645803460631, 1645803460631, 0);
INSERT INTO topics (boardId, userId, userName, userImageUrl, refType, refId, replyNumber, locked, name, content, id, createdAt, updatedAt, version) VALUES (1466422463039040, 1466422463037728, 'subscriber', '/static/img/user.png', 'NONE', 0, 19, false, 'ridiculus.20', 'civibus mel veniam maiestatis postea vero errem maiorum civibus vehicula ponderum numquam expetendis detracto equidem molestie nominavi fabulas harum cras eloquentiam latine maecenas ornare quem novum ornare nulla venenatis sanctus.', 1466422463039680, 1645861120631, 1645861120631, 0);
INSERT INTO replies (topicId, userId, userName, userImageUrl, content, id, createdAt, updatedAt, version) VALUES (1466422463039680, 1466422463037728, 'subscriber', '/static/img/user.png', 'an volumus eripuit minim reprehendunt vidisse lectus porro montes senectus imperdiet petentium quidam cursus feugait luptatum omnesque pertinacia recteque integer proin consectetur tractatos aptent sea proin sumo aeque primis affert propriae eius accumsan intellegebat regione tincidunt labores nibh maiestatis error fabulas omittantur sonet praesent solum porttitor velit laudem.', 1466422463047232, 1645861060631, 1645861060631, 0);
INSERT INTO replies (topicId, userId, userName, userImageUrl, content, id, createdAt, updatedAt, version) VALUES (1466422463039680, 1466422463037728, 'subscriber', '/static/img/user.png', 'mandamus patrioque per libris convallis iaculis euismod natum gloriatur porttitor conubia voluptaria nullam nobis possim.', 1466422463047264, 1645857460631, 1645857460631, 0);
INSERT INTO replies (topicId, userId, userName, userImageUrl, content, id, createdAt, updatedAt, version) VALUES (1466422463039680, 1466422463037728, 'subscriber', '/static/img/user.png', 'simul convallis mazim ea velit suscipiantur quot animal iuvaret eius saepe netus vivendo urbanitas dolor sententiae.', 1466422463047296, 1645853860631, 1645853860631, 0);
INSERT INTO replies (topicId, userId, userName, userImageUrl, content, id, createdAt, updatedAt, version) VALUES (1466422463039680, 1466422463037728, 'subscriber', '/static/img/user.png', 'iusto autem mentitum quas signiferumque ocurreret neglegentur.', 1466422463047328, 1645850260631, 1645850260631, 0);
INSERT INTO replies (topicId, userId, userName, userImageUrl, content, id, createdAt, updatedAt, version) VALUES (1466422463039680, 1466422463037728, 'subscriber', '/static/img/user.png', 'definiebas homero semper urna vis te elit dissentiunt rhoncus donec latine facilisis tempor non error atqui placerat ridens.', 1466422463047360, 1645846660631, 1645846660631, 0);
INSERT INTO replies (topicId, userId, userName, userImageUrl, content, id, createdAt, updatedAt, version) VALUES (1466422463039680, 1466422463037728, 'subscriber', '/static/img/user.png', 'inani montes habitant alienum constituto perpetua sodales dis repudiandae explicari consectetur partiendo quaerendum porttitor penatibus quam conubia maiorum unum habitant iaculis parturient idque.', 1466422463047392, 1645843060631, 1645843060631, 0);
INSERT INTO replies (topicId, userId, userName, userImageUrl, content, id, createdAt, updatedAt, version) VALUES (1466422463039680, 1466422463037728, 'subscriber', '/static/img/user.png', 'elitr option bibendum cetero quidam et appetere efficitur ante nisi euismod tamquam altera vituperata prodesset dicam liber cras definiebas.', 1466422463047424, 1645839460631, 1645839460631, 0);
INSERT INTO replies (topicId, userId, userName, userImageUrl, content, id, createdAt, updatedAt, version) VALUES (1466422463039680, 1466422463037728, 'subscriber', '/static/img/user.png', 'sea melius parturient nihil aptent sagittis invenire himenaeos sed meliore pertinacia deterruisset maximus ultrices sit dolores libero rhoncus sagittis cu deterruisset errem deserunt populo dicam quaestio vitae repudiandae ornare tritani ante sale noster.', 1466422463047456, 1645835860631, 1645835860631, 0);
INSERT INTO replies (topicId, userId, userName, userImageUrl, content, id, createdAt, updatedAt, version) VALUES (1466422463039680, 1466422463037728, 'subscriber', '/static/img/user.png', 'hendrerit pulvinar suscipit nisl proin mucius iriure sed usu iaculis et laoreet ne integer.', 1466422463047488, 1645832260631, 1645832260631, 0);
INSERT INTO replies (topicId, userId, userName, userImageUrl, content, id, createdAt, updatedAt, version) VALUES (1466422463039680, 1466422463037728, 'subscriber', '/static/img/user.png', 'cum mandamus conubia adversarium persequeris eros mutat porta tamquam his graeco affert splendide turpis alterum laoreet reprimique scelerisque persequeris urbanitas civibus donec.', 1466422463047520, 1645828660631, 1645828660631, 0);
INSERT INTO replies (topicId, userId, userName, userImageUrl, content, id, createdAt, updatedAt, version) VALUES (1466422463039680, 1466422463037728, 'subscriber', '/static/img/user.png', 'varius invidunt magnis inceptos quisque ignota assueverit aptent suspendisse orci sapien nullam.', 1466422463047552, 1645825060631, 1645825060631, 0);
INSERT INTO replies (topicId, userId, userName, userImageUrl, content, id, createdAt, updatedAt, version) VALUES (1466422463039680, 1466422463037728, 'subscriber', '/static/img/user.png', 'audire non adipiscing tritani signiferumque posuere aliquid tibique iusto quas suscipit vitae eu putent posidonium adhuc posse definiebas nibh deseruisse vituperata partiendo euripidis quas vocibus ipsum viverra adolescens auctor ligula fabellas interdum usu nonumes ullamcorper tortor vim delicata novum tincidunt dictas tritani ea commune scripserit.', 1466422463047584, 1645821460631, 1645821460631, 0);
INSERT INTO replies (topicId, userId, userName, userImageUrl, content, id, createdAt, updatedAt, version) VALUES (1466422463039680, 1466422463037728, 'subscriber', '/static/img/user.png', 'viverra quot solet maiorum possit tortor decore erroribus tractatos referrentur mediocritatem oporteat natoque instructior erat postulant honestatis dapibus pri fabulas odio ferri aliquid feugait reque dictumst quo option senectus nobis pertinax proin reformidans expetenda dico delenit solum pretium mea verear contentiones doming nullam dicta delenit inimicus senectus periculis senserit.', 1466422463047616, 1645817860631, 1645817860631, 0);
INSERT INTO replies (topicId, userId, userName, userImageUrl, content, id, createdAt, updatedAt, version) VALUES (1466422463039680, 1466422463037728, 'subscriber', '/static/img/user.png', 'fugit patrioque iuvaret molestiae autem eleifend nibh sea etiam wisi maximus nisl lacinia evertitur.', 1466422463047648, 1645814260631, 1645814260631, 0);
INSERT INTO replies (topicId, userId, userName, userImageUrl, content, id, createdAt, updatedAt, version) VALUES (1466422463039680, 1466422463037728, 'subscriber', '/static/img/user.png', 'dignissim viverra iriure aeque elitr fastidii voluptaria montes tristique nonumy doming nostrum utamur auctor efficitur audire quas noluisse velit enim sodales impetus purus autem eleifend adipiscing vocent brute mentitum audire vivamus quo nominavi pro pertinacia proin platea reprimique bibendum dolorum pro erroribus populo cras laoreet habemus consul utinam.', 1466422463047680, 1645810660631, 1645810660631, 0);
INSERT INTO replies (topicId, userId, userName, userImageUrl, content, id, createdAt, updatedAt, version) VALUES (1466422463039680, 1466422463037728, 'subscriber', '/static/img/user.png', 'ut reprimique libero conubia usu vocent facilisi faucibus altera tation eam expetendis dico cu senectus platonem civibus dissentiunt aeque facilis his utamur putent posse te tamquam justo habitasse.', 1466422463047712, 1645807060631, 1645807060631, 0);
INSERT INTO replies (topicId, userId, userName, userImageUrl, content, id, createdAt, updatedAt, version) VALUES (1466422463039680, 1466422463037728, 'subscriber', '/static/img/user.png', 'an percipit dolorum magnis arcu consul placerat postulant intellegebat meliore facilisi maecenas unum regione partiendo quo quas indoctum finibus appareat no sem pharetra prodesset dolorem mucius dictum efficitur.', 1466422463047744, 1645803460631, 1645803460631, 0);
INSERT INTO replies (topicId, userId, userName, userImageUrl, content, id, createdAt, updatedAt, version) VALUES (1466422463039680, 1466422463037728, 'subscriber', '/static/img/user.png', 'bibendum inceptos platea fermentum idque pri ipsum ferri gubergren.', 1466422463047776, 1645799860631, 1645799860631, 0);
INSERT INTO replies (topicId, userId, userName, userImageUrl, content, id, createdAt, updatedAt, version) VALUES (1466422463039680, 1466422463037728, 'subscriber', '/static/img/user.png', 'ridens semper molestie etiam sapien conubia consectetuer propriae viverra vero vehicula atqui et vocibus.', 1466422463047808, 1645796260631, 1645796260631, 0);
INSERT INTO texts (hash, content, id, createdAt, updatedAt, version) VALUES ('2c2c3cfeb46633017bb25f602d237ac2789b6ad48e782f16655487adb3ee390b', '# offendit ex splendide nibh idque.\n\nadipiscing.\n\nceteros ponderum repudiandae his harum fabellas brute luctus dolorem.\n\nmolestiae quaerendum graeco ligula wisi convallis felis accommodare posuere delicata sem suscipit eripuit.\n\nsadipscing iudicabit vocibus aperiri scelerisque ei malorum mediocrem movet discere scelerisque fabulas dolores pro solet eros habitant.\n\nveri intellegat eos ea litora unum adolescens intellegat vituperatoribus corrumpit.\n\nvivendo causae mi inimicus vituperata eirmod ligula erroribus magna dictumst bibendum semper pertinacia affert sumo definitionem gloriatur alienum simul.\n\ndicta patrioque luctus luptatum nostrum curabitur arcu meliore iisque convenire hac.\n\nmaecenas alterum hinc patrioque scelerisque mel.\n\ndoctus ac ludus mi gloriatur commune similique ius vim hendrerit epicurei oporteat mollis risus iusto.\n\ndefinitionem odio no brute metus lacus erroribus commodo id libero hac quaestio definitionem venenatis dicta dictas mel.\n\nconsectetuer volumus expetenda maiorum dicunt nonumes maecenas ut comprehensam reprehendunt dicta scripta quaeque.\n\ndicant ea definitionem utamur accumsan feugiat viris maiorum detracto molestie definiebas comprehensam vis hinc.\n\ndictumst expetenda vis accumsan elaboraret saepe tristique lorem esse litora suscipiantur tincidunt mutat dapibus.\n\n', 1466422463039744, 1645929520662, 1645929520662, 0);
INSERT INTO wikis (imageId, textId, userId, tag, name, description, views, publishAt, id, createdAt, updatedAt, version) VALUES (1466422463037920, 1466422463039744, 1466422463037472, 'sample', 'Sample Tutorial', 'A Sample Wiki', 0, 0, 1466422463039712, 1645929520662, 1645929520662, 0);
INSERT INTO texts (hash, content, id, createdAt, updatedAt, version) VALUES ('d36fb0160b4767fd177243ba5a9b6e6ee295eaedc500e13ac5dfb44523f9c779', '# lorem malesuada assueverit postulant tota consectetur mutat disputationi definiebas diam.\n\nfermentum rutrum tellus vidisse liber civibus quo consequat iisque definitionem habeo pharetra noster interesset molestie tibique wisi fermentum.\n\ntristique hac commune accumsan electram scripserit cras congue ac movet sea id egestas agam utinam dissentiunt.\n\nnoluisse latine impetus deserunt dicant.\n\nqui.\n\ninstructior.\n\nmagnis sociosqu deserunt moderatius quas in ex veniam dolorem tincidunt fastidii causae posuere convallis.\n\ncomprehensam euripidis.\n\nancillae omittam omittam quidam adolescens natum montes ferri magna iusto suas quot feugait nascetur.\n\neius eget autem facilis periculis appetere sale metus nobis adhuc ne petentium gravida nostrum tibique tale urna.\n\nlabores intellegat malorum montes debet adolescens detraxit neque ex ad inceptos duo ornare interdum debet.\n\nsplendide.\n\ntantas elaboraret non eget omnesque nam sem vis volutpat.\n\nparturient.\n\nnec tellus consequat tempus omittantur ultrices gubergren atqui civibus tota ante iusto ignota mollis delenit sapien.\n\nludus omittantur homero cu.\n\nmetus definitiones duo altera consequat ridens egestas legimus class evertitur consul.\n\njusto adipisci indoctum amet aliquam.\n\ncomprehensam ligula dictum appareat ornatus praesent signiferumque definitionem sapientem curae ceteros non ligula adipiscing.\n\nvivendo invidunt fastidii ignota legimus unum ridens delicata principes.\n\n', 1466422463039808, 1645929520663, 1645929520663, 0);
INSERT INTO wiki_pages (parentId, textId, wikiId, name, views, publishAt, displayOrder, id, createdAt, updatedAt, version) VALUES (1466422463039712, 1466422463039808, 1466422463039712, 'page 1', 0, 1645929520631, 0, 1466422463039776, 1645929520663, 1645929520663, 0);
INSERT INTO texts (hash, content, id, createdAt, updatedAt, version) VALUES ('a05af717cac7f21ded2eb1681744c5f561c76729bfeb6b3ec5bebf52ac23d71e', '# reque netus inciderint magnis placerat.\n\nsaperet magnis brute iaculis facilisi quaerendum sit viverra aliquam quod dico phasellus egestas adhuc fuisset sociis duis tale.\n\nnatum facilisi hendrerit dapibus.\n\nno quis instructior maximus facilisi deserunt mazim per perpetua definiebas vel tation tractatos cum dicant sententiae appetere efficiantur possit.\n\npharetra vel justo dolor urbanitas persecuti porro equidem in definitionem contentiones iuvaret libris moderatius faucibus.\n\ntibique morbi utamur principes luptatum ridens autem feugait integer aliquip dicunt habitasse labores reque blandit tation reprehendunt melius class urna.\n\njusto eget vivendo dicam sapien ornatus himenaeos fabellas aeque consequat his primis tantas dissentiunt sociis dictas.\n\nlorem pretium affert mutat.\n\nnunc idque felis meliore curabitur gubergren est duo.\n\nsigniferumque dolores tristique delicata habitasse evertitur omnesque adipisci vestibulum conceptam dictum.\n\naliquip referrentur rutrum enim.\n\ndocendi mei augue quas litora habemus ligula eum dolore eu interesset legimus diam vituperatoribus tation debet.\n\n', 1466422463039872, 1645929520663, 1645929520663, 0);
INSERT INTO wiki_pages (parentId, textId, wikiId, name, views, publishAt, displayOrder, id, createdAt, updatedAt, version) VALUES (1466422463039776, 1466422463039872, 1466422463039712, 'sub 1', 0, 1645929520632, 0, 1466422463039840, 1645929520663, 1645929520663, 0);
INSERT INTO texts (hash, content, id, createdAt, updatedAt, version) VALUES ('e0e7be0b91f2944d8683ce555332e3ec89b1715a017979be78156623ee4b9cb8', '# gubergren montes faucibus pharetra netus felis mus massa auctor ridiculus.\n\nius invenire phasellus pertinax ac suavitate.\n\natqui graeci mauris nisl aptent fabellas sollicitudin tacimates movet liber accommodare.\n\nmediocrem class.\n\ndicant accommodare vim volumus necessitatibus scripta ancillae delectus sociis.\n\nefficiantur velit arcu ignota iisque fuisset nascetur erroribus metus vix recteque vivendo vocibus euripidis a id aliquip.\n\ntota an pulvinar.\n\negestas placerat tota in torquent.\n\ncursus graeci vel scripserit sanctus quidam sadipscing nonumes instructior ipsum postea civibus vel civibus purus vehicula.\n\nelectram voluptatum postea magna at qui.\n\nprimis nam persius utinam commodo doming.\n\npulvinar fusce maluisset veniam sit salutatus petentium.\n\nlitora primis nonumy habemus decore ligula mucius.\n\n', 1466422463039936, 1645929520663, 1645929520663, 0);
INSERT INTO wiki_pages (parentId, textId, wikiId, name, views, publishAt, displayOrder, id, createdAt, updatedAt, version) VALUES (1466422463039776, 1466422463039936, 1466422463039712, 'sub 2', 0, 1645929520632, 1, 1466422463039904, 1645929520664, 1645929520664, 0);
INSERT INTO texts (hash, content, id, createdAt, updatedAt, version) VALUES ('31843a826be531374965424d7e71d809391d321ec3cfaf87a0143940bd0fc028', '# lorem adolescens sagittis an.\n\nridiculus praesent equidem dictum conubia harum montes ad tristique duo ornatus alienum vulputate sale quod persecuti.\n\nutroque.\n\nverterem detracto.\n\npersequeris eirmod felis elitr numquam mutat vivendo alienum litora ridiculus ei.\n\nne cum dolor dicant.\n\nelementum percipit menandri theophrastus persius tortor quas platonem necessitatibus posse expetenda faucibus aliquam saepe tritani menandri audire periculis utroque.\n\nmea expetenda euripidis proin nam libris mi dolor reprimique erat dolores feugiat fabellas netus sociis placerat sale patrioque euismod et.\n\ndoctus donec morbi oratio dicunt primis primis explicari fuisset volumus dolores theophrastus offendit senectus persius.\n\nutinam viderer falli dico sanctus non graecis intellegat atomorum utinam neglegentur dolores.\n\nlacinia instructior prodesset facilisi natum tincidunt voluptaria delicata efficitur tractatos tantas error quo quem has conclusionemque mandamus accumsan est at.\n\nsem duis justo expetendis potenti quo justo impetus equidem iriure cetero delenit.\n\nlobortis percipit nobis eloquentiam suas sanctus vel fusce natoque dissentiunt constituto nec vocent nisi rhoncus inani dolorem dicta.\n\n', 1466422463040000, 1645929520664, 1645929520664, 0);
INSERT INTO wiki_pages (parentId, textId, wikiId, name, views, publishAt, displayOrder, id, createdAt, updatedAt, version) VALUES (1466422463039776, 1466422463040000, 1466422463039712, 'sub 3', 0, 1645929520632, 2, 1466422463039968, 1645929520664, 1645929520664, 0);
INSERT INTO texts (hash, content, id, createdAt, updatedAt, version) VALUES ('2d07d8ad59d955238f7bef74306e9a83af56da5d61b9e76779a569b93c90a3c8', '# honestatis periculis his has eius tamquam tellus per oratio his.\n\nlobortis aliquid.\n\nindoctum interdum sociis adipisci quas appareat nominavi quem meliore magna salutatus consul luctus pulvinar sea.\n\nimperdiet posuere molestiae varius erat discere fuisset mentitum alienum ad habemus.\n\nlatine ligula tempus adipisci quot fugit tantas eget nobis consul idque porttitor fermentum mazim cum.\n\ntristique ius vis menandri eruditi utinam te integer nec possit pro velit esse propriae eloquentiam conclusionemque.\n\nac ius per voluptatibus sale accommodare luctus detracto iaculis persecuti.\n\nhabitant mea senectus quaerendum deseruisse facilis metus netus sea in maluisset.\n\nsonet meliore petentium phasellus erroribus verear volumus.\n\noffendit viderer quod veri euripidis.\n\nharum mandamus vulputate felis perpetua.\n\n', 1466422463040064, 1645929520664, 1645929520664, 0);
INSERT INTO wiki_pages (parentId, textId, wikiId, name, views, publishAt, displayOrder, id, createdAt, updatedAt, version) VALUES (1466422463039968, 1466422463040064, 1466422463039712, 'leaf 1', 0, 1645929520632, 0, 1466422463040032, 1645929520664, 1645929520664, 0);
INSERT INTO texts (hash, content, id, createdAt, updatedAt, version) VALUES ('9a8a5683c620a5e2d8855acb81d86f5c61c911ab2809a134b08f6d545b353c19', '# quam.\n\nmandamus scripserit inani erat porro nascetur pertinacia dolor minim tacimates consetetur ipsum epicurei tota omittam dicam.\n\niudicabit augue molestiae.\n\nesse reprimique montes gloriatur patrioque detracto quisque tamquam ultricies.\n\nsuavitate movet.\n\ndocendi tortor perpetua aptent perpetua dico dignissim velit sit legimus explicari efficiantur te.\n\nornare malesuada eget habeo.\n\npellentesque saepe viverra causae gloriatur eruditi duo voluptatum voluptatum dolore vehicula condimentum saperet contentiones lacus inceptos phasellus dis non.\n\nnumquam lobortis harum tincidunt appareat litora ea.\n\nomittantur antiopam delectus graeco dissentiunt est reque sadipscing.\n\nsenectus facilis tamquam evertitur noster dolor detraxit delectus delenit veniam molestiae quas principes mel constituto.\n\naeque commune duo libris parturient tractatos sagittis graeco percipit verterem aperiri decore.\n\n', 1466422463040128, 1645929520664, 1645929520664, 0);
INSERT INTO wiki_pages (parentId, textId, wikiId, name, views, publishAt, displayOrder, id, createdAt, updatedAt, version) VALUES (1466422463039968, 1466422463040128, 1466422463039712, 'leaf 2', 0, 1645929520633, 1, 1466422463040096, 1645929520664, 1645929520664, 0);
INSERT INTO texts (hash, content, id, createdAt, updatedAt, version) VALUES ('16f97797fdf8874ceb017dbb74a37f2dd9c76d3af97ad7f168f92b46b17e010f', '# repudiandae sagittis sea nonumes maximus adipisci duis dictumst sem.\n\ntale delicata dolorem veritus efficiantur brute deserunt suscipiantur partiendo facilisis nihil tantas congue sem sed pertinax saperet sociosqu.\n\nmontes prompta propriae dicam impetus dolorem conceptam vis duis aperiri oporteat voluptatum dicta mollis sit dictumst urbanitas nisl semper dignissim.\n\nvivendo cursus homero.\n\nhas omnesque facilisi.\n\ndictum elementum quem cetero dolor te mattis massa legere voluptaria parturient dico reprimique fringilla quot pharetra pertinacia vidisse dolor.\n\ntritani gravida tempus.\n\nnullam adolescens persecuti alterum et detracto definitiones dicam.\n\nindoctum.\n\nautem doctus possit sodales dicant vehicula possim solet.\n\ncras sed vim intellegebat noster impetus moderatius augue ferri esse vocent wisi te tibique persequeris vituperata saperet viris feugiat lobortis.\n\nat ocurreret postulant congue utinam vitae mnesarchum utinam purus ad dicta agam ornatus dicam praesent montes sale.\n\nmauris aliquam est persius posidonium sententiae petentium reprimique sociis alia tamquam iriure recteque laudem maiestatis eruditi menandri.\n\nsapien tation aperiri natoque assueverit eget harum nostra vivendo id singulis quaeque option electram dolor habeo mutat discere.\n\nmalesuada tale.\n\nexpetendis mei consetetur errem purus parturient propriae disputationi ei inimicus oporteat montes at dicta.\n\nnunc dicat primis nulla reprehendunt docendi suscipiantur nostra posse saepe intellegat interpretaris referrentur contentiones ipsum mi persecuti dicunt similique indoctum.\n\nceteros esse amet saepe perpetua definitiones magna tritani nibh volumus aperiri pertinacia accumsan mucius fastidii prompta posidonium sale.\n\nmazim sit postea eleifend no harum.\n\n', 1466422463040192, 1645929520664, 1645929520664, 0);
INSERT INTO wiki_pages (parentId, textId, wikiId, name, views, publishAt, displayOrder, id, createdAt, updatedAt, version) VALUES (1466422463039968, 1466422463040192, 1466422463039712, 'leaf 3', 0, 1645929520633, 2, 1466422463040160, 1645929520664, 1645929520664, 0);
INSERT INTO texts (hash, content, id, createdAt, updatedAt, version) VALUES ('2390381e02993b9bfd876a824abb115b40424df2bc5ea0e17b88c57c3c0997c8', '# indoctum legere deserunt error libris.\n\ninvidunt.\n\nquo vocent venenatis eum assueverit euismod tacimates necessitatibus dicta reprimique nisi iusto dolores doming.\n\nrepudiare enim errem corrumpit nec fabulas scelerisque nibh his viris posse.\n\nporta.\n\ntorquent ex tellus alterum epicuri atqui aptent sonet theophrastus omittam vidisse ea altera posidonium periculis.\n\nnostra graeco dolor senserit aenean enim litora.\n\nimperdiet lacus cum iusto dui epicuri comprehensam regione elaboraret ornatus alienum aliquip eget.\n\nhas mei metus esse odio inani elitr offendit curae volumus pericula fugit proin purus sed.\n\neripuit causae quaeque platonem cetero vituperata omittantur vero neglegentur tale adhuc elaboraret dui atomorum duo luctus.\n\nquisque praesent regione adversarium iaculis.\n\nodio sodales dicit melius accommodare eloquentiam recteque in.\n\nhabitant explicari varius posse.\n\nagam tation hinc esse pertinacia vero singulis vocibus augue latine eros.\n\nultricies docendi quo unum potenti percipit gravida blandit convallis eu eirmod imperdiet regione suscipiantur quaeque ignota esse repudiare pro consetetur.\n\naccumsan himenaeos indoctum singulis instructior augue dolore non mel.\n\nocurreret mediocritatem interesset similique vivendo quis pharetra consectetur hac.\n\n', 1466422463040256, 1645929520664, 1645929520664, 0);
INSERT INTO wiki_pages (parentId, textId, wikiId, name, views, publishAt, displayOrder, id, createdAt, updatedAt, version) VALUES (1466422463039776, 1466422463040256, 1466422463039712, 'sub 4', 0, 1645929520633, 3, 1466422463040224, 1645929520664, 1645929520664, 0);
INSERT INTO texts (hash, content, id, createdAt, updatedAt, version) VALUES ('13cdf1cadf4c21196838c5d52c228ec6b9387b705f269b48ab2f8822aad935ab', '# sem no lacus reprimique eleifend ultricies oporteat accusata delenit.\n\nlobortis eloquentiam mediocritatem autem quas euripidis velit litora vivamus deterruisset.\n\nhabitasse accumsan tristique sumo mediocrem at proin curabitur mauris atomorum signiferumque nominavi simul eum maiorum nec nullam ferri primis.\n\ncausae felis noluisse platea nec imperdiet elit ei labores salutatus epicuri.\n\nfeugiat postea cetero omittam nominavi splendide.\n\niisque theophrastus constituam epicuri nam pertinax vestibulum.\n\nsuspendisse aperiri curabitur prodesset expetenda patrioque ponderum etiam solum sagittis.\n\ndeserunt maluisset persius persecuti blandit assueverit nostrum commune honestatis principes eripuit reformidans affert.\n\ncivibus harum torquent ligula perpetua eripuit lectus detracto vitae.\n\nerror vituperatoribus erroribus per vis curabitur vivamus iusto tale vocibus mediocrem autem quo.\n\nlibero explicari iuvaret periculis dignissim.\n\n', 1466422463040320, 1645929520664, 1645929520664, 0);
INSERT INTO wiki_pages (parentId, textId, wikiId, name, views, publishAt, displayOrder, id, createdAt, updatedAt, version) VALUES (1466422463039712, 1466422463040320, 1466422463039712, 'page 2', 0, 1645933120633, 1, 1466422463040288, 1645929520664, 1645929520664, 0);
INSERT INTO texts (hash, content, id, createdAt, updatedAt, version) VALUES ('955befc597678c07c579d7366e66824102bb7b02c8fd6312176e370865feb383', '# mea latine pri quis consequat discere dicat sed persius faucibus.\n\npostulant novum.\n\nvarius porta condimentum nisi suscipit convallis adipiscing.\n\npri bibendum honestatis viris sociis pericula et gubergren dignissim ullamcorper.\n\njusto metus civibus verear per lorem dictum condimentum hendrerit impetus dicant lacinia dignissim dicant maiorum eleifend nostrum pri singulis nihil.\n\nsonet lobortis ignota nunc nam vocibus inciderint dictas postea euripidis erat.\n\nignota blandit utamur dapibus conceptam consectetuer vel doctus.\n\nplatonem netus oratio populo adipiscing sumo varius suas massa cursus animal class eos elaboraret malesuada.\n\nveritus patrioque sanctus numquam non fusce persequeris qui aliquet finibus electram eu splendide theophrastus discere fusce conubia viris appareat enim.\n\nvolutpat cetero odio vocent porro ornatus fermentum decore definiebas.\n\nplacerat verterem nostrum noluisse deterruisset natum curae discere epicurei.\n\n', 1466422463040384, 1645929520664, 1645929520664, 0);
INSERT INTO wiki_pages (parentId, textId, wikiId, name, views, publishAt, displayOrder, id, createdAt, updatedAt, version) VALUES (1466422463040288, 1466422463040384, 1466422463039712, 'sub 1', 0, 1645933120633, 0, 1466422463040352, 1645929520664, 1645929520664, 0);
INSERT INTO texts (hash, content, id, createdAt, updatedAt, version) VALUES ('df0c022fccea5a4e30f2979dd1e1718f248f322f248bba833f8608ccd5565a91', '# mutat detracto mentitum sodales tristique.\n\nreferrentur platonem eloquentiam homero platonem sanctus dignissim maecenas imperdiet at ius vidisse.\n\ntota nostra cum reque eius accommodare veri deterruisset ut splendide praesent gravida mus commodo lorem gravida elit purus nascetur tacimates.\n\ngraece nulla tibique blandit deserunt accusata invenire mus non facilis.\n\niudicabit dicunt persequeris imperdiet mea nibh has comprehensam veniam postulant vituperatoribus varius omittantur scripta non pharetra.\n\ndoctus fastidii novum ludus tractatos docendi aliquet.\n\ndelectus.\n\npro possim wisi invenire taciti regione mediocritatem percipit voluptatibus duo error molestie odio graecis periculis has ridiculus fabulas mutat viris.\n\nlegere quisque eirmod duo ea hac atomorum ullamcorper expetendis.\n\nusu orci fusce eleifend verterem noluisse.\n\neam.\n\ndissentiunt dolore.\n\ndicunt.\n\nimpetus eos enim voluptatum omittam cubilia graece doctus id quisque nostra laoreet varius.\n\nsplendide fabulas falli menandri platea dolores adolescens vero hinc suavitate repudiare suscipiantur erroribus quam platea inceptos accumsan.\n\nsale salutatus quod consectetur laoreet eripuit nostra moderatius mnesarchum at maecenas cras vitae quaeque ignota litora regione alterum.\n\nin instructior consectetuer melius eirmod quis natoque suspendisse commune.\n\nvel consequat quo inciderint no suas nisi evertitur eam dicant torquent sea ullamcorper theophrastus delicata parturient fusce finibus.\n\n', 1466422463040448, 1645929520664, 1645929520664, 0);
INSERT INTO wiki_pages (parentId, textId, wikiId, name, views, publishAt, displayOrder, id, createdAt, updatedAt, version) VALUES (1466422463040288, 1466422463040448, 1466422463039712, 'sub 2', 0, 1645933120633, 1, 1466422463040416, 1645929520664, 1645929520664, 0);
INSERT INTO texts (hash, content, id, createdAt, updatedAt, version) VALUES ('3b121618541f1218679a39b27da4fb8e88928570e5d8197b100900de80981f38', '# intellegebat maiestatis saepe mattis fabellas vero dolores duo.\n\naliquam nonumy utroque convallis.\n\nsumo dicant non posuere eros doctus pertinax adipisci congue non adhuc auctor orci ea ut aperiri movet detracto singulis.\n\nutamur necessitatibus sollicitudin elit ponderum usu has.\n\nposuere.\n\ndetracto.\n\ndicunt.\n\nelectram dicant graeco vestibulum quem nibh.\n\nveritus.\n\ndolor eirmod dicit malesuada reformidans movet facilisi efficitur dolorem consectetur maiorum nisl pellentesque oratio suas honestatis ultricies mea sem porttitor.\n\nlatine massa mazim pharetra has maiorum maiorum eripuit gubergren class ac efficiantur vestibulum.\n\nsale vocibus consectetur congue euismod auctor sapien his sollicitudin ante elitr labores natoque melius.\n\nvel salutatus verterem nobis accusata dui deseruisse ocurreret platea intellegat viderer sed.\n\nornare vitae theophrastus fugit.\n\ncondimentum vitae melius luptatum error luptatum gravida utamur luptatum.\n\nnumquam malorum quidam.\n\n', 1466422463040512, 1645929520664, 1645929520664, 0);
INSERT INTO wiki_pages (parentId, textId, wikiId, name, views, publishAt, displayOrder, id, createdAt, updatedAt, version) VALUES (1466422463040288, 1466422463040512, 1466422463039712, 'sub 3', 0, 1645933120633, 2, 1466422463040480, 1645929520664, 1645929520664, 0);
INSERT INTO texts (hash, content, id, createdAt, updatedAt, version) VALUES ('cab15ad43eccd3cdd608a76132195d675292c3cc6f30733338f4ff1ac9e0ecb6', '# a idque bibendum novum contentiones pertinax mediocritatem posidonium dicat.\n\nlibero contentiones at legere malorum expetendis definitionem harum deseruisse feugiat suscipiantur finibus conclusionemque iuvaret putent expetenda.\n\ndonec epicuri a dicunt posse postulant velit pericula novum integer aliquip homero posidonium nulla has.\n\nbibendum impetus pertinacia volumus interesset tation vocibus eripuit.\n\naenean nascetur animal taciti aliquam inceptos dolorem labores.\n\nveniam mucius dicat commodo neque facilisi adolescens id erat quaestio his enim affert mi porta has elitr urbanitas sagittis eget.\n\nsale augue euismod ad graeco pericula tritani porro fusce habitasse.\n\nminim aptent posidonium consectetuer pro dictas gravida dissentiunt.\n\ninstructior nihil.\n\nhis sociosqu ultricies doctus recteque dicam mel vocent justo tacimates errem donec patrioque doctus iriure mattis quis.\n\nsigniferumque eam egestas tritani lectus recteque mediocrem platonem arcu purus utamur eripuit putent consectetur erat orci a.\n\nvenenatis commune propriae eruditi gravida dicunt eloquentiam eam senectus nunc mediocrem ante tractatos ridiculus melius definitionem.\n\nperpetua saperet conclusionemque nec class blandit veritus ipsum eam nominavi erroribus.\n\nei populo vehicula hinc te sanctus malorum reprehendunt eirmod alia novum ubique inimicus dolor agam euismod.\n\n', 1466422463040576, 1645929520664, 1645929520664, 0);
INSERT INTO wiki_pages (parentId, textId, wikiId, name, views, publishAt, displayOrder, id, createdAt, updatedAt, version) VALUES (1466422463040480, 1466422463040576, 1466422463039712, 'leaf 1', 0, 1645929520634, 0, 1466422463040544, 1645929520664, 1645929520664, 0);
INSERT INTO texts (hash, content, id, createdAt, updatedAt, version) VALUES ('fab1d0d73071189e7cf83de830d566d86eed5223f5d445d01e1fc5d206e392d9', '# hinc indoctum molestie sea mus.\n\nusu gloriatur ac dissentiunt fuisset.\n\neripuit luptatum sumo pro erat impetus eam unum aliquam populo platonem solet porttitor efficiantur.\n\nignota possit litora epicuri convallis non eu molestie phasellus dicant.\n\nintellegat interpretaris.\n\nsuscipit delenit utamur has etiam posidonium molestiae ubique cu expetenda repudiare.\n\ndonec appetere antiopam fringilla euismod delenit graece sonet agam appareat deterruisset.\n\nplacerat quem convenire mutat possit intellegat interpretaris eum gubergren fabulas pri class adversarium fastidii.\n\npersius unum senserit percipit eripuit maximus quem.\n\nomittam decore.\n\nsed quem.\n\n', 1466422463040640, 1645929520664, 1645929520664, 0);
INSERT INTO wiki_pages (parentId, textId, wikiId, name, views, publishAt, displayOrder, id, createdAt, updatedAt, version) VALUES (1466422463040480, 1466422463040640, 1466422463039712, 'leaf 2', 0, 1645929520634, 1, 1466422463040608, 1645929520664, 1645929520664, 0);
INSERT INTO texts (hash, content, id, createdAt, updatedAt, version) VALUES ('c0e4ac7ff37a92be2d88a217611e33b1916041089d4d58e48c25577cec549513', '# mutat populo cras commune felis aliquet.\n\nhonestatis detracto utamur mollis gubergren vulputate epicuri nonumes fuisset aliquet ligula torquent maximus nulla varius sociosqu cubilia.\n\nrhoncus conubia altera facilis homero varius dicat vix qualisque deserunt quam aliquam ubique iriure quam.\n\nappareat vero tincidunt quidam interpretaris instructior dui discere voluptatibus tractatos putent alienum honestatis.\n\nauctor regione.\n\npropriae ea quaeque vocent populo vulputate audire audire pri.\n\nvel praesent honestatis interdum libris pellentesque suas sonet prodesset imperdiet suspendisse iudicabit has maiorum natoque inimicus.\n\nvituperatoribus dui menandri percipit adhuc sociis quisque cubilia.\n\nridens vituperatoribus nisl parturient affert lobortis noster propriae delicata populo doming mucius nonumy delenit.\n\ndiam docendi solet ea arcu possim dictumst.\n\nsplendide maluisset ne novum.\n\ncursus fabellas simul nostra mus mauris sapien definitionem facilis placerat augue.\n\ntractatos dictas detraxit gubergren corrumpit molestie senectus adversarium patrioque facilis recteque tritani tempus similique explicari quam fabellas mei tritani.\n\nsapien detraxit postulant accumsan urbanitas diam arcu adipisci.\n\nerrem vidisse liber percipit est vel laudem scripta omittantur suspendisse scripta.\n\nnostrum rhoncus animal has suscipiantur mnesarchum saepe quaerendum inimicus iisque quaeque imperdiet in reque.\n\nsententiae posse facilis autem eam decore aperiri risus veniam nullam atomorum harum lobortis erroribus autem postulant patrioque.\n\noffendit dolores dicta mattis dicunt repudiandae delenit pharetra feugait velit.\n\n', 1466422463040704, 1645929520665, 1645929520665, 0);
INSERT INTO wiki_pages (parentId, textId, wikiId, name, views, publishAt, displayOrder, id, createdAt, updatedAt, version) VALUES (1466422463040480, 1466422463040704, 1466422463039712, 'leaf 3', 0, 1645929520634, 2, 1466422463040672, 1645929520665, 1645929520665, 0);
INSERT INTO texts (hash, content, id, createdAt, updatedAt, version) VALUES ('cd4a90659f3b68a00fbcd142d74130e3f91c2293bd7350a0db3b6a1c567c7493', '# feugait.\n\naccusata dolorem alienum pri voluptatibus definitiones elementum.\n\nmaiestatis tamquam accumsan gloriatur putent dui auctor ut oratio cetero cras vitae luptatum simul eget mattis dicam assueverit.\n\nconclusionemque audire errem menandri doming tibique salutatus eirmod.\n\npurus.\n\npersecuti quod eum utamur dicunt diam melius sumo nunc.\n\nmalorum non tritani bibendum dictas decore mediocritatem mei putent suscipiantur tation dico eget maluisset nulla simul sollicitudin dicit vim.\n\nnetus sonet volumus lectus suscipit bibendum mus eloquentiam.\n\nhabeo class prodesset ea arcu purus dolorem splendide platonem eloquentiam vulputate melius expetenda legimus cubilia contentiones iusto nonumes mollis.\n\nreprimique pri dolor salutatus viderer definitiones tation quam placerat congue vivamus ea appetere.\n\nmentitum molestiae movet gubergren rutrum.\n\n', 1466422463040768, 1645929520665, 1645929520665, 0);
INSERT INTO wiki_pages (parentId, textId, wikiId, name, views, publishAt, displayOrder, id, createdAt, updatedAt, version) VALUES (1466422463040288, 1466422463040768, 1466422463039712, 'sub 4', 0, 1645933120634, 3, 1466422463040736, 1645929520665, 1645929520665, 0);
INSERT INTO texts (hash, content, id, createdAt, updatedAt, version) VALUES ('12831f202acea162dcd2c8d1e5e3fd95997e63770f96616f787771155e0dadbc', '# legere singulis turpis pertinacia est ridiculus has at.\n\nnobis cursus tortor labores vidisse aptent sociis eirmod detraxit facilisis torquent tortor.\n\ndictum vitae tacimates nonumes postea.\n\nlegimus contentiones habemus magnis regione luctus nam error neque luptatum perpetua.\n\nfinibus adipisci et euripidis.\n\nimperdiet utamur mauris movet eum sem sagittis delenit dissentiunt partiendo ponderum maiorum faucibus.\n\nlibero solet simul regione definitiones adhuc splendide auctor mentitum veniam deserunt interdum curae.\n\nullamcorper eu ultricies malesuada definiebas no honestatis aliquet saepe nisl petentium quis ponderum eros libris habitasse ornare deterruisset qualisque veritus.\n\nquaestio te inceptos vocent ultrices mandamus theophrastus iuvaret propriae libris.\n\nutamur consectetur signiferumque tale iriure.\n\nconstituam tortor similique nunc nihil saepe conclusionemque posidonium no harum necessitatibus sem quaerendum mutat indoctum quaerendum aenean mazim.\n\neuismod nascetur convallis constituto volutpat maecenas ferri vivamus decore neglegentur sale audire maiorum necessitatibus mazim mel falli.\n\n', 1466422463040832, 1645929520665, 1645929520665, 0);
INSERT INTO wiki_pages (parentId, textId, wikiId, name, views, publishAt, displayOrder, id, createdAt, updatedAt, version) VALUES (1466422463039712, 1466422463040832, 1466422463039712, 'page 3', 0, 1645929520634, 2, 1466422463040800, 1645929520665, 1645929520665, 0);
INSERT INTO texts (hash, content, id, createdAt, updatedAt, version) VALUES ('2bea96a0ce600405dd094a74e1a1fb52bc9867211b512303eed6b1adc84b2daa', '# nobis errem.\n\nutamur delectus intellegebat eget sapien adipisci facilisi aliquip morbi reque solet urbanitas consectetuer lobortis cetero eros deseruisse dolores efficitur.\n\nquod ridens malorum decore molestiae legere nam repudiare sapientem dis vix praesent dicam.\n\nfacilisi aperiri habemus viverra quaestio tritani posuere feugait prodesset saepe fabellas.\n\nantiopam ornatus mei fermentum semper.\n\naccusata.\n\narcu explicari explicari mea ubique orci tale consetetur oratio suscipit leo eget ponderum tempor.\n\naeque sit quidam novum adipisci an tristique rhoncus quo wisi ex possit viris justo platea debet appetere lectus feugiat lacus.\n\ndicit natoque parturient suscipiantur meliore civibus accommodare vis conclusionemque labores animal quisque cu sadipscing consectetur mauris menandri civibus.\n\nmaiorum eruditi imperdiet facilis legimus labores errem alienum habitasse expetendis idque ridens iisque duis potenti finibus ipsum interdum noster.\n\nelitr inimicus tamquam tale senectus dolores lacus est delenit id facilisis morbi possim voluptatibus dicam hendrerit tritani.\n\nwisi saperet molestiae atomorum sadipscing laoreet animal unum odio platea sententiae nonumes utinam vocent quaerendum risus expetendis nulla eu.\n\nsapientem possit nihil maiorum sem debet hac mentitum.\n\nnon eripuit vix diam expetendis lectus reprimique meliore expetendis sapientem labores neglegentur facilis condimentum option aenean ac inciderint auctor saperet.\n\nexplicari finibus doming torquent novum quidam mollis justo ligula pericula invidunt vocent accommodare commodo graece periculis quaestio aliquip appareat.\n\nperpetua suscipiantur cras magnis quaestio legere nisi nascetur eruditi hendrerit invenire.\n\nviverra persecuti elitr detracto laoreet referrentur tacimates dico has nihil voluptatibus.\n\nper verterem magnis commune quis esse finibus nascetur urbanitas sapientem vestibulum vim detraxit.\n\n', 1466422463040896, 1645929520665, 1645929520665, 0);
INSERT INTO wiki_pages (parentId, textId, wikiId, name, views, publishAt, displayOrder, id, createdAt, updatedAt, version) VALUES (1466422463040800, 1466422463040896, 1466422463039712, 'sub 1', 0, 1645929520634, 0, 1466422463040864, 1645929520665, 1645929520665, 0);
INSERT INTO texts (hash, content, id, createdAt, updatedAt, version) VALUES ('1c782e6916a77c5b73398a008af64d832fae31a345a2ed8114c8ac2b237489b2', '# possit leo elaboraret ultricies pertinacia malesuada magna sententiae.\n\ndecore quam magnis deterruisset nascetur iuvaret mutat sed vero facilis magnis conceptam.\n\nepicurei constituto curae quas netus sollicitudin cursus pertinacia delicata ornare sapien delectus at alia condimentum mucius volutpat perpetua.\n\ndoctus oratio pharetra montes nisl.\n\nmolestiae ferri volumus est vehicula quaestio assueverit referrentur iuvaret salutatus vocent his consequat nascetur harum proin vituperata invidunt dolores quidam.\n\nmucius accusata similique senectus postea molestiae metus ornare habitant erat inani agam aeque pretium quas ceteros elitr malorum omnesque.\n\ninimicus delectus tacimates bibendum lobortis per facilisis tota ornatus nec.\n\nreprimique omittam possim persecuti regione tibique penatibus felis eros fuisset detraxit pro eget novum porttitor arcu deserunt vidisse putent volumus.\n\ncu sit theophrastus utroque senserit petentium esse tellus contentiones.\n\nquot laoreet pellentesque persius.\n\ninterpretaris vocent alia novum augue ut erat accusata expetendis salutatus aptent atqui scripta epicuri theophrastus quam assueverit.\n\ncontentiones moderatius quod has doming tractatos justo delenit ultrices aperiri sit.\n\nmaluisset discere ocurreret praesent sit sale falli morbi venenatis detracto dignissim natum reprehendunt eros suscipiantur convallis.\n\ngraece vim simul lorem.\n\ntota cursus sale dictum euismod auctor vel ei praesent.\n\nwisi esse pretium tempor splendide nascetur meliore.\n\nconubia tempor vel quam cetero.\n\nfinibus natoque postea reformidans libris sonet referrentur.\n\nlectus arcu varius a persecuti.\n\n', 1466422463040960, 1645929520665, 1645929520665, 0);
INSERT INTO wiki_pages (parentId, textId, wikiId, name, views, publishAt, displayOrder, id, createdAt, updatedAt, version) VALUES (1466422463040800, 1466422463040960, 1466422463039712, 'sub 2', 0, 1645929520634, 1, 1466422463040928, 1645929520665, 1645929520665, 0);
INSERT INTO texts (hash, content, id, createdAt, updatedAt, version) VALUES ('3223d0e01596b3dd9e76afc2169fbae7517e9ea6fc51ab374f2d18b8bb0fd6e0', '# etiam pericula tristique quot aliquet consectetuer moderatius consul nostrum libris.\n\nsociis pulvinar civibus sociis explicari persecuti.\n\nnatoque intellegebat pretium postulant neglegentur mollis feugait detraxit tempus reformidans epicurei tempor ignota ridens indoctum.\n\ninciderint quaeque porttitor montes tantas sententiae tantas hac lectus semper periculis maiorum comprehensam.\n\nnostra id delicata lectus deserunt salutatus latine orci ceteros interpretaris habeo tortor ocurreret eloquentiam curae atomorum.\n\ndocendi sententiae suas percipit docendi populo congue atomorum oporteat contentiones mel.\n\ndignissim solum alia iuvaret lorem saperet noster congue leo qui tibique tale nonumy persequeris.\n\ncurae definiebas augue alia dicant repudiandae ei in autem.\n\nporta signiferumque populo postea tempor eum porro posidonium ancillae iudicabit vim regione venenatis atqui.\n\nreformidans delicata eleifend pro nullam adolescens facilisi legimus facilis cubilia hac.\n\nneglegentur euismod nascetur option percipit himenaeos ferri graeco natum.\n\nsuscipiantur sumo impetus conclusionemque sanctus conubia ad.\n\n', 1466422463041024, 1645929520665, 1645929520665, 0);
INSERT INTO wiki_pages (parentId, textId, wikiId, name, views, publishAt, displayOrder, id, createdAt, updatedAt, version) VALUES (1466422463040800, 1466422463041024, 1466422463039712, 'sub 3', 0, 1645929520634, 2, 1466422463040992, 1645929520665, 1645929520665, 0);
INSERT INTO texts (hash, content, id, createdAt, updatedAt, version) VALUES ('9b1de4c794daed462347ae7269312aebdefe1d3358214fbda913d9b7cecfbfbb', '# mentitum nascetur definitionem purus atqui audire quas ornatus vitae.\n\nefficitur mauris varius efficitur accommodare sapientem vehicula persecuti nunc gloriatur nominavi.\n\nconsectetuer volutpat suscipiantur habitant viverra imperdiet atomorum.\n\ntritani harum dolorum quam verterem odio scripserit postea.\n\naenean potenti eum iuvaret pellentesque atqui iusto volumus fabellas deterruisset facilisi te periculis vestibulum gubergren dicit lobortis penatibus eius.\n\ndocendi eros eos noster dolorem tantas sollicitudin deseruisse ut maximus.\n\nrhoncus libero mel ea iriure definitiones expetenda rhoncus viderer nibh viris at ridens affert intellegebat scripta id fringilla hac.\n\nrhoncus id atqui eleifend magnis petentium in quot dignissim reprimique volutpat.\n\nintellegebat vivendo repudiare conclusionemque.\n\ndicant quem tincidunt ius.\n\nmagna assueverit simul graecis blandit duo ea eripuit.\n\n', 1466422463041088, 1645929520665, 1645929520665, 0);
INSERT INTO wiki_pages (parentId, textId, wikiId, name, views, publishAt, displayOrder, id, createdAt, updatedAt, version) VALUES (1466422463040992, 1466422463041088, 1466422463039712, 'leaf 1', 0, 1645929520634, 0, 1466422463041056, 1645929520665, 1645929520665, 0);
INSERT INTO texts (hash, content, id, createdAt, updatedAt, version) VALUES ('2c831a2650bda19c445e0818c6bdebfab3821b32aa684539f998878fa9bb66bc', '# vim inimicus altera expetenda hendrerit suas.\n\nsale egestas arcu at ea delenit ipsum fastidii.\n\nvenenatis maiestatis volutpat senserit quod principes suavitate fringilla iudicabit decore accommodare menandri.\n\ngraece mazim graece cum curae fringilla nunc sollicitudin elit nonumes mutat vix eum nobis discere ornare simul cubilia blandit.\n\nocurreret dissentiunt platonem elaboraret montes posuere dolorem delectus.\n\nhimenaeos dicit nibh.\n\nat litora homero solet elaboraret pericula suavitate adolescens referrentur luctus vocent interpretaris principes nihil dui ex commune risus ac dicit.\n\nlorem quaerendum conceptam ceteros vehicula ea eirmod vim percipit a.\n\nius euripidis ridens.\n\nerat tellus class velit movet novum felis taciti ipsum veritus platonem liber atqui auctor aliquam meliore ignota eruditi esse.\n\nnobis nobis explicari postulant persecuti brute dicit penatibus lectus luctus a lectus molestie omittantur laoreet tibique salutatus omittantur mediocrem.\n\nfastidii quaeque blandit ad dicunt antiopam cum nascetur tantas nibh definitionem aliquip ponderum esse magnis molestie maiorum.\n\nminim epicuri vivamus aptent rutrum.\n\nancillae porro nunc nihil affert dapibus movet repudiandae nulla fames vivamus maiestatis laoreet iriure quas torquent eloquentiam turpis alienum dolorum.\n\n', 1466422463041152, 1645929520665, 1645929520665, 0);
INSERT INTO wiki_pages (parentId, textId, wikiId, name, views, publishAt, displayOrder, id, createdAt, updatedAt, version) VALUES (1466422463040992, 1466422463041152, 1466422463039712, 'leaf 2', 0, 1645929520634, 1, 1466422463041120, 1645929520665, 1645929520665, 0);
INSERT INTO texts (hash, content, id, createdAt, updatedAt, version) VALUES ('68f91e1f93635e345e9eaa96a9baa9ed10d595823c8a1d8c3d46c611ac1e305f', '# melius nam dui postulant.\n\negestas minim iusto.\n\nminim sem aptent imperdiet commodo definitiones egestas has.\n\ninani faucibus ridens ligula liber option justo delenit.\n\nprincipes maluisset reprehendunt accusata tincidunt maximus natoque delicata detraxit convallis possit graece nunc splendide.\n\ninteresset vero graecis partiendo mollis dolor.\n\nlectus elitr detracto mattis sagittis movet blandit praesent pharetra mei.\n\nsapien ferri lorem usu etiam usu aliquid mel sem commune iriure.\n\nevertitur autem persius adipiscing oratio netus dicta ornare quod elaboraret unum tractatos nonumes.\n\naliquet splendide sententiae eius.\n\nepicurei repudiare ante mentitum evertitur signiferumque nostrum percipit falli interdum.\n\nante error netus propriae mi tacimates augue platonem dui periculis pulvinar alterum fusce eget definiebas auctor ridiculus malesuada.\n\nfastidii iuvaret utinam.\n\nviderer iaculis eleifend.\n\nnec possit ei ludus mediocritatem idque.\n\nrepudiandae viris invidunt.\n\nne periculis porttitor luptatum semper ut aliquid utroque expetendis ponderum appetere corrumpit fabellas fugit utamur interdum repudiandae.\n\n', 1466422463041216, 1645929520665, 1645929520665, 0);
INSERT INTO wiki_pages (parentId, textId, wikiId, name, views, publishAt, displayOrder, id, createdAt, updatedAt, version) VALUES (1466422463040992, 1466422463041216, 1466422463039712, 'leaf 3', 0, 1645929520635, 2, 1466422463041184, 1645929520665, 1645929520665, 0);
INSERT INTO texts (hash, content, id, createdAt, updatedAt, version) VALUES ('e96cdadf194f9948ed6692e34187496baf31af181975bd79acae2b6287726214', '# ornatus dicit massa explicari necessitatibus lectus impetus.\n\nprincipes quo altera oporteat vivamus pellentesque unum mandamus dolor assueverit solum.\n\nelectram usu graeco mediocrem risus has felis oratio prompta singulis.\n\nfugit.\n\nut antiopam aptent ferri dolores epicuri mnesarchum vituperata accommodare ligula voluptatibus eleifend graeco.\n\npostulant sed vestibulum utamur verear tamquam libris convenire morbi adipiscing fastidii reprehendunt.\n\nea gloriatur rhoncus imperdiet fames indoctum deterruisset.\n\ngloriatur patrioque detracto adolescens voluptaria.\n\nadipisci tota dapibus fringilla putent viderer lorem no vis nisl tractatos ei mus.\n\npostea malorum prompta scripta imperdiet oporteat gubergren delicata quisque oporteat suscipiantur nascetur expetendis his consetetur petentium volutpat.\n\nsplendide mediocrem fames dis accumsan errem autem arcu eros nulla dicat principes sapientem convallis disputationi vivendo dicam.\n\nnunc primis ubique fastidii placerat massa atqui ignota quod omnesque.\n\nfacilisis molestie egestas deserunt dolores pertinax ceteros eget appareat.\n\nbibendum.\n\nsumo tota enim vix fermentum perpetua erat patrioque noster fastidii conceptam aliquam aenean commodo ac.\n\nmeliore postea tellus graecis aliquip affert vix saperet eum mi no nonumy eos curae.\n\n', 1466422463041280, 1645929520665, 1645929520665, 0);
INSERT INTO wiki_pages (parentId, textId, wikiId, name, views, publishAt, displayOrder, id, createdAt, updatedAt, version) VALUES (1466422463040800, 1466422463041280, 1466422463039712, 'sub 4', 0, 1645929520635, 3, 1466422463041248, 1645929520665, 1645929520665, 0);
INSERT INTO navigations (name, icon, url, blank, displayOrder, id, createdAt, updatedAt, version) VALUES ('Sample Tutorial', 'magic', '/wiki/1466422463039712', false, 3, 1466422463047840, 1645929520665, 1645929520665, 0);
INSERT INTO navigations (name, icon, url, blank, displayOrder, id, createdAt, updatedAt, version) VALUES ('Discuss', 'commenting-o', '/discuss', false, 4, 1466422463047872, 1645929520665, 1645929520665, 0);
INSERT INTO navigations (name, icon, url, blank, displayOrder, id, createdAt, updatedAt, version) VALUES ('External', 'external-link', 'https://weibo.com/', true, 5, 1466422463047904, 1645929520665, 1645929520665, 0);
INSERT INTO settings (settingGroup, settingKey, settingValue, id, createdAt, updatedAt, version) VALUES ('Website', 'name', 'iTranswarp', 1466422463047936, 1645929520665, 1645929520665, 0);
