-- generated initial data

USE it;

INSERT INTO users (role, email, name, imageUrl, lockedUntil, id, createdAt, updatedAt, version) VALUES ('ADMIN', 'admin@itranswarp.com', 'admin', '/static/img/admin.png', 0, 1, 1655282028607, 1655282028607, 0);
INSERT INTO local_auths (userId, passwd, salt, id, createdAt, updatedAt, version) VALUES (1, '78d5e71030003ac42acb7940724587dac55bd39e69a35c5a3f9cb438f72c043e', 'e43c4c3d60e8646783a908538fda9b5cd6beb89f0aa7660b171f39d428a2dfe5', 2, 1655282028609, 1655282028609, 0);
INSERT INTO users (role, email, name, imageUrl, lockedUntil, id, createdAt, updatedAt, version) VALUES ('EDITOR', 'editor@itranswarp.com', 'editor', '/static/img/user.png', 0, 3, 1655282028609, 1655282028609, 0);
INSERT INTO local_auths (userId, passwd, salt, id, createdAt, updatedAt, version) VALUES (3, 'bc20bc3521dab6114bec2ac80cc2812b2126246af4a0190e3c70c5518d0b92d0', 'dc0c1cfd21bf9d4a6319ba474f0e6471e8be1ce6384fe677ca45982ed87d695b', 4, 1655282028609, 1655282028609, 0);
INSERT INTO users (role, email, name, imageUrl, lockedUntil, id, createdAt, updatedAt, version) VALUES ('CONTRIBUTOR', 'contributor@itranswarp.com', 'contributor', '/static/img/user.png', 0, 5, 1655282028609, 1655282028609, 0);
INSERT INTO local_auths (userId, passwd, salt, id, createdAt, updatedAt, version) VALUES (5, 'c9cf6446702a2efea92203a5ca560bd3315cb3ad68224714cdfec885f75bee28', 'c23e5f70a61bfd8db92bfd80e1827e9c546247b73b74357cb5bcb59211a0337c', 6, 1655282028609, 1655282028609, 0);
INSERT INTO users (role, email, name, imageUrl, lockedUntil, id, createdAt, updatedAt, version) VALUES ('SPONSOR', 'sponsor@itranswarp.com', 'sponsor', '/static/img/user.png', 0, 7, 1655282028609, 1655282028609, 0);
INSERT INTO local_auths (userId, passwd, salt, id, createdAt, updatedAt, version) VALUES (7, '01bb07a13cf3b5353c1e476aa3cde29f827c4651651f653fa4626ad3d4cc4889', '0baebf6a1bdcbf32d8d0adb0dcbd34fcb55493628a28696e546a2357090797fd', 8, 1655282028609, 1655282028609, 0);
INSERT INTO users (role, email, name, imageUrl, lockedUntil, id, createdAt, updatedAt, version) VALUES ('SUBSCRIBER', 'subscriber@itranswarp.com', 'subscriber', '/static/img/user.png', 0, 9, 1655282028609, 1655282028609, 0);
INSERT INTO local_auths (userId, passwd, salt, id, createdAt, updatedAt, version) VALUES (9, '58fb74bcbc792706e58e803d388dacf3a1802d30e35388b32492641d3d5fd4a2', 'c3f7067890a5d9f1147f2b207bd8951b7f1a1f3cf69fcf9dfb0050b7676a7875', 10, 1655282028609, 1655282028609, 0);
INSERT INTO texts (hash, content, id, createdAt, updatedAt, version) VALUES ('1fefa7980d00f97e1da74fd281fc8cb91ae80d8b2d2c00f04f5d4663eada3d2e', '# erroribus.\n\nsem wisi causae adipiscing placerat natum delenit sumo honestatis error volutpat impetus an omittantur rutrum euripidis pertinacia.\n\nsuscipiantur laudem autem utroque ius eu posuere mollis suavitate dis netus assueverit reformidans.\n\nquem adhuc volumus vulputate eruditi tempor legimus.\n\nhabitant porttitor.\n\nlaoreet aperiri quaeque neque.\n\ncu libero regione tristique senectus aeque facilisi iusto conceptam.\n\nneglegentur voluptaria etiam nascetur natum altera quaeque nobis libris legere mutat molestiae pellentesque sadipscing constituam.\n\npartiendo elit cubilia vestibulum condimentum erroribus legere unum errem elitr autem sociis mnesarchum saepe fames neque mutat mediocrem delicata sem.\n\nprodesset autem natum saperet referrentur fugit nominavi mentitum elitr labores wisi ut lacinia utamur latine.\n\ncras eius finibus natum porro delicata agam duis lacus noluisse definitiones omittam.\n\n', 11, 1655282028609, 1655282028609, 0);
INSERT INTO single_pages (textId, tags, name, publishAt, id, createdAt, updatedAt, version) VALUES (11, 'help,doc', 'Help', 1655282028594, 12, 1655282028609, 1655282028609, 0);
INSERT INTO navigations (name, icon, url, blank, displayOrder, id, createdAt, updatedAt, version) VALUES ('Help', 'plane', '/single/12', false, 2, 121, 1655282028609, 1655282028609, 0);
INSERT INTO categories (name, tag, description, displayOrder, id, createdAt, updatedAt, version) VALUES ('Sample', 'sample', 'Java Series', 0, 13, 1655282028609, 1655282028609, 0);
INSERT INTO navigations (name, icon, url, blank, displayOrder, id, createdAt, updatedAt, version) VALUES ('Sample', 'coffee', '/category/13', false, 0, 122, 1655282028609, 1655282028609, 0);
INSERT INTO resources (hash, encoding, content, id, createdAt, updatedAt, version) VALUES ('10cefe320c9e49a9a0ba13bf870c3b5dcd572ff0032ea941b2f659e9e712bfe4', 'BASE64', '/9j/4QAYRXhpZgAASUkqAAgAAAAAAAAAAAAAAP/sABFEdWNreQABAAQAAAAKAAD/4QMsaHR0cDovL25zLmFkb2JlLmNvbS94YXAvMS4wLwA8P3hwYWNrZXQgYmVnaW49Iu+7vyIgaWQ9Ilc1TTBNcENlaGlIenJlU3pOVGN6a2M5ZCI/PiA8eDp4bXBtZXRhIHhtbG5zOng9ImFkb2JlOm5zOm1ldGEvIiB4OnhtcHRrPSJBZG9iZSBYTVAgQ29yZSA1LjUtYzAxNCA3OS4xNTE0ODEsIDIwMTMvMDMvMTMtMTI6MDk6MTUgICAgICAgICI+IDxyZGY6UkRGIHhtbG5zOnJkZj0iaHR0cDovL3d3dy53My5vcmcvMTk5OS8wMi8yMi1yZGYtc3ludGF4LW5zIyI+IDxyZGY6RGVzY3JpcHRpb24gcmRmOmFib3V0PSIiIHhtbG5zOnhtcD0iaHR0cDovL25zLmFkb2JlLmNvbS94YXAvMS4wLyIgeG1sbnM6eG1wTU09Imh0dHA6Ly9ucy5hZG9iZS5jb20veGFwLzEuMC9tbS8iIHhtbG5zOnN0UmVmPSJodHRwOi8vbnMuYWRvYmUuY29tL3hhcC8xLjAvc1R5cGUvUmVzb3VyY2VSZWYjIiB4bXA6Q3JlYXRvclRvb2w9IkFkb2JlIFBob3Rvc2hvcCBDQyAoTWFjaW50b3NoKSIgeG1wTU06SW5zdGFuY2VJRD0ieG1wLmlpZDpCODQ5NDA1RTQyMDUxMUU5OTk4RkJCNjMyNTY5RTk2QSIgeG1wTU06RG9jdW1lbnRJRD0ieG1wLmRpZDpCODQ5NDA1RjQyMDUxMUU5OTk4RkJCNjMyNTY5RTk2QSI+IDx4bXBNTTpEZXJpdmVkRnJvbSBzdFJlZjppbnN0YW5jZUlEPSJ4bXAuaWlkOjEzOTcxQUQ1NDIwNTExRTk5OThGQkI2MzI1NjlFOTZBIiBzdFJlZjpkb2N1bWVudElEPSJ4bXAuZGlkOjEzOTcxQUQ2NDIwNTExRTk5OThGQkI2MzI1NjlFOTZBIi8+IDwvcmRmOkRlc2NyaXB0aW9uPiA8L3JkZjpSREY+IDwveDp4bXBtZXRhPiA8P3hwYWNrZXQgZW5kPSJyIj8+/+4ADkFkb2JlAGTAAAAAAf/bAIQAFBAQGRIZJxcXJzImHyYyLiYmJiYuPjU1NTU1PkRBQUFBQUFERERERERERERERERERERERERERERERERERERERAEVGRkgHCAmGBgmNiYgJjZENisrNkREREI1QkRERERERERERERERERERERERERERERERERERERERERERERERERE/8AAEQgBaAKAAwEiAAIRAQMRAf/EAI4AAQADAQEBAAAAAAAAAAAAAAACAwQFAQYBAQEAAwAAAAAAAAAAAAAAAAABAgMEEAEAAgADAwgDDQgDAAAAAAAAAQIRAwRREhMhMUFhUuJTk4HRkpGhscHhIkJicqLSFAXwcTIjM0NjJIKyoxEBAAEDAwQDAQAAAAAAAAAAAAERUQIxEiJhobED8EEycf/aAAwDAQACEQMRAD8A+jAdDlAAAAAAAAAAAAAAAAAAAAAAAAAAAAAAAAAAAAAAAAAAAAAAAAAAAAAAAAAAAAAAAAAAAAAAAAAAAAAAAAAAAAAAAAAAAAAAAAAAAAAAAAAAAAAAAAAAAAAAAAAAAAAAAAAAAAAAAAAAAAAAAAAAAAAAAAAAAAAAAAAAAAAAAAAAAAAAAAAAAAAAAAAAAAAAAAAAAAAAAAAAAAAAAAAAAAAAAAAAAAAAAAAAAAAAAAAAAAAAAAAAAAAAAAAAAAAAAAAAAAAAAAAAAAAAAAAAAAAAAAAAAAAAAAAAAAAAAAAAAAAAAAAAAAAAAAAAAAAAAAAAAAAAAAAAAAAAAAAAAAAAAAAAAAAAAAAAAAAAAAAAAAAAAAAAAAAAAAAAAAAAAAAAAAAAAAAAAAAAAAAAAAAAAAAAAAAAAAAAAAAAAAAAAAAAAAAAAAAAAAAAAAAAAAAAAAAAAAAAAAAAAAAAAAAAAAAAAAAAAAAAAAAAAAAAAAAAAAAAAAAAAAAAAAAAAAAAAAAAAAAAAAAAAAAAAAAAAAAAAAAAAAAAAAAAAAAAAAAAAAAAAAAAAAAAAAAAAAAAAAAAAAAAAAAAAAAAAAAAAAAAAAAAAAAAAAAAAAAAAAAAAAAAAAAAAAAAAAAAAAAAAAAAAAAAAAAAAAAAAAAAAAAAAAAAAAAAAAAAAAAAAAAAAAAAAAAAAAAAAAAAAAAUX1Na24dYm9+xSMZ9PRHpmErQiK6LxXGXq78sZdKfbvjP3Y+N7+W1e3K9y3rTdDPZKYhwNZHhT6bR8UozXV158qs/ZzPXEG6DZktFE596/wBTKzK/8d7/AKzKP57K6d7HZw7+pd0JtmzSM/5qd6sbl4red2LWjd5cJnmnl6NjQRNUmJjUAVAAAAAAAAAAAAAAAAAAAAAAAAAAAAAAAAAAAAAAAAAAAAAAAAAAAAAAAAAAAAAAAAAAAFefmxk5dsyeXCObbsgELb+ozOBlTu4cuZePoxsj60+9HLsdLI0+Xp67mXEVj9ufbLFp6W0mTM4b+ZhN7RH0r/tyR1L9PrJtlZeZn1nKvmTu7k7Z6GiZrLpjGkNYy8bP/M8Phxwd3Hib30tmDUigAAAMH6rH8mL9NL0tHtRHwS8S/VZ/kbvTa+XX70ItmDV7PoAbGoAAAAAAAAAAAAAAAAAAAAAAAAAAAAAAAAAAAAAAAAAAAAAAAAAAAAAAAAAAAAAAAAAAZdbaIjLrPTmZfJtws1MuoreM3KvlWit5mcvljGMJjGdnZ2sctGWH6h0VOdpsvUTE5sTO7/DhaYwnbHX1qorq6fTpf7VZr8EynWNXPLu5WH2rfhaXQ20mIiK444bedPFycjUZ+5FbZV7Z3LvYxu1iftTyYR1Yr4rrOzle3b8IroDn7us7OV7dvwqtR+epl2tWKYxHNXetPo5ubnEdV5NojpcyuuysIiJveY2ZdsZ95VqM3UTu4RwaXtuYzhN+WJ6OaObrnqBbqsyNRn1y68tcr595+th82PfmfcWK8rKrk13KRhHw9c9axuxikOfKayAMmIAAAAAAAAAAAAAAAAAAAAAAAAAAAAAAAAAAAAAAAAAAAAAAAAAAAAAAAAAAAAAAAAAAz5v9fJj61p+5LQz5vJn5E/WtHu0ljloyw/UNdf47fuhPT5k4UrtxRis70z0TEGXXCK489Wl0NghW8T+9MEL23cOucClpmbRPRL21d7DqnErXCZnaCHEmK2tsnBl/U/4cqf8ALT42uleeJ6Zlk/U+bKj/AC1+CZISdHgDocwAAAAAAAAAAAAAAAAAAAAAAAAAAAAAAAAAAAAAAAAAAAAAAAAAAAAAAAAAAAAAAAAAAAA5+qtmZudGXl2ivD3czHDGcZxw9GHO6DDn6fN4s5uVuzForExaZjmx6pP7oRX61e7+pn+77mXU3tR40+xVXw9T2K+Z3Xm5qexXzPkKYWK+y/hbvanxvuVexfUx/en2K+pTuanw48z5Dh6nsV8zulMLFfZfwu4mp8a3sU9RxNT41vZp6lPC1PYr5ndOHqexXzO6UwsV9l13E1PjW9inqV5tc/N3d7Omd2d6PmV58MNnWjwtT2K+Z3ThansV8zulMLFfZfwl/seL/wCcH+z4seXHrR4Wp7FfM7pwtT2K+Z3V4/Kpy6dksdT4tfL+Ux1PiV8vvI8PU9ivmd04ep7FfM7px+VOXTsnvarxKeX3je1Xbp5c/iQ4ep7FfM7puanw48yPUcTl07OkAigAAAAAAAAAAAAAAAAAAAAAAAAAAAAAAAAAAAAAAAAAAAAAAAAAAAAAAAAAAAAAAAAAAAAAAAAAAAAAAAAAAAAAAAAAAAAAAAAAAAAAAAAAAAAAAAAAAAAAAAAAAAAAAAAAAAAAAAAAAAAAAAAAAAAAAAAAAAAAAAAAAAAAAAAAAAAAAAAAAAAAAAAAAAAAAAAAAAAAAAAAAAAAAAAAAAAAAAAAAAAAAAAAAAAAAAAAAAAAAAAAAAAAAAAAAAAAAAAAAAAAAAAAAAAAAAAAAAAAAAAAAAAAAAAAAAAAAAAAAAAAAAAAAAAAAAAAAAAAAAAAAAAAAAAAAAAAAAAAAAAAAAAAAAAAAAAAAAAAAAAAAAAAAAAAAAAAAAAAAAAAAAAAAAAAAAAAAAAAAAAAAAAAAAAAAAAAAAAAAAAAAAAAAAAAAAAAAAAAAAAAAAAAAAAAAAAAAAAAAAAAAAAAAAAAAAAAAAAAAAAAAAAAAAAAAAAAAAAAAAAAAAAAAAAAAAAAAAAAAAAAAAAAAAAAAAAAAAAAAAAAAAAAAAAAAAAAAAAAAAAAAAAAAAAAAAAAAAAAAAAAAAAAAAAAAAAAAAAAAAAAAAAAAAAAAAAAAAAAAAAAAAAAAAAAAAAAAAAAAAAAAAAAAAAAAAAAAAAAAAAAAAAAAAAAAAAAAAAAAAAAAAAAAAAAAAAAAAAAAAAAAAAAAAAAAAAAAAAAAAAAAAAAAAAAAAAAAAAAAAAAAAAAAAAAAAAAAAAAAAAAAAAAAAAAAAAAAAAAAAAAAAAAAAAAAAAAAAAAP//Z', 14, 1655282028610, 1655282028610, 0);
INSERT INTO attachments (userId, resourceId, size, width, height, name, mime, id, createdAt, updatedAt, version) VALUES (1, 14, 3468, 640, 360, 'img-0', 'image/jpeg', 15, 1655282028610, 1655282028610, 0);
INSERT INTO resources (hash, encoding, content, id, createdAt, updatedAt, version) VALUES ('f1a7d878def8e70293eeb1d26ea20d4e47bc7e07edd0b142545df4bfd26d80c9', 'BASE64', '/9j/4AAQSkZJRgABAgAAZABkAAD/7AARRHVja3kAAQAEAAAACgAA/+EDLGh0dHA6Ly9ucy5hZG9iZS5jb20veGFwLzEuMC8APD94cGFja2V0IGJlZ2luPSLvu78iIGlkPSJXNU0wTXBDZWhpSHpyZVN6TlRjemtjOWQiPz4gPHg6eG1wbWV0YSB4bWxuczp4PSJhZG9iZTpuczptZXRhLyIgeDp4bXB0az0iQWRvYmUgWE1QIENvcmUgNS41LWMwMTQgNzkuMTUxNDgxLCAyMDEzLzAzLzEzLTEyOjA5OjE1ICAgICAgICAiPiA8cmRmOlJERiB4bWxuczpyZGY9Imh0dHA6Ly93d3cudzMub3JnLzE5OTkvMDIvMjItcmRmLXN5bnRheC1ucyMiPiA8cmRmOkRlc2NyaXB0aW9uIHJkZjphYm91dD0iIiB4bWxuczp4bXBNTT0iaHR0cDovL25zLmFkb2JlLmNvbS94YXAvMS4wL21tLyIgeG1sbnM6c3RSZWY9Imh0dHA6Ly9ucy5hZG9iZS5jb20veGFwLzEuMC9zVHlwZS9SZXNvdXJjZVJlZiMiIHhtbG5zOnhtcD0iaHR0cDovL25zLmFkb2JlLmNvbS94YXAvMS4wLyIgeG1wTU06RG9jdW1lbnRJRD0ieG1wLmRpZDowNUJDMkU1QTQyMDIxMUU5OTk4RkJCNjMyNTY5RTk2QSIgeG1wTU06SW5zdGFuY2VJRD0ieG1wLmlpZDowNUJDMkU1OTQyMDIxMUU5OTk4RkJCNjMyNTY5RTk2QSIgeG1wOkNyZWF0b3JUb29sPSJBZG9iZSBQaG90b3Nob3AgQ0MgKE1hY2ludG9zaCkiPiA8eG1wTU06RGVyaXZlZEZyb20gc3RSZWY6aW5zdGFuY2VJRD0ieG1wLmlpZDo3MEZERjI3OTJCRDgxMUU2OUIyREM0OUM4MTBDNDI3MyIgc3RSZWY6ZG9jdW1lbnRJRD0ieG1wLmRpZDo3MEZERjI3QTJCRDgxMUU2OUIyREM0OUM4MTBDNDI3MyIvPiA8L3JkZjpEZXNjcmlwdGlvbj4gPC9yZGY6UkRGPiA8L3g6eG1wbWV0YT4gPD94cGFja2V0IGVuZD0iciI/Pv/uAA5BZG9iZQBkwAAAAAH/2wCEABQQEBkSGScXFycyJh8mMi4mJiYmLj41NTU1NT5EQUFBQUFBREREREREREREREREREREREREREREREREREREREQBFRkZIBwgJhgYJjYmICY2RDYrKzZERERCNUJERERERERERERERERERERERERERERERERERERERERERERERERERP/AABEIAWgCgAMBIgACEQEDEQH/xACAAAEAAwEBAQAAAAAAAAAAAAAAAQMEAgUGAQEBAQEAAAAAAAAAAAAAAAAAAQIDEAEAAgIABAMEBwYFBAMAAAAAAQIRAyExEgRBUWFxgSITkaGxwTJyBdFCUoIjFPDhkqIz8bLCU6OzFREBAQEBAQEAAAAAAAAAAAAAAAERMSEC/9oADAMBAAIRAxEAPwD64BzbAFAAAAAAAAAAAAAAAAAAAAAAAAAAAAAAAAAAAAAAAAAAAAAAAAAAAAAAAAAAAAAAAAAAAAAAAAAAAAAAABAAAAAAAAAAAAAAAAAAAAAAAAAAAAAAAAAAAAAAAAAAAAAAAAAAAAAAAAAAAAAAAAAAAAAAAAUAAAAAEAAAAABQAAAAAAAAAAAQAFAAAAAAAAAAADmAAAAAByAA5AByEABQAAAAAAAQAFABAAUAAAAAAAAAAAAA5gAAAAACAAoAAAAASAAAAgAAAAAAAAAAAAAAcgAAAAAOYABzAAAAAAAAAAAAAAAAAAAAAAAAAAAAAA5AAAAAAcwAAUOYCAAoAIACgAAAAAAAgAKACAAoAIAAACgAgAKACAAoAIAAAAAAACgAAAgAAAAAKAAACAAoAIACgAgAKAAACAAAAAAoAAAIACgAgAKAAAAAAAAAAAAAAAAAAAAAAAAAAAAAAAAAAAAAAAAAAAAAAAAAAAAAAAAAAAAAAAAAAAAAAACAAAAoAAAAAIACgAgAKAAACABkAAAAAAAAAAAAAAAAAAAAAAAAAAAAAAAAAAAAAAAAAAAAAAAAAAABQAAAQAAAAAAAFABAAUAEABQAQAFAyAAAAAAAAAAAACAAoAAAAjORT3dbW1W6JmLdMzXHnhRo/UNdtfVe2LViOvh58p96DcKY7jXFIvNois8OPDitraLRmOMeaiQABR3Hd6u36Y2WiJtOI/x9/Jf7EAAABQAAAAAAAAAAAQAFABAAUAAAAAEABQAAAQAAAFABAAAAAAUAJQAFABAAAAAAUAAAEABQAQAAAFAGXdstW1aa8RNotOZ48sevqIv2bK64zeYiPWXzunVbdWuY6a2+HqrjjEZmOrOZz8MY98cnvae0pFvmTM2v/FM/sxDJ/Z7pts1xiuuJ6tVufGefj6zzLPDVOzt+nha02paLzETj8WJnMcPze9u7LZFtUVieNY6Z8+Dyuz32vsmmyOnptN8eMRMXmZn6Y+lr01jXsrujlaba/TE2tMT9kJFbtvc69M1recTbhVcw91+n07i8bJmYnlb1hX3P6lXVnXqxa/DEZ4fT9Pj4Kizv+wjuppbxrMZ/L+36Pa2xGOEPjtXf7J7uNl/gmZ5Y8Orly+t9fTZGysXrxiYiYB2Kb76UvWkzEWtn6oyuhFAFABAAUAEABQAAAQAFABAAAAAAAAUAEABQAAAAAAAQAAAFABAAAAAAUAEABQAAAQAAAFABAAAAAU9z29O4rNNnL0XCjLq7a+mvTrviI84jH7Svc7pvOvorMxHPqn7On72ll7aZt3W2P4Yr9cESuN/a111veIxs3TWl5iZ5cvsROiOiNVZ5RGJ9a8l/6jovv0TSnC3CY+lm7GJpqilpzaJtE+2MtSesfV8aO32/0p6541zW38v+XF4+f7ms7Lxib8PZEf4y095snTXbbGa3r0z6Ty+vMK448Y+ln6mVZdjFr7H5VpmLZ4cOHKfDx/x6vS/RZnGykzmK3wqwu/SY6LbYnHGY5e9Gl+79M17bzaZmIv8A8kefl7OLdERBnPLxSoDnrjOM8XSKAAAAAAAAAAAAAAAAAKAAAAACAAAAAAAAAAoSAAAgAAAAAAAAAAAKACAAAAAAAAoAIACgAgAKDP2dc32X/inH+nMNCrs5+CfPq2f99liVomHjWrsjuLbY4aovj3zEV+2XtMvfxadNopE2tOOmI88tMsUz8/bOivGIms7M+63vy1z+m9vac9ER+Xh9h2Pbzq15vGNluN5+yPXDYdOPOt+lauHRNq+fx25eX4mbs/0y2vudk7Yi2uYnp6vi/e4c+L2hMGPb2VZjOnGu/wDFWPu8WDf3t72/tKZjd+9MTw+n15+mfPg9t5f6j2fzb0vWei1p6JtjPDFp5e1LFlUf/mWnXPVaPmTx6sZ/6+2fat/T98zNtWzMTExiJnqxmOWfHz/mx4M99NuzmJnE+PXWOnOOM1mI9InzWbo6e6jb/D0f7pms/UxytPWEcktAAAAgAKAAACABKgAAAAAAAgAAAKGAEAAAAABQAQAAAAAAAAAAAFAAAAAAABAAUAAAAAEABQQlAE2iOc4YNXc11btlZtHROJrPhE+OZ9c8HXb0+fbZG6ZzW0xWMzHw+HJ1ns4iaz04mcT1Rzmvt8lZb44kvP1b4rurr13m9Ji0TmcxExyxPj4+MtHdXvXo+XOJm2OPH923sXUaEsVtvc1/ci3s+H75V/3fdf8Ao/8AkqauPRc7NldcZtOIedfvu4pNYtqivVPTGbZ4+5H6h86NM3tNcVmJxFZ9n8U+ao9Nm7mc2118erP1WaYnLFidnc2vn4aR0RHrzz9eEqsndzbbvinOkdNf5pnj/smTuJi+y2PxTOukR78z9EWynPGLz/7bZ+usfcjRpm/c26o/48W9vVXH3MfXcWPUj1SIlVSAgAAAAAAAKACAAoAAAIACgAAAgAAAKACAAoAIACgAASAACAAAAoAQgAAAAAKAAAAACAAoAAAAy77TpvXbEZicUt7Oefdx+lxfbPax18LaZmZzHh1cfDOeM+Tazbey1bPDE+PTEQIndMYpeOUWrx/N8P3uu5421fn/APGznuYiuqccq9M/6ZhF7dUabedon/ZYhWhICq92qNtZrPjDjVsr3NJpfhaMddfX9mV7NovG3be8cIr/AE/fnj9yxK77TdE1+VMx10jFo8fT6UdvOJvWecXt9fH72bt6RbbTd+9s6rz+Xw+2FsVm3d2vH4a06J9vC32HUZ+6xptNbf8AFsmc+mY4z9TmItWZ22nNtcxWZ/irP7Mzyd992eqbT3G29ojpxjMdM+nHz8mPse320mmq9omM9V+eYx+GPZw8fXCUe9AiEjSEggAAAKACAAAHIAAkAAAAABQAQDmCgAAHIQAAAFAAA5ggAKHqAgAAAAHIAAAOYCgAgAKACAAoAAAIACgAgAKKO8j+hs/Lb7FNJ/pdt/L/APXZZ3tojVMTwiZrE++0KtM/M3R0/wDHrr0x+b2eyRG4EZwKq7nfGiuedp+Gses8lG3RHRXtYnGYza3jiuOPtmcO9lqW2zN/w6q9U+2Z5+7plRN9lNdts8b7Jjojyrzx5cOIjrXeNU7O6vPwR8NY8sT0z9MxEtPb0mtM2/FaZtPtnjj3cvcoitbWr2/ONcZt5csR9ufc2g5tWt4xaMx5SU1V1x00iKx6Rh0CoSSIAcwABQAAAAAQAADkCgAgHIAAAAACQUAAAAAAAAAAAEAAABQAQAFAAAAAAAAABAAUAAAEABQAABAIveuuOq8xER4zwRXZW8dVZiYnxhh/VqdeqI48/CJnwnniJ+HzZJv3Ea6bKUmOqnT0UiYxOa/u+EcJwg9m8V2R0WiJjylzX5WqsxXFaxzxwiPN4Oie4tstWk3nbThabT8EfDMfTM9Ph6utXbdzauyL9fXMTExn4Z+KJ+zy4eCo93XtptjOu0WjOM1nLL/c7tm6aaoiddZiLzPPlnhx8pjwWdp29dWmKRHTMxGceeOLFTtNmj51tc3m/PXM28enHsmf8kV6GztdW23XaMzjznj7vFO7TG6IjM1ms5iazj0eZ2+zfF7xEbei1Z6J2Rx64+yJzHOPBN9fda61+XNptanxdU5xbNfo8Qelo1a9cT0cc855zPtWvDveadvM9t835kRXq6uvPrjq4Zzzx6tnZ9zPcbdk5noicViYx+7Xjjn4yD0REJUAAAEABQAQAFABAAUAAAAAAAAAEAAABQAQAFAAABAAUAAAAAAAEABQAQAAAADmCgAgAABIoAIAAACgACina012vsp+K8x1e5Z8WMOxBx8RGXeDmDj4nUZ8UmAROZjEcJUdr23yYmbW6r2t1Wnlx4R90NGRQAAAQAFABADkKAAACAAAAoAAAhBICgAgAKAAAAAAAAACAAAAoAAAAAIAAAAACgAgAKACAAAAAAoAIACgAAAAAAAAAAAAAgAAAAAKACAAoAIAAAAAAACgAAAAAgAAAAAKACAAoAAAIACgAgAKACAAAAoAIAAAAACgAgAAAAAKACAAoAAAAAAAAAIAAACgAAAAAgAAAAAKACAAAAoAIAAAAAAACgAAAAAgAKACAAoAAAIAAAAACgAgAAAKAAACAAoAAAAAIACgAgAKAAACAAAAAAoAIAAAAACgAAAgAAAKACAAAAAAoAAAIACgAgAKAAACAAAAAAoBzAAAIAQAgAAUAEADmAAoAIBgAAFAAABAAUAAAEDmAoAAAIACgAgAcgAAAFAAABAAUAEABQAQAFABAAUAAAAAEABQAAAAAQAFAAAAAAABAAUAAAAAEABQAAAQAFABAAUAAAAAEAAABQAQAAAFAAAAAAAAABAAUAAAAAAAAAEABQAAAAAQAFABAAAAUAEABQAAAAOQAAIAAACgAAAgAAAAAAAKAAACAAoAAAAAIACgAAAAAAAAAgAAAAAKACAAAAAAAAAAoAAAIGAAAAAAAFABAAUEAgkBQAQAAAFAAAAAADAAACAAAAAAoAIAAAAACgAgAKAAACAAAAoAA//Z', 16, 1655282028610, 1655282028610, 0);
INSERT INTO attachments (userId, resourceId, size, width, height, name, mime, id, createdAt, updatedAt, version) VALUES (1, 16, 4554, 640, 360, 'img-1', 'image/jpeg', 17, 1655282028610, 1655282028610, 0);
INSERT INTO resources (hash, encoding, content, id, createdAt, updatedAt, version) VALUES ('440392a23d56a425a41ade3c9e8cf9941179f05ac0dbe22f666f754c2050bfd3', 'BASE64', '/9j/4AAQSkZJRgABAgAAZABkAAD/7AARRHVja3kAAQAEAAAACgAA/+EDLGh0dHA6Ly9ucy5hZG9iZS5jb20veGFwLzEuMC8APD94cGFja2V0IGJlZ2luPSLvu78iIGlkPSJXNU0wTXBDZWhpSHpyZVN6TlRjemtjOWQiPz4gPHg6eG1wbWV0YSB4bWxuczp4PSJhZG9iZTpuczptZXRhLyIgeDp4bXB0az0iQWRvYmUgWE1QIENvcmUgNS41LWMwMTQgNzkuMTUxNDgxLCAyMDEzLzAzLzEzLTEyOjA5OjE1ICAgICAgICAiPiA8cmRmOlJERiB4bWxuczpyZGY9Imh0dHA6Ly93d3cudzMub3JnLzE5OTkvMDIvMjItcmRmLXN5bnRheC1ucyMiPiA8cmRmOkRlc2NyaXB0aW9uIHJkZjphYm91dD0iIiB4bWxuczp4bXBNTT0iaHR0cDovL25zLmFkb2JlLmNvbS94YXAvMS4wL21tLyIgeG1sbnM6c3RSZWY9Imh0dHA6Ly9ucy5hZG9iZS5jb20veGFwLzEuMC9zVHlwZS9SZXNvdXJjZVJlZiMiIHhtbG5zOnhtcD0iaHR0cDovL25zLmFkb2JlLmNvbS94YXAvMS4wLyIgeG1wTU06RG9jdW1lbnRJRD0ieG1wLmRpZDowNUJDMkU1RTQyMDIxMUU5OTk4RkJCNjMyNTY5RTk2QSIgeG1wTU06SW5zdGFuY2VJRD0ieG1wLmlpZDowNUJDMkU1RDQyMDIxMUU5OTk4RkJCNjMyNTY5RTk2QSIgeG1wOkNyZWF0b3JUb29sPSJBZG9iZSBQaG90b3Nob3AgQ0MgKE1hY2ludG9zaCkiPiA8eG1wTU06RGVyaXZlZEZyb20gc3RSZWY6aW5zdGFuY2VJRD0ieG1wLmlpZDo3MEZERjI3OTJCRDgxMUU2OUIyREM0OUM4MTBDNDI3MyIgc3RSZWY6ZG9jdW1lbnRJRD0ieG1wLmRpZDo3MEZERjI3QTJCRDgxMUU2OUIyREM0OUM4MTBDNDI3MyIvPiA8L3JkZjpEZXNjcmlwdGlvbj4gPC9yZGY6UkRGPiA8L3g6eG1wbWV0YT4gPD94cGFja2V0IGVuZD0iciI/Pv/uAA5BZG9iZQBkwAAAAAH/2wCEABQQEBkSGScXFycyJh8mMi4mJiYmLj41NTU1NT5EQUFBQUFBREREREREREREREREREREREREREREREREREREREQBFRkZIBwgJhgYJjYmICY2RDYrKzZERERCNUJERERERERERERERERERERERERERERERERERERERERERERERERERP/AABEIAWgCgAMBIgACEQEDEQH/xACOAAEAAgMBAQAAAAAAAAAAAAAABAUBAwYCBwEBAQEBAQEAAAAAAAAAAAAAAAEDAgQFEAEBAAECAwUFBQUHAwUBAAAAAQIRAyExBEFRcRIF8GGBwSKRobEyE9HhQnIGUmKCoiNDFDNTc/GSstIkNBEBAQACAgEFAQEAAAAAAAAAAAERAiExA0FRYRIyE1L/2gAMAwEAAhEDEQA/AOhAfPekAAAAAAAAAAAAAAAAAAAAAAAAAAAAAAAAAAAAAAAAAAAAAAAAAAAAAAAAAAAAAAAAAAAAAAAAAAAAAAAAAAAAAAAAAAAAAAAAAAAAAAAAAAAAAAAAAAAAAAAAAAAAAAAAAAAAAAAAAAAAAAAAAAAAAAAAAAAAAAAAAAAAAAAAAAClAClAAAAAAAAAAAAAClAClAClAClAAAAgAQgAQgAQgAQ7gA7juADuAAAAAAAAIAEIAEAAAAAAAApQApQAAAAAAAhAAhAAAAAAAAAApQApQAAAAAAAAA7zvADvO8AKUAKUAKUAKUAAACABCABCABCABAAAAAAAAAAAACABCABAAAAAAAAAAAAAAAAACEACEAAAAAAAAAClAClAAAAAAAAAAAAAClAClAAAAAAAAAAAAAAAAAAAAAAAAAAAAAAAAAAAAAAAAAAAAAAAAAAAAAAAAAAAAAAAAAAAAAAAAAAAAAAAAAAAAAAAAAAAAgAQgAQAAAAAAAAAAAAgAQgAQAAAAAAAClAClAAAAAAAAIQAIQAAAAAAAAAKUAKUAAAAAAAAAO87wA7zvAClAClAClAClAAAAgAQgAQgAQgAQAAAAAAAAAAAAgAQgAQAAAAAAAAAAAAAAAAAAAAAAAAAAAAAClAClAAAAAAAAAAAAAClAClAClAClAAAAgAQgAQgAQgAQ7gA7juADuAAAAAAAAIAEIAEAAAAAAAApQApQAAAAAAAAAAAAAAAAAAAAAAAAAAAAAAAAAAAAAAAAAAAAAAAAAAAAAAAAAAAAAAAAAAAAAAAAAAAAAAAAAAAAAAPE8QA8TxAD29vbwPb29vAAPb29vA8AA8DwADwPAAPA8AA8DwAAAAAAAAAAAAADwPAAPA8AAAAAAAAAAAAAAAAAAAAAAAAAAAAAAAAAAAAAAAAAAAA8TxADxPEAAAAAAAAAAAAAAAApQApQAAAAAAAAAAAAApQApQApQApQAAAIAEIAeJCAeJ4kIB4hDuADuO4AO4AAAAAAAPEIB4niQgHieJADxPEAPE9vb28QA9vb28T29vbxADwPApQPA8ClAAAAAAACEACEAAAAAAAAAClAClAAAAAAAAADvO8AO87wApQApQApQApQAAAIAEIAEIAEIAEAAAAAAAAAAAAIAEIAEAAAAAAAAAAAAAAAAAAAAAAAAAAAAAAAAAAAAAAAAAAAAAAAAAAAAAAAAAAAAAAAAAAAAAAAAAAAAAAAAAAAAAAAAAAAAAAAAAAAAAAAAAAAAAA5nMAOZzAAAAAAAAAAAAADmcwA5nMAAAAAAAAAAAgAQgAQAAAAAAAAAAAADmAR4y3cJfLxuXbMZrZr+HxPNuc/wBLP/L/APZ1NbUzHsjXN/DXy5a4ZXszmn2dn2Vs5JZZ2uQ5AgcgAAecsvL2a23SQnI9HGsTHHbtu9uzXhLjNMZLfv8AvbP+L090zy4y6aebLKy68uFung2nivrXH3jwc+TdOh6e/wC3j/7Y8zoely444Y8O3Hs+xf4/Kff4a6N2PRbeP5PNL/NlfutsRc8c9iee5Tc2u3L+Ke/hw0nby041zfFZ8rN5WwBk7AAAhAAhAAAAAAAAAApQApQAAAAAAAAA7zvADvO8AKUAKUAKUAKUAAACABCABCABCABAAAAAAAAAAAB43crjjbrpymvdr+x70YsmUsvGXhYTi8jZ1Ny6fbn6Okty7bx48eGtmt92vLkiY+qZXDK2ayeaTKTTjjh5vy34+3Fst3MZcNMdzbv8GfOfHjr7pp8Xr/lY4Y657NxxnP8AJZpy7+7uevXfW9VjZUnC49TjcdyS8csfLePCWxF28bjrhzmOVxxvu/dy1+L3ubuWedx2tMZ5ZbnONsy7uz8WMcZjNJ7e338XHls/Pq60l7ZPE0QOq9V2untww+vOcLJynjf2MJLemluO0/mKPDHr+uvmxtwxvKz6Z+2pm50d6Xbuee9uZZ8seNv1Xl9Pb8exp/P55cfZYaPGcylm5t6XLHXhe2ds93Z+DMx3s+OO3p/Plp+Gqs6j1TPYz8uU287/AHMrw8eBrptLmLdosMsem63c45aZWaXDLhdey8e7Wzhw4t2PQTG53zX6pZ4a/jp2dyjx6jq+vsmG3j5LeFuOsnxy4fZFlt/rbV/T3rLPL5r+n5sbLPC9vZppyvBt9sds8Z6S8OgmGeOcyumMnDw17dffre9ien+XLzTL+PLc0s/tfOacL2d1R9vHcyxn6mWWM5yTO68ePHLn7tNbJ72ybdxusyz4d+5lfml8uq/Sk9O8s1y3LNLjlbppxmvHu1uv3PG3lMcLtbGXmxty+rT6Z5rrz7dOXDn2tmeGOf55L48XrTg4vl/zFmnuxjjMZMZyk0jIMGgAAAAAAAAAAAAAAHM5gBzOYAAAAAAAAAfM+YAfM+YAczmAHM5gBzOYAczmAAAByADkcgA5HIAORyADkfIAPkfIAPkAAAAAAAHMIAACPNnLb3P1McpNvTTLHTSSe6/t76r+p9a8tuOxjrp/Fly+E/el+qzXp7PNMe3jefu9v3ofoW3sZ+bzyXclnl83d3xvpJZ9tuXFuLiM7HQ9Z1f1b+dxwy5468/8PKe2sWnT+ndPsSTHCWz+LLjdUrKZWaY3S96L0HUXdmeOX+3ncJe+Tlr73aM9TuYbWWP6m7cJlwxnDTh79Pmreu9awymmxLbLMvNeE4fej+uXLLenO4SaTu17fj3rXofTtnZwxysmed0vm5/YvE5c98K7Z6fr+r+rczywxvfdP8s0+9ZbHpPTbE/L5r358f3fcmbmVxxtxmt7J7djz0+eO7t45bd82NnC95m1cSPWW5jhpLdNeEiFvdJeo387hnlhnMcLjljf5uc7Wd/Z3d3qNrc2L9OOsz46Sz5+3JM/4OOW7N/PXzyaTS6TT5/EkS1Wzd6npfp6rDXH/u4cv8X7UzGzKTLG6zss5LCzXheMQOr6PHb2rudPPJlhrn5ceEy91nK6/a528WeYs39wa+m35v7eO7jNJlOTY81mK1AAAAApQApQAAAIAEIAEIAEIAEIAAAAAAAAAAAAAEIAEIAAAAAAAAAAAAAAAAAAAAAAAAAAAADGsk1vCTtapN7qeGxpht3/AHMuOv8ALPnfhrwrZsdP+tnnnuaZbc+nHHs4c7e+69/LRY6dz0ePx+tZ7bekQZ0fTdNhM97TK4/7m7xv235Oe9NzmXXTKcdbn+Fddnt47k8ucmU7rNUXD0zpsN2b2GExyndwn2cm2PZnl682vCcb7jY6PHa1vblbldOWt/H4pGX0TXGa6dkcp6j6h1uWdmXm2sZdJJrP83b+CSSdrblYeu9VszZ/4+Nnn1x+nHs09uR6Fncunst10y0n2RT9H6bv9bfNjNMbzzy9uLqej9O2ulw8mOt15+bj93JbMkuGeOfDGazvvJnpuhw6bbm1jrcZ3pQTWRLcsaaMg6QYvGIHqfW7fT7Vnm0z4aYy/VzVuz/UG5u7+OHkkwysx07eN011Bv8ATtcdvLDswz3MZ8KlonRc973buaW8O/6r0a9AMuVYAAAAAAAAAAAAAAAAAAAAAAAAAAAAAAAAAAAAAAAAAAAAAAAAAAAAAAAAAAAAJzOwBTdfv5Y9Nj5LZ/q7nK6crWvpvXuo2ZMdzTcnv4X7Wvrbr0+3f7+9/wDJXPdr0897df03rnTb/DK+TLuz/asplLNY+fPW3u57N823lcb3yukfQDSOY6X+odzDTHfx80/tY8L+/wC50HTdVt9Vh59q6z8EG/QBQAAAByPqPSbm71m55MbZrjreyayLXofQ9vYym7uXz5zjj2Sfv+Kx62T9HL4fjEhyqk6Lnv8A/mzS0Xovzb//AJc0p5N/1W+vQGgzUAUAAAAAAAAAAAAAAAAAAAAAAAAAAAAAAAAAAAAAAAAAAAPEAPE8QA8QAAAAAAAAAADsCMzmDnOqn/5drScJnuzv7e9XrHqpJ0uEknDd3J7e18Vc92vTz0AdIOj/AKa/JufzT8HOOk/pr8m5/NPwQXwCgADR1PUTp8ZnZbNZLp2a9t907Vdh61s7+/ht43KTzc9OGWvCTv58mz1jek6bcwxv1SY6z3W6OX6THXf25354/ig7TrP+jl8Pxje0buzrtfp7c05SeEbsspjLlldJONtBUdJNLu3v3c0lq2LLjcpyyyzynhcrp9vNteLf9V6J0UByoAAAAAAAAeAAeB4AB4HgAAAAAAAAAAAAAAAAAHgeBzOYHgeBzOYAAAAAAAAAAAAAAAAAAAAAAAAAAB2gCl6/buPTXXs3sv8ANNVOv+svn/U6fPTGZ3HPbzv5dZJwt+Cj3NrPb/NNNeV7L4Xt+D2aXiMNpy8ANHI6X+mv+lufzfJzTp/6bn+jnf7/AMoguwFAAGvd2sd3DLDKcMppUDpfSen6K3e1tsn5s7OHt3vXUeq7OEuO1/q7nZjt/V9tQLsdT1t16vLy4f8Aaw+ftfg422mvbqS3pP3/AFXbxlx2J+rn3YcZx5a5ckPLpuo6nKZdTufTLrdrCfT4e/4xL29vHbxmGE0xnZHvm8+3kt64jSaSdsEBk7CAAAAAAAAAAAAAAABSgBSgAAAAAAAAAAAABSgBSgBSgBSgAAAQAIQAIQIBCEIBDuIAdx3AB3AAAAAAAADLAMxG3ulm5LJw83PG8cb8OGnjLOPPVIFzZ0Yc71Hp9w82WM007MrwnLlneGU+y9+qBlhljp5pZrNZq7G8EPe6DHKWbfCc/JnPNhr+OP8Ahsba+X02Z3T2czydT/Ts06fL+e/hFXv+lzHG563b07Mp5sfhcdbp/NNe9eej7U2enmPmmWtuWuN1nFvNpemeMLEQ8/UtjHK7eN82c/hwmv7p8ar9ydV1nDdy/S2/7GF+q+OSXeTsktT9/wBU2Nrhjl+pn2Ybf1X7lbubXV9b/wD0Zfpbf/bw5/G/+s9yXtbOGzj5duTGe5sYbeW3rhrNJ6te1s4bOPk25MZ7mzQGLsAAoABPkAAAAAAAAAAAAAAAAAAAAAAAAAAAAAAAAAAAAQgAQgAAAAAAAFAClACgAAAAAAAAAAAAAAAACv3/AEna38/1JbjbePl9vbmsOQstnM4LMtXT9Nh02H6e3NJ2++tpBLzyAAFDsAAEAKKAAAAAAAAAAAAAAAAAAAAAAAAAAAAAAAAAAAAAAAAAAAAAAAAAAAAAAAAAAAAAAAAACAAoAAAAAAAAAIACgAAAD//Z', 18, 1655282028610, 1655282028610, 0);
INSERT INTO attachments (userId, resourceId, size, width, height, name, mime, id, createdAt, updatedAt, version) VALUES (1, 18, 5082, 640, 360, 'img-2', 'image/jpeg', 19, 1655282028611, 1655282028611, 0);
INSERT INTO resources (hash, encoding, content, id, createdAt, updatedAt, version) VALUES ('a1b2369523a030c91bda13dcf872c04b29542589ac2f920a91fee34dfe00a5c4', 'BASE64', '/9j/4QAYRXhpZgAASUkqAAgAAAAAAAAAAAAAAP/sABFEdWNreQABAAQAAAAKAAD/4QMsaHR0cDovL25zLmFkb2JlLmNvbS94YXAvMS4wLwA8P3hwYWNrZXQgYmVnaW49Iu+7vyIgaWQ9Ilc1TTBNcENlaGlIenJlU3pOVGN6a2M5ZCI/PiA8eDp4bXBtZXRhIHhtbG5zOng9ImFkb2JlOm5zOm1ldGEvIiB4OnhtcHRrPSJBZG9iZSBYTVAgQ29yZSA1LjUtYzAxNCA3OS4xNTE0ODEsIDIwMTMvMDMvMTMtMTI6MDk6MTUgICAgICAgICI+IDxyZGY6UkRGIHhtbG5zOnJkZj0iaHR0cDovL3d3dy53My5vcmcvMTk5OS8wMi8yMi1yZGYtc3ludGF4LW5zIyI+IDxyZGY6RGVzY3JpcHRpb24gcmRmOmFib3V0PSIiIHhtbG5zOnhtcD0iaHR0cDovL25zLmFkb2JlLmNvbS94YXAvMS4wLyIgeG1sbnM6eG1wTU09Imh0dHA6Ly9ucy5hZG9iZS5jb20veGFwLzEuMC9tbS8iIHhtbG5zOnN0UmVmPSJodHRwOi8vbnMuYWRvYmUuY29tL3hhcC8xLjAvc1R5cGUvUmVzb3VyY2VSZWYjIiB4bXA6Q3JlYXRvclRvb2w9IkFkb2JlIFBob3Rvc2hvcCBDQyAoTWFjaW50b3NoKSIgeG1wTU06SW5zdGFuY2VJRD0ieG1wLmlpZDpDRDQ2NTJFMjQyMDQxMUU5OTk4RkJCNjMyNTY5RTk2QSIgeG1wTU06RG9jdW1lbnRJRD0ieG1wLmRpZDpDRDQ2NTJFMzQyMDQxMUU5OTk4RkJCNjMyNTY5RTk2QSI+IDx4bXBNTTpEZXJpdmVkRnJvbSBzdFJlZjppbnN0YW5jZUlEPSJ4bXAuaWlkOkNENDY1MkUwNDIwNDExRTk5OThGQkI2MzI1NjlFOTZBIiBzdFJlZjpkb2N1bWVudElEPSJ4bXAuZGlkOkNENDY1MkUxNDIwNDExRTk5OThGQkI2MzI1NjlFOTZBIi8+IDwvcmRmOkRlc2NyaXB0aW9uPiA8L3JkZjpSREY+IDwveDp4bXBtZXRhPiA8P3hwYWNrZXQgZW5kPSJyIj8+/+4ADkFkb2JlAGTAAAAAAf/bAIQAFBAQGRIZJxcXJzImHyYyLiYmJiYuPjU1NTU1PkRBQUFBQUFERERERERERERERERERERERERERERERERERERERAEVGRkgHCAmGBgmNiYgJjZENisrNkREREI1QkRERERERERERERERERERERERERERERERERERERERERERERERERE/8AAEQgBaAKAAwEiAAIRAQMRAf/EAHQAAQADAQEAAAAAAAAAAAAAAAABAwQCBQEBAQEBAQEAAAAAAAAAAAAAAAECBAMFEAEAAgIAAwgDAQEAAAAAAAAAAQIRA1GRBCExQXESUjMU0TITYUIRAQEAAgICAgMAAAAAAAAAAAABEQIhEjEDQVFhMhP/2gAMAwEAAhEDEQA/APYAafSAAAAAAAAAAAAAAAAAAAAAAAAAAAAAAAAAAAAAAAAAAAAAAAAAAAAAAAAAAAAAAAAAAAAAAAAAAAAAAAAAAAAAAAAAAAAAAAAAAAAAAAAAAAAAAAAAAAAAAAAAAAAAAAAAAAAAAAAAAAAAAAAAAAAAAAAAAAAAAAAAAAAAAAAAAAAAAAAAAAAAAAAAAAAAAAAAAAAAAAAAAAAAAAAAAAAAAAAAAAAAAAAAAAAAAAAAAAAAAAAAAAAAAAAAAAAAAAAAAAAAAAAAAAAAAAAAAAAAAAAAAAAAAAAAAAAAAAAAAAAAAAAAAAAAAAAAAAAAAAAAAAAAAAAAAAAAAAAAAAAAAAAAAAAAAAAAAAAAAAAAAAAAAAAAAAAAAAAAAAAAAAAAAAAAAAAAAAAAAAAAAAAAAAAAAAAAAAAAAAAAAAAAAAAAAAAAAAAAAAAAAAAAAAAAAAAAAAAAAAAAAAAAAAAAAAAAAAAAAAAAAAAAAAAAAAAAAAAAAAAAAAAAAAAAAAAAAAAAAAAAAAAAAAAAAAAAAAAAAAAAAAAAAAAAAAAAAAAAAAAAAAAAAAAAAAAAAAAAAAAAAAAAAAAAAAAAAAAAAAAAAAAAAAAAAAAAAAAAAAAAAAAAAAAAAAAAAAAAAAAAAAAAAAAAAAAAAAAAAAAAAAAAAAAAAAAAAAABMW9M55u7a5zivbHgjPbF5Vi6OmvPgi3T3jwVO+v2qFlY9GbT4d3mr7xqXIAKAAAAAAAAAAAAAAAAAAAAAAAAAAAAAAAAAAAAAAAAAAAAAAAAAAAAAAAAAAAAAAAAAAAAAAA71U9dogS3Eyt6fp/X227m+tYrGI7iIxGIZ9Oi2u82m0zlHFtt25y0gIw4vrrsjEvP3aZ1T/jVXReNs7JtOOGVu2nrrMK9NN+t/DywmMTgV2gAAAAAAAAAAAAAAAAAAAAAAAAAAAAAAAAAAAAAAAAAAAAAAAAAAAAAAAAAAAAAAAAAAACEu9VPXaIEtxy4W9Nsprtm8xEY8W/+FMYwzatVY2zWYiYiEeF9k21sXfc0e+vM+5o99ebv+NPbHI/jr9schz8K/uaPfXmfc0e+vNZ/HX7Y5H8dftjkhwr+5o99eZ9zR7683f8AHXH/ADHJzOqntjkpww7Ji1pms5iXDTXVFtk8I8F9tVLRjA6v6TXEeeExjsFewAAAAAAAAAAAAAAAAAAAAAAAAAAAAAAAAAAAAAAAAAAAAAAAAAAAAAAAAAAAAAAAAAAu6b5IUrum+SBnf9a9Jmp89vL8NLLT57eX4Rxa/LUgRM4RlKJthzNuDkEzOUQhMAp1/JZdCjX8ll8De3mPOt3z5oTbvnzQ07Z4ABQAAAAAAAAAAAAAAAAAAAAAAAAAAAAAAAAAAAAAAAAAAAAAAAAAAAAAAAAAAAAAAABd03yQpMzHbE4niJtMzD2GWnz28vwo+9sxj0xnjnsT0kzN5mZzOEck0sltbpthxM5Jco8koAEJhBAKtfyWXQxbL217JtXlxTbq72j01r6Z45V7XS2yq7d8+aAV1zwAAAAAAAAAAAAAAAAAAAAAAAAAAAAAAAAAAAAAAAAAAAAAAAAAAAAAAAAAAAAAAAAAAAAOte2dU+qIzxhyCWZmGyvV6tkxWJ7Z8FrFp/ePNtZce+s1qvZvpqxF5xlNNldkeqk5juU9T3x5O+m/SfMLpOvZZPYpnrNUfrOZ4RErp7pYBfXpNibTacz3yA07JMcAAAAAAAAAAAAAAAAAAAAAAAAAAAAAAAAAAAAAAAAAAAAAAAAAAAAAAAAAAAAAAAAAAAAAACEgO9U4vGeLdMdrzp4Oo37qxiLRj/Y7Uw8PZpdvC7qpj1RHCHXTfrMeOWSI4zmeMpi1qz6qTiRbpevX5b7dkTM8GAtfZs/eezhEYBfXpdfIAr1AAAAAAAAAAAAAAAAAAAAAAAAAAAAAAAAAAAAAAAAAAAAAAAAAAAAAAAAAAAAAAAAAAAAAAAAAAAAAAAAAAAAAAAAAAAAAAAAAAAAAAAAAAAAAAAAAAAAAAAAAAAAAAAAAAAAAAAAAAAAAAAAAAAAAAAAAAAAAAAAAAAAAAAAAAAAAAAAAAAAAAAAAAAAAAAAAAAAAAAAAAAAAAAAAAAAAAAAAAAAAAAAAAAAAAAAAAAAAAAAAAAAAAAAAAAAAAAAAAAAAAAAAAAAAAAAAAAAAAAAAAAAAAAAAAAAAAAAAAAAAAAAAAAAAAAAAAAAAAAAAAAAAAAAAAAAAAAAAAAAAAAAAAAAAAAAAAAAAAAAAAAAAAAAAAAAAAAAAAAAAAAAAAAAAAAAAAAAAAAAAAAAAAAAAAAAAAAAAAAAAAAAAAAAAAAAAAAAAAAAAAAAAAAAAAAAAAAAAAAAAAAAAAAAAAAAAAAAAAAAAAAAAAAAAAAAAAAAAAAAAAAAAAAAAAAAAAAAAAAAAAAAAAAAAAAAAAAAAAAAAAAAAAAAAAAAAAAAAAAAAAAAAAAAAAAAAAAAAAAAAAAAAAAAAAAAAAAAAAAAAAAAAAAAAAAAAAAAAAAAAAAAAAAAAAAAAAAAAAAAAAAAAAAAAAAAAAAAAAAAAAAAAAAAAAAAAAf/Z', 20, 1655282028611, 1655282028611, 0);
INSERT INTO attachments (userId, resourceId, size, width, height, name, mime, id, createdAt, updatedAt, version) VALUES (1, 20, 3102, 640, 360, 'img-3', 'image/jpeg', 21, 1655282028611, 1655282028611, 0);
INSERT INTO resources (hash, encoding, content, id, createdAt, updatedAt, version) VALUES ('0f184778fdd4273749c379b248de0413607a81930ecf71521b715cf700fb9c6d', 'BASE64', '/9j/4QAYRXhpZgAASUkqAAgAAAAAAAAAAAAAAP/sABFEdWNreQABAAQAAAAKAAD/4QMsaHR0cDovL25zLmFkb2JlLmNvbS94YXAvMS4wLwA8P3hwYWNrZXQgYmVnaW49Iu+7vyIgaWQ9Ilc1TTBNcENlaGlIenJlU3pOVGN6a2M5ZCI/PiA8eDp4bXBtZXRhIHhtbG5zOng9ImFkb2JlOm5zOm1ldGEvIiB4OnhtcHRrPSJBZG9iZSBYTVAgQ29yZSA1LjUtYzAxNCA3OS4xNTE0ODEsIDIwMTMvMDMvMTMtMTI6MDk6MTUgICAgICAgICI+IDxyZGY6UkRGIHhtbG5zOnJkZj0iaHR0cDovL3d3dy53My5vcmcvMTk5OS8wMi8yMi1yZGYtc3ludGF4LW5zIyI+IDxyZGY6RGVzY3JpcHRpb24gcmRmOmFib3V0PSIiIHhtbG5zOnhtcD0iaHR0cDovL25zLmFkb2JlLmNvbS94YXAvMS4wLyIgeG1sbnM6eG1wTU09Imh0dHA6Ly9ucy5hZG9iZS5jb20veGFwLzEuMC9tbS8iIHhtbG5zOnN0UmVmPSJodHRwOi8vbnMuYWRvYmUuY29tL3hhcC8xLjAvc1R5cGUvUmVzb3VyY2VSZWYjIiB4bXA6Q3JlYXRvclRvb2w9IkFkb2JlIFBob3Rvc2hvcCBDQyAoTWFjaW50b3NoKSIgeG1wTU06SW5zdGFuY2VJRD0ieG1wLmlpZDowRjdGRjEzMzQyMDYxMUU5OTk4RkJCNjMyNTY5RTk2QSIgeG1wTU06RG9jdW1lbnRJRD0ieG1wLmRpZDowRjdGRjEzNDQyMDYxMUU5OTk4RkJCNjMyNTY5RTk2QSI+IDx4bXBNTTpEZXJpdmVkRnJvbSBzdFJlZjppbnN0YW5jZUlEPSJ4bXAuaWlkOjBGN0ZGMTMxNDIwNjExRTk5OThGQkI2MzI1NjlFOTZBIiBzdFJlZjpkb2N1bWVudElEPSJ4bXAuZGlkOjBGN0ZGMTMyNDIwNjExRTk5OThGQkI2MzI1NjlFOTZBIi8+IDwvcmRmOkRlc2NyaXB0aW9uPiA8L3JkZjpSREY+IDwveDp4bXBtZXRhPiA8P3hwYWNrZXQgZW5kPSJyIj8+/+4ADkFkb2JlAGTAAAAAAf/bAIQAFBAQGRIZJxcXJzImHyYyLiYmJiYuPjU1NTU1PkRBQUFBQUFERERERERERERERERERERERERERERERERERERERAEVGRkgHCAmGBgmNiYgJjZENisrNkREREI1QkRERERERERERERERERERERERERERERERERERERERERERERERERE/8AAEQgBaAKAAwEiAAIRAQMRAf/EAIoAAQACAwEAAAAAAAAAAAAAAAAEBQEDBgIBAQADAQEBAAAAAAAAAAAAAAABAgMEBQYQAQACAQIEBAMGBgIDAAAAAAABAgMRBCExEgVBUSITYXEy8IGRobFC0VJyIzMUwZIVBhYRAQACAgICAQMEAwAAAAAAAAABAhEDIRIxBEFRIhPwYcFC0TIj/9oADAMBAAIRAxEAPwC4AVYAAAAAAAAAAAAAAAAAAAAAAAAAAAAAAAAAAAAAAAAAAAAAAAAAAAAAAAAAAAAAAAAAAAAAAAAAAAAAAAAAAAAAAAAAAAAAAAAAAAAAAAAAAAAAAAAAAAAAAAAAAAAAAAAAAAAAAAAAAAAAAAAAAAAAAAAAAAAAAAAAAAAAAAAAAAAAAAAAAAAAAAAAAAAAAAAAAAAAAAAAAAAAAAAAAAAAAAAAAAAAAAAAAAAAAAAAAAAAAAAAAAAAAAAAAAAAAAAAAAAAAAAAAAAAAAAAAAAAAAAAAAAAAAAAAAAAAAAAAAAAAAAAAAAAAAAAAAAAAAAAAAAAAAAAAAAAAAAAAAAAAAAAAAAAAAAAAAAAAAAAAAAAAAAAAAAAAAAAAAAAAAAAAAAAAAAAAAAAAAAAAAAAAAAAAAAAAAAAAAAAAAAAAAAAAAAAAAAAAAAAAAAAAAAAAAAAAAAAAAAAAAAAAAAAAAAAAAAAAAAAAAAAAAAAAAAAAAAAAAAAAAAAAAAAAAAAAAAAAAAAAAAAAAAAAAAAAAAAAAAAAAAAAAAAAAAAAAAAAAAAAAAAAAAAAAAAAAAAAAAAAAAAAAAAAAAAAAAAAAAAAAAAAAAAAAAAAAAAAAAAAAAAAAAAAAAAAAAAAAAAAAAAAAAAAAAAAAAAAAAAAAAAAAAAAAAAAAAAAAAAAAAAAAAAAAAAAAAAAAAAAAAAAAAAAAAAAAAAAAAAAAAAAAAAAAAAAAAAAAAAAAAAAAAAAAAAAAAAAAAAAAAAAAAAAAAAAAAAAAAAAAAAAAAAAAAAAAAAAAAAAAAAAAAAAAAAAAAAAAAAAAAAAAAAAAAAAAAAAAAAAAAAAAAAAAAAAAAAAAAAAAAAAAAAAAAAAAAAAAAAAAAAAAAAAAAAAAAAAAAAAAAAAAAAAAAAAAAAAAAAAAAAAAAAAAAAAAAAAAAAAAAAAAAAAAAAAAAAAAAAAAAAAAAAAAAAAAAAAAAAAAAAAAAAAAAAAAAAAAAAAAAAAAAAAAAAAAAAAAAAAAAAAAAAAAAAAAAAAAAAAAAAAAAAAAAAAAAAAAAAAAAAAAAAAAAAAAAAAAAAAAAAAAAAAAAAAAAAAAAAAAAAAAAAAAAAAAAAAAAAAAAAAAAAAAAAAAAAAAAAAAAAAAAAAAAAAAAAAAAAAAAAAAAAAAAAAAAAAAAAAAAAAAAAAAAAAAAAAAAAAAAAAAAAAAAAAAAAAAAAAAAAAAAAAAAAAAAAAAAAAAAAAAAAAAAAAAAAAAAAAAMXvFIm1p0iBOM8Mivnu2OJ0iszHmm4stcteuk6xKZiY8tb6dmuO164iXsBDEAAAAAAAAAAAAAAAAAAAAAAAAAAAAAAAAAAAAAAAAAAAAAAAAAAAAAAAAAAAAAABB3ncIwz0UjW3j8ExEz4aa9dtlutIzKcK7ab7Jmv0TXq/p5wsSYmPKdmq2qet/IAhkAAAATOjRXeYbW6ItGrbTd7fHlnHuNNJrrx5OczTSb2nH9Gs9PyXrXPl6Hrep+WJ75rxmsulbdjucNr5MdpiLV/m8ldhy5ce39zLWdYj0zMfV5KO0zadZ4zPFNa+VtHqd5vFp/14iYb957fv39r6Oqel72Oe2HJpGs1n6oj9UV0v/rnt+1fT/J1cfl4NLcQ9P2JimmYtHaPD2Nm6mlM3RE8Zjq0a3O+bmJjyACAAAAAAAAAAAAAAAAAAAAAAAAAAAAAAAAAAAAAAAAAAAAAAAAAAAAAAAAAAAAHnJ7nTPtVm19OEQ5vJS9LTXJExbx15uv7Xlx5q3tSdZiemVD3zNTNuf7fHpiKzPxa044ev6MzS065r58z9GOz7zFtslve+m0aa+Sdi3tdxltFPp/b8fNz6Vsa5LZI9qNbRxWtXPLp9r1q2i23+2F8Hzb9vrrM1jW0RwYPAaBti2XLGu4p0erSJ84es05otFIxx7fHqn+UThoZrWbTERzlhjFvsO3zdOWdPTrEkRlNKTecVjKl7ptr7fPMZJi029UTHkj222WtPcmlop/NMcErfb6u63MZtPRWYiInxiJ/5X+77ngnbWvjtW0zGkV+fwdGZiIe9O3Zrrqr0zM8SlbLLO4xVzTHTrHJyPcYrG5yRTl1TyWv/wBBFcEUpWfdiOnX9sfFQTMzOs8ZlFYxKvq6bUte9o6x4iHvFivltFMcTa0+EPdb5tnk9OtLxzS+z7ym0zTbJ9No6dfJju+7x7rP14vpiIrr5rfOPh0za07PxTT/AJ48o9cufcZovEzbLMxo6K1LY56b8/HRzODLbDkrkp9VZ1hdbfuV97knriI0jhopeHD72qZiLViOtISgGLxQAAAAAAAAAAAAAAAAAAAAAAAAAAAAAAAAAAAAAAAAAAAAAAAAAAAAAAAAAB5z7XJuMN/anSY/P4PSJXcbrNnvtMFois85mOUacVqxy6NFJtbtGI6fdOVJXJan0zMa89J0WPZNlTdZp9yNa0jXTzmUffduy7G0RfSaz9Noe+27rJsrzmrWbY/pv5fi3nmOHv7J76rW0zzbxK67z2/D7E5aVitqeXDgruwZKxntjt++ukfcdy7zO8p7WOs1rztrzlVUm1bRNNeqOMaKxE4xLHVpvOi2vbxM+P2dZuMfRLVFprOscJU+bu2fcVit9I6eOsRpM6Lenr008dPzZWjDx92m2qY7fKXk1vniJ5cGnJlveZiZnTXkmzj/AL9beEQrrc5+arGWELLsYz7mlr/454W+7+KaJicLa9ltU9qecYVve9rhwXrXBXSdPVEcvgq4pPHhP4O6vaa9No0ikcbzPlp4FZ9ydY0nHMcNOerSLvRp7k1pFJjMx85UPZO24c9Jy5o6p16YrPgr+7bfHt9zamL6dInTy+DrK44pk0rw1jih5+2bLriMkaXvM6eqdZki3OTX7WNk7L56z/VyJETadIjWZ8IdZfsmypHVaNI85s34O2bfaWjJjiYty1181u8Oqfepj7YnKn7Jmwbabxn9OXWIjq/Rp3N7bDd3maxpf1aRPhK17vtYtivkxVjriNb3nnpHk5e2Sb21vM2n4z4Ec8q6qxvm2yfFoxav+HSUvGSsWrxiXppnfbW1qY9vGkTHLTTSfJuYzGHjbKTScTEx9MgCGQAAAAAAAAAAAAAAAAAAAAAAAAAAAAAAAAAAAAAAAAAAAAAAAAAAAAAAAA0UmdruP9msTato6bxHP5w3sxE2nSOMpicNKXmk8fPEwjdy3f8A5KsYNrWbTX12mY0/Vo2vcse32l9tkrPX6o0056+fydLjw1rWImI10YnbYpnWaVmf6YXz8O2u+vWNc0+2Jz55y4KIlc9jyVxXtHDrtEdM/q6WNvijlSv/AFh7ila8oiEzbLXb7c7KzTriJc9v9pbcZazSOM/XOn24rTa7WaR1TwmI9MSnMqOK1ptERPivhBjPn4zetYrHjE6oSXvM3VPRXlHP5oissLDzkiZjSvN6BV6xb+2Ont5adURwbKdzx446a0mI+5pDK3aW/Dv/AHc8cNInhzT8lIn+5MazWJmvDkocmK2vVVIp3HPjjS0RPzhOVot9UzbWjfYZjPWJjVM6OGk8dFVXus1jSKR+LzbuuWfpiI/MyntCHuN5utzTNhx01rEz1W+Hl9vB6wZdj/o9N+nq6Z1j93V8EradWT3YtEz1xrMR6dZ5c2Y7HtJtpEW0059f5NImHdTdrmvWYmkROY6/yrdjtLYNvO/i0dVYtpWY1jy4/FPpMzWJnnMQ3bjYYcNa9NeXD7fH4tSlpy5vY2/knP6x9ABVygAAAAAAAAAAAAAAAAAAAAAAAAAAAAAAAAAAAAAAAAAAAAAAAAAAAAAAANWXLNJ0hO2m+w6RW3pt+U/eizWLcJa5wVnlwExOF/ExMaxxhlz9KZMf0WmG339zH7/t+Ccr9l2KSNzuo/dH5E7ncz+6I+RlPaF1a0VjWZ0hWbnuUR6cXHzt/BCvTJk43tr8yNvHjJlWbNtbRaNYZYrEVjSGUKAAAAAAGgAMRN6W66Tx5aTye6bjJjnWlKRM+UPIJyxlvlzzE5JiIjlEMgAAIAAAAAAAAAAAAAAAAAAAAAAAAAAAAAAAAAAAAAAAAAAAAAAAAAAAAAAAAAAAAAAAAAAAAAAAAAAAAAAAAAAAAAAAAAAAAAAAAAAAAAAAAAAAAAAAAAAAAAAAAAAAAAAAAAAAAAAAAAAAAAAAAAAAAAAAAAAAAAAAAAAAAAAf/9k=', 22, 1655282028611, 1655282028611, 0);
INSERT INTO attachments (userId, resourceId, size, width, height, name, mime, id, createdAt, updatedAt, version) VALUES (1, 22, 4338, 640, 360, 'img-4', 'image/jpeg', 23, 1655282028611, 1655282028611, 0);
INSERT INTO resources (hash, encoding, content, id, createdAt, updatedAt, version) VALUES ('74320ce02334225a6b65279fe6714f2b12b65dfb5650de0102b2428288176119', 'BASE64', '/9j/4QAYRXhpZgAASUkqAAgAAAAAAAAAAAAAAP/sABFEdWNreQABAAQAAAAKAAD/4QMsaHR0cDovL25zLmFkb2JlLmNvbS94YXAvMS4wLwA8P3hwYWNrZXQgYmVnaW49Iu+7vyIgaWQ9Ilc1TTBNcENlaGlIenJlU3pOVGN6a2M5ZCI/PiA8eDp4bXBtZXRhIHhtbG5zOng9ImFkb2JlOm5zOm1ldGEvIiB4OnhtcHRrPSJBZG9iZSBYTVAgQ29yZSA1LjUtYzAxNCA3OS4xNTE0ODEsIDIwMTMvMDMvMTMtMTI6MDk6MTUgICAgICAgICI+IDxyZGY6UkRGIHhtbG5zOnJkZj0iaHR0cDovL3d3dy53My5vcmcvMTk5OS8wMi8yMi1yZGYtc3ludGF4LW5zIyI+IDxyZGY6RGVzY3JpcHRpb24gcmRmOmFib3V0PSIiIHhtbG5zOnhtcD0iaHR0cDovL25zLmFkb2JlLmNvbS94YXAvMS4wLyIgeG1sbnM6eG1wTU09Imh0dHA6Ly9ucy5hZG9iZS5jb20veGFwLzEuMC9tbS8iIHhtbG5zOnN0UmVmPSJodHRwOi8vbnMuYWRvYmUuY29tL3hhcC8xLjAvc1R5cGUvUmVzb3VyY2VSZWYjIiB4bXA6Q3JlYXRvclRvb2w9IkFkb2JlIFBob3Rvc2hvcCBDQyAoTWFjaW50b3NoKSIgeG1wTU06SW5zdGFuY2VJRD0ieG1wLmlpZDpCODQ5NDA2MjQyMDUxMUU5OTk4RkJCNjMyNTY5RTk2QSIgeG1wTU06RG9jdW1lbnRJRD0ieG1wLmRpZDpCODQ5NDA2MzQyMDUxMUU5OTk4RkJCNjMyNTY5RTk2QSI+IDx4bXBNTTpEZXJpdmVkRnJvbSBzdFJlZjppbnN0YW5jZUlEPSJ4bXAuaWlkOkI4NDk0MDYwNDIwNTExRTk5OThGQkI2MzI1NjlFOTZBIiBzdFJlZjpkb2N1bWVudElEPSJ4bXAuZGlkOkI4NDk0MDYxNDIwNTExRTk5OThGQkI2MzI1NjlFOTZBIi8+IDwvcmRmOkRlc2NyaXB0aW9uPiA8L3JkZjpSREY+IDwveDp4bXBtZXRhPiA8P3hwYWNrZXQgZW5kPSJyIj8+/+4ADkFkb2JlAGTAAAAAAf/bAIQAFBAQGRIZJxcXJzImHyYyLiYmJiYuPjU1NTU1PkRBQUFBQUFERERERERERERERERERERERERERERERERERERERAEVGRkgHCAmGBgmNiYgJjZENisrNkREREI1QkRERERERERERERERERERERERERERERERERERERERERERERERERE/8AAEQgBaAKAAwEiAAIRAQMRAf/EAHkAAQACAwEAAAAAAAAAAAAAAAADBAECBQYBAQEBAQAAAAAAAAAAAAAAAAACAQMQAQACAQIEAwYFBAEFAAAAAAABAgMRMSFBEgRRYdFxgZEiMlLwoUITBbHB4RTSYnIjM0MRAQEBAQEBAAAAAAAAAAAAAAABEQJRMf/aAAwDAQACEQMRAD8A7ADq4gAAAAAAAAAAAAAAAAAAAAAAAAAAAAAAAAAAAAAAAAAAAAAAAAAAAAAAAAAAAAAAAAAAAAAAAAAAAAAAAAAAAAAAAAAAAAAAAAAAAAAAAAAAAAAAAAAAAAAAAAAAAAAAAAAAAAAAAAAAAAAAAAAAAAAAAAAAAAAAAAAAAAAAAAAAAAAAAAAAAAAAAAAAAAAAAAAAAAAAAAAAAAAAAAAAAAAAAAAAAAAAAAAAAAAAAAAAAAAAAAAAAAAAAAAAAAAAAAAAAAAAAAAAAAAAAAAAAAAAAAAAAAAAAAAAAAAAAAAAAAAAAAAAAAAAAAAAAAAAAAAAAAAAAAAAAAAAAAAAAAAAAAAAAAAAAAAAAAAAAAAAAAAAAAAAAAAAAAAAAAAAAAAAAAAAAAAAAAAAAAAAAAAAAAAAAAAAAAAAAAAAAAAAAAAAAAAAAAAAAAAAAAAAAAAAAAAAAAAAAAAAAAAAAAAAAAAAAAAAAAAAAAAAAAAAAAAAAAAAAAAAAAAAAAAAAAAAAAAAAAAAAAAAAAAAAAAAAAAAAAAAAAAAAAAAAAAAAAAAAAAAAAAAAAAAAAAAAAAAAAAAAAAAAAAAAAAAAAAAAAAAAAAAAAAAAAAAAAAAAAAAAAAAAAAAAAAAAAAAAAAAAAAAAAAAAAAAAAAAAAAAAAAAAAAAAAAAAAAAAAAAAAAAAAAAAAAAAAAAAAAAAAAAAAAAAAAAAAAAAAAAAAAAAAAAAAAAAAAAAAAAAAAAAAAAAAAAAAAAAAAAAAAAAAAAAAAAAAAAAAAAAAAAAAAAAAAAAAAAAAAAAAAAAAAAAAAAAAAAAAAAAAAAAAAAAAAAAAAAAAAAAAAAAAAAAAAAAAAAAAAAAAAAAAAAAAAAAAAAAAAAAAAAAAAAAAAAAAAAAAAAAAAAAAAAAAAAAAAAAAAAAAAAAAAAAAAAAAAAAAAAAAAAAAAAAAAAAAAAAAAAAAAAAAAAAAAAAAAAAAAAAAAAAAAAAAAAAAAAAAAAAAAAAAAAAAAAAAAAAAAAAAAAAAAAAAAAAAAAAAAAAAAAAAAAAAAAAAAAAAAAAAAAAAAAAAAAAAAAAAAAAAAAAAAAAAAAAAAAAAAAAAAAAAAAAAAAAAAAAAAAAAAAAAAAAAAAAAAAAAAAAAAAAAAAAAAAAAAAAAAAAAAAAAAAAAAAAAAA3x47ZJ0ruzjwze0VmJ6ZmeMbcPNmtxGl/wBfJx4cYjWPP3+qzHZ14RbWdJjTlPv8U2TNSs9MfNb7a8Z/x703pU59R/6tZpFZ4eOnP3+jl2yaW/brW1sn2RHH38ojzdfoyZPrnoj7a7/H0+KSlK446axoyVVkcz/U7itYvMRM86Ry9k8/yRRbX2xvE8nb0mVHvsP/ANq8vq84/wAf0bKm8+KYC0AAAAAAAAAAAAAAAAAAAAAAAAAAAAAAAAAAAAAAAAAAAAAAAAAAAAAAAAAAAAAAAAAAAEVte3RTTXTqmZ5R+OTAnhxlZwYK5MfXvM/Tx0hJh7HFpF5n9yd4mfp90bf1T/v1i0468bR+nx9nJNq5z607Xt/2tdbazPlpo3vmrS3TGtrfbX8cPex+3fJxvPTE/pp/y9NElKVxx00jSPCErR9GTL9c9MfbXf329PikpSuOOmkaR5N+MkRoBxk00ZY1BliZNNdwHI7jBPbTMxGuLxj9PlPl4S0iYmNY2dqY1c/P/H6TN8HCedJ+mfSVSovPiqNYtrM1mJraN6zu2WgAAAAAAAAAAAAAAAAAAAAAAAAAAAAAAAAAAAAAAAAAAAAAAAAAAAAAAAAAAAAAAAAX+xxdNOufqvx93L8ebk581YpaI4zpL0FLdVYtHONUdL5Q2xTSevFwmd68p9J8/iY8HXj0yRxtM2nyn2+SwJWr47Wrb9q868628Y9YTxGiPNj668OFo41nz/G7OLJGSvVt4x4SCRiZ0NzQDdjbZsA1teKRrM6HUq0pW2S3XxvG2v28tPxulzWmtJtExExGoJxrSeqsTtrDYEHcdrTuI+beNrRvDl5sd+2/9nGvK8f38P6O2xMRMaS2XGWa4osZ+wnH83b7c8c7e7w/oq1vFtY2mN4neFy652Y2AawAAAAAAAAAAAAAAAAAAAAAAAAAAAAAAAAAAAAAAAAAAAAAAAAAAAAAAAAABFly9HCN1e1ptvKXLinXqjigYExrweh7C/X2+Of+mHnlnte+ydrHRp1UjltMeyfX4ssVzcehFbt+9xdx9E/NzrPC3wWUOggvitWZyY9/1Vna3pPn8U4CPHmrkjhvG8TvCRDlw9c9VZ6bxtb+0+MGLNrPReOm/h4+cfjgCYAGmTFXJ9Ua6bI/9am86zp91plOAAAAAKH8jirpXJ+qLRGvlPJfc/v81bTGKJ1tE9VvLhzbGX4qAOjkAAAAAAAAAAAAAAAAAAAAAAAAAAAAAAAAAAAAAAAAAAAAAAAAAAAAAAAAAAIcmHXjXdMAoTw3F6axbeNUVu3ifpnRgqzETx5xtPNdwfyeXFwyf+Svwt6T+StbFau8NDGy49H2/d4u4jXHbWY3jnHthO8ppxi0cJjaY4TC/wBv/KZcXDNHXX7o+r0n8k2LnTuI8mKuSNLe6ecT5NcHc4+4jqx2ifHxj2wmSpXjJbFMUy7T9N/H2+E/lP5LDFqxaNLRrE8lf5u38bY/jNfWPzjzBZGK2i0axOsSyAAAxro0y5a4qze86RDlZ89+54T8uP7ec/8Ad6fFsmstxN3HfTk+TBOleeT/AI+u3hqrVrFY0hkXJjnboA1gAAAAAAAAAAAAAAAAAAAAAAAAAAAAAAAAAAAAAAAAAAAAAAAAAAAAAAAAAAAAAA1tjrbeGwCvbt5/TKK1ZrvC6MHP2t1VmYtG1o4S6GD+WyY/lzx1R99d/fHp8EdsNbeSG2C0bcSxsuPQYc+PPXqx2i0eSR5aItS3VWZrfxjhP+fe6OD+XtT5e4jWPvp/ePRFi506M47Ypm2Lad6ePs8J/KfzS48lcka19/l7WMWWmavXjmLRPOGnCM/DnXj7pYpOrdz3de3jTe8/TWN5Qdz3+kzjw8bc7cq/jwUq10mZmdbTvad5VIm9M2m2W37mWdbco5V9nqyC3MAAAAAAAAAAAAAAAAAAAAAAAAAAAAAAAAAAAAAAAAAAAAAAAAAAAAAAAAAAAAAAAAAAAAAAABiaxbhPFFbt4nbgmAVaYcmO3Vjnot91f7xzWb5c+WYi0xXh0zavP0ZGY3WK1isaVjSGQawAAAAAAAAAAAAAAAAAAAAAAAAAAAAAAAAAAAAAAAAAAAAAAAAAAAAAAAAAAAAAAAAAAAAAAAAAAAAAAAAAAAAAAAAAAAAAAAAAAAAAAAAAAAAAAAAAAAAAAAAAAAAAAAAAAAAAAAAAAAAAAAAAAAAAAAAAAAAAAAAAAAAAAAAAB//Z', 24, 1655282028612, 1655282028612, 0);
INSERT INTO attachments (userId, resourceId, size, width, height, name, mime, id, createdAt, updatedAt, version) VALUES (1, 24, 3726, 640, 360, 'img-5', 'image/jpeg', 25, 1655282028612, 1655282028612, 0);
INSERT INTO resources (hash, encoding, content, id, createdAt, updatedAt, version) VALUES ('ee0de76026f84c9c54b070530fc0f19134b4e2381f3af1a11b1af1e6565bab1b', 'BASE64', '/9j/4QAYRXhpZgAASUkqAAgAAAAAAAAAAAAAAP/sABFEdWNreQABAAQAAAAKAAD/4QMsaHR0cDovL25zLmFkb2JlLmNvbS94YXAvMS4wLwA8P3hwYWNrZXQgYmVnaW49Iu+7vyIgaWQ9Ilc1TTBNcENlaGlIenJlU3pOVGN6a2M5ZCI/PiA8eDp4bXBtZXRhIHhtbG5zOng9ImFkb2JlOm5zOm1ldGEvIiB4OnhtcHRrPSJBZG9iZSBYTVAgQ29yZSA1LjUtYzAxNCA3OS4xNTE0ODEsIDIwMTMvMDMvMTMtMTI6MDk6MTUgICAgICAgICI+IDxyZGY6UkRGIHhtbG5zOnJkZj0iaHR0cDovL3d3dy53My5vcmcvMTk5OS8wMi8yMi1yZGYtc3ludGF4LW5zIyI+IDxyZGY6RGVzY3JpcHRpb24gcmRmOmFib3V0PSIiIHhtbG5zOnhtcD0iaHR0cDovL25zLmFkb2JlLmNvbS94YXAvMS4wLyIgeG1sbnM6eG1wTU09Imh0dHA6Ly9ucy5hZG9iZS5jb20veGFwLzEuMC9tbS8iIHhtbG5zOnN0UmVmPSJodHRwOi8vbnMuYWRvYmUuY29tL3hhcC8xLjAvc1R5cGUvUmVzb3VyY2VSZWYjIiB4bXA6Q3JlYXRvclRvb2w9IkFkb2JlIFBob3Rvc2hvcCBDQyAoTWFjaW50b3NoKSIgeG1wTU06SW5zdGFuY2VJRD0ieG1wLmlpZDpDRDQ2NTJFNjQyMDQxMUU5OTk4RkJCNjMyNTY5RTk2QSIgeG1wTU06RG9jdW1lbnRJRD0ieG1wLmRpZDpDRDQ2NTJFNzQyMDQxMUU5OTk4RkJCNjMyNTY5RTk2QSI+IDx4bXBNTTpEZXJpdmVkRnJvbSBzdFJlZjppbnN0YW5jZUlEPSJ4bXAuaWlkOkNENDY1MkU0NDIwNDExRTk5OThGQkI2MzI1NjlFOTZBIiBzdFJlZjpkb2N1bWVudElEPSJ4bXAuZGlkOkNENDY1MkU1NDIwNDExRTk5OThGQkI2MzI1NjlFOTZBIi8+IDwvcmRmOkRlc2NyaXB0aW9uPiA8L3JkZjpSREY+IDwveDp4bXBtZXRhPiA8P3hwYWNrZXQgZW5kPSJyIj8+/+4ADkFkb2JlAGTAAAAAAf/bAIQAFBAQGRIZJxcXJzImHyYyLiYmJiYuPjU1NTU1PkRBQUFBQUFERERERERERERERERERERERERERERERERERERERAEVGRkgHCAmGBgmNiYgJjZENisrNkREREI1QkRERERERERERERERERERERERERERERERERERERERERERERERERE/8AAEQgBaAKAAwEiAAIRAQMRAf/EAIgAAQACAwEAAAAAAAAAAAAAAAAEBQECAwYBAQADAQEAAAAAAAAAAAAAAAACAwQBBRABAAIBAwIEBQEHBQAAAAAAAAECAxESBCExQVETBWFxkSIyUoGhscFCYhXR4TMUBhEBAAICAQIGAgEFAAAAAAAAAAECEQMSITFBUWEiMhORBHGx0eFScv/aAAwDAQACEQMRAD8A9CAwtgAAAAAAAAAAAAAAAAAAAAAAAAAAAAAAAAAAAAAAAAAAAAAAAAAAAAAAAAAAAAAAAAAAAAAAAAAAAAAAAAAAAAAAAAAAAAAAAAAAAAAAAAAAAAAAAAAAAAAAAAAAAAAAAAAAAAAAAAAAAAAAAAAAAAAAAAAAAAAAAAAAAAAAAAAAAAAAAAAAAAAAAAAAAAAAAAAAAAAAAAAAAAAAAAAAAAAAAAAAAAAAAAAAAAAAAAAAAAAAAAAAAAAAAAAAAAAAAAAAAAAAAAAAAAAAAAAAAAAAAAAAAAAAAAAAAAAAAAAAAAAAAAAAAAAAAAAAAAAAAAAAAAAAAAAAAAAAAAAAAAAAAAAAAAAAAAAAAAAAAAAAAAAAAAAAAAAAAAAAAAAAAAAAAAAAAAAAAAAAAAAAAAAAAAAAAAAAAAAAAAAAAAAAAAAAAAAAAAAAAAAAAAAAAAAAAAAAAAAAAAAAAAAAAAAAAAAAAAAAAAAAAAAAAAAAAAAAAAAAAAAAAAAAAAAAAAAAAAAAAAAAAAAAAAAAAAAAAAAAAAAAAAAAAAAAAAAAAAAAAAAAAAAAAAAAAAAAAAAAAAAAAAAAAAAAAAAAAAAAAAAAAAAAAAAAAAAAAAAAAAAAAAAAAAAAAAAAAAAAAAAAAAAAAAAAAAAAAAAAAAAAAAAAAAAAAAAAAAAAAAAAAAAAAAAAAAAAAAAAAAAAAAAAAAAAAAAAAAAAAAAAAAAAAAAAAAAAAAAAAAAAAAAAAAAAAAAAAAAAAAAAAAAAAAAAAAAAAAAAAAAAAAAAAAAAAAAAAAAAAAAAAAAAAAAAAAAAAAAAAAAAAAAAAAAAAAAAAAAAAAAAAAAAAAAAAAAAAAAAAAAAAAAAAAAAAAAAAAAAAAAAAAAAAAAAAAAAAAAAAAAAAAAAAAAAAAAAAAAAAAAAAAAAAAAAAAAAAAAAAAAAAAAAAAAAAAAAAAAAAAAAAAAAAAAAAAAAAAAAAAAAAAAAAAAAAAAAAAAAAAAAAAAAAAAAAAAAAAAAAAAAAAAAAAAAAAAAAAAAAAAAAAAAAAAAAAAAAAAAAAAAAAAAAAAAAAAAAAj5+XTDO2dZt5Q25Ob0qax+U9KotqVpWIjreetrI2nC2lYnrbszPuUV70tCRh5mLN0rPXylXRlreZqiZ8Xp21jsri8tP00t0+MvRikwe45MXS33V/es8XOw5e1tJ8pWRaJZ76b08Mx5wkBSYvMViYnV3vx9I1iU4rMxmGeZiJxLgA4kAAAAAAAAAAAAAAAAAAAAAAAAAAAAAAAAAAAAAAAAAAAAAAAAAAAAAAAAAAAAAAAAAAAyDBMjG2bzpCF7TWuYjM+ECr5eXJlzenhrN5r5N49r5l41vemOPqn0tnvE0xaY6xPXJPWZ+Ufzlv8A4vDm65ptln+60/wjos164vWLzGZt1WTv44rGK49Mz/ZV/wCDyd6ZqTPy/wB0bmcXlYK7s1daR/VWdY/avZ9l4desY+vwmf8AVFnBM78PGy6TEaWx3tviNfOJ6wsnTHl+Ha/tzmM2z/1GP6Kbj4LZ9Zp4NL45rbb4wsPaONfj5L4MsaTrCzrirS0zpG7XuwRFvsmk9mq37HG0xHWPBV8Hh5q3rl/HTr1X1s+saRHdxYaq5rGI8WLZb7LcreHYAEQAAAAAAAAAAAAAAAAAAAAAAAAAAAAAAAAAAAAAAAAAAAAAAAAAAAAAAAAAAAAAAAAAGL22Vm0+Cp5HLyY5id07vLwW1qxaJie0qLmxMXiLR90d/irvlp/XiJtiVhHuMTFZ2zpPSfmk3yWrbSI7wqa0mcdZ0/Cd1o8dPNdxbdEWjtKOPsjjlHbWtfjHmZ75cfDtfDGuWI+2J81f/wCY9x5HMw5LcqddltIv2+f0WODnUm3pX6ddIme0psUrWNsRER5Q9DXNZrEU8OjzrZz1Q8XueHPkjDXWJtE7Z81X7Z7Ry8XOvy+VbdP4xaJj7q6aR00S+Pw+Nxs3qY4vN46VrMW0r8un8VnfLFK7rTER8Uq5x7k9kVzH1xOPVF5NJnSY8JccMWiPv7k82mS8UrrMT2t4OjHeK22Tsr18FtMxSIly5Gb0KTeY10Rb+5RSmtq/f5NudFssen2rGkzaeyr5Vt2RVa3XENunXW0Ry791vxuVOWYi0R1jpolK/hYtNunWK9Zn4rBOucdVGyIi2KgCSsAAAAAAAAAAAAAAAAAAAAAAAAAAAAAAAAAAAAAAAAAAAAAAAAAAAAAAAAAAAAAAAAcORx4zRE/1R1iXccmMuxMxOYRMfHtuiZ6RHb4a94+SdSms6T4NdNejrWtotp4Oa6cbZxM1nuhtvOPV5/NMUnZljxnX4O9c2TTZW9tvwlb8n2/HyY++Pu/VHdUZsMcfJNNdZrEfRXt1W1daz7fR2NkTSta8omuZtiM9/L8sY+TyMesVyTMT+rro0yX3xM5bTf5ouSta1mYt38Fnwfa4y4t1rRtt+lCsX2RxiZldPGNf2TPe0dePGcZhy4URkvXZHSJ/dC3vTrpDbFx6ceNtI0hmcdZnWW6NFq040xNpnLFbbHObRmK9UPPi9TTbPbxlFjgxktuydo+Osz85WNo2zo1Zo1xE9e7VXZaI9ssViKxpWNIZZYWIgAAAAAAAAAAAAAAAAAAAAAAAAAAAAAAAAAAAAAAAAAAAAAAAAAAAAAAAAAAAAAAAAAAAN6fklY48UWnSyXj7NWr4z/LNt+UN3nefes5smvaNKz9F7n5GPj1nJlttrDyuTnYs02m2sRa0+DP+18YiPNdopac3itrRH+vdvhpjmN0R9W/F92/62SaxE2x/2umbgVngzmprExrb5w7+3YsN8FaxEbvNRr12raLz49vRqrFONtmybbIzxxbvX/K043Lxcym7FPbvHjDZT8KPT50Vp2mJ3Lme709dsx1YP2Nca7e3tMZhxy93N0yz1c2S/wApW0+MACCYAAAAAAAAAAAAAAAAAAAAAAAAAAAAAAAAAAAAAAAAAAAAAAAAAAAAAAAAAAAAAAAAAAADKTjv4oraltsrdd+M9e0q9leUdO8K73WYyc3HTJ/x1jdp56t+bw8XpzasRpKTzeFHLitqzpev4z/KUX/H8jN9uW9a08dvVK1J5TMRnLRr21409/Dh0mE72ufU4lYtGsaTX9kdES3s+XHMxx8kRSfC0dvlK1w1phpGOnStY0htOTyW8MxiWX75re1qdrTnCHw+DXia2md2S3eyRM+JM+bje+vSHbTGuPVV7ttuVurWZ1nVgGLu1gAAAAAAAAAAAAAAAAAAAAAAAAAAAAAAAAAAAAAAAAAAAAAAAAAAAAAAAAAAAAAAAAAAAAAAAMxaY7OkZfNyEq3tXtKE0ie7t6sMTl8nIT+2yP1VbWtNu7DArmc91kRjsAOOgAAAAAAAAAAAAAAAAAAAAAAAAAAAAAAAAAAAAAAAAAAAAAAAAAAAAAAAAAAAAAAAAAAAAAAAAAAAAAAAAAAAAAAAAAAAAAAAAAAAAAAAAAAAAAAAAAAAAAAAAAAAAAAAAAAAAAAAAAAAAAAAAAAAAAAAAAAAAAAAAAAAAAAAAAAAAAAAAAAAAAAAAAAAAAAAAAAAAAAAAAAAAAAAAAAAAAAAAAAAAAAAAAAAAAAAAAAAAAAAAAAAAAAAAAAAAAAAAAAAAAAAAAAAAAAAAAP/2Q==', 26, 1655282028612, 1655282028612, 0);
INSERT INTO attachments (userId, resourceId, size, width, height, name, mime, id, createdAt, updatedAt, version) VALUES (1, 26, 3933, 640, 360, 'img-6', 'image/jpeg', 27, 1655282028612, 1655282028612, 0);
INSERT INTO resources (hash, encoding, content, id, createdAt, updatedAt, version) VALUES ('a6a5439c996ea2fefbc3055398e25eb290dbf49a5e8727369e5d504e69be1e38', 'BASE64', '/9j/4QAYRXhpZgAASUkqAAgAAAAAAAAAAAAAAP/sABFEdWNreQABAAQAAAAKAAD/4QMsaHR0cDovL25zLmFkb2JlLmNvbS94YXAvMS4wLwA8P3hwYWNrZXQgYmVnaW49Iu+7vyIgaWQ9Ilc1TTBNcENlaGlIenJlU3pOVGN6a2M5ZCI/PiA8eDp4bXBtZXRhIHhtbG5zOng9ImFkb2JlOm5zOm1ldGEvIiB4OnhtcHRrPSJBZG9iZSBYTVAgQ29yZSA1LjUtYzAxNCA3OS4xNTE0ODEsIDIwMTMvMDMvMTMtMTI6MDk6MTUgICAgICAgICI+IDxyZGY6UkRGIHhtbG5zOnJkZj0iaHR0cDovL3d3dy53My5vcmcvMTk5OS8wMi8yMi1yZGYtc3ludGF4LW5zIyI+IDxyZGY6RGVzY3JpcHRpb24gcmRmOmFib3V0PSIiIHhtbG5zOnhtcD0iaHR0cDovL25zLmFkb2JlLmNvbS94YXAvMS4wLyIgeG1sbnM6eG1wTU09Imh0dHA6Ly9ucy5hZG9iZS5jb20veGFwLzEuMC9tbS8iIHhtbG5zOnN0UmVmPSJodHRwOi8vbnMuYWRvYmUuY29tL3hhcC8xLjAvc1R5cGUvUmVzb3VyY2VSZWYjIiB4bXA6Q3JlYXRvclRvb2w9IkFkb2JlIFBob3Rvc2hvcCBDQyAoTWFjaW50b3NoKSIgeG1wTU06SW5zdGFuY2VJRD0ieG1wLmlpZDpCODQ5NDA2NjQyMDUxMUU5OTk4RkJCNjMyNTY5RTk2QSIgeG1wTU06RG9jdW1lbnRJRD0ieG1wLmRpZDpCODQ5NDA2NzQyMDUxMUU5OTk4RkJCNjMyNTY5RTk2QSI+IDx4bXBNTTpEZXJpdmVkRnJvbSBzdFJlZjppbnN0YW5jZUlEPSJ4bXAuaWlkOkI4NDk0MDY0NDIwNTExRTk5OThGQkI2MzI1NjlFOTZBIiBzdFJlZjpkb2N1bWVudElEPSJ4bXAuZGlkOkI4NDk0MDY1NDIwNTExRTk5OThGQkI2MzI1NjlFOTZBIi8+IDwvcmRmOkRlc2NyaXB0aW9uPiA8L3JkZjpSREY+IDwveDp4bXBtZXRhPiA8P3hwYWNrZXQgZW5kPSJyIj8+/+4ADkFkb2JlAGTAAAAAAf/bAIQAFBAQGRIZJxcXJzImHyYyLiYmJiYuPjU1NTU1PkRBQUFBQUFERERERERERERERERERERERERERERERERERERERAEVGRkgHCAmGBgmNiYgJjZENisrNkREREI1QkRERERERERERERERERERERERERERERERERERERERERERERERERE/8AAEQgBaAKAAwEiAAIRAQMRAf/EAHkAAQACAwEAAAAAAAAAAAAAAAABBAMFBgIBAQEBAQAAAAAAAAAAAAAAAAABBAUQAQACAQIEAQoFBQAAAAAAAAABAgMRBCExEgVBUWFxgZEiMnITBsHRQjM0seFSgjURAQEBAAIDAQAAAAAAAAAAAAABESESMQIEA//aAAwDAQACEQMRAD8A6UAAAAAAAAAAAAAAAAAAAAAAAAAAAAAAAAAAAAAAAAAAAAAAAAAAAAAAAAAAAAAAAAAAAAAAAAAAAAAAAAAAAAAAAAAAAAAAAAAAAAAAAAAAAAAAAAAAAAAAAAAAAAAAAAAAAAAAAAAAAAAAAAAAAAAAAAAAAAAAAAAAAAAAAAAAAAAAAAAAAAAAAAAAAAAAAAAAAAAAAAAAAAAAAAAAAAAAAAAAAAAAAAAAAAAAAAAAAAAAAAAAAAAAAAAAAAAAAAAAAAAAAAAAAAAAAAAAAAAAAAAAAAAAAAAAAAAAAAAAAAAAAAAAAAAAAAAAAAAAAAAAAAAAAAAAAAAAAAAAAAAAAAAAAAAAAAAAAAAAAAAAAAAAAAAAAAAAAAAAAAAAAAAAAAAAAAAAAAAAAAAAAAAAAAAAAAAAAAAAAAAAAAAAAAAAAAAAAAAAAAAAAAAAAAAAAAAAAAAAAAAAAAAAAAAAAAAAAAAAAAAAAAAAAAAAAAAAAAAAAAAAAAAAAAAAAAAAAAAAAAAAAAAAAAAAAAAAAAAAAAAAAAAAAAAAAAAAAAAAAAAAAAAAAAAAAAAAAAAAAAAAAAAAAAAAAAAAAAAAAAAAAAAAAAAAAAAAAAAAAAAAAAAAAAAAAAAAAAAAAAAAAAAAAAAAAAAAAAAAAAAAAAAAAAAAAAAAAAAAAAAAAAAAAAAAAAAAAAAAAAAAAAAAAAAAAAAAAAAAAAAAAAAAAAAAAAAAAAAAAAAAEWtFI6rTpEeMgkY8WambjjtFtP8AGdWQARExPI10FypEa6pEAAAAAAAAAAAAAAAAAAAAAAAAAAAAAAAAAAAAAAAAAAAAAAAAAAAAAAAAAAAAAAAAAAAAAAAAFbfUjJgvW09MTGnVKyp9z/i5PlBX7NgpgpeKZIyazHwsm8yzNuiOUKf25+3k+aFve45rbq8JGj8JO/KvW01nWJ0l7y5rZZ1ljEdDrPOMmHLOK0T4eMLm932PZRFskTMW4e6pYsc5LRVn7xg+ttbac6+/Hq/srF9GbMZsG+x58M5669Ea668+DFtO64t5f6eOLa6a8Yj83P7XdfT2mbF4zNdPXzXOz1nDt8258dJivq4jI2O771g29ppxvaOfTyh62fd8G6t0RrW3kt4+hz/adrTd5+nLxrETafO8dwwxs91auLhETW1QdJu+64dpf6eSLTOmvCI/Nly77HiwRuLRPROnp4ud73frz1t5aVn26r+//wCZj9GMGy2W/wAe9i044mOnTXq8620P238OT01/FvgAAAAAAAAAAAAAAAAAAAAAAAAAAAAAAAAAAAAAAAAAAAAAAAAAAAAAAAAAAAAAAAAFPuf8XJ8q483pXJWa2jWs84Bpftz9vJ80f0bq9IvHTbk8YdvjwRMY6xWJ56MosuNVmwWxTx4x5XimO2SdK823mImNJ5IpStI0rGkDVPovXLOWPDgjFHn8rLasXiazxieHtSqdyplvt7Rh16+GmnPmMt9r7Xa47PinDktjn9MzX2S67ZbWK7SuG36q+9/tzaTadm3GXLFs9dK662m083UiONpObtWfqmvGOHHlMJrjzd03E20+KfenwiHYTEW4TGsERERpEaQDm+/7a1b0yVj3Onp4eWFG+6z59vGKf28fjEfi7KYieEoisRGkRGgNH9t/Dl9Nfxb5GiQAAAAAAAAAAAAAAAAAAAAAAAAAAAAAAAAAAAAAAAAAAAAAAAAAAAAAAAAAAAAAAAAAAAAAAAAAAAAAAAAAAAAAAAAAAAAAAAAAAAAAAAAAAAAAAAAAAAAAAAAAAAAAAAAAAAAAAAAAAAAAAAAAAAAAAAAAAAAAAAAAAAAAAAAAAAAAAAAAAAAAAAAAAAAAAAAAAAAAAAAAAAAAAAAAAAAAAAAAAAAAAAAAAAAAAAAAAAAAAAAAAAAAAAAAAAAAAAAAAAAAAAAAAAAAAAAAAAAAAAAAAAAAAAAAAAAAAAAAAAAAAAAAAAAAAAAAAAAAAAAAAAAAAAAAAAAAAAAAAAAAAAAAAAAAAAAAAAAAAAAAAAAAAAAAAAAAAAAAAAAAAAAAAAAAAAAAAAAAAAAAAAAAAAAAAAAAAAAAAAAAAAAAAAAAAAAAAAAAAAAAAAAAAAAAAAAAAAAAAAAAAAAAAAAAAAAAAAAAAAAAAAAAAAAAAAAAAAAAAAAAAAAAAAAAAAAAAAAAAAAAAAAAAAAAAAAAAAAAAAAAAAAAAAAAAAAAAAAAAAAAAAAAAAAAAAAAAAAAAAAAAAAAAAAAAAAAAAAAAAAAAAAAAAAAAAAAAAAAAAAAAAAAAAAAAAAAAAAAAAAAAAAAAAAAAAAAAAAAAAAAAAAAAAAAAAAAAAAAAAAAAAAAAAAAAAAAAAAAAAAAAAAAAAAAAAAAAAAAAAAAAAAAAAAAAAAAAAAAAAAAAAAAAAAAAAAAAAAAAAAAAAAAAAAAAAAAAAAAAAAAAAAAAAAAAAAAAAAAAAAAAAAAAAAAAAAAAAAAAAAAAAAAAAAAAAAAAAAAAAAAAAAAAAAAAAAAAAAAAAAAAAAAAAAAAAAAAAAAAAAAAAAAAAAAAAAAAAAAAAAAAAAAAAAAAAAAAAAAAAAAAf/Z', 28, 1655282028612, 1655282028612, 0);
INSERT INTO attachments (userId, resourceId, size, width, height, name, mime, id, createdAt, updatedAt, version) VALUES (1, 28, 3111, 640, 360, 'img-7', 'image/jpeg', 29, 1655282028612, 1655282028612, 0);
INSERT INTO resources (hash, encoding, content, id, createdAt, updatedAt, version) VALUES ('dbeb0261edacb7695b33fd85f14a34dc80bc3589b18ee1ba83a2a120798659c4', 'BASE64', '/9j/4QAYRXhpZgAASUkqAAgAAAAAAAAAAAAAAP/sABFEdWNreQABAAQAAAAKAAD/4QMsaHR0cDovL25zLmFkb2JlLmNvbS94YXAvMS4wLwA8P3hwYWNrZXQgYmVnaW49Iu+7vyIgaWQ9Ilc1TTBNcENlaGlIenJlU3pOVGN6a2M5ZCI/PiA8eDp4bXBtZXRhIHhtbG5zOng9ImFkb2JlOm5zOm1ldGEvIiB4OnhtcHRrPSJBZG9iZSBYTVAgQ29yZSA1LjUtYzAxNCA3OS4xNTE0ODEsIDIwMTMvMDMvMTMtMTI6MDk6MTUgICAgICAgICI+IDxyZGY6UkRGIHhtbG5zOnJkZj0iaHR0cDovL3d3dy53My5vcmcvMTk5OS8wMi8yMi1yZGYtc3ludGF4LW5zIyI+IDxyZGY6RGVzY3JpcHRpb24gcmRmOmFib3V0PSIiIHhtbG5zOnhtcD0iaHR0cDovL25zLmFkb2JlLmNvbS94YXAvMS4wLyIgeG1sbnM6eG1wTU09Imh0dHA6Ly9ucy5hZG9iZS5jb20veGFwLzEuMC9tbS8iIHhtbG5zOnN0UmVmPSJodHRwOi8vbnMuYWRvYmUuY29tL3hhcC8xLjAvc1R5cGUvUmVzb3VyY2VSZWYjIiB4bXA6Q3JlYXRvclRvb2w9IkFkb2JlIFBob3Rvc2hvcCBDQyAoTWFjaW50b3NoKSIgeG1wTU06SW5zdGFuY2VJRD0ieG1wLmlpZDowRjdGRjEyRjQyMDYxMUU5OTk4RkJCNjMyNTY5RTk2QSIgeG1wTU06RG9jdW1lbnRJRD0ieG1wLmRpZDowRjdGRjEzMDQyMDYxMUU5OTk4RkJCNjMyNTY5RTk2QSI+IDx4bXBNTTpEZXJpdmVkRnJvbSBzdFJlZjppbnN0YW5jZUlEPSJ4bXAuaWlkOkI4NDk0MDY4NDIwNTExRTk5OThGQkI2MzI1NjlFOTZBIiBzdFJlZjpkb2N1bWVudElEPSJ4bXAuZGlkOjBGN0ZGMTJFNDIwNjExRTk5OThGQkI2MzI1NjlFOTZBIi8+IDwvcmRmOkRlc2NyaXB0aW9uPiA8L3JkZjpSREY+IDwveDp4bXBtZXRhPiA8P3hwYWNrZXQgZW5kPSJyIj8+/+4ADkFkb2JlAGTAAAAAAf/bAIQAFBAQGRIZJxcXJzImHyYyLiYmJiYuPjU1NTU1PkRBQUFBQUFERERERERERERERERERERERERERERERERERERERAEVGRkgHCAmGBgmNiYgJjZENisrNkREREI1QkRERERERERERERERERERERERERERERERERERERERERERERERERE/8AAEQgBaAKAAwEiAAIRAQMRAf/EAJMAAQADAQEBAQAAAAAAAAAAAAABBAUDAgYHAQEAAwEBAAAAAAAAAAAAAAAAAQIDBAUQAQACAQIDBAYHBQYHAAAAAAABAgMRBCESBTFBUWFxgZGxMlKhwSJCEzMU0WKSFQZygrIjQ1Pw4cJjc4OTEQEAAgEDAgUFAAAAAAAAAAAAAQIRITEDEgRBkSIyE1FhcVIU/9oADAMBAAIRAxEAPwD7EBmkAAAAAAAAAAAAAAAAAAAAAAAAAAAAAAAAAAAAAAAAAAAAAAAAAAEicCBKAAAEohIIAVABICRIjiJDAAJxAgSIwIEgIEgIEhiBAlBiAAQAAAAAAAAAAAAAAAAAAAAAAAAAAAAAAAAAAAAAAAAAAAAAAAAAAAAAAAAAAAAAAAAAAAAAAAAAAAAAAAAAAAAAAAAAAAAAAAAAAAAAAAAAAAAAAAAAAAAAAAAAAAAAAAAAAAAAAAAAAAAAAAAAAAAAAAAAAAAAAAAAAAAAAAAAAAAAAAAAAAAAAAAAAAAAAAAAAAAAAAAAAAAAAAAAAAAAAAAAAAAAAAAAAAAAAAAAAAAAAAAAAAAAAAAAAAAAAAAAAAAAAAAAAAAAAAAAAAAAAAAAAAAAAAAAAAAAAAAAAAAAAAAAAAAAAAAAAAAAAAAAAAAAAAAAAAAAAAAAAAAAAAAAAAAAAAAAAAAAAAAAAAAAAAAAAAAAAAAAAAAAAAAAAAAAAAAAAAAAAAAAAAAAAAAAAAAAAAAAAAAAAAAAAAAAAAAAAAAAAAAAAAAAAAAAAAAAAAAAAAAAAAAAAAAAAAAAAAAAAAAAAAAAAAAAAAAAAAAAAAAAAAAAAAAAAAAAAAAAAAAAAAAAAAAAAAAAAAAAAAAAAAAAAAAAAAAAAAAAAAAAAAAAAAAAAAAAAAAAAAAAAAAAAAOeXPjw158lorXxtOgOg81vF41rOsT3w9AAAATOgAzc/XNrhy1w83NabcluXspP73g626rt6567Wbf5loiY07OPZx8+5IumsMuvX9lfLGCl9b2nljSJ019LP3W1vuOo1pk4zFvxKzFuFcdNO75rX7ZMD6QIEAAAAAAAAAAAAAAAAAAAAAAAAAAAAAAAAAAAAAAAAAAAAAAAAAAAAAAAAAAAAAAAAAAAzOtbH9Zt5isa3pPPSPGY7vXDQyZK4qze3ZWJmfRD5nJ/Uua082DFXk7ue3GfZ2JVtMRHqZnTepW6bki0TM7e86Xp8s+MfW+7raLRE14xMaxL86327i2Sc34U05/zKxOtdfGJ8+9p9N3O43O2jBXJNcVJmvNHx2jujXu07OHFF7RWOq2kI44mfTu+pz9Q2+3nTNkrWfCZ4+xyjrOynszU9rHw7HBh+Cka/NPGfbLvbHW3CYifU5J7qudKzLrjgnxlu0y1yRzUmLR4xOqtuN/TBkphnW2TJP2a18PGfKGFGz/Bt+JtbThv+78M+mvY1um7+NzaaZqxTcUj7UeMeNZ8Jb05a8mzK9JruoYugxmtuIz8K3zRkjT71Y46eji97foV8dsVrXj/AC7azER21rMzSPVr7G/2jXMqPn7dBjHSJxcv41c34sWn5ebXl9jWyYpi8ZccRzzpS02+Tt9vgtMXrW6z4r48OKZpS8Wm+StOe0cvhBuNibxWNbTER5q9+pbWnxZqR/fhh48fSLaWz5fxb9857W906R9C/iz9Jx/BOCP4TAsX6xs6RrOamnlOvueP57sf92PZb9j3/NNjXsy4/VaD+b7S3CuSLeVIm3ugHvD1TaZ5iuPLSbT3a8fYuQzM+Om+pNIwaxP3steWI/6vd6XH+nqZMeDJjyTM8uS9a2mddYidAbICAAAAAAAAAAAAAAAAAAAAAAAAAAAAAAAAAAAAAAAAAAAAAAAAAAAAAAAAAAAAAmNWFm/pvBa02x3vjiePLXTl+mG68ZLxjpa9uysTafUImInd8puOlbeuaMFZteaaXyTa3j8NdI0jj2+j0r1axWIrWIiI7IhT6ba2altzf4s1rX9Xd9C88zuLza818Id3FSK1AHM2FbcxbHy7nF+Zi+1HnX71fXH0rIvS01tFoVtETGJbWDLXNSuSnGtoi0et0ZfQraYLYZ/0r2pHo7Y97UezE5jLz5jGgy+p25NztLf9y1f4qy1GT12eSmHL8mbHPvhKGpNKz2xHseZwY57a1n+7ClbqFu6IeP1+SfBzT3FGscVpXo22KOylf4YdYrFezgy/1uXxj2Eb7L5exH9NE/DZqKHS+EZq+GbJ9M6/W5/r8nk89HyWvfca/wC5r7aw0py1vpVS1JrrLWAaqAAAAAAAAAAAAAAAAAAAAAAAAAAAAAAAAAAAAAAAAAAAAAAAAAAAAAAAAAAAACvvcU5tvkx17bUtWPXCwiQfNbG0X2+OY4Ryxw9Cw5ZMP6LcWxT+XkmcmOfP71frjye70rkrNbcYnhLyeWvTec7bvQpOa6JS8zpWvlEKkY8+5+1e04qd1K/F657vRCsVidc4haZ8114tSLTEzM/ZnXt97xi22PDxpHHxnjLxuJvmtG1wfmX7Z+Svfafq800r1XitPNFpxGbNDoP26Zc3dfJPL6KxFfqbDhtNvTbYq4cfw1jSHZ68RiMPPmczkZfX667S0/LalvZaGqz+tV5tlmj9yZ9nERG6gIidY1S8Sd3pwAIB16Jxybn+3X/BDksdErGme3jln6Ih2dr7rfhhz+2GsA9BxgAAAAAAAAAAAAAAAAAAAAAAAAAAAAAAAAAAAAAAAAAAAAAAAAAAAAAAAAAAAAAK+72mPd4/w8nZ2xMdsT4wwctsuynl3UTNY7M1Y+zP9r5Z+h9NJp3KXpW8YtC9bzXZ89jy0yxrS0WjynVN71pGtpiI85aOXo+zzTzXxV18Y+z7tHrB0ra4J5qYq6+M/an6dXN/LH7aNvn+zMxUy7nhhjSs/wCpaOHqj73u82ts9jj2lZinG1uN7z8Vp/47u5aHRTjrSPT5sbXm25EaANFBV6jXm22WP3L+5actxhjPjtimZiLRNZmPMGFgtzY6T41ifodHP+X7zaV5KRXPSOFZ15b6eevCXOc2Wn5mDLX0V5vdLzL8F4mcRmHdXkrjdYFb9ZXvpkj/ANVv2H62ny5P/lb9jP4r/rK3yV+qysdBnXHm/wDNf6lKmTJk+DDkn005f8WjQ6Jgvgw2/FjltbJktMev/k7O347VmeqMMOa0TEYlpiUOtzAAAAAAAAAAAAAAAAAAAAAAAAAAAAAAAAAAAAAAAAAAAAAAAAAAAAAAAAAAAAAAAAAAAAAAAAAABoAGhEaAAAAAAAAAAAAAAAAAAAAAAAAAAAAAAAAAAAAAAAAAAAAAAAAAAAAAAAAAAAAAAAAAAAAAAAAAAAAAAAAAAAAAAAAAAAAAAAAAAAAAAAAAAAAAAAAAAAAAAAAAAAAAAAAAAAAAAAAAAAAAAAAAAAAAAAAAAAAAAAAAAAAAAAAAAAAAAAAAAAAAAAAAAAAAAAAAAAAAAAAAAAAAAAAAAAAAAAAAAAAAAAAAAAAAAAAAAAAAAAAAAAAAAAAAAAAAAAAAAAAAAAAAAAAAAAAAAAAAAAAAAAAAAAAAAAAAAAAAAAAAAAAAAAAAAAAAAAAAAAAAAAAAAAAAAAAAAAAAAAAAAAAAAAAAAAAAAAAAAAAAAAAAAAAAAAAAAAAAAAAAAAAAAAAAAAAAAAAAAAAAAAAAAAAAAAAAAAAAAAAAAAAAAAAAAAAAAAAAAAAAAAAAAAAAAAAAAAAAAAAAAAAAAAAAAAAAAAAAAAAAAAAAAAAAAAAAAAAAAAAAAAAAAAAAAAAAAAAAAAAAAAAAAAAAAAAAAAAAAAAAAAAAAAAAAAAAAAAAAAAAAAAAAAAAAAAAAAAAAAAAAAAAAAAAAAAAAAAAAAAAAAAAAAAAAAAAAAAAAAAAAAAAAAAAAAAAAAAAAAAAAAAAAAAAAAAAAAAAAAAAAAAAAAAAAAAAAAAAAAAAAAAAAAAAAAAAAAAAAAAAAAAAAAAAAAAAAAAAAAAAAAAAAAAAAAAAAAAAAAAAAAAAAAAAAAAAAAD/2Q==', 30, 1655282028612, 1655282028612, 0);
INSERT INTO attachments (userId, resourceId, size, width, height, name, mime, id, createdAt, updatedAt, version) VALUES (1, 30, 4056, 640, 360, 'img-8', 'image/jpeg', 31, 1655282028613, 1655282028613, 0);
INSERT INTO resources (hash, encoding, content, id, createdAt, updatedAt, version) VALUES ('a891495b4634473a1c6e6b4ca23c805f64a5b62006d4f11efd8e682c624a9211', 'BASE64', '/9j/4QAYRXhpZgAASUkqAAgAAAAAAAAAAAAAAP/sABFEdWNreQABAAQAAAAKAAD/4QMsaHR0cDovL25zLmFkb2JlLmNvbS94YXAvMS4wLwA8P3hwYWNrZXQgYmVnaW49Iu+7vyIgaWQ9Ilc1TTBNcENlaGlIenJlU3pOVGN6a2M5ZCI/PiA8eDp4bXBtZXRhIHhtbG5zOng9ImFkb2JlOm5zOm1ldGEvIiB4OnhtcHRrPSJBZG9iZSBYTVAgQ29yZSA1LjUtYzAxNCA3OS4xNTE0ODEsIDIwMTMvMDMvMTMtMTI6MDk6MTUgICAgICAgICI+IDxyZGY6UkRGIHhtbG5zOnJkZj0iaHR0cDovL3d3dy53My5vcmcvMTk5OS8wMi8yMi1yZGYtc3ludGF4LW5zIyI+IDxyZGY6RGVzY3JpcHRpb24gcmRmOmFib3V0PSIiIHhtbG5zOnhtcD0iaHR0cDovL25zLmFkb2JlLmNvbS94YXAvMS4wLyIgeG1sbnM6eG1wTU09Imh0dHA6Ly9ucy5hZG9iZS5jb20veGFwLzEuMC9tbS8iIHhtbG5zOnN0UmVmPSJodHRwOi8vbnMuYWRvYmUuY29tL3hhcC8xLjAvc1R5cGUvUmVzb3VyY2VSZWYjIiB4bXA6Q3JlYXRvclRvb2w9IkFkb2JlIFBob3Rvc2hvcCBDQyAoTWFjaW50b3NoKSIgeG1wTU06SW5zdGFuY2VJRD0ieG1wLmlpZDpDRDQ2NTJFQTQyMDQxMUU5OTk4RkJCNjMyNTY5RTk2QSIgeG1wTU06RG9jdW1lbnRJRD0ieG1wLmRpZDoxMzk3MUFDQzQyMDUxMUU5OTk4RkJCNjMyNTY5RTk2QSI+IDx4bXBNTTpEZXJpdmVkRnJvbSBzdFJlZjppbnN0YW5jZUlEPSJ4bXAuaWlkOkNENDY1MkU4NDIwNDExRTk5OThGQkI2MzI1NjlFOTZBIiBzdFJlZjpkb2N1bWVudElEPSJ4bXAuZGlkOkNENDY1MkU5NDIwNDExRTk5OThGQkI2MzI1NjlFOTZBIi8+IDwvcmRmOkRlc2NyaXB0aW9uPiA8L3JkZjpSREY+IDwveDp4bXBtZXRhPiA8P3hwYWNrZXQgZW5kPSJyIj8+/+4ADkFkb2JlAGTAAAAAAf/bAIQAFBAQGRIZJxcXJzImHyYyLiYmJiYuPjU1NTU1PkRBQUFBQUFERERERERERERERERERERERERERERERERERERERAEVGRkgHCAmGBgmNiYgJjZENisrNkREREI1QkRERERERERERERERERERERERERERERERERERERERERERERERERE/8AAEQgBaAKAAwEiAAIRAQMRAf/EAHQAAQADAQEAAAAAAAAAAAAAAAACAwQBBQEBAQEBAQAAAAAAAAAAAAAAAAEDAgUQAQACAgAEBQMCBwAAAAAAAAABAhEDITESBEFRcSIyYaGxExSBkdFCYnIFEQEBAQEAAwEBAAAAAAAAAAAAARECITESQTL/2gAMAwEAAhEDEQA/APMAec6AAAAAAAAAAAAAAAAAAAAAAAAAAAAAAAAAAAAAAAAAAAAAAAAAAAAAAAAAAAAAAAAAAAAAAAAAAAAAAAAAAAAAAAAAAAAAAAAAAAAAAAAAAAAAAAAAAAAAAAAAAAAAAAAAAAAAAAAAAAAAAAAAAAAAAAAAAAAAAAAAAAAAAAAAAAAAAAAAAAAAAAAAAAAAAAAAAAAAAAAAAAAAAAAAAAAAAAAAAAAAAAAAAAAAAAAAAAAAAAAAAAAAAAAAAAAAAAAAAAAAAAAAAAAAAAAAAAAAAAAAAAAAAAAAAAAAAAAAAAAAAAAAAAAAAAAAAAAAAAAAAAAAAAAAAAAAAAAAAAAAAAAAAAAAAAAAAAAAAAAAAAAAAAAAAAAAAAAAAAAAAAAAAAAAAAAAAAAAAAAAAAAAAAAAAAAAAAAAAAAAAAAAAAAAAAAAAAAAAAAAAAAAAAAAAAAAAAAAAAAAAAAAAAAAAAAAAAAAAAAAAAAAAAAAAAAAAAAAAAAAAAAAAAAAAAAAAAAAAAAAAAAAAAAAAAAAAAAAAAAAAAAAAAAAAAAAAAAAAAAAAAAAAAAAAAAAAAAAAAAAAAAAAAAAAAAAAAAAAAAAAAAAAAAAAAAAAAAAAAAAAAAAAAAAAAAAAAAAAAAAAAAAAAAAAAAAAAAAAAAAAAAAAAAAAAAAAAAAAAAAAAAAAAAAAAAAAAAAAAAAAAAAAAAAAAAAAAAAAAAAAAAAAAAAAAAAAAAAAAAAAAAAAAAAAAAAAAAAAAAAAAAAAAAAAAAAAAAAAAAAAAAAAAAAAAAAAAAAAAAAAAAAAAAAAAAAAAAAAAAAAAAAAAAAAAAAAAAAAAAAAAAAAAAAAAAAAAAAAAAAAAAAAAAAAAAAAAAAAAAAAAAAAAAAAAAAAAAAAAAAAAAAAAAAAAAAAAAAAAAAAAAAAAAAAAAAAAAAAAAAAAAAAAAAAAAAAAAAAAAAAAAAAAAAAAAAAAAAAAAAAAAAAAAAAAAAAAAAAAAAAAAAAAAAAAAAAAAAAAAAAAAAAAAAAAAAAAAAAAAAAAAAAAAAAAAAAAAAAAAAAAAAAAAAAAAAAAAAAAAAAAAAAAAAAAAAAAAAAAAAAAAAAAAAAAAAAAAAAAAAAAAAAAAAAAAAAAAAAAAAAAAAAAAAAAAAAAAAAAAAAAAAAAAAAAAAAAAAAAAAAAAAAAAAAAAAAAAAAAAAAAAAAAAAAAAAAAAAAAAAAAAAAAAAAAAAAAAAAAAAAAAAAAAAAAAAAAAAAAAAAAAAAAAAAAAAAAAAAAAAAAAAAAAAAAAAAAAAAAAAAAAAAAAAAAAAAAAAAAAAAAAAAAAAAAAAAAAAAAAAAAAAAAAAAAAAAAAAAAAAAAAAAAAAAAAAAAAAAAAAAAAAAAAAAAAAAAAAAAAAAAAAAAAAW9vqjbfE/GOMiyalp7adnutOKtfRqp8K5nzsTOZGkmNZMSi0eNazHojbtdW74ey32DOOMKrBs1W1W6bxxQett1x3OvH90fF5LOzGXXOegBHIAAAAAAAAAAAAAAAAAAAAAAAAAAAAAAAAAAAAAAAAAAAAAAAAAAAAAAAAAAAAAAAAAAAAAA3djX22t5zj+UMLf/z5ia2rPn+YwvPt1x7SicuoVjEzE84lNo1HHXAW6JxZ5/dVim28Ryy9DRGbPO7m/XttaOUynXpz3/MVAM2QAAAAAAAAAAAAAAAAAAAAAAAAAAAAAAAAAAAAAAAAAAAAAAAAAAAAAAAAAAAAAAAAAAAAAAs0bf0rRM8uUqwWXPL1ttYv745+OPyqZNPczr9s8a+X9Gqu3XflaI/24NJdayyuuxGeSWKRzvXHqjs77XrjGuOqfPwXwvj9T27P22v/ADtyeUls2W226rTmUWdusurtAEcgAAAAAAAAAAAAAAAAAAAAAAAAAAAAAAAAAAAAAAAAAAAAAAAAAAAAAAAAAAAAAAANOrt69MbNvKfjWPFb0a+XRGPWc/lZtn3Y8I4R6K2mNsjNu0/p8YnNZ5Km7ZGdNpnzrhhcVn1MoAjkAAAAAAAAAAAAAAAAAAAAAAAAAAAAAAAAAAAAAAAAAAAAAAAAAAAAAAAAAAAAAAAAAAAAE9Wm+2emkZX/ALKeU3jP8VyrlZRdt7W+qOqeNfOFKGWAAjZp3UvWK3nExwifCV068cbWrEerzR19O/to7nfF8Up8Y+7ODm3XNu3QAQAAAAAAAAAAAAAAAAAAAAAAAAAAAAAAAAAAAAAAAAAAAAAAAAAAAAAAAAAAAAAAAAAAdpWb2isc5nABHo4ikdFfjH3+rgNY3TpeaT9PGGPu9Mar+3424wDnpz1meWcBwyAAAAAAAAAAAAAAAAAAAAcdAUAEAAAAAAAAAAAAf//Z', 32, 1655282028613, 1655282028613, 0);
INSERT INTO attachments (userId, resourceId, size, width, height, name, mime, id, createdAt, updatedAt, version) VALUES (1, 32, 2940, 640, 360, 'img-9', 'image/jpeg', 33, 1655282028613, 1655282028613, 0);
INSERT INTO resources (hash, encoding, content, id, createdAt, updatedAt, version) VALUES ('887ce4f6c44816b7f8d3dc046e3ffa03c9ce8ed2dfb8d16e8f732890eca32b45', 'BASE64', '/9j/4QAYRXhpZgAASUkqAAgAAAAAAAAAAAAAAP/sABFEdWNreQABAAQAAAAKAAD/4QMsaHR0cDovL25zLmFkb2JlLmNvbS94YXAvMS4wLwA8P3hwYWNrZXQgYmVnaW49Iu+7vyIgaWQ9Ilc1TTBNcENlaGlIenJlU3pOVGN6a2M5ZCI/PiA8eDp4bXBtZXRhIHhtbG5zOng9ImFkb2JlOm5zOm1ldGEvIiB4OnhtcHRrPSJBZG9iZSBYTVAgQ29yZSA1LjUtYzAxNCA3OS4xNTE0ODEsIDIwMTMvMDMvMTMtMTI6MDk6MTUgICAgICAgICI+IDxyZGY6UkRGIHhtbG5zOnJkZj0iaHR0cDovL3d3dy53My5vcmcvMTk5OS8wMi8yMi1yZGYtc3ludGF4LW5zIyI+IDxyZGY6RGVzY3JpcHRpb24gcmRmOmFib3V0PSIiIHhtbG5zOnhtcD0iaHR0cDovL25zLmFkb2JlLmNvbS94YXAvMS4wLyIgeG1sbnM6eG1wTU09Imh0dHA6Ly9ucy5hZG9iZS5jb20veGFwLzEuMC9tbS8iIHhtbG5zOnN0UmVmPSJodHRwOi8vbnMuYWRvYmUuY29tL3hhcC8xLjAvc1R5cGUvUmVzb3VyY2VSZWYjIiB4bXA6Q3JlYXRvclRvb2w9IkFkb2JlIFBob3Rvc2hvcCBDQyAoTWFjaW50b3NoKSIgeG1wTU06SW5zdGFuY2VJRD0ieG1wLmlpZDoxMzk3MUFEMzQyMDUxMUU5OTk4RkJCNjMyNTY5RTk2QSIgeG1wTU06RG9jdW1lbnRJRD0ieG1wLmRpZDoxMzk3MUFENDQyMDUxMUU5OTk4RkJCNjMyNTY5RTk2QSI+IDx4bXBNTTpEZXJpdmVkRnJvbSBzdFJlZjppbnN0YW5jZUlEPSJ4bXAuaWlkOjEzOTcxQUQxNDIwNTExRTk5OThGQkI2MzI1NjlFOTZBIiBzdFJlZjpkb2N1bWVudElEPSJ4bXAuZGlkOjEzOTcxQUQyNDIwNTExRTk5OThGQkI2MzI1NjlFOTZBIi8+IDwvcmRmOkRlc2NyaXB0aW9uPiA8L3JkZjpSREY+IDwveDp4bXBtZXRhPiA8P3hwYWNrZXQgZW5kPSJyIj8+/+4ADkFkb2JlAGTAAAAAAf/bAIQAFBAQGRIZJxcXJzImHyYyLiYmJiYuPjU1NTU1PkRBQUFBQUFERERERERERERERERERERERERERERERERERERERAEVGRkgHCAmGBgmNiYgJjZENisrNkREREI1QkRERERERERERERERERERERERERERERERERERERERERERERERERE/8AAEQgBaAKAAwEiAAIRAQMRAf/EAH0AAQADAQEBAAAAAAAAAAAAAAABBAUDAgYBAQEAAwEAAAAAAAAAAAAAAAABAgMEBRABAAICAAQCBwYHAAAAAAAAAAECEQMhEgQFMUFRYdEiQmIT8IEyUnIzcZGhweFTFREBAQACAgIDAAAAAAAAAAAAAAERAhIDIUExcUL/2gAMAwEAAhEDEQA/AOgDteMAAAAAAAAAAAAAAACAAoAAAAAAAAAAAAAAAAAAAAAAAAAAAAAAAAAIACgAAAAAAAAAAAAAAAAAAAAAAAAAAAAAAAAAAAAAgAKAAACAAoAAAAAAAAAAAAAAAAAAAAAAAIACgAAAAAAAAAAAAAAAAAAAAAAAAAAAAAAAAAAAAAAAAAAAAAAAAAAAgAKAAAAAAAAAAAAAAAAAAAAAAAAAAAAAAAAAAAAAAAAAAAAAAAAAAAAAAAAAAAAAAAAAAAAAAAAAAAAAAAAACAAoAAAAAAAAAAAAAAAAAAAAAAAAAAAAAAAIACgAAAAAAAAAAAAAAAAAAAAAAAAAAAAAAAAAAAAAAAAAAAAAAAAAAAAAgAKAAAAAAAAAAAAAAAAAAAAAAAAAAAAAAAAAAAAAAAAAAAAAAAAAAAAAAAAAAAAAAAAAAAAAAAAAAAAAAAAAAAAAAAAAAAAACAAoAAAIACgAAAAAAAAAAAgAKAAAAACAAAAoAIACgAgAKAAAAAAAAAAAAAAAAAAAAAAAAACAAoAAAAAAAAAAAAAAAAAAAIACgAAAAAAAAAAAAAAAAAAAAAAAAAAAAAAAAAAAAAAAAAAAAAAAAAAAAAAAAAAAAAAAAAAAAAAAAAAAAAAAAAAAAAAAAAAAAAAAAAAAAAgAKAAAAAAAAAAAAAAAAAAAAAAAAAAAAAAAAAAAAAAACAAoAAAAAAAAAAAAAAAAAAAAAAAAAAAAAAAAAAAAAAAAAAAAAAAAAAAAAAAAAAAAAAAAAAAAAAAAAAAIACgAAAAAAAAAAAAAAAAAAAAAAAAAAAAAAAAAAAAAAAAAAAAAAAAAAAAAAAAAAAAAAAAAAAAAAAAAAAAAAAAAAAAAAAAAAAAAAAAAAAAAAAAAAAAAAAAAAAAAAAAAAAAAAAAAAAAAAAAAAAAAAAAAAAAAAAgAKAAAAAAAAAAACAAoAAAAAAAAAAAAAAAAAAAAAAAIACgAAAAAAAAAAAAAAAAAAAAAAAAAAAAAAAAAAAAAAAAAAAAAgAKAAAAAAAAAAAAAAAAAAAAAAAAAAAAAAAAAAAAAAAAACAAoAAAAAAAAAAAAAAAAAAAAAAAAAAAAAAAAAAAAAAAAAAAAAAAIACgAAAAAAAAAAAAAAAAAAAAAAAAAAAAAAAAAAAAAAAAAAAAAAAAAAAAAAAAAAAAAAAAAAAAAAAAAAAAAAAAAAAAAAAgAKAAAAAAAAAAAAAAAAAAAAAAAAAAAAAAAAAAAAAAAAAAAAAAAAAAAAAAAAAAAAAAAAAAAAAAAAAAAAAAAAAAAAACAAoAAAAAAAAAAAAAAAAAAAAAAAAAAAAAAAAAAAAAAAAAAAIACgAAAAAAAAAAAAAAAAAAAAAAAAAAAAAgItaKxmeEGcTNbRi0eMJlli/KQFYgAoAIACgAAAAAAAAAAAgAAAAAKAAAAAAAAAAAAAAAAAAAAAAAAAAAAAAAAAAAAACAAoAAAAAIACgAgiZxGZ8ErPb+np1O2fqcYpi3L5TPr/gxtxGemvPbi7du6Kdkxv2xiscaVnz+b2OneOkiIjqK4ry55oxxt/lr+DO7zfGmIj4rVhzy27ZehdJrpYxgHS80AVAAUAAAAAAAAAAAAAAAAAAAAAAAAAAAAAAAAAAAAAAAAAAAEABQAAAAAAAAAAAAAAAAAQAQBGfKImZ9EIm3LPLaJrPotGEzGXG4zh6AVBe7P+/sn5YUJ4cZ4NbsumYpbdbh9T8P6Ya+y+HR0a27Zayh3bVzdNbHw+/8AyaGVbuF4p0+yflmGiO+zMfNRsrM4iXpb6/ZomldGJjbSK+9WPCceH3+anGZjM+Lp1uXm9unG+EgM2kAFABAAUAAAAAAAEABQAAAAAAAAAAAAAAAAAAAQAFAAAAAAAAAAAAAAAAAAABAAUAAAAAARMZjCQR61b92nhrtGI8pr9uLtPcN14xurTZX1xhXGF1jbOzaOk36a2ZtW+qZ/LPNDpq6TXu/b3xM+i0YV3m1K28YTjfVZTsn6ka+nstImLbbTsiPh8K/b72jt0xenJmYj5OD5inNqnOu1q49ftaGnvGzX7u6vNH5qexr21rp07dPpe+h1Wvjr2xb5dlf7wq9dv3Tq5d2qaxmszas80Yj+rrTu/TW/FM0/VV3/AOl03+yuGGK3cpYwJ2zutbdPxznHq8ho779t2zNuaK285rmGZstWlois80TOPHMt2u3pw9nXc8pXoBtc4AKAAAAAAAAAAAAAAAAACAAoAAAAAAAAAAAAAAAAAAAAAAAAAAAAAAAAAAAAAAAAAAAAAAAAAIACk8fFHLHohImDNRMR6IRFYjwh6DBmgCoACgAAAAAAAgAKAAAAAAAAAAAAAAAAAAAAAAAAAAAAACAAoAAAAAAAAAAAAAAAAAAAAAAAAAAAAAAAAAAAIACgAgAKAAAAAAAAACAAoAAAAAAAAAAAAAAAAAIACgAAAAAAAAAAAgAKAAAAAAAAAAAAAAAAAAAAAAAAAAACP//Z', 34, 1655282028613, 1655282028613, 0);
INSERT INTO attachments (userId, resourceId, size, width, height, name, mime, id, createdAt, updatedAt, version) VALUES (1, 34, 3042, 640, 360, 'img-10', 'image/jpeg', 35, 1655282028613, 1655282028613, 0);
INSERT INTO resources (hash, encoding, content, id, createdAt, updatedAt, version) VALUES ('e33578ea5812325eb83016a79bd29346f098ac5e74ec258aeacbf2bfc90fa3db', 'BASE64', '/9j/4QAYRXhpZgAASUkqAAgAAAAAAAAAAAAAAP/sABFEdWNreQABAAQAAAAKAAD/4QMsaHR0cDovL25zLmFkb2JlLmNvbS94YXAvMS4wLwA8P3hwYWNrZXQgYmVnaW49Iu+7vyIgaWQ9Ilc1TTBNcENlaGlIenJlU3pOVGN6a2M5ZCI/PiA8eDp4bXBtZXRhIHhtbG5zOng9ImFkb2JlOm5zOm1ldGEvIiB4OnhtcHRrPSJBZG9iZSBYTVAgQ29yZSA1LjUtYzAxNCA3OS4xNTE0ODEsIDIwMTMvMDMvMTMtMTI6MDk6MTUgICAgICAgICI+IDxyZGY6UkRGIHhtbG5zOnJkZj0iaHR0cDovL3d3dy53My5vcmcvMTk5OS8wMi8yMi1yZGYtc3ludGF4LW5zIyI+IDxyZGY6RGVzY3JpcHRpb24gcmRmOmFib3V0PSIiIHhtbG5zOnhtcD0iaHR0cDovL25zLmFkb2JlLmNvbS94YXAvMS4wLyIgeG1sbnM6eG1wTU09Imh0dHA6Ly9ucy5hZG9iZS5jb20veGFwLzEuMC9tbS8iIHhtbG5zOnN0UmVmPSJodHRwOi8vbnMuYWRvYmUuY29tL3hhcC8xLjAvc1R5cGUvUmVzb3VyY2VSZWYjIiB4bXA6Q3JlYXRvclRvb2w9IkFkb2JlIFBob3Rvc2hvcCBDQyAoTWFjaW50b3NoKSIgeG1wTU06SW5zdGFuY2VJRD0ieG1wLmlpZDoxMzk3MUFDRjQyMDUxMUU5OTk4RkJCNjMyNTY5RTk2QSIgeG1wTU06RG9jdW1lbnRJRD0ieG1wLmRpZDoxMzk3MUFEMDQyMDUxMUU5OTk4RkJCNjMyNTY5RTk2QSI+IDx4bXBNTTpEZXJpdmVkRnJvbSBzdFJlZjppbnN0YW5jZUlEPSJ4bXAuaWlkOjEzOTcxQUNENDIwNTExRTk5OThGQkI2MzI1NjlFOTZBIiBzdFJlZjpkb2N1bWVudElEPSJ4bXAuZGlkOjEzOTcxQUNFNDIwNTExRTk5OThGQkI2MzI1NjlFOTZBIi8+IDwvcmRmOkRlc2NyaXB0aW9uPiA8L3JkZjpSREY+IDwveDp4bXBtZXRhPiA8P3hwYWNrZXQgZW5kPSJyIj8+/+4ADkFkb2JlAGTAAAAAAf/bAIQAFBAQGRIZJxcXJzImHyYyLiYmJiYuPjU1NTU1PkRBQUFBQUFERERERERERERERERERERERERERERERERERERERAEVGRkgHCAmGBgmNiYgJjZENisrNkREREI1QkRERERERERERERERERERERERERERERERERERERERERERERERERE/8AAEQgBaAKAAwEiAAIRAQMRAf/EAHgAAQACAwEAAAAAAAAAAAAAAAAFBgEDBAIBAQEAAAAAAAAAAAAAAAAAAAABEAEAAgECBAIGBgkEAwAAAAAAAQIDEQQhMRIFQVFhcdEiMhORobHBFQaB4UJSYnKCkhTxIzNDU2MWEQEAAAAAAAAAAAAAAAAAAAAA/9oADAMBAAIRAxEAPwCfZBQAAAAAAAAAAAAAAAAAAAAAAAAAAAAAAAAAAAAAAAAAAAAAAAAAAAAAAAAAAAAAAAAAAAAAAAAAAAAAAAAAAAAAAAAAAAAAAAAAAAAAAAAAAAAAAAAAAAAAAAAAAAAAAAAAAAAAAAAAAAAAAAAAAAAAAAAAAAAAAAAAAAAAAAAAAAAAAAAAAAAAAAAAAAAAAAAAAAAAAAAAAAAAAAAAAAAAAAAAAAAAAAAAAAAAAAAAAAAAAAAAAAAAAAAAAAAAAAAAAAAAAAAAAAAAAAAAAAAAAAAAAAAAAAAAAAAAAAAAAAAAAAAAAAAAAAAAAAAAAAAAAAAAAAAAAAAAAAAAAAAAAAAAAAAAAAAAAAAAAAAAAAAAAAAAAAAAAAAAAAAAAAAAAAAAAAAAAAAAAAAAAAAAAAAAAAAAAAAAAAAAAAAAAAAAAAAAAAAAAAAAAAAAAAAAAAAAAAAAAAAAAAAAAAAAAAAAAAAAAAAAAAAAAAAAAAAAAAAAAAAAAAAAAAAAAAAAAAAAAAAAAAAAAAAAAAAAAAAAAAAAAAAAAAAAAAAAAAAAAAAAAAAAAAAAAAAAAAAAAAAAAAAAAAAAAAAAAAAAAAAAAAAAAAAAAAAAAAAAAAAAAAAAAAAAAAAAAAAAAAAAAAAAAAAAAAAAAAAAAAAAAAAAAAAAAAAAAAABry5aYazfJMVrHOZBsEDm/MVdZjb45tH71vdhor+Ydxr7+Okx6LSIso4dj3PDveFJ6bxzpbn+t3AACgNWfPTb0nJknSsCNorOfv2fJP8AsVrSv8cazLXj75vKTrbovHlp0yC1CP7f3bDvvdr7uSOdLc/0eaQFAAAAAAAAAAAAAAAAAAAAAAAAAAAAAAAAAAAAAAAAAAAAAAAAAAAAAAAAAAAAAAAAAAaN3use0xzlyTwj6/QqG73WXf3683CsfDj8I9fpdHdd5/mbia1n/axTpX028ZcYgDfstrbe5vk1t0xEdU25g5rRMaXrOl68ayuXb91/l7embxtHH1+Ko5cc4ct8UzrNLdOseKe/LczO1mJ5RewJoAVhVe87mdxuZxRPuYuHrt4ytahTkm0XyeM2vb6wex173b7bDhxZdvk6r206o111/R4aOQRiYmLRek9N68a2ha+1dxjfY9Z4ZK8L19Pn6lVesG5tss1dxXlHC8edQXgeaWi9YtWdYmNYl6FAAAAAAAAAAAAAAAAAAAAAAAAAAAAAAAAAAAAAAAAAAAAAAAAAAAAAAAAAAAAAAHL3DPO32+TLHOtZ09bqRvfI12OXTyj7QVTHXSsRPPxeyAQIma2i9Zmto5TWdJBRjhWJmePOZmfFZ+w4px7KkzztNr/TKtY8Ft3lrtqc7fFPlXxXbHSMdYpXlWIiP0IPYApzUOkTSbVnnW1o+tfFQ7ttp226tP7GX36z6fGBHHFaxOsRESyADEx1RpPiyxa0ViZnwBZvy/ltk2dYtzpM0+hKo7smCcGzpFudtbz/AFJEUAAAAAAAAAAAAAAAAAAAAAAAAAAAAAAAAAAAAAAAAAAAAAAAAAAAAAAAAAAAAAAadzhjPivin9qs1bmBFFrE11pbhas9Mx6mVm7j2em7n5lJ6Mv73hPrhCX7VvaTp8uL+mlo+8HIaTa0UpHVe3CKw7sfZd5lnSYrjjzmdZ+iE727tmPY11r72SfivPP9UA8dq7ZGyrNr8ct/in7od+TJXHWb3nSsRrMy9tebFXNS2O8a1tGkiuCO+bW0zFJtbSNZ6aWnh9DX/wDQbaeNYvMfyo/P2LcYNZwW668tNem2nl5S4Me3y3vOKmO03r8VdOXrBZNv3nb58kYo6q2ty6o5uje7Km9xTiyeuJ8p80Z2/sl6Xrn3ExrWda0ry19Mp0FJ3W2y7G3Tnjh4ZI+GWmL1nlML3asWjS0ax5S4rdo2dp1nDXX1AqFstK85d/be2X3t4yZazXBWdePOyyYu37bDOuPFWJ9TqBiGQAAAAAAAAAAAAAAAAAAAAAAAAAAAAAAAAAAAAAAAAAAAAAAAAAAAAAAAAAAAAAAAABhkYmdOMgNebcY8EdWW0Uj+KdETbu3+Xn/xdtaKRPD5tvH0Vjzbs+023bsN9zePmZIj4snvTNgbZ7ztI+G/V/JE2+w/E4v/AMWLLf8Ao0+3RAdr7jbt95+Z72K/G2nOtvOPQmO6d3xVwTXBeL3yRpXpnlE85lA2+/3Hcon/ABYrjrE9NrWnW0f0x7Wz8MvtZ+btba3n/ljJ+36fRP1K3s9xfYZIy4ePDS1P3o9qT3/fJ3OP5WCtqdXx2tziPKAdm271bPFunDe00npt8uYtH3N2Tus4qTe+DLFYjWZmscPrV/t27/D88X0n5do6LxH1S6O69znfT8vHExhjjOvCbT7AS2Du1txSMmLBktWfH3fa2R3bFSdM9b4p/wDZXh9Mawi+wb2MGS22vOlbz1UmfPxh39z7zjwxOHFpkyTz8a19fsBJ1tFo6qzrE8ph6UzZ77LsJ6qz1Umdb08PXXy9S34c1c9K5KTrW0awo2AAAAAAAAAAAAAAAAAAAAAAAAAAAAAAAAAAAAAAAAAAAAAAAAAAAAAAAAAAAAAAAAAAIP8AMO7tSldtSdJyazaf4Y9qcVb8wTNd3SbfD0Tp9IIyccadPl9Tdl3GfcVrTNeb1pxrE/fPi922e4rgnczTTHHHj8Wnno0c+IgxFYjjEaMfMrPiza0VjWQZG/Psdzt8UZ8tNKTz0njXXzc8zpp4zPCIjxBkbdztM+0its9YiLeMTrpPlLXFbXtFKRra06VgHm1YtGklaxWNIjRv3ezzbKYjPEaW5Wry18paqY7Zr1xY/ivPTHtBhOflvLM0yYZ5UtrX1W/0c3c+zTs8fz8NrWrX/ki3l5w6Py1jmaZc3he0RX+n/UVPMgAAAAAAAAAAAAAAAAAAAAAAAAAAAAAAAAAAAAAAAAAAAAAAAAAAAAAAAAAAAAAAAAAj+57KdzWt6RE5cU9dItyn+GfWkAHFg7hg3tLYrT0XmOm+O/CY9qudr7dbeZZxX1+VimYvb97SeEe1Z9zsdvup1zUi0x4+Lk/AtpHw1tX+W9o+9B073t2PcbadvWIrpHueiY5K52bBXNn69xMVrh8LTzv+pNfge0njMWn15LPdeybKv/VE+vWQbt1udpmx2xXy00tEx8UK52KcEZpy7i9Y+V7tNZ5z+8sVe2bSvLDT+2Hr8P23/ip/aDn3262W7w2w2y096OHvcp8EX+XvkVmc+e9YyfBWJtHLxn9P2JyNhto5Yqf2w8z23aW54af2iPe7pg32G2GbVmLRwmJjhPhKvdhpFdxfJnmK/Jjo4zp70z7I+tM27Lsp/wCqI9WsfY807Fsqzr8vX+aZkVr3G+t3DXbbKOqs8L5pj3ax46ecpHbbem2x1w4/hrGjZSlaR00iIrHhD0oAAAAAAAAAAAAAAAAAAAAAAAAAAAAAAAAAAAAAAAAAAAAAAAAAAAAAAAAAAAAAAAAAAAAAAAAAAAAAAAAAAAAAAAAAAAAAAAAAAAAAAAAAAAAAAAAAAAAAAAAAAAAAAAAAAAAAAAAAAAAAAAAAAAAAAAAAAAAAAAAAAAAAAAAAAAAAAAAAAAAAAAAAAAAAAAAAAAAAAAAAAAAAAAAAAAAAAAAAAAAAAAAAAAAAAAAAAAAAAAAAAAAAAAAAAAAAAAAAAAAAAAAAAAAAAAAAAAAAAAAAAAAAAAAAAAAAAAAAAAAAAAAAAAAAAAAAAAAAAAAAAAAAAAAAAAAAAAAAAAAAAAAAAAAAAAAAAAAAAAAAAAAAAAAAAAAAAAAAAAAAAAAAAAAAAAAAAAAAAAAAAAAAAAAAAAAAAAAAAAAAAAAAAAAAAAAAAAAAAAAAAAAAAAAAAAAAAAAAAAAAAAAAAAAAAAAAAAAAAAAAAAAAAAAAAAAAAAAAAAAAAAAAAAAAAAAAAAAAAAAAAAAAAAAAAAAAAAAAAAAAAAAAAAAAAAAAAAAAAAAAAAAAAAAAAAAAAAAAAAAAAAAAAAAAAAAAAAAAAAAAAAAAAAAAAAAAAAAAAAAAAAAAAAAAAAAAAAAAAAAAAAAAAAAAAAAAAAAAAAAAAAAAAAA//9k=', 36, 1655282028613, 1655282028613, 0);
INSERT INTO attachments (userId, resourceId, size, width, height, name, mime, id, createdAt, updatedAt, version) VALUES (1, 36, 4233, 640, 360, 'img-11', 'image/jpeg', 37, 1655282028613, 1655282028613, 0);
INSERT INTO texts (hash, content, id, createdAt, updatedAt, version) VALUES ('e76e3f7a8582294c7f1fe601a287ad14fe0e9f9fdca12c387950cc3b4b9c3179', '# elitr primis signiferumque vituperata dui quaeque viderer nisl vero.\n\netiam.\n\naenean maluisset referrentur cubilia antiopam interesset ultricies quem libero dicit equidem euismod duo lacinia vim.\n\npopulo dolores senectus necessitatibus suspendisse netus debet no urna quaeque iusto sit.\n\norci habeo lobortis.\n\ntincidunt sociis augue posse saepe praesent est ancillae saepe cum urna vero habitant atomorum odio perpetua viris.\n\ndefinitiones qui patrioque massa ne eloquentiam delectus interesset natum ocurreret eripuit affert egestas.\n\nrhoncus epicuri homero eius vix magna unum quem.\n\nsuas elit nonumes omittam.\n\ndolorum aptent liber hendrerit malorum congue ut leo sociis quod aperiri dolore voluptatum phasellus efficitur moderatius.\n\nsemper legimus utinam appetere lorem fames ante fabulas graece iisque aenean dapibus simul.\n\noffendit.\n\nsigniferumque harum autem definitionem necessitatibus voluptaria eleifend theophrastus autem varius euripidis porro praesent malorum senserit.\n\ngraecis mattis mea platonem graecis expetenda ei vivamus definitionem iriure dapibus commodo convenire est detracto inciderint.\n\npersequeris senectus omnesque mutat ridens pri sale nec cetero maximus pertinax dolorem duis.\n\nsem reprehendunt ponderum harum viderer menandri splendide iriure neque penatibus risus salutatus.\n\nnonumes libris signiferumque malorum prodesset discere dui maiorum imperdiet ocurreret integer etiam.\n\n', 38, 1655282028613, 1655282028613, 0);
INSERT INTO articles (userId, categoryId, imageId, textId, views, tags, name, description, publishAt, id, createdAt, updatedAt, version) VALUES (1, 13, 15, 38, 0, 'abc,xyz,hello', 'volutpat. 0', 'explicari dignissim mucius ornare repudiandae voluptatum definiebas movet.', 1655282028597, 123, 1655282028614, 1655282028614, 0);
INSERT INTO texts (hash, content, id, createdAt, updatedAt, version) VALUES ('e045d5cbcd301b8ec48c8cbc1eeaf237604f133609f5804030533377f9ba7f1b', '# consectetuer utroque efficiantur postea iriure.\n\npossim autem civibus sumo solet idque mnesarchum ceteros sagittis quaeque fermentum vulputate ad agam taciti urbanitas molestie tractatos nominavi recteque.\n\nultricies tempor conceptam mnesarchum placerat has ius porta his maiorum nobis simul justo tristique persecuti.\n\neget viverra gravida penatibus definiebas ridens pro altera ceteros nominavi feugait.\n\npulvinar principes inani accusata mutat facilisis pellentesque.\n\nmollis voluptatibus epicuri simul auctor tale orci taciti dicunt reformidans evertitur vehicula adhuc sollicitudin etiam debet auctor.\n\nhabitant proin his sadipscing at eam lobortis atqui usu adhuc honestatis.\n\ndignissim iudicabit eripuit solet semper repudiandae iriure.\n\naffert invidunt equidem scelerisque esse sed minim civibus turpis lorem tation similique eu ponderum deserunt dictumst qualisque.\n\nquis finibus viverra splendide vel has dictas veritus interpretaris tristique sadipscing dicant.\n\nnam bibendum lorem conubia sadipscing noluisse venenatis ad altera patrioque evertitur facilis sale repudiare commune.\n\nepicuri movet lectus posidonium risus dicam necessitatibus parturient unum semper eros noluisse sed ius oporteat molestiae mei deseruisse congue.\n\nrhoncus verterem.\n\nindoctum legimus fringilla homero cras torquent novum eius consul augue magna duis ultricies massa ad.\n\nvolutpat consetetur nobis accumsan ornare aliquid saperet saperet mea.\n\nmelius omnesque scripta aliquam habemus debet euismod tortor habitasse luptatum vestibulum oporteat venenatis ex explicari honestatis sociis dolores posidonium.\n\n', 39, 1655282028614, 1655282028614, 0);
INSERT INTO articles (userId, categoryId, imageId, textId, views, tags, name, description, publishAt, id, createdAt, updatedAt, version) VALUES (1, 13, 17, 39, 0, 'abc,xyz,hello', 'verear. 1', 'simul quo consetetur sodales ea constituto.', 1655282028598, 124, 1655282028615, 1655282028615, 0);
INSERT INTO texts (hash, content, id, createdAt, updatedAt, version) VALUES ('ec11fbe41ba73cdda66fb2aab3029d774fc57f8ad08f0f7ae42e7e7621d1d58b', '# tamquam potenti.\n\ntellus fermentum convenire tota dicant putent deserunt conclusionemque libero.\n\nmel graeco gubergren gubergren amet velit pertinax laoreet platea.\n\nquam adversarium intellegat dicunt inimicus nominavi finibus quot detracto petentium deseruisse metus salutatus ultrices in posse affert movet.\n\nnobis posuere noluisse evertitur electram.\n\nancillae natum delectus ut invidunt justo salutatus nisi ea ubique consectetuer egestas meliore maluisset reformidans.\n\nnominavi aperiri magna.\n\nlobortis montes epicuri vivendo similique.\n\nmaecenas porro nec.\n\nhas invenire scripta an detracto solum partiendo his.\n\nscripserit consetetur unum dictas ac penatibus alia magna fabellas possit curabitur sollicitudin adipiscing.\n\nmnesarchum aenean fuisset nunc.\n\nelaboraret ultrices iaculis malorum pretium atomorum sociosqu dolore interpretaris.\n\nbibendum nibh inceptos tincidunt omittam vix offendit altera vero et sollicitudin auctor.\n\niudicabit definiebas enim donec recteque adipiscing principes ultrices populo mutat adhuc definitiones sea molestiae ridens faucibus splendide ultrices graeci.\n\n', 40, 1655282028615, 1655282028615, 0);
INSERT INTO articles (userId, categoryId, imageId, textId, views, tags, name, description, publishAt, id, createdAt, updatedAt, version) VALUES (1, 13, 19, 40, 0, 'abc,xyz,hello', 'signiferumque. 2', 'tale offendit ocurreret massa conubia massa dissentiunt bibendum.', 1655282028599, 125, 1655282028615, 1655282028615, 0);
INSERT INTO texts (hash, content, id, createdAt, updatedAt, version) VALUES ('68fe0cc63fc505e643635a28fa32af568a97c2cc9014a3f1ffa5b8e3d40c784b', '# tractatos tempus fermentum vocibus unum interpretaris affert id ubique errem.\n\niusto vix sapientem.\n\naliquip has curabitur tamquam interesset percipit instructior magna quaestio sapien deterruisset lacinia.\n\nante pro saperet vitae nobis ex sodales aeque dicunt rutrum constituto.\n\nintellegebat appetere natoque tritani penatibus ponderum sit cetero praesent indoctum.\n\nmandamus nisi elit mauris maiorum nostra prompta tantas nostrum mucius saperet quo.\n\nfames suscipit eros facilisis brute natoque bibendum sententiae mattis diam ornare dicunt dolorem ipsum cras accusata.\n\netiam legimus etiam persequeris habemus fastidii oporteat constituam te.\n\neam efficiantur feugait sadipscing regione elementum rutrum reprimique justo nulla.\n\ncommune patrioque partiendo expetendis semper cetero principes maecenas eius adhuc voluptatum harum urbanitas instructior eam liber sed quaeque.\n\nvoluptatum dicta mutat vivendo adolescens fames fermentum velit efficitur libero verear dictumst neglegentur contentiones.\n\n', 41, 1655282028615, 1655282028615, 0);
INSERT INTO articles (userId, categoryId, imageId, textId, views, tags, name, description, publishAt, id, createdAt, updatedAt, version) VALUES (1, 13, 21, 41, 0, 'abc,xyz,hello', 'lacus. 3', 'contentiones suscipiantur brute sadipscing lacus nam.', 1655282028600, 126, 1655282028615, 1655282028615, 0);
INSERT INTO texts (hash, content, id, createdAt, updatedAt, version) VALUES ('4c3b6c5b756859f9713361d5389b204b667922c0837916703a6a7a163ec14185', '# epicurei ac varius veri no iriure class.\n\na inceptos sollicitudin dicat convallis quas montes ferri.\n\nnulla ridiculus brute verterem quaeque convallis constituto primis vero nec imperdiet assueverit definitionem sit solum sociis epicurei alienum viderer.\n\nrisus usu tristique aeque mi duis aperiri maluisset posuere honestatis bibendum evertitur.\n\nreque vidisse.\n\nmediocrem quaeque iuvaret sem.\n\nluptatum ex dolore habemus tellus quo fugit iriure senserit cras civibus atomorum instructior pulvinar civibus dapibus civibus.\n\npertinax voluptatibus novum iusto.\n\nnec decore ornare mattis maecenas quot posse senserit civibus corrumpit.\n\ntincidunt cras sonet cursus cras ligula mollis laoreet fabulas verear neglegentur.\n\nmauris persius omittam deseruisse legere finibus docendi quem similique.\n\nsplendide malorum atomorum.\n\n', 42, 1655282028615, 1655282028615, 0);
INSERT INTO articles (userId, categoryId, imageId, textId, views, tags, name, description, publishAt, id, createdAt, updatedAt, version) VALUES (1, 13, 23, 42, 0, 'abc,xyz,hello', 'usu. 4', 'platea voluptatum agam mea ea.', 1655282028601, 127, 1655282028615, 1655282028615, 0);
INSERT INTO texts (hash, content, id, createdAt, updatedAt, version) VALUES ('0578137a9e8f61d4bba93c47ed54be99feafee08452b0747156e1cef45282e3a', '# invidunt pertinacia pulvinar cursus.\n\nviverra ante delenit eum alia pulvinar altera nunc dignissim ponderum enim euripidis unum prompta.\n\nconsequat et ne dignissim mnesarchum mediocritatem tristique fugit noster an.\n\nproin quaeque adipisci tractatos fuisset quot patrioque quidam legimus sollicitudin consul.\n\npericulis homero tamquam mattis interpretaris ei nobis at atomorum ridiculus.\n\nwisi delectus impetus metus fabellas per volutpat nostrum aenean habemus adolescens torquent aperiri penatibus evertitur facilisi malesuada.\n\nporttitor magnis adhuc enim adversarium.\n\nmollis pertinax posidonium fames efficitur iriure faucibus persius viderer maluisset gravida consequat.\n\nsociis quod possim dolores tortor delicata errem eos odio pellentesque elaboraret interpretaris reprimique natum scripserit efficiantur persecuti liber at.\n\neleifend congue quidam suscipiantur his civibus suscipiantur utroque splendide hendrerit duis cetero feugait egestas tempus.\n\nhabitant sociosqu.\n\ndolor cursus porttitor at duo montes.\n\nquam sea melius augue solet dictumst voluptatum turpis mandamus instructior ipsum ei accommodare fringilla.\n\nvolumus aliquip finibus neque neque aperiri verear dolores veri malesuada mucius suscipiantur quisque consectetuer eius platonem consul.\n\n', 43, 1655282028615, 1655282028615, 0);
INSERT INTO articles (userId, categoryId, imageId, textId, views, tags, name, description, publishAt, id, createdAt, updatedAt, version) VALUES (1, 13, 25, 43, 0, 'abc,xyz,hello', 'labores. 5', 'reprimique deterruisset adolescens praesent finibus.', 1655282028602, 128, 1655282028615, 1655282028615, 0);
INSERT INTO texts (hash, content, id, createdAt, updatedAt, version) VALUES ('f4f140408014c4211e7404291ca9e975805cf669ed51b3f8ad698efd696c69f6', '# sale pri eu.\n\nexplicari lacus sale impetus postea nostra.\n\nnoster habitant consetetur aliquip cras.\n\nquaeque aliquip singulis viris vis recteque hinc indoctum mucius melius natum alia offendit consequat.\n\nclass tellus sem mollis.\n\neius vivendo.\n\nmediocrem ultrices magna mutat novum lorem.\n\ninteger massa mauris.\n\nvituperatoribus adipisci alienum omnesque dicit commune dictas et noluisse euripidis etiam an veri no.\n\nultricies quem impetus posidonium ocurreret mollis possit dicta litora nisi dictas patrioque luctus doctus harum nobis.\n\nceteros pretium.\n\nindoctum quaeque voluptatum dictas omittam fringilla tractatos solet.\n\neu ac duis vitae unum iudicabit usu aeque donec enim sem pretium mea posuere vidisse posse nisi.\n\nalienum veniam duis tempus potenti maximus mea faucibus alia penatibus wisi pertinacia nobis.\n\n', 44, 1655282028615, 1655282028615, 0);
INSERT INTO articles (userId, categoryId, imageId, textId, views, tags, name, description, publishAt, id, createdAt, updatedAt, version) VALUES (1, 13, 27, 44, 0, 'abc,xyz,hello', 'molestie. 6', 'habitasse hac diam dolor ancillae nascetur inimicus elementum propriae.', 1655282028603, 129, 1655282028615, 1655282028615, 0);
INSERT INTO texts (hash, content, id, createdAt, updatedAt, version) VALUES ('1555d357cf70f2ebd8a515d8e3a78ad02587b465507af70cbabcc80d158767dc', '# est discere vocent verterem conclusionemque gravida.\n\nfugit docendi inimicus nihil.\n\nliber nominavi suas.\n\npopulo sadipscing mentitum causae faucibus convenire quas.\n\nfacilis noster suscipit netus prompta leo utamur eius mentitum elit veritus elit laoreet aeque quam.\n\nidque id eum utroque lacus utroque quis omittam ei agam ornatus invenire commune detracto inciderint condimentum possim efficitur decore tortor.\n\nmoderatius definitionem pertinax vocibus expetendis conclusionemque deseruisse fabulas voluptatum quaerendum verear oporteat maecenas graeco facilisi suas detracto sale tacimates.\n\nsapien impetus.\n\nmediocritatem dolorem comprehensam ocurreret possit omittantur tritani tempor reque alienum vivendo.\n\nconvallis tacimates ac mentitum et possim rhoncus quas egestas aeque purus pro.\n\nridiculus moderatius convenire ubique legere iisque instructior referrentur molestie viris consetetur graecis ponderum primis expetenda ne ignota movet.\n\nvis homero appetere singulis deseruisse dicant noluisse oporteat numquam noluisse diam eget nunc adversarium an enim.\n\nelit cras.\n\nurna saepe quem vestibulum vis viverra iudicabit expetenda unum noster mattis definiebas eget repudiare mandamus sadipscing urbanitas placerat.\n\nfringilla ignota definitiones viverra imperdiet recteque offendit moderatius sapien partiendo quo non praesent gubergren viverra facilisi dui.\n\ninceptos movet rhoncus vivendo ius detracto dicit consectetuer integer minim animal qui euismod elaboraret verterem torquent facilis vituperata.\n\n', 45, 1655282028615, 1655282028615, 0);
INSERT INTO articles (userId, categoryId, imageId, textId, views, tags, name, description, publishAt, id, createdAt, updatedAt, version) VALUES (1, 13, 29, 45, 0, 'abc,xyz,hello', 'fames. 7', 'gloriatur delenit nascetur laudem atqui ultricies iudicabit quo fusce.', 1655282028604, 130, 1655282028615, 1655282028615, 0);
INSERT INTO texts (hash, content, id, createdAt, updatedAt, version) VALUES ('a0e8053bd6f479e9dbfc9cf04fd0d28a6b7417197186b316294f262c902807c2', '# malesuada diam saperet.\n\nconsequat cu rutrum vim id sagittis convenire gubergren tota vel vim referrentur torquent reprimique consequat quot meliore aliquid adhuc.\n\npercipit docendi felis felis vulputate.\n\nfacilisis pulvinar utinam autem placerat mnesarchum commodo.\n\nferri.\n\nvolumus aliquam partiendo legere epicurei adversarium pericula vestibulum propriae faucibus cum fabulas.\n\nsapientem viverra an nam gloriatur lacinia dolores maiorum pericula omittam habeo dolore mi primis intellegat dolore.\n\nvelit habitant ipsum appetere purus mollis massa laudem purus sociis qui numquam.\n\nnihil.\n\ndiscere mucius purus porta causae magnis persequeris atqui honestatis molestie volumus.\n\nvoluptaria volutpat utinam vocent.\n\n', 46, 1655282028615, 1655282028615, 0);
INSERT INTO articles (userId, categoryId, imageId, textId, views, tags, name, description, publishAt, id, createdAt, updatedAt, version) VALUES (1, 13, 31, 46, 0, 'abc,xyz,hello', 'adipisci. 8', 'utroque vero referrentur.', 1655282028605, 131, 1655282028616, 1655282028616, 0);
INSERT INTO texts (hash, content, id, createdAt, updatedAt, version) VALUES ('57f549762e69b4a8298558abbf9d15d6dc8d34987f9f608c5c3c91e218773dd5', '# posidonium deserunt constituto posse errem placerat mutat graece mei vocibus.\n\nliber autem pro equidem saepe platea.\n\nvidisse iudicabit mel.\n\nregione dictumst sociis aptent dolorum splendide libero ex velit ridens fuisset consetetur fugit nobis tation quis.\n\nmovet est cras ludus consectetuer contentiones alienum natum minim tristique principes rutrum has impetus.\n\npostea ridiculus dis primis pellentesque erroribus rhoncus erroribus nisl quod class propriae civibus pro ignota homero.\n\nvestibulum augue duis splendide quaerendum litora.\n\ndefiniebas quem simul cum partiendo liber detracto vivendo libero torquent felis an neque purus hac libris.\n\namet eget et ubique mel.\n\nquas vituperatoribus enim quidam potenti indoctum quod inciderint saepe conclusionemque lorem cum purus cum aenean ancillae ipsum adolescens dolorem orci.\n\ngloriatur definitiones.\n\ndetraxit magnis cu legimus expetenda sociis.\n\nac pellentesque persecuti ea commune veniam alia maecenas altera solet novum persequeris class utinam invidunt class montes nulla verear nominavi.\n\n', 47, 1655282028616, 1655282028616, 0);
INSERT INTO articles (userId, categoryId, imageId, textId, views, tags, name, description, publishAt, id, createdAt, updatedAt, version) VALUES (1, 13, 33, 47, 0, 'abc,xyz,hello', 'novum. 9', 'dictumst inciderint dicam sollicitudin metus.', 1655282028606, 132, 1655282028616, 1655282028616, 0);
INSERT INTO texts (hash, content, id, createdAt, updatedAt, version) VALUES ('d3233f57c3d089eebeae61fb2e3735c50f8be61be0a5849c2f88432a6761ef60', '# natum posuere sapientem nobis posuere graece adipiscing.\n\ntamquam adhuc himenaeos atomorum suspendisse pellentesque morbi viris ludus porttitor himenaeos hac duo taciti tortor elaboraret quam pericula lobortis.\n\nsemper tation has mandamus adolescens dapibus error sententiae lobortis ornatus ac venenatis dictas expetenda populo suscipit ea vituperata deseruisse suscipit.\n\ndictum morbi consetetur detracto veritus rhoncus posuere nibh eum postea conceptam usu graece.\n\nsaepe.\n\nquo placerat wisi.\n\nqualisque pharetra massa elementum ornatus voluptatibus vis nullam habitant tantas petentium.\n\nalia reformidans definiebas noster delectus alienum feugait placerat.\n\nconsetetur assueverit numquam fugit mediocrem dolores putent elaboraret maecenas eos quaerendum malorum sit mei omnesque definitiones.\n\nquas constituam conceptam odio vel massa offendit aperiri graecis fuisset sonet convenire vel sociis vitae volutpat appetere ocurreret fugit.\n\nrecteque.\n\npericulis reprehendunt aliquip labores tantas moderatius porta patrioque reprehendunt singulis.\n\nveri ius fabulas interdum eam nisl oratio aliquam utinam dolorem mutat ridens consectetur fusce menandri etiam impetus.\n\nfacilis voluptatibus sapien.\n\nlaoreet nascetur delenit atomorum velit dictumst.\n\n', 48, 1655282028616, 1655282028616, 0);
INSERT INTO articles (userId, categoryId, imageId, textId, views, tags, name, description, publishAt, id, createdAt, updatedAt, version) VALUES (1, 13, 35, 48, 0, 'abc,xyz,hello', 'erroribus. 10', 'suspendisse.', 1655282028607, 133, 1655282028616, 1655282028616, 0);
INSERT INTO texts (hash, content, id, createdAt, updatedAt, version) VALUES ('0764b19e0f8df87d591c5b23ffc0ae135b89c00f9e49bce0aff49505c8597658', '# laoreet auctor convenire urbanitas curabitur at.\n\nhonestatis salutatus veniam cum suspendisse sanctus inceptos vituperatoribus adolescens posidonium numquam.\n\nperpetua atomorum pro enim efficiantur urbanitas noster maiestatis quem.\n\nper veri animal phasellus lorem ridiculus sale nunc.\n\ndictumst ridiculus ornatus risus repudiare suscipiantur veri.\n\ntaciti scripta condimentum inani.\n\nadversarium reprehendunt ad sententiae laudem alterum appetere quisque.\n\nconsectetuer iudicabit moderatius.\n\nfabulas simul ac evertitur torquent.\n\neum postulant possim senectus vis feugiat.\n\nlaoreet lobortis ipsum leo electram adhuc porttitor noluisse sea possim vero populo.\n\n', 49, 1655282028616, 1655282028616, 0);
INSERT INTO articles (userId, categoryId, imageId, textId, views, tags, name, description, publishAt, id, createdAt, updatedAt, version) VALUES (1, 13, 37, 49, 0, 'abc,xyz,hello', 'eleifend. 11', 'vituperatoribus.', 1655282028608, 134, 1655282028616, 1655282028616, 0);
INSERT INTO boards (topicNumber, locked, tag, name, description, displayOrder, id, createdAt, updatedAt, version) VALUES (0, false, 'sample', 'Discuss Sample', 'Discuss Sample.', 0, 50, 1655282028616, 1655282028616, 0);
INSERT INTO topics (boardId, userId, userName, userImageUrl, refType, refId, replyNumber, locked, name, content, id, createdAt, updatedAt, version) VALUES (50, 9, 'subscriber', '/static/img/user.png', 'NONE', 0, 0, false, 'liber efficiantur.1', 'solet pertinacia mnesarchum docendi verear senectus proin singulis eirmod debet dolores potenti senserit laudem nominavi iaculis maximus dicant equidem menandri periculis aenean veniam vero signiferumque.', 51, 1655282028600, 1655282028600, 0);
INSERT INTO topics (boardId, userId, userName, userImageUrl, refType, refId, replyNumber, locked, name, content, id, createdAt, updatedAt, version) VALUES (50, 9, 'subscriber', '/static/img/user.png', 'NONE', 0, 1, false, 'ante esse.2', 'delicata imperdiet veniam postulant indoctum maiorum electram sanctus habitasse est omnesque interesset vel civibus.', 52, 1655278428600, 1655278428600, 0);
INSERT INTO replies (topicId, userId, userName, userImageUrl, content, id, createdAt, updatedAt, version) VALUES (52, 9, 'subscriber', '/static/img/user.png', 'suscipiantur saepe cu iudicabit propriae adhuc habemus graeco hac suavitate fugit tincidunt atomorum amet efficitur dignissim sodales placerat viverra impetus magna feugait malesuada maiestatis eirmod invenire aeque detracto legimus maiestatis saepe tortor dico est scelerisque inciderint eros iriure iuvaret menandri efficiantur velit sea equidem elementum adolescens vis.', 135, 1655278368600, 1655278368600, 0);
INSERT INTO topics (boardId, userId, userName, userImageUrl, refType, refId, replyNumber, locked, name, content, id, createdAt, updatedAt, version) VALUES (50, 9, 'subscriber', '/static/img/user.png', 'NONE', 0, 2, false, 'graeci.3', 'mattis posse nobis eloquentiam sagittis viderer dolorum novum veri mattis conceptam reprehendunt fusce an class nominavi.', 53, 1655274828600, 1655274828600, 0);
INSERT INTO replies (topicId, userId, userName, userImageUrl, content, id, createdAt, updatedAt, version) VALUES (53, 9, 'subscriber', '/static/img/user.png', 'maluisset phasellus possim.', 136, 1655274768600, 1655274768600, 0);
INSERT INTO replies (topicId, userId, userName, userImageUrl, content, id, createdAt, updatedAt, version) VALUES (53, 9, 'subscriber', '/static/img/user.png', 'melius conubia singulis tale tempor aliquid expetenda reformidans te augue velit quaestio solet convenire accusata dolore curae menandri epicurei laoreet maecenas veritus quem vestibulum nibh reformidans erroribus curae maiorum sit tale accommodare faucibus nominavi elaboraret inani homero libris libris venenatis novum finibus volumus venenatis ultricies.', 137, 1655271168600, 1655271168600, 0);
INSERT INTO topics (boardId, userId, userName, userImageUrl, refType, refId, replyNumber, locked, name, content, id, createdAt, updatedAt, version) VALUES (50, 9, 'subscriber', '/static/img/user.png', 'NONE', 0, 3, false, 'senserit.4', 'fames eget vix lorem ornatus aeque dissentiunt conubia delectus meliore sed oratio ante feugait maiorum possit maximus utinam mutat ubique idque a lobortis has ligula ac.', 54, 1655271228600, 1655271228600, 0);
INSERT INTO replies (topicId, userId, userName, userImageUrl, content, id, createdAt, updatedAt, version) VALUES (54, 9, 'subscriber', '/static/img/user.png', 'quidam populo eloquentiam animal sociis putent graece ceteros quidam inceptos interpretaris vim.', 138, 1655271168600, 1655271168600, 0);
INSERT INTO replies (topicId, userId, userName, userImageUrl, content, id, createdAt, updatedAt, version) VALUES (54, 9, 'subscriber', '/static/img/user.png', 'tamquam primis graecis habemus aeque bibendum civibus sonet massa aptent sodales taciti saperet libero utroque faucibus nullam consectetuer ligula.', 139, 1655267568600, 1655267568600, 0);
INSERT INTO replies (topicId, userId, userName, userImageUrl, content, id, createdAt, updatedAt, version) VALUES (54, 9, 'subscriber', '/static/img/user.png', 'nec libero periculis elementum interesset.', 140, 1655263968600, 1655263968600, 0);
INSERT INTO topics (boardId, userId, userName, userImageUrl, refType, refId, replyNumber, locked, name, content, id, createdAt, updatedAt, version) VALUES (50, 9, 'subscriber', '/static/img/user.png', 'NONE', 0, 4, false, 'est.5', 'atomorum disputationi posidonium suspendisse senserit option habemus quod tation integer graecis ridens phasellus nullam habeo ancillae noster consetetur constituam sea nonumes.', 55, 1655267628600, 1655267628600, 0);
INSERT INTO replies (topicId, userId, userName, userImageUrl, content, id, createdAt, updatedAt, version) VALUES (55, 9, 'subscriber', '/static/img/user.png', 'ubique posuere cu qualisque eruditi offendit facilisi ludus primis habitasse nihil viris mnesarchum pertinacia orci id sanctus esse definitiones vim sonet.', 141, 1655267568600, 1655267568600, 0);
INSERT INTO replies (topicId, userId, userName, userImageUrl, content, id, createdAt, updatedAt, version) VALUES (55, 9, 'subscriber', '/static/img/user.png', 'quot habemus labores definitiones postulant libero convallis ceteros expetenda hac detraxit alienum fames detraxit elit inciderint auctor dicit singulis repudiare menandri amet graeci persecuti proin nihil.', 142, 1655263968600, 1655263968600, 0);
INSERT INTO replies (topicId, userId, userName, userImageUrl, content, id, createdAt, updatedAt, version) VALUES (55, 9, 'subscriber', '/static/img/user.png', 'quot eruditi possit tincidunt feugiat ludus ridens maluisset laudem affert instructior aliquid pertinacia melius doctus salutatus convallis veritus neque turpis civibus congue disputationi ceteros senectus ea risus novum posidonium menandri.', 143, 1655260368600, 1655260368600, 0);
INSERT INTO replies (topicId, userId, userName, userImageUrl, content, id, createdAt, updatedAt, version) VALUES (55, 9, 'subscriber', '/static/img/user.png', 'adhuc eruditi usu unum dicunt quaestio malesuada graece bibendum maluisset option propriae verear saperet massa vituperata sociosqu aliquip.', 144, 1655256768600, 1655256768600, 0);
INSERT INTO topics (boardId, userId, userName, userImageUrl, refType, refId, replyNumber, locked, name, content, id, createdAt, updatedAt, version) VALUES (50, 9, 'subscriber', '/static/img/user.png', 'NONE', 0, 5, false, 'quo volutpat fuisset.6', 'vivendo ocurreret class elementum adhuc laudem harum debet aeque nobis vis epicuri ornatus harum sonet tractatos integer viris proin dissentiunt.', 56, 1655264028600, 1655264028600, 0);
INSERT INTO replies (topicId, userId, userName, userImageUrl, content, id, createdAt, updatedAt, version) VALUES (56, 9, 'subscriber', '/static/img/user.png', 'bibendum eirmod molestie contentiones repudiare enim nisl fabellas cras vivamus numquam postea verterem non euripidis quem penatibus euismod delicata placerat conclusionemque diam facilisi etiam consectetuer maiorum verterem himenaeos primis faucibus parturient viderer adolescens nihil alia intellegat per natum eloquentiam leo comprehensam sociis postea dicam nascetur antiopam etiam legimus ne tincidunt.', 145, 1655263968600, 1655263968600, 0);
INSERT INTO replies (topicId, userId, userName, userImageUrl, content, id, createdAt, updatedAt, version) VALUES (56, 9, 'subscriber', '/static/img/user.png', 'enim libris augue his maluisset liber maximus quod vitae facilisi fastidii feugait maecenas ornare numquam viris utamur libero wisi hendrerit.', 146, 1655260368600, 1655260368600, 0);
INSERT INTO replies (topicId, userId, userName, userImageUrl, content, id, createdAt, updatedAt, version) VALUES (56, 9, 'subscriber', '/static/img/user.png', 'tantas audire semper maiestatis ludus alterum nullam platonem deserunt evertitur eloquentiam mollis omnesque cursus mattis putent dico risus habitant pulvinar verear deterruisset liber.', 147, 1655256768600, 1655256768600, 0);
INSERT INTO replies (topicId, userId, userName, userImageUrl, content, id, createdAt, updatedAt, version) VALUES (56, 9, 'subscriber', '/static/img/user.png', 'intellegat vix senserit habemus sodales definitionem tellus tristique neque duis porro mediocritatem morbi dictas delenit qualisque detracto pretium phasellus viverra tale ornare percipit mei intellegebat legimus laoreet augue atqui option luptatum invidunt tantas ad numquam posidonium.', 148, 1655253168600, 1655253168600, 0);
INSERT INTO replies (topicId, userId, userName, userImageUrl, content, id, createdAt, updatedAt, version) VALUES (56, 9, 'subscriber', '/static/img/user.png', 'quem perpetua simul his dui fastidii sea vivamus et aliquet sociis felis impetus scelerisque litora detraxit partiendo vero no epicurei novum definitionem adipiscing nulla morbi penatibus sea fames tation detracto utroque hendrerit finibus reque noluisse ceteros sagittis dicit ridiculus elitr ignota natoque feugait reque mediocrem.', 149, 1655249568600, 1655249568600, 0);
INSERT INTO topics (boardId, userId, userName, userImageUrl, refType, refId, replyNumber, locked, name, content, id, createdAt, updatedAt, version) VALUES (50, 9, 'subscriber', '/static/img/user.png', 'NONE', 0, 6, false, 'legimus urbanitas.7', 'unum verear legimus.', 57, 1655260428600, 1655260428600, 0);
INSERT INTO replies (topicId, userId, userName, userImageUrl, content, id, createdAt, updatedAt, version) VALUES (57, 9, 'subscriber', '/static/img/user.png', 'sententiae ut maiestatis mentitum posidonium euripidis tale verterem quaeque dolores consectetur idque vero commodo ubique.', 150, 1655260368600, 1655260368600, 0);
INSERT INTO replies (topicId, userId, userName, userImageUrl, content, id, createdAt, updatedAt, version) VALUES (57, 9, 'subscriber', '/static/img/user.png', 'maximus an lectus delenit numquam esse penatibus appareat.', 151, 1655256768600, 1655256768600, 0);
INSERT INTO replies (topicId, userId, userName, userImageUrl, content, id, createdAt, updatedAt, version) VALUES (57, 9, 'subscriber', '/static/img/user.png', 'sanctus antiopam etiam necessitatibus faucibus consectetuer solet aliquip necessitatibus maiorum urna.', 152, 1655253168600, 1655253168600, 0);
INSERT INTO replies (topicId, userId, userName, userImageUrl, content, id, createdAt, updatedAt, version) VALUES (57, 9, 'subscriber', '/static/img/user.png', 'quot partiendo interdum ridiculus delectus non montes eirmod facilisis maximus verear adhuc atqui nostra interpretaris class eius venenatis constituam verterem duis conceptam conceptam sanctus cras sadipscing mauris senectus hac facilisis adolescens intellegat veniam errem dicant cetero idque.', 153, 1655249568600, 1655249568600, 0);
INSERT INTO replies (topicId, userId, userName, userImageUrl, content, id, createdAt, updatedAt, version) VALUES (57, 9, 'subscriber', '/static/img/user.png', 'decore ceteros agam fusce inceptos populo cetero indoctum at recteque expetenda ocurreret inani legimus bibendum veri sale ut verear an deseruisse dissentiunt tortor veritus metus hendrerit condimentum platea urbanitas adversarium inimicus tation alia libero quaeque dictum sociosqu ad dissentiunt electram audire elitr idque ad vitae lacinia.', 154, 1655245968600, 1655245968600, 0);
INSERT INTO replies (topicId, userId, userName, userImageUrl, content, id, createdAt, updatedAt, version) VALUES (57, 9, 'subscriber', '/static/img/user.png', 'lectus oporteat mus mus eripuit interesset utroque option dictum feugait sociis vix voluptaria menandri convenire patrioque ipsum mattis indoctum voluptaria utinam elementum elementum sapien graece.', 155, 1655242368600, 1655242368600, 0);
INSERT INTO topics (boardId, userId, userName, userImageUrl, refType, refId, replyNumber, locked, name, content, id, createdAt, updatedAt, version) VALUES (50, 9, 'subscriber', '/static/img/user.png', 'NONE', 0, 7, false, 'venenatis.8', 'honestatis scripta hac dicat errem maecenas natoque solet facilisis gloriatur offendit verear ludus adipiscing mus himenaeos nascetur tibique scripserit pri vix repudiandae etiam pro praesent reprimique offendit fermentum dicant dicam eloquentiam bibendum pericula aliquip scripserit altera lacinia appetere magnis neque detracto idque percipit vituperatoribus fringilla perpetua.', 58, 1655256828600, 1655256828600, 0);
INSERT INTO replies (topicId, userId, userName, userImageUrl, content, id, createdAt, updatedAt, version) VALUES (58, 9, 'subscriber', '/static/img/user.png', 'dolorem.', 156, 1655256768600, 1655256768600, 0);
INSERT INTO replies (topicId, userId, userName, userImageUrl, content, id, createdAt, updatedAt, version) VALUES (58, 9, 'subscriber', '/static/img/user.png', 'suas detraxit facilisis sit condimentum tincidunt fames senectus noluisse suscipiantur inceptos molestie ac arcu quidam gloriatur nonumes equidem duo ex adversarium adolescens sanctus eros definitionem luctus ultrices sapien auctor postulant aliquid consequat curabitur pretium laudem eloquentiam discere iuvaret.', 157, 1655253168600, 1655253168600, 0);
INSERT INTO replies (topicId, userId, userName, userImageUrl, content, id, createdAt, updatedAt, version) VALUES (58, 9, 'subscriber', '/static/img/user.png', 'commune sodales suas.', 158, 1655249568600, 1655249568600, 0);
INSERT INTO replies (topicId, userId, userName, userImageUrl, content, id, createdAt, updatedAt, version) VALUES (58, 9, 'subscriber', '/static/img/user.png', 'quidam ante conubia delectus fabellas reformidans scripta nisi phasellus saperet molestie fringilla utinam oporteat contentiones nec ceteros feugiat volumus ante tractatos vel minim commodo vis persius euismod.', 159, 1655245968600, 1655245968600, 0);
INSERT INTO replies (topicId, userId, userName, userImageUrl, content, id, createdAt, updatedAt, version) VALUES (58, 9, 'subscriber', '/static/img/user.png', 'solet sonet mus sumo omittantur viderer dicam mauris veniam eros commune verear tritani porro fusce et volumus et quem vel primis quot senectus quo ancillae imperdiet graecis dissentiunt disputationi nascetur melius eripuit graece esse solet putent mucius fuisset tortor tristique.', 160, 1655242368600, 1655242368600, 0);
INSERT INTO replies (topicId, userId, userName, userImageUrl, content, id, createdAt, updatedAt, version) VALUES (58, 9, 'subscriber', '/static/img/user.png', 'velit metus facilis deterruisset interpretaris eius moderatius laoreet habitasse fusce an singulis ancillae.', 161, 1655238768600, 1655238768600, 0);
INSERT INTO replies (topicId, userId, userName, userImageUrl, content, id, createdAt, updatedAt, version) VALUES (58, 9, 'subscriber', '/static/img/user.png', 'taciti utinam habitasse.', 162, 1655235168600, 1655235168600, 0);
INSERT INTO topics (boardId, userId, userName, userImageUrl, refType, refId, replyNumber, locked, name, content, id, createdAt, updatedAt, version) VALUES (50, 9, 'subscriber', '/static/img/user.png', 'NONE', 0, 8, false, 'egestas vivamus.9', 'honestatis volumus theophrastus graeci tractatos blandit tritani verterem euismod error numquam commodo facilisi decore cu nunc condimentum cetero veri tritani vidisse tritani electram varius dis meliore amet pretium viverra blandit ligula errem potenti dissentiunt ferri fusce.', 59, 1655253228600, 1655253228600, 0);
INSERT INTO replies (topicId, userId, userName, userImageUrl, content, id, createdAt, updatedAt, version) VALUES (59, 9, 'subscriber', '/static/img/user.png', 'porro suspendisse accumsan quisque venenatis sapientem nibh tantas movet labores prompta persius volumus odio mediocrem erat proin has leo sagittis legimus disputationi malorum lorem quod appetere fuisset ubique imperdiet mus.', 163, 1655253168600, 1655253168600, 0);
INSERT INTO replies (topicId, userId, userName, userImageUrl, content, id, createdAt, updatedAt, version) VALUES (59, 9, 'subscriber', '/static/img/user.png', 'habemus intellegat theophrastus venenatis fabulas persecuti elementum evertitur antiopam iusto elaboraret lorem persequeris maiorum aperiri epicurei utroque voluptaria falli suavitate bibendum possim his aliquam eleifend accumsan pertinacia has volumus explicari habeo mandamus fringilla aenean turpis oporteat dis ultricies enim tractatos movet an vituperatoribus aliquip deserunt ultricies magna phasellus ludus.', 164, 1655249568600, 1655249568600, 0);
INSERT INTO replies (topicId, userId, userName, userImageUrl, content, id, createdAt, updatedAt, version) VALUES (59, 9, 'subscriber', '/static/img/user.png', 'propriae sapien ferri interpretaris nonumy eum curabitur fastidii wisi integer aperiri oratio tempus mea volutpat ullamcorper detracto ullamcorper numquam ponderum labores aliquam cubilia faucibus bibendum mandamus detraxit movet vis sale appareat definiebas pri.', 165, 1655245968600, 1655245968600, 0);
INSERT INTO replies (topicId, userId, userName, userImageUrl, content, id, createdAt, updatedAt, version) VALUES (59, 9, 'subscriber', '/static/img/user.png', 'pretium laudem latine faucibus nostrum tellus vituperatoribus sadipscing graece perpetua reprimique posse eros montes netus facilisi nisi senectus parturient deseruisse suscipit.', 166, 1655242368600, 1655242368600, 0);
INSERT INTO replies (topicId, userId, userName, userImageUrl, content, id, createdAt, updatedAt, version) VALUES (59, 9, 'subscriber', '/static/img/user.png', 'sententiae pertinacia elit egestas laudem oratio aperiri nibh quidam vocibus integer nec delenit etiam nonumes definitiones tractatos deserunt faucibus vidisse vehicula.', 167, 1655238768600, 1655238768600, 0);
INSERT INTO replies (topicId, userId, userName, userImageUrl, content, id, createdAt, updatedAt, version) VALUES (59, 9, 'subscriber', '/static/img/user.png', 'antiopam senserit tantas lacinia dui nobis mauris nisi errem discere.', 168, 1655235168600, 1655235168600, 0);
INSERT INTO replies (topicId, userId, userName, userImageUrl, content, id, createdAt, updatedAt, version) VALUES (59, 9, 'subscriber', '/static/img/user.png', 'penatibus placerat definiebas fabulas iriure dico mucius ludus ancillae offendit posse risus cu.', 169, 1655231568600, 1655231568600, 0);
INSERT INTO replies (topicId, userId, userName, userImageUrl, content, id, createdAt, updatedAt, version) VALUES (59, 9, 'subscriber', '/static/img/user.png', 'euismod congue sodales his sollicitudin natum litora porro ponderum consul molestie eu iriure idque offendit suscipiantur lorem inimicus sapien.', 170, 1655227968600, 1655227968600, 0);
INSERT INTO topics (boardId, userId, userName, userImageUrl, refType, refId, replyNumber, locked, name, content, id, createdAt, updatedAt, version) VALUES (50, 9, 'subscriber', '/static/img/user.png', 'NONE', 0, 9, false, 'dissentiunt.10', 'verear unum equidem postulant movet scripta mei nunc fames quas laoreet mucius ponderum sit epicuri sociis curae libris pericula verterem affert imperdiet fames vituperatoribus aptent latine deseruisse pri vis adversarium tellus expetenda blandit nulla semper urna interdum.', 60, 1655249628600, 1655249628600, 0);
INSERT INTO replies (topicId, userId, userName, userImageUrl, content, id, createdAt, updatedAt, version) VALUES (60, 9, 'subscriber', '/static/img/user.png', 'dicat melius nullam lectus referrentur himenaeos sit delectus cras noluisse rutrum cras.', 171, 1655249568600, 1655249568600, 0);
INSERT INTO replies (topicId, userId, userName, userImageUrl, content, id, createdAt, updatedAt, version) VALUES (60, 9, 'subscriber', '/static/img/user.png', 'regione causae theophrastus posidonium aenean imperdiet mandamus senserit atqui instructior scripserit ligula tota latine vestibulum cu ipsum lorem lectus curabitur possim constituam pericula consetetur magna tractatos interpretaris sanctus signiferumque ocurreret invidunt montes ligula amet interpretaris penatibus dictumst scelerisque periculis his vituperata ignota.', 172, 1655245968600, 1655245968600, 0);
INSERT INTO replies (topicId, userId, userName, userImageUrl, content, id, createdAt, updatedAt, version) VALUES (60, 9, 'subscriber', '/static/img/user.png', 'expetenda sit mi quaeque sale augue eruditi latine inani convenire egestas.', 173, 1655242368600, 1655242368600, 0);
INSERT INTO replies (topicId, userId, userName, userImageUrl, content, id, createdAt, updatedAt, version) VALUES (60, 9, 'subscriber', '/static/img/user.png', 'reque adversarium ante audire facilis brute massa nihil reformidans imperdiet unum eleifend consetetur qualisque instructior sapientem animal quaestio definitionem gubergren deseruisse quam vituperata erat urbanitas verear fermentum nostra ullamcorper maiorum tempus pellentesque signiferumque sapientem percipit singulis recteque mutat novum quaeque.', 174, 1655238768600, 1655238768600, 0);
INSERT INTO replies (topicId, userId, userName, userImageUrl, content, id, createdAt, updatedAt, version) VALUES (60, 9, 'subscriber', '/static/img/user.png', 'saepe reformidans civibus.', 175, 1655235168600, 1655235168600, 0);
INSERT INTO replies (topicId, userId, userName, userImageUrl, content, id, createdAt, updatedAt, version) VALUES (60, 9, 'subscriber', '/static/img/user.png', 'dicit et ligula mediocrem nisi metus posidonium himenaeos conclusionemque aenean cursus.', 176, 1655231568600, 1655231568600, 0);
INSERT INTO replies (topicId, userId, userName, userImageUrl, content, id, createdAt, updatedAt, version) VALUES (60, 9, 'subscriber', '/static/img/user.png', 'ea natum vocent accommodare adipisci pri litora doctus solum omittam wisi contentiones facilisi fames nisi consequat discere consectetuer repudiandae dolore deterruisset erroribus adolescens efficitur oporteat eros vix ornatus quisque hinc elitr theophrastus cursus tincidunt voluptatum gloriatur inciderint meliore mnesarchum rutrum persius lacinia solet mattis blandit vitae.', 177, 1655227968600, 1655227968600, 0);
INSERT INTO replies (topicId, userId, userName, userImageUrl, content, id, createdAt, updatedAt, version) VALUES (60, 9, 'subscriber', '/static/img/user.png', 'dictas posse dui meliore efficiantur ceteros aliquam sea commodo vim populo lacus solet fabellas litora suas odio quaeque constituto euismod cu dissentiunt suavitate viderer praesent vis lobortis instructior omnesque errem porro instructior platea falli reformidans ludus tempus venenatis.', 178, 1655224368600, 1655224368600, 0);
INSERT INTO replies (topicId, userId, userName, userImageUrl, content, id, createdAt, updatedAt, version) VALUES (60, 9, 'subscriber', '/static/img/user.png', 'quaeque hac tamquam mentitum dicam dolore solet accumsan referrentur splendide vivendo.', 179, 1655220768600, 1655220768600, 0);
INSERT INTO topics (boardId, userId, userName, userImageUrl, refType, refId, replyNumber, locked, name, content, id, createdAt, updatedAt, version) VALUES (50, 9, 'subscriber', '/static/img/user.png', 'NONE', 0, 10, false, 'dico aliquip scelerisque.11', 'vocibus iudicabit delectus tempus quam veri meliore invidunt lacinia morbi graece.', 61, 1655246028601, 1655246028601, 0);
INSERT INTO replies (topicId, userId, userName, userImageUrl, content, id, createdAt, updatedAt, version) VALUES (61, 9, 'subscriber', '/static/img/user.png', 'maximus his iudicabit adipisci sagittis verear intellegat dictumst oporteat ornare sapien regione unum ridens blandit possit vel varius aliquet mei delenit corrumpit graecis docendi nunc per ex platea efficitur tota menandri.', 180, 1655245968601, 1655245968601, 0);
INSERT INTO replies (topicId, userId, userName, userImageUrl, content, id, createdAt, updatedAt, version) VALUES (61, 9, 'subscriber', '/static/img/user.png', 'doctus simul hinc unum constituam proin deseruisse bibendum morbi eum disputationi qualisque autem sociis corrumpit ligula molestiae risus natum sale elementum partiendo blandit te ac taciti mattis lacinia posidonium luctus postea legimus dolorem reprehendunt erat pertinacia convallis hendrerit dissentiunt enim an massa aliquam fusce tempor populo.', 181, 1655242368601, 1655242368601, 0);
INSERT INTO replies (topicId, userId, userName, userImageUrl, content, id, createdAt, updatedAt, version) VALUES (61, 9, 'subscriber', '/static/img/user.png', 'petentium nibh suavitate purus magnis platonem urbanitas nobis ac scelerisque deterruisset qui varius elementum dolorum suscipiantur finibus quaestio vis deterruisset mi volutpat enim iuvaret ignota usu sed verear ancillae assueverit maiestatis reprehendunt veri homero autem dolore voluptaria ridiculus aliquam vehicula consectetuer habeo est metus.', 182, 1655238768601, 1655238768601, 0);
INSERT INTO replies (topicId, userId, userName, userImageUrl, content, id, createdAt, updatedAt, version) VALUES (61, 9, 'subscriber', '/static/img/user.png', 'atqui patrioque morbi pellentesque fringilla iudicabit scripta sapien eum omittantur consectetuer suscipiantur expetendis idque dico convenire vivendo.', 183, 1655235168601, 1655235168601, 0);
INSERT INTO replies (topicId, userId, userName, userImageUrl, content, id, createdAt, updatedAt, version) VALUES (61, 9, 'subscriber', '/static/img/user.png', 'justo tractatos elit debet curae imperdiet tristique mediocritatem laudem metus explicari pri orci mentitum tation metus et persius volumus sadipscing volumus mel alienum.', 184, 1655231568601, 1655231568601, 0);
INSERT INTO replies (topicId, userId, userName, userImageUrl, content, id, createdAt, updatedAt, version) VALUES (61, 9, 'subscriber', '/static/img/user.png', 'menandri detraxit maecenas noster.', 185, 1655227968601, 1655227968601, 0);
INSERT INTO replies (topicId, userId, userName, userImageUrl, content, id, createdAt, updatedAt, version) VALUES (61, 9, 'subscriber', '/static/img/user.png', 'rutrum fastidii malorum cum senserit conubia lacus comprehensam vis vehicula lectus dolorum iaculis ceteros ubique ubique suavitate harum erroribus ridens dicit est pulvinar consequat malorum pri doming curae oratio accumsan tantas theophrastus intellegebat dolorem inceptos nunc pericula legere docendi.', 186, 1655224368601, 1655224368601, 0);
INSERT INTO replies (topicId, userId, userName, userImageUrl, content, id, createdAt, updatedAt, version) VALUES (61, 9, 'subscriber', '/static/img/user.png', 'omnesque deseruisse sagittis odio theophrastus placerat sadipscing facilisi vehicula sumo mutat harum blandit consectetur suas definitiones mucius ullamcorper.', 187, 1655220768601, 1655220768601, 0);
INSERT INTO replies (topicId, userId, userName, userImageUrl, content, id, createdAt, updatedAt, version) VALUES (61, 9, 'subscriber', '/static/img/user.png', 'ridens eam ac scelerisque nunc dicta gubergren viverra duo dicta iriure ultricies euripidis vestibulum feugait tritani eum sit mollis luptatum epicurei tritani conceptam dicit quidam dico eum pro posuere adipisci suavitate inceptos dictas sapien sententiae metus sem.', 188, 1655217168601, 1655217168601, 0);
INSERT INTO replies (topicId, userId, userName, userImageUrl, content, id, createdAt, updatedAt, version) VALUES (61, 9, 'subscriber', '/static/img/user.png', 'nunc natum ei minim fermentum accommodare fabellas dolorem verear interesset eruditi justo tibique eros convenire suavitate lobortis enim unum finibus putent consequat fuisset iusto lectus quam repudiandae interpretaris torquent explicari fermentum postulant prodesset tempor ius tale doctus quidam nunc ridens senserit fugit.', 189, 1655213568601, 1655213568601, 0);
INSERT INTO topics (boardId, userId, userName, userImageUrl, refType, refId, replyNumber, locked, name, content, id, createdAt, updatedAt, version) VALUES (50, 9, 'subscriber', '/static/img/user.png', 'NONE', 0, 11, false, 'expetendis.12', 'felis class suscipit aptent melius finibus nisi hac reformidans offendit nostrum eros pharetra justo mucius periculis blandit quis honestatis id.', 62, 1655242428601, 1655242428601, 0);
INSERT INTO replies (topicId, userId, userName, userImageUrl, content, id, createdAt, updatedAt, version) VALUES (62, 9, 'subscriber', '/static/img/user.png', 'utamur gravida saperet lorem no quis vivamus expetendis solet sapien litora sententiae an discere persius elementum novum parturient aliquid graeci detracto aliquet sententiae vidisse utamur montes liber consequat expetenda vero delenit iudicabit efficitur imperdiet posuere vehicula efficiantur salutatus nisi dis doming inciderint efficiantur habeo discere utroque ut netus rutrum.', 190, 1655242368601, 1655242368601, 0);
INSERT INTO replies (topicId, userId, userName, userImageUrl, content, id, createdAt, updatedAt, version) VALUES (62, 9, 'subscriber', '/static/img/user.png', 'phasellus contentiones evertitur sententiae nisl nam dapibus natum dictas est id epicurei praesent augue pericula audire quod vocent utamur fabulas inimicus vivendo molestie ponderum posidonium erroribus fermentum veniam dicunt dissentiunt primis movet veniam nostra theophrastus constituto offendit utamur delicata eam alia regione curabitur nominavi salutatus mattis sapien tamquam.', 191, 1655238768601, 1655238768601, 0);
INSERT INTO replies (topicId, userId, userName, userImageUrl, content, id, createdAt, updatedAt, version) VALUES (62, 9, 'subscriber', '/static/img/user.png', 'mazim homero referrentur ex pri primis dicunt reformidans docendi pulvinar fringilla nibh mauris aliquid mus dicta verear pro possit velit elementum cetero periculis convallis faucibus per consul platea eos ligula perpetua dictum omnesque verear ferri alienum volumus.', 192, 1655235168601, 1655235168601, 0);
INSERT INTO replies (topicId, userId, userName, userImageUrl, content, id, createdAt, updatedAt, version) VALUES (62, 9, 'subscriber', '/static/img/user.png', 'sem platea bibendum dolores amet saperet egestas possit.', 193, 1655231568601, 1655231568601, 0);
INSERT INTO replies (topicId, userId, userName, userImageUrl, content, id, createdAt, updatedAt, version) VALUES (62, 9, 'subscriber', '/static/img/user.png', 'errem mi alia gloriatur blandit fusce nominavi tacimates altera quot expetenda eripuit erat alienum posuere tempus quaestio alterum ac reprimique fringilla harum nunc erat vero tibique legere verear congue id phasellus cu habemus bibendum netus faucibus sonet sapien integer vim evertitur eirmod posidonium minim pharetra.', 194, 1655227968601, 1655227968601, 0);
INSERT INTO replies (topicId, userId, userName, userImageUrl, content, id, createdAt, updatedAt, version) VALUES (62, 9, 'subscriber', '/static/img/user.png', 'conubia animal graeci qui risus minim explicari fusce.', 195, 1655224368601, 1655224368601, 0);
INSERT INTO replies (topicId, userId, userName, userImageUrl, content, id, createdAt, updatedAt, version) VALUES (62, 9, 'subscriber', '/static/img/user.png', 'tempor non pellentesque meliore habemus harum graeco tota parturient ut suscipit assueverit contentiones donec libero cursus malorum eum vel sadipscing malesuada tractatos iisque menandri intellegebat audire vituperata.', 196, 1655220768601, 1655220768601, 0);
INSERT INTO replies (topicId, userId, userName, userImageUrl, content, id, createdAt, updatedAt, version) VALUES (62, 9, 'subscriber', '/static/img/user.png', 'decore taciti expetenda delicata offendit partiendo omittam pericula quas maximus expetenda lorem sonet an expetendis posse laoreet montes.', 197, 1655217168601, 1655217168601, 0);
INSERT INTO replies (topicId, userId, userName, userImageUrl, content, id, createdAt, updatedAt, version) VALUES (62, 9, 'subscriber', '/static/img/user.png', 'doming dicit graeci signiferumque honestatis deserunt tritani.', 198, 1655213568601, 1655213568601, 0);
INSERT INTO replies (topicId, userId, userName, userImageUrl, content, id, createdAt, updatedAt, version) VALUES (62, 9, 'subscriber', '/static/img/user.png', 'pri.', 199, 1655209968601, 1655209968601, 0);
INSERT INTO replies (topicId, userId, userName, userImageUrl, content, id, createdAt, updatedAt, version) VALUES (62, 9, 'subscriber', '/static/img/user.png', 'usu.', 200, 1655206368601, 1655206368601, 0);
INSERT INTO topics (boardId, userId, userName, userImageUrl, refType, refId, replyNumber, locked, name, content, id, createdAt, updatedAt, version) VALUES (50, 9, 'subscriber', '/static/img/user.png', 'NONE', 0, 12, false, 'recteque augue mattis.13', 'saepe similique penatibus urna iriure his saperet sententiae graeci natum bibendum sententiae deserunt theophrastus.', 63, 1655238828601, 1655238828601, 0);
INSERT INTO replies (topicId, userId, userName, userImageUrl, content, id, createdAt, updatedAt, version) VALUES (63, 9, 'subscriber', '/static/img/user.png', 'luctus.', 201, 1655238768601, 1655238768601, 0);
INSERT INTO replies (topicId, userId, userName, userImageUrl, content, id, createdAt, updatedAt, version) VALUES (63, 9, 'subscriber', '/static/img/user.png', 'quaeque autem te referrentur moderatius semper tortor mus repudiare ancillae animal quam.', 202, 1655235168601, 1655235168601, 0);
INSERT INTO replies (topicId, userId, userName, userImageUrl, content, id, createdAt, updatedAt, version) VALUES (63, 9, 'subscriber', '/static/img/user.png', 'alterum posidonium putent mauris ludus pulvinar perpetua mentitum detracto scripta aptent imperdiet sollicitudin mucius fabellas iusto enim evertitur id.', 203, 1655231568601, 1655231568601, 0);
INSERT INTO replies (topicId, userId, userName, userImageUrl, content, id, createdAt, updatedAt, version) VALUES (63, 9, 'subscriber', '/static/img/user.png', 'vivendo fermentum ocurreret iisque.', 204, 1655227968601, 1655227968601, 0);
INSERT INTO replies (topicId, userId, userName, userImageUrl, content, id, createdAt, updatedAt, version) VALUES (63, 9, 'subscriber', '/static/img/user.png', 'dolor gravida cetero cursus cras conubia dolorem malorum sapientem audire necessitatibus a enim principes adipiscing moderatius nonumy morbi persequeris sociosqu equidem his corrumpit liber varius.', 205, 1655224368601, 1655224368601, 0);
INSERT INTO replies (topicId, userId, userName, userImageUrl, content, id, createdAt, updatedAt, version) VALUES (63, 9, 'subscriber', '/static/img/user.png', 'pericula errem graeci efficiantur habitasse diam bibendum instructior labores conubia quisque convenire usu cu diam maximus iisque aliquam aliquid ne.', 206, 1655220768601, 1655220768601, 0);
INSERT INTO replies (topicId, userId, userName, userImageUrl, content, id, createdAt, updatedAt, version) VALUES (63, 9, 'subscriber', '/static/img/user.png', 'volutpat graecis mollis ullamcorper fringilla fabulas qui detraxit ignota veritus etiam electram atomorum tale ut elaboraret nullam nunc suavitate legere adipisci porro lacus porta mea reque reformidans gloriatur himenaeos sem doctus platea voluptatum pri utamur ultricies minim.', 207, 1655217168601, 1655217168601, 0);
INSERT INTO replies (topicId, userId, userName, userImageUrl, content, id, createdAt, updatedAt, version) VALUES (63, 9, 'subscriber', '/static/img/user.png', 'donec consectetur urbanitas convenire vero principes nonumy populo porttitor molestiae efficitur dignissim propriae ancillae commune platea sadipscing et purus elaboraret cum suas urna est tempus feugiat mutat persius ea solum dictumst ante atqui vis placerat.', 208, 1655213568601, 1655213568601, 0);
INSERT INTO replies (topicId, userId, userName, userImageUrl, content, id, createdAt, updatedAt, version) VALUES (63, 9, 'subscriber', '/static/img/user.png', 'in ea unum simul deserunt esse porta vis fastidii tota his consetetur nihil delicata proin pharetra option dicam sed voluptatum per atqui inceptos posse percipit habitant posse wisi iaculis venenatis aperiri mucius prodesset periculis.', 209, 1655209968601, 1655209968601, 0);
INSERT INTO replies (topicId, userId, userName, userImageUrl, content, id, createdAt, updatedAt, version) VALUES (63, 9, 'subscriber', '/static/img/user.png', 'dicam rhoncus condimentum nisi no reque docendi dolor velit vulputate sale solet porta habitasse laoreet affert nec detracto similique evertitur deterruisset donec verear fames nostrum proin lectus felis iisque volutpat donec fabellas erroribus dictas mei.', 210, 1655206368601, 1655206368601, 0);
INSERT INTO replies (topicId, userId, userName, userImageUrl, content, id, createdAt, updatedAt, version) VALUES (63, 9, 'subscriber', '/static/img/user.png', 'et tation omnesque dico sed cursus graece phasellus salutatus duis vivamus vocibus eruditi recteque conceptam posuere vivendo eos laudem sanctus eius ultrices id debet eloquentiam nominavi.', 211, 1655202768601, 1655202768601, 0);
INSERT INTO replies (topicId, userId, userName, userImageUrl, content, id, createdAt, updatedAt, version) VALUES (63, 9, 'subscriber', '/static/img/user.png', 'errem mauris vero mauris elitr class delicata magnis feugait neglegentur omnesque melius class veri pulvinar populo nostrum porta praesent appetere penatibus.', 212, 1655199168601, 1655199168601, 0);
INSERT INTO topics (boardId, userId, userName, userImageUrl, refType, refId, replyNumber, locked, name, content, id, createdAt, updatedAt, version) VALUES (50, 9, 'subscriber', '/static/img/user.png', 'NONE', 0, 13, false, 'non finibus dissentiunt.14', 'consequat appareat atomorum nostrum dolore movet dissentiunt unum quam cetero quam harum laoreet facilisi hinc fringilla elitr epicuri mentitum sociis donec.', 64, 1655235228601, 1655235228601, 0);
INSERT INTO replies (topicId, userId, userName, userImageUrl, content, id, createdAt, updatedAt, version) VALUES (64, 9, 'subscriber', '/static/img/user.png', 'mea perpetua.', 213, 1655235168601, 1655235168601, 0);
INSERT INTO replies (topicId, userId, userName, userImageUrl, content, id, createdAt, updatedAt, version) VALUES (64, 9, 'subscriber', '/static/img/user.png', 'alia tacimates errem augue doming faucibus volutpat placerat lacinia dico error duo viverra iaculis definiebas comprehensam mea tritani lectus lacinia eu convallis vocent tincidunt eget sumo molestiae detracto suspendisse maecenas non definiebas decore diam homero omittantur conubia fastidii suspendisse qui error.', 214, 1655231568601, 1655231568601, 0);
INSERT INTO replies (topicId, userId, userName, userImageUrl, content, id, createdAt, updatedAt, version) VALUES (64, 9, 'subscriber', '/static/img/user.png', 'convenire lacus eam melius quam pro expetenda ferri vivamus mediocrem prodesset tortor eloquentiam affert eget movet reprimique vocibus tempus dicunt urbanitas eam feugiat conceptam appareat tantas dolor torquent perpetua convenire dico affert aliquid possim iisque iudicabit regione elit commodo velit qui senserit quem deterruisset eros unum eros interesset maluisset.', 215, 1655227968601, 1655227968601, 0);
INSERT INTO replies (topicId, userId, userName, userImageUrl, content, id, createdAt, updatedAt, version) VALUES (64, 9, 'subscriber', '/static/img/user.png', 'alienum dicat ridens dicta iudicabit recteque cetero equidem ancillae proin sale tristique quaeque dicunt nascetur pellentesque meliore vix vehicula porro erroribus donec molestie penatibus augue eos nulla meliore noluisse noster enim has fabellas audire civibus harum petentium.', 216, 1655224368601, 1655224368601, 0);
INSERT INTO replies (topicId, userId, userName, userImageUrl, content, id, createdAt, updatedAt, version) VALUES (64, 9, 'subscriber', '/static/img/user.png', 'taciti.', 217, 1655220768601, 1655220768601, 0);
INSERT INTO replies (topicId, userId, userName, userImageUrl, content, id, createdAt, updatedAt, version) VALUES (64, 9, 'subscriber', '/static/img/user.png', 'iisque intellegat wisi tempor populo movet quaerendum definitionem nonumy integer omittam dolore fringilla posuere quaestio reformidans option cum quis iuvaret laoreet delectus quaeque detracto splendide atqui posse dicat ferri.', 218, 1655217168601, 1655217168601, 0);
INSERT INTO replies (topicId, userId, userName, userImageUrl, content, id, createdAt, updatedAt, version) VALUES (64, 9, 'subscriber', '/static/img/user.png', 'repudiandae adipisci no regione scripserit elementum vivamus oporteat prompta epicurei dico mus rhoncus persecuti consetetur ultricies graeco erat menandri euripidis eros dapibus reprimique veritus auctor errem cu pellentesque tibique assueverit pretium primis salutatus sententiae autem est iudicabit inciderint veritus.', 219, 1655213568601, 1655213568601, 0);
INSERT INTO replies (topicId, userId, userName, userImageUrl, content, id, createdAt, updatedAt, version) VALUES (64, 9, 'subscriber', '/static/img/user.png', 'sanctus maecenas faucibus aperiri voluptatum dictum hendrerit oratio feugait ponderum error vituperata eirmod lobortis volumus patrioque legere pharetra morbi morbi cum sonet equidem dapibus labores turpis ex ad putent autem tristique eius mi ex potenti altera sit dignissim penatibus invenire alienum eloquentiam eripuit ludus.', 220, 1655209968601, 1655209968601, 0);
INSERT INTO replies (topicId, userId, userName, userImageUrl, content, id, createdAt, updatedAt, version) VALUES (64, 9, 'subscriber', '/static/img/user.png', 'id definiebas commune vituperata evertitur detraxit ad at ex commune bibendum suspendisse reformidans repudiare maiorum mnesarchum ponderum ridiculus graece elaboraret vis ancillae vestibulum mnesarchum malorum elementum homero vivendo nisl ludus vocent mucius velit hac suavitate non laudem ridens dignissim placerat ullamcorper netus perpetua efficitur reprimique interdum.', 221, 1655206368601, 1655206368601, 0);
INSERT INTO replies (topicId, userId, userName, userImageUrl, content, id, createdAt, updatedAt, version) VALUES (64, 9, 'subscriber', '/static/img/user.png', 'dis vitae doming justo pri libris quis per regione.', 222, 1655202768601, 1655202768601, 0);
INSERT INTO replies (topicId, userId, userName, userImageUrl, content, id, createdAt, updatedAt, version) VALUES (64, 9, 'subscriber', '/static/img/user.png', 'omittam consetetur ullamcorper indoctum interesset errem risus massa graeci affert omittantur ius definiebas volutpat solum varius feugait risus integer nihil deseruisse sapientem hac similique quam vitae congue tortor sodales quod rhoncus dico suspendisse aenean alienum propriae id at solum.', 223, 1655199168601, 1655199168601, 0);
INSERT INTO replies (topicId, userId, userName, userImageUrl, content, id, createdAt, updatedAt, version) VALUES (64, 9, 'subscriber', '/static/img/user.png', 'felis eum dicant justo natum ullamcorper antiopam pro inciderint voluptatibus sed splendide reprimique fusce assueverit maiestatis.', 224, 1655195568601, 1655195568601, 0);
INSERT INTO replies (topicId, userId, userName, userImageUrl, content, id, createdAt, updatedAt, version) VALUES (64, 9, 'subscriber', '/static/img/user.png', 'docendi disputationi splendide atqui eleifend quot in natoque ridens maiorum condimentum turpis etiam faucibus curabitur decore.', 225, 1655191968601, 1655191968601, 0);
INSERT INTO topics (boardId, userId, userName, userImageUrl, refType, refId, replyNumber, locked, name, content, id, createdAt, updatedAt, version) VALUES (50, 9, 'subscriber', '/static/img/user.png', 'NONE', 0, 14, false, 'evertitur fuisset falli.15', 'ancillae principes nostrum gloriatur feugiat eloquentiam possim molestie montes dolor verterem urna varius saperet ac equidem.', 65, 1655231628602, 1655231628602, 0);
INSERT INTO replies (topicId, userId, userName, userImageUrl, content, id, createdAt, updatedAt, version) VALUES (65, 9, 'subscriber', '/static/img/user.png', 'posidonium sollicitudin curabitur dolorem eripuit ipsum sit bibendum fastidii pharetra dicam recteque vel detraxit auctor neglegentur vituperata oratio torquent saperet lacinia phasellus corrumpit.', 226, 1655231568602, 1655231568602, 0);
INSERT INTO replies (topicId, userId, userName, userImageUrl, content, id, createdAt, updatedAt, version) VALUES (65, 9, 'subscriber', '/static/img/user.png', 'tibique commodo eius nascetur mus his leo vehicula his posidonium tantas similique vidisse habeo interdum hinc accusata himenaeos falli veniam suscipiantur reprimique tristique unum quas corrumpit duo maluisset volutpat saepe novum molestiae adolescens elitr persecuti populo mucius nullam sit taciti melius.', 227, 1655227968602, 1655227968602, 0);
INSERT INTO replies (topicId, userId, userName, userImageUrl, content, id, createdAt, updatedAt, version) VALUES (65, 9, 'subscriber', '/static/img/user.png', 'atomorum accusata vestibulum dolore reprimique habitasse nisi eget mollis signiferumque efficitur alterum principes moderatius etiam quis imperdiet deserunt noluisse suas repudiandae vivamus platea antiopam detracto.', 228, 1655224368602, 1655224368602, 0);
INSERT INTO replies (topicId, userId, userName, userImageUrl, content, id, createdAt, updatedAt, version) VALUES (65, 9, 'subscriber', '/static/img/user.png', 'himenaeos facilisi solum pulvinar sollicitudin solet ocurreret ultricies libris cetero affert posidonium mazim sollicitudin fugit definitiones vehicula mea phasellus partiendo.', 229, 1655220768602, 1655220768602, 0);
INSERT INTO replies (topicId, userId, userName, userImageUrl, content, id, createdAt, updatedAt, version) VALUES (65, 9, 'subscriber', '/static/img/user.png', 'deseruisse aliquip audire fabellas dolore tortor erat adhuc populo malesuada dico aliquip aperiri adolescens leo torquent partiendo vocibus affert pretium inimicus hinc ius efficitur rhoncus libris dicunt finibus phasellus phasellus ornatus vituperatoribus saperet.', 230, 1655217168602, 1655217168602, 0);
INSERT INTO replies (topicId, userId, userName, userImageUrl, content, id, createdAt, updatedAt, version) VALUES (65, 9, 'subscriber', '/static/img/user.png', 'option postulant gloriatur graece magna fugit adversarium omnesque ponderum lectus etiam ante fugit luctus graeco dicat class possit tibique ancillae euripidis legere eam quisque blandit adipiscing dolores cetero placerat pellentesque sem parturient alia eruditi maecenas dictumst facilisis constituto rutrum eloquentiam libero sale fastidii dui at habeo nunc.', 231, 1655213568602, 1655213568602, 0);
INSERT INTO replies (topicId, userId, userName, userImageUrl, content, id, createdAt, updatedAt, version) VALUES (65, 9, 'subscriber', '/static/img/user.png', 'lacus hac praesent graecis.', 232, 1655209968602, 1655209968602, 0);
INSERT INTO replies (topicId, userId, userName, userImageUrl, content, id, createdAt, updatedAt, version) VALUES (65, 9, 'subscriber', '/static/img/user.png', 'oporteat.', 233, 1655206368602, 1655206368602, 0);
INSERT INTO replies (topicId, userId, userName, userImageUrl, content, id, createdAt, updatedAt, version) VALUES (65, 9, 'subscriber', '/static/img/user.png', 'dicam inceptos natum necessitatibus propriae gloriatur molestie elitr iuvaret class efficitur inciderint ullamcorper detraxit vivendo cubilia lobortis fermentum utinam interpretaris vim consequat deseruisse wisi simul maiorum tristique aliquam dolore veniam persius ac detraxit aliquid similique possim bibendum platea netus malorum habitant luctus has natum libero.', 234, 1655202768602, 1655202768602, 0);
INSERT INTO replies (topicId, userId, userName, userImageUrl, content, id, createdAt, updatedAt, version) VALUES (65, 9, 'subscriber', '/static/img/user.png', 'consequat felis pri pro dolorum eirmod pertinacia graeco molestiae ceteros prodesset latine est phasellus putent definitiones vis sollicitudin dolor deserunt ea comprehensam regione.', 235, 1655199168602, 1655199168602, 0);
INSERT INTO replies (topicId, userId, userName, userImageUrl, content, id, createdAt, updatedAt, version) VALUES (65, 9, 'subscriber', '/static/img/user.png', 'mauris venenatis pellentesque adolescens fusce inciderint odio blandit utroque reprimique varius ipsum natum legere tacimates utamur omnesque similique ceteros.', 236, 1655195568602, 1655195568602, 0);
INSERT INTO replies (topicId, userId, userName, userImageUrl, content, id, createdAt, updatedAt, version) VALUES (65, 9, 'subscriber', '/static/img/user.png', 'dictum constituam deserunt lacus offendit esse nulla populo iusto consectetuer esse doctus adhuc usu facilisi fugit cetero vocibus impetus graecis suavitate.', 237, 1655191968602, 1655191968602, 0);
INSERT INTO replies (topicId, userId, userName, userImageUrl, content, id, createdAt, updatedAt, version) VALUES (65, 9, 'subscriber', '/static/img/user.png', 'assueverit neglegentur pericula porttitor mea est possit alia oporteat nam ad platonem ante.', 238, 1655188368602, 1655188368602, 0);
INSERT INTO replies (topicId, userId, userName, userImageUrl, content, id, createdAt, updatedAt, version) VALUES (65, 9, 'subscriber', '/static/img/user.png', 'vero parturient nonumes pro eruditi integer viris veritus veniam utamur conclusionemque similique mnesarchum quis verterem utinam malesuada imperdiet principes quidam lorem parturient odio oporteat congue dicit tempus primis disputationi aenean omittam dicit detraxit sodales ornare leo tale solum dicta cras vel ac.', 239, 1655184768602, 1655184768602, 0);
INSERT INTO topics (boardId, userId, userName, userImageUrl, refType, refId, replyNumber, locked, name, content, id, createdAt, updatedAt, version) VALUES (50, 9, 'subscriber', '/static/img/user.png', 'NONE', 0, 15, false, 'deserunt labores.16', 'porta non pulvinar menandri contentiones vivendo meliore conclusionemque meliore congue mea autem lectus lacinia natoque wisi brute ultrices scripta maiestatis deseruisse legimus reprehendunt vulputate erat volutpat iaculis tibique.', 66, 1655228028603, 1655228028603, 0);
INSERT INTO replies (topicId, userId, userName, userImageUrl, content, id, createdAt, updatedAt, version) VALUES (66, 9, 'subscriber', '/static/img/user.png', 'habitant fames repudiare scelerisque magnis molestiae mediocrem egestas congue pro penatibus repudiare justo accumsan malesuada pretium eos quam quo metus impetus.', 240, 1655227968603, 1655227968603, 0);
INSERT INTO replies (topicId, userId, userName, userImageUrl, content, id, createdAt, updatedAt, version) VALUES (66, 9, 'subscriber', '/static/img/user.png', 'turpis mnesarchum vim reprehendunt leo eloquentiam an invenire.', 241, 1655224368603, 1655224368603, 0);
INSERT INTO replies (topicId, userId, userName, userImageUrl, content, id, createdAt, updatedAt, version) VALUES (66, 9, 'subscriber', '/static/img/user.png', 'doming dictas inimicus dolore instructior no luctus debet himenaeos facilisis suscipit iusto vestibulum mollis id vel pellentesque meliore torquent recteque appetere tota dolore dicant sociosqu id nascetur ligula pro mea intellegebat scelerisque ex efficitur tempus perpetua postulant alia detraxit.', 242, 1655220768603, 1655220768603, 0);
INSERT INTO replies (topicId, userId, userName, userImageUrl, content, id, createdAt, updatedAt, version) VALUES (66, 9, 'subscriber', '/static/img/user.png', 'prodesset ridiculus vix ludus regione graecis melius eos rutrum evertitur lacinia interpretaris duo posidonium aliquid consetetur lectus facilis causae mutat debet penatibus evertitur enim quot malesuada ante constituto.', 243, 1655217168603, 1655217168603, 0);
INSERT INTO replies (topicId, userId, userName, userImageUrl, content, id, createdAt, updatedAt, version) VALUES (66, 9, 'subscriber', '/static/img/user.png', 'recteque ludus vivendo fringilla his delicata vocent dicta postulant reprimique habeo efficiantur vocent a quem pretium sapientem harum dico mentitum intellegebat signiferumque partiendo graeci reprehendunt malesuada eruditi vel ei pro felis torquent percipit himenaeos reformidans his veri doctus his animal meliore.', 244, 1655213568603, 1655213568603, 0);
INSERT INTO replies (topicId, userId, userName, userImageUrl, content, id, createdAt, updatedAt, version) VALUES (66, 9, 'subscriber', '/static/img/user.png', 'utamur dolorem te iudicabit class non hendrerit ocurreret iriure necessitatibus pertinacia posse posse saperet dignissim quem libris adipisci petentium persecuti.', 245, 1655209968603, 1655209968603, 0);
INSERT INTO replies (topicId, userId, userName, userImageUrl, content, id, createdAt, updatedAt, version) VALUES (66, 9, 'subscriber', '/static/img/user.png', 'quo ei risus partiendo mattis doctus splendide fames invidunt vim decore voluptatibus fuisset molestiae blandit instructior molestie condimentum.', 246, 1655206368603, 1655206368603, 0);
INSERT INTO replies (topicId, userId, userName, userImageUrl, content, id, createdAt, updatedAt, version) VALUES (66, 9, 'subscriber', '/static/img/user.png', 'habemus mus tamquam tortor error nisl vix inciderint agam tristique sale expetenda habemus mucius.', 247, 1655202768603, 1655202768603, 0);
INSERT INTO replies (topicId, userId, userName, userImageUrl, content, id, createdAt, updatedAt, version) VALUES (66, 9, 'subscriber', '/static/img/user.png', 'pretium deseruisse neque aenean explicari putent elaboraret postea his regione contentiones egestas vivendo potenti dolores ubique perpetua altera duis mediocrem causae explicari pellentesque suscipiantur adhuc dictumst hinc netus potenti tacimates splendide nostrum nobis malorum nostrum reprimique amet equidem commodo omnesque.', 248, 1655199168603, 1655199168603, 0);
INSERT INTO replies (topicId, userId, userName, userImageUrl, content, id, createdAt, updatedAt, version) VALUES (66, 9, 'subscriber', '/static/img/user.png', 'propriae porta principes.', 249, 1655195568603, 1655195568603, 0);
INSERT INTO replies (topicId, userId, userName, userImageUrl, content, id, createdAt, updatedAt, version) VALUES (66, 9, 'subscriber', '/static/img/user.png', 'quaerendum usu sociosqu vulputate liber persius sodales ridens commodo elitr montes amet viris legimus facilisi quis turpis utroque molestiae usu impetus verterem convallis regione vis.', 250, 1655191968603, 1655191968603, 0);
INSERT INTO replies (topicId, userId, userName, userImageUrl, content, id, createdAt, updatedAt, version) VALUES (66, 9, 'subscriber', '/static/img/user.png', 'omnesque definitionem splendide singulis egestas consectetuer accommodare mentitum erat mentitum donec consectetur definitionem volutpat nullam quaeque delectus alienum.', 251, 1655188368603, 1655188368603, 0);
INSERT INTO replies (topicId, userId, userName, userImageUrl, content, id, createdAt, updatedAt, version) VALUES (66, 9, 'subscriber', '/static/img/user.png', 'agam et nunc pri eu signiferumque consetetur luctus quas veniam quo consequat massa pulvinar mucius ei eius semper option velit parturient euripidis consequat facilisi affert integer condimentum alia integer viris scripserit proin porta orci leo mus ludus commune odio platonem novum lorem facilisis laoreet sapien ius quem tristique affert.', 252, 1655184768603, 1655184768603, 0);
INSERT INTO replies (topicId, userId, userName, userImageUrl, content, id, createdAt, updatedAt, version) VALUES (66, 9, 'subscriber', '/static/img/user.png', 'habitant imperdiet vulputate integer tempus facilisis impetus at appetere maecenas tota gravida consectetuer wisi vituperata malesuada interesset scelerisque class platonem error altera natum suspendisse nonumy morbi appetere habitasse consectetuer sanctus integer his rutrum hac congue invenire est propriae graeco.', 253, 1655181168603, 1655181168603, 0);
INSERT INTO replies (topicId, userId, userName, userImageUrl, content, id, createdAt, updatedAt, version) VALUES (66, 9, 'subscriber', '/static/img/user.png', 'praesent cum litora convenire facilisis.', 254, 1655177568603, 1655177568603, 0);
INSERT INTO topics (boardId, userId, userName, userImageUrl, refType, refId, replyNumber, locked, name, content, id, createdAt, updatedAt, version) VALUES (50, 9, 'subscriber', '/static/img/user.png', 'NONE', 0, 16, false, 'tibique ne ac.17', 'numquam in ridiculus eum atomorum delectus veritus pertinax enim repudiare nominavi laoreet quas augue facilisis disputationi sumo cetero habeo varius dui oratio ex non utinam fastidii maluisset inimicus.', 67, 1655224428603, 1655224428603, 0);
INSERT INTO replies (topicId, userId, userName, userImageUrl, content, id, createdAt, updatedAt, version) VALUES (67, 9, 'subscriber', '/static/img/user.png', 'unum lacus turpis dui cursus fusce aliquam id in inciderint nonumes hendrerit detracto alienum discere.', 255, 1655224368603, 1655224368603, 0);
INSERT INTO replies (topicId, userId, userName, userImageUrl, content, id, createdAt, updatedAt, version) VALUES (67, 9, 'subscriber', '/static/img/user.png', 'natum offendit lectus laoreet duis venenatis iisque cras consectetur fringilla.', 256, 1655220768603, 1655220768603, 0);
INSERT INTO replies (topicId, userId, userName, userImageUrl, content, id, createdAt, updatedAt, version) VALUES (67, 9, 'subscriber', '/static/img/user.png', 'graeci simul adolescens contentiones idque maluisset persequeris honestatis arcu feugait dissentiunt impetus idque oratio sadipscing vivamus cetero ponderum risus moderatius dicat graece maiestatis contentiones dicant vocibus vis delenit.', 257, 1655217168603, 1655217168603, 0);
INSERT INTO replies (topicId, userId, userName, userImageUrl, content, id, createdAt, updatedAt, version) VALUES (67, 9, 'subscriber', '/static/img/user.png', 'affert quod gubergren oporteat proin idque detraxit elit populo verear magna repudiandae sapientem nisl ornatus idque mediocritatem.', 258, 1655213568603, 1655213568603, 0);
INSERT INTO replies (topicId, userId, userName, userImageUrl, content, id, createdAt, updatedAt, version) VALUES (67, 9, 'subscriber', '/static/img/user.png', 'maiestatis lobortis perpetua dui petentium eruditi nascetur tota necessitatibus propriae definitionem tristique senserit porttitor ac euismod evertitur pericula consectetur singulis offendit lectus iudicabit expetendis eos montes morbi metus dicant imperdiet vitae falli porttitor pro alienum lobortis atqui ornare unum natum usu eruditi phasellus eripuit tamquam deseruisse.', 259, 1655209968603, 1655209968603, 0);
INSERT INTO replies (topicId, userId, userName, userImageUrl, content, id, createdAt, updatedAt, version) VALUES (67, 9, 'subscriber', '/static/img/user.png', 'debet postea dictum sem tractatos bibendum massa sale purus ponderum comprehensam eros urbanitas erat quaerendum ponderum fringilla nominavi ubique porta suas ridens facilisis a cu vero altera molestie causae dissentiunt inciderint solet augue.', 260, 1655206368603, 1655206368603, 0);
INSERT INTO replies (topicId, userId, userName, userImageUrl, content, id, createdAt, updatedAt, version) VALUES (67, 9, 'subscriber', '/static/img/user.png', 'scelerisque phasellus tempor ludus placerat regione sodales legimus laoreet labores mus magnis quisque imperdiet libero tempor pellentesque.', 261, 1655202768603, 1655202768603, 0);
INSERT INTO replies (topicId, userId, userName, userImageUrl, content, id, createdAt, updatedAt, version) VALUES (67, 9, 'subscriber', '/static/img/user.png', 'ridiculus elaboraret splendide reprehendunt ligula nibh nullam mazim nam elaboraret dicant mel melius consectetuer constituam malesuada himenaeos minim dicam liber torquent delectus voluptatibus nihil nibh libero quis et dis euismod unum simul vivendo fusce vitae fugit eos non potenti accumsan cu fuisset taciti repudiandae ante.', 262, 1655199168603, 1655199168603, 0);
INSERT INTO replies (topicId, userId, userName, userImageUrl, content, id, createdAt, updatedAt, version) VALUES (67, 9, 'subscriber', '/static/img/user.png', 'ea facilis atqui his maluisset magnis viris mazim potenti sagittis ancillae turpis dicam posidonium.', 263, 1655195568603, 1655195568603, 0);
INSERT INTO replies (topicId, userId, userName, userImageUrl, content, id, createdAt, updatedAt, version) VALUES (67, 9, 'subscriber', '/static/img/user.png', 'et debet malorum.', 264, 1655191968603, 1655191968603, 0);
INSERT INTO replies (topicId, userId, userName, userImageUrl, content, id, createdAt, updatedAt, version) VALUES (67, 9, 'subscriber', '/static/img/user.png', 'prompta nibh vivendo sodales nobis alia epicuri possim habeo fringilla detracto vel libris malorum suscipit repudiandae montes autem nec inani aliquid sanctus no sadipscing sapien audire appareat sadipscing vehicula noster sagittis dicant ferri civibus faucibus eripuit dis invenire semper audire necessitatibus vulputate.', 265, 1655188368603, 1655188368603, 0);
INSERT INTO replies (topicId, userId, userName, userImageUrl, content, id, createdAt, updatedAt, version) VALUES (67, 9, 'subscriber', '/static/img/user.png', 'condimentum liber lobortis eum regione consul cras lacus nibh solum inceptos tristique natum volumus referrentur convenire alterum appetere.', 266, 1655184768603, 1655184768603, 0);
INSERT INTO replies (topicId, userId, userName, userImageUrl, content, id, createdAt, updatedAt, version) VALUES (67, 9, 'subscriber', '/static/img/user.png', 'tibique convallis elitr suas adversarium porta nam fugit commodo reprimique referrentur assueverit recteque equidem saepe decore discere facilisis dictumst sociis aliquid sagittis ridens periculis ignota homero saperet sapientem interpretaris viderer placerat brute sem etiam referrentur verear faucibus tamquam alienum invidunt harum vivamus omnesque dolores ullamcorper expetendis sociis inceptos.', 267, 1655181168603, 1655181168603, 0);
INSERT INTO replies (topicId, userId, userName, userImageUrl, content, id, createdAt, updatedAt, version) VALUES (67, 9, 'subscriber', '/static/img/user.png', 'magna minim placerat quod maximus pri vitae adhuc cursus dicit deterruisset urna euismod omittantur facilis graece docendi ocurreret definitiones eos brute curae magna veritus quem habitant fuisset malesuada utroque consectetuer quot iisque dicunt moderatius autem eius scelerisque cursus mutat qualisque.', 268, 1655177568603, 1655177568603, 0);
INSERT INTO replies (topicId, userId, userName, userImageUrl, content, id, createdAt, updatedAt, version) VALUES (67, 9, 'subscriber', '/static/img/user.png', 'sit populo voluptatum porta leo oporteat ceteros wisi option eripuit risus debet sodales offendit minim nisl nibh partiendo consequat mucius quot fermentum eam mattis in.', 269, 1655173968603, 1655173968603, 0);
INSERT INTO replies (topicId, userId, userName, userImageUrl, content, id, createdAt, updatedAt, version) VALUES (67, 9, 'subscriber', '/static/img/user.png', 'dico class atomorum epicuri potenti urbanitas reprehendunt qualisque odio cursus ornatus falli senserit expetenda maecenas mutat.', 270, 1655170368603, 1655170368603, 0);
INSERT INTO topics (boardId, userId, userName, userImageUrl, refType, refId, replyNumber, locked, name, content, id, createdAt, updatedAt, version) VALUES (50, 9, 'subscriber', '/static/img/user.png', 'NONE', 0, 17, false, 'intellegat delenit.18', 'sadipscing varius patrioque vituperata congue harum utamur adolescens ligula himenaeos appareat felis dicunt mucius moderatius leo aperiri aliquam.', 68, 1655220828603, 1655220828603, 0);
INSERT INTO replies (topicId, userId, userName, userImageUrl, content, id, createdAt, updatedAt, version) VALUES (68, 9, 'subscriber', '/static/img/user.png', 'dolorum suspendisse senserit.', 271, 1655220768603, 1655220768603, 0);
INSERT INTO replies (topicId, userId, userName, userImageUrl, content, id, createdAt, updatedAt, version) VALUES (68, 9, 'subscriber', '/static/img/user.png', 'solet cursus maecenas rutrum mediocrem numquam dolorum saepe quis bibendum animal quaerendum dicta dolore eam accusata detraxit saepe moderatius fusce gubergren necessitatibus tale maiestatis singulis fringilla risus pro porta metus auctor sonet turpis euismod adolescens harum tortor montes veri habeo interdum ubique mediocritatem deterruisset iudicabit.', 272, 1655217168603, 1655217168603, 0);
INSERT INTO replies (topicId, userId, userName, userImageUrl, content, id, createdAt, updatedAt, version) VALUES (68, 9, 'subscriber', '/static/img/user.png', 'error in veri error hendrerit a equidem doming pertinacia instructior venenatis phasellus at dicunt suavitate cum petentium atomorum sapientem errem definitiones tamquam venenatis nonumy theophrastus finibus netus causae luctus molestiae quem meliore tale odio offendit purus impetus quem omittantur eget eam.', 273, 1655213568603, 1655213568603, 0);
INSERT INTO replies (topicId, userId, userName, userImageUrl, content, id, createdAt, updatedAt, version) VALUES (68, 9, 'subscriber', '/static/img/user.png', 'vivamus indoctum causae nunc eirmod consectetur.', 274, 1655209968603, 1655209968603, 0);
INSERT INTO replies (topicId, userId, userName, userImageUrl, content, id, createdAt, updatedAt, version) VALUES (68, 9, 'subscriber', '/static/img/user.png', 'aliquip aptent dolorem usu mediocritatem tristique eloquentiam populo parturient accumsan melius magnis efficiantur netus nostrum discere prompta ponderum fusce.', 275, 1655206368603, 1655206368603, 0);
INSERT INTO replies (topicId, userId, userName, userImageUrl, content, id, createdAt, updatedAt, version) VALUES (68, 9, 'subscriber', '/static/img/user.png', 'ferri quod pro vitae erat facilis nunc consetetur pharetra curae egestas petentium pericula dui veri dolorem dissentiunt rutrum scripserit ex cursus a fugit ponderum magna gloriatur semper sapientem tacimates etiam sententiae per ornatus gravida iaculis causae iriure.', 276, 1655202768603, 1655202768603, 0);
INSERT INTO replies (topicId, userId, userName, userImageUrl, content, id, createdAt, updatedAt, version) VALUES (68, 9, 'subscriber', '/static/img/user.png', 'volumus doming netus sanctus habitasse scripta tempus accusata tincidunt erroribus sagittis hinc finibus sociis omittantur euismod ad agam ancillae electram signiferumque dolore mi aliquid sodales reque penatibus conclusionemque eloquentiam commune lacus solum ocurreret corrumpit facilis taciti gubergren atqui orci noster deseruisse harum porta libero accumsan offendit volutpat.', 277, 1655199168603, 1655199168603, 0);
INSERT INTO replies (topicId, userId, userName, userImageUrl, content, id, createdAt, updatedAt, version) VALUES (68, 9, 'subscriber', '/static/img/user.png', 'reformidans reque adversarium fabellas quaerendum signiferumque comprehensam te repudiare eleifend omittam meliore.', 278, 1655195568603, 1655195568603, 0);
INSERT INTO replies (topicId, userId, userName, userImageUrl, content, id, createdAt, updatedAt, version) VALUES (68, 9, 'subscriber', '/static/img/user.png', 'magnis honestatis alterum class fugit curae ceteros esse equidem utinam facilisi unum phasellus offendit habitasse mnesarchum mollis quaeque consectetuer finibus equidem volutpat proin veniam causae nihil.', 279, 1655191968603, 1655191968603, 0);
INSERT INTO replies (topicId, userId, userName, userImageUrl, content, id, createdAt, updatedAt, version) VALUES (68, 9, 'subscriber', '/static/img/user.png', 'possit fringilla molestiae delenit oratio potenti nonumy habitant purus malorum finibus efficitur tale mucius est iaculis venenatis magna pulvinar phasellus alia.', 280, 1655188368603, 1655188368603, 0);
INSERT INTO replies (topicId, userId, userName, userImageUrl, content, id, createdAt, updatedAt, version) VALUES (68, 9, 'subscriber', '/static/img/user.png', 'petentium veri sale suscipit interpretaris iisque dicit sodales porro explicari nostra eam reque urbanitas salutatus finibus cetero ut definitionem vulputate dictum facilis doctus inceptos integer congue molestie penatibus suscipit epicuri ubique veritus tation.', 281, 1655184768603, 1655184768603, 0);
INSERT INTO replies (topicId, userId, userName, userImageUrl, content, id, createdAt, updatedAt, version) VALUES (68, 9, 'subscriber', '/static/img/user.png', 'quo dictumst eos sadipscing theophrastus alia bibendum antiopam tempus causae amet posuere mel nominavi at.', 282, 1655181168603, 1655181168603, 0);
INSERT INTO replies (topicId, userId, userName, userImageUrl, content, id, createdAt, updatedAt, version) VALUES (68, 9, 'subscriber', '/static/img/user.png', 'brute signiferumque elementum accumsan postulant ut blandit curabitur pellentesque dolores cras nascetur eam mauris usu laudem salutatus petentium sadipscing vituperatoribus quaeque meliore ultrices ullamcorper atqui ferri mus faucibus.', 283, 1655177568603, 1655177568603, 0);
INSERT INTO replies (topicId, userId, userName, userImageUrl, content, id, createdAt, updatedAt, version) VALUES (68, 9, 'subscriber', '/static/img/user.png', 'ac senserit nobis habitasse quisque sociis fermentum epicuri facilisis eos delenit corrumpit homero quaerendum aeque dignissim scelerisque fastidii tibique conubia dolorem reque utamur magna finibus noster definiebas salutatus.', 284, 1655173968603, 1655173968603, 0);
INSERT INTO replies (topicId, userId, userName, userImageUrl, content, id, createdAt, updatedAt, version) VALUES (68, 9, 'subscriber', '/static/img/user.png', 'mandamus noluisse utamur graeci sapien aenean eu novum referrentur pellentesque repudiare purus netus.', 285, 1655170368603, 1655170368603, 0);
INSERT INTO replies (topicId, userId, userName, userImageUrl, content, id, createdAt, updatedAt, version) VALUES (68, 9, 'subscriber', '/static/img/user.png', 'laudem phasellus adipisci tractatos te et etiam sollicitudin luptatum efficiantur solet dapibus assueverit vix tale molestie at pharetra posidonium posuere mediocritatem viris veritus offendit constituto vehicula graecis risus reprehendunt dignissim ultricies congue mazim graeci.', 286, 1655166768603, 1655166768603, 0);
INSERT INTO replies (topicId, userId, userName, userImageUrl, content, id, createdAt, updatedAt, version) VALUES (68, 9, 'subscriber', '/static/img/user.png', 'elitr erat docendi per expetendis fugit te autem ipsum suas ceteros ad ancillae populo dolorem mediocrem tota mnesarchum ante erroribus noster tamquam suas placerat menandri imperdiet viris fringilla disputationi propriae conclusionemque populo doming mi praesent civibus cras.', 287, 1655163168603, 1655163168603, 0);
INSERT INTO topics (boardId, userId, userName, userImageUrl, refType, refId, replyNumber, locked, name, content, id, createdAt, updatedAt, version) VALUES (50, 9, 'subscriber', '/static/img/user.png', 'NONE', 0, 18, false, 'appetere.19', 'mel turpis vituperata facilisi hinc impetus sale aliquip impetus constituam evertitur legimus mediocrem reformidans felis idque.', 69, 1655217228603, 1655217228603, 0);
INSERT INTO replies (topicId, userId, userName, userImageUrl, content, id, createdAt, updatedAt, version) VALUES (69, 9, 'subscriber', '/static/img/user.png', 'omittam vivamus equidem natum interdum vituperata maecenas legimus maximus deterruisset numquam libero regione massa duis.', 288, 1655217168603, 1655217168603, 0);
INSERT INTO replies (topicId, userId, userName, userImageUrl, content, id, createdAt, updatedAt, version) VALUES (69, 9, 'subscriber', '/static/img/user.png', 'ridiculus quem faucibus fringilla aliquid expetendis sententiae cetero dicta sumo homero iisque omittantur reque sapien alienum pertinacia perpetua solet molestiae intellegebat massa nullam volutpat magna reformidans enim interdum suscipit constituto regione metus.', 289, 1655213568603, 1655213568603, 0);
INSERT INTO replies (topicId, userId, userName, userImageUrl, content, id, createdAt, updatedAt, version) VALUES (69, 9, 'subscriber', '/static/img/user.png', 'pertinacia vituperata comprehensam hac fusce suas sit iisque impetus litora tractatos detraxit dicant duis mel pro viverra nonumy expetenda tritani egestas pulvinar consul dolorem faucibus auctor vis nostra.', 290, 1655209968603, 1655209968603, 0);
INSERT INTO replies (topicId, userId, userName, userImageUrl, content, id, createdAt, updatedAt, version) VALUES (69, 9, 'subscriber', '/static/img/user.png', 'purus varius dicam suas porro civibus vulputate facilis dolorum diam dolores quaerendum faucibus vituperata auctor ius tale prodesset tellus ocurreret hac dolores massa facilis elitr quisque definitiones imperdiet euripidis autem facilisis suscipiantur oporteat dicant conclusionemque definiebas necessitatibus ullamcorper senserit posidonium vehicula per causae.', 291, 1655206368603, 1655206368603, 0);
INSERT INTO replies (topicId, userId, userName, userImageUrl, content, id, createdAt, updatedAt, version) VALUES (69, 9, 'subscriber', '/static/img/user.png', 'aliquet mucius splendide eripuit adolescens maecenas gubergren nostrum iudicabit inani posidonium iuvaret delicata tamquam adolescens nisl theophrastus discere facilis quem iusto constituam ipsum.', 292, 1655202768603, 1655202768603, 0);
INSERT INTO replies (topicId, userId, userName, userImageUrl, content, id, createdAt, updatedAt, version) VALUES (69, 9, 'subscriber', '/static/img/user.png', 'discere veniam referrentur disputationi iudicabit taciti tritani atqui movet luptatum similique iisque intellegat mel verear ad utroque ornare graecis aptent aliquid euismod ludus cubilia deseruisse suavitate salutatus mattis vituperatoribus ocurreret altera docendi pertinax sonet.', 293, 1655199168603, 1655199168603, 0);
INSERT INTO replies (topicId, userId, userName, userImageUrl, content, id, createdAt, updatedAt, version) VALUES (69, 9, 'subscriber', '/static/img/user.png', 'nulla est suscipiantur inimicus eos cetero principes parturient decore ferri nec perpetua vocent luptatum in persequeris recteque has platonem epicuri reprehendunt singulis nihil altera sadipscing laudem imperdiet tacimates solum tempor et aliquam reformidans civibus propriae splendide fames parturient tritani antiopam habitant prompta sonet reformidans aliquip debet.', 294, 1655195568603, 1655195568603, 0);
INSERT INTO replies (topicId, userId, userName, userImageUrl, content, id, createdAt, updatedAt, version) VALUES (69, 9, 'subscriber', '/static/img/user.png', 'diam vulputate dicit sadipscing graece reformidans diam brute sadipscing honestatis litora conceptam meliore ullamcorper.', 295, 1655191968603, 1655191968603, 0);
INSERT INTO replies (topicId, userId, userName, userImageUrl, content, id, createdAt, updatedAt, version) VALUES (69, 9, 'subscriber', '/static/img/user.png', 'tempus fabellas utroque placerat.', 296, 1655188368603, 1655188368603, 0);
INSERT INTO replies (topicId, userId, userName, userImageUrl, content, id, createdAt, updatedAt, version) VALUES (69, 9, 'subscriber', '/static/img/user.png', 'sem sollicitudin tempus definitionem vix lorem risus qui velit necessitatibus melius lectus dicunt vero quam vocibus magna esse maximus parturient viverra vitae aliquet noster condimentum appareat.', 297, 1655184768603, 1655184768603, 0);
INSERT INTO replies (topicId, userId, userName, userImageUrl, content, id, createdAt, updatedAt, version) VALUES (69, 9, 'subscriber', '/static/img/user.png', 'justo fermentum est mucius fermentum interdum primis dui commune salutatus theophrastus porro repudiandae posidonium omittam dictumst quem hinc repudiandae possim vituperata volutpat viverra utamur sagittis ne appetere veritus.', 298, 1655181168603, 1655181168603, 0);
INSERT INTO replies (topicId, userId, userName, userImageUrl, content, id, createdAt, updatedAt, version) VALUES (69, 9, 'subscriber', '/static/img/user.png', 'eleifend postea semper laoreet et saepe neque quis pharetra eruditi delenit curabitur ubique necessitatibus nam putent cubilia tristique feugait mattis nonumy volumus fusce sententiae proin reprehendunt duo dolores sapientem fabulas.', 299, 1655177568603, 1655177568603, 0);
INSERT INTO replies (topicId, userId, userName, userImageUrl, content, id, createdAt, updatedAt, version) VALUES (69, 9, 'subscriber', '/static/img/user.png', 'feugait maluisset persius qui repudiare malesuada dico tempor interesset consetetur suavitate tamquam alia ligula viris quis dicat tation an pertinacia cetero aliquid consul doming elitr.', 300, 1655173968603, 1655173968603, 0);
INSERT INTO replies (topicId, userId, userName, userImageUrl, content, id, createdAt, updatedAt, version) VALUES (69, 9, 'subscriber', '/static/img/user.png', 'adolescens dicam turpis nibh vituperatoribus dicunt splendide sociis ante deterruisset patrioque civibus explicari causae vis pretium hinc aptent novum mel.', 301, 1655170368603, 1655170368603, 0);
INSERT INTO replies (topicId, userId, userName, userImageUrl, content, id, createdAt, updatedAt, version) VALUES (69, 9, 'subscriber', '/static/img/user.png', 'faucibus constituam egestas.', 302, 1655166768603, 1655166768603, 0);
INSERT INTO replies (topicId, userId, userName, userImageUrl, content, id, createdAt, updatedAt, version) VALUES (69, 9, 'subscriber', '/static/img/user.png', 'neglegentur inciderint menandri pro tantas audire vocent quisque vel.', 303, 1655163168603, 1655163168603, 0);
INSERT INTO replies (topicId, userId, userName, userImageUrl, content, id, createdAt, updatedAt, version) VALUES (69, 9, 'subscriber', '/static/img/user.png', 'consectetuer non cetero convenire minim imperdiet offendit tation altera pertinacia postulant auctor voluptatum integer agam tincidunt doctus prodesset sapien ut praesent netus mei sapien dolorum lacus viderer vitae pellentesque graeco.', 304, 1655159568603, 1655159568603, 0);
INSERT INTO replies (topicId, userId, userName, userImageUrl, content, id, createdAt, updatedAt, version) VALUES (69, 9, 'subscriber', '/static/img/user.png', 'graeci suspendisse comprehensam vestibulum propriae duo class inceptos fuisset fusce dolorem solet varius integer ferri alienum fabulas gravida lacus delenit movet patrioque tempus postea contentiones habeo nascetur mea mandamus ocurreret facilis consetetur omittantur quaerendum verear adipisci nostra duo voluptaria solet.', 305, 1655155968603, 1655155968603, 0);
INSERT INTO topics (boardId, userId, userName, userImageUrl, refType, refId, replyNumber, locked, name, content, id, createdAt, updatedAt, version) VALUES (50, 9, 'subscriber', '/static/img/user.png', 'NONE', 0, 19, false, 'hac quaestio.20', 'nascetur inceptos curabitur sem aptent repudiare tamquam est error causae bibendum vocent dolorem dicant vero augue litora movet nascetur impetus malesuada graeci nonumy epicurei laoreet ornatus reque detraxit consequat evertitur sed idque maecenas mediocritatem vel accumsan.', 70, 1655213628604, 1655213628604, 0);
INSERT INTO replies (topicId, userId, userName, userImageUrl, content, id, createdAt, updatedAt, version) VALUES (70, 9, 'subscriber', '/static/img/user.png', 'sadipscing voluptatum iusto tempus nostrum novum tempor sociosqu patrioque conceptam tempor accusata repudiare quaestio posse ad electram massa dictas offendit minim salutatus menandri ridiculus detracto dicam potenti suas pri ponderum esse habitant mediocritatem indoctum audire nostrum liber convallis fabellas turpis dico egestas blandit arcu nominavi tempor fuisset consectetur ridens omnesque.', 306, 1655213568604, 1655213568604, 0);
INSERT INTO replies (topicId, userId, userName, userImageUrl, content, id, createdAt, updatedAt, version) VALUES (70, 9, 'subscriber', '/static/img/user.png', 'luctus facilisis cum mutat quaestio cum detraxit repudiare eget adipiscing interesset volumus luctus labores comprehensam quis falli numquam mei torquent delicata laudem repudiare ultricies primis quisque delicata vero etiam expetendis contentiones electram iusto referrentur morbi constituam eruditi tamquam mazim dolorum decore consequat ultrices postulant voluptatibus postulant definitionem iuvaret maluisset.', 307, 1655209968604, 1655209968604, 0);
INSERT INTO replies (topicId, userId, userName, userImageUrl, content, id, createdAt, updatedAt, version) VALUES (70, 9, 'subscriber', '/static/img/user.png', 'placerat alienum erat vulputate wisi senectus regione volumus adolescens ne suavitate class nullam latine intellegebat efficiantur pri no noster molestiae pro appareat neque facilisis reprimique necessitatibus veritus numquam definitionem sanctus nobis sed consequat agam ei solet molestiae reprehendunt dicit iriure elaboraret inceptos corrumpit cetero vivamus indoctum te vix ultricies euripidis.', 308, 1655206368604, 1655206368604, 0);
INSERT INTO replies (topicId, userId, userName, userImageUrl, content, id, createdAt, updatedAt, version) VALUES (70, 9, 'subscriber', '/static/img/user.png', 'voluptatibus hendrerit posse ornare non ultrices ante suspendisse volumus mediocritatem urna vidisse cu.', 309, 1655202768604, 1655202768604, 0);
INSERT INTO replies (topicId, userId, userName, userImageUrl, content, id, createdAt, updatedAt, version) VALUES (70, 9, 'subscriber', '/static/img/user.png', 'magnis etiam dis parturient erroribus sit lorem periculis mea constituam sociis expetendis prodesset id dignissim invenire mucius omittantur veritus vero novum vivamus vestibulum posuere epicuri vivamus parturient consequat fabulas blandit intellegat sonet wisi veri doming mattis quod.', 310, 1655199168604, 1655199168604, 0);
INSERT INTO replies (topicId, userId, userName, userImageUrl, content, id, createdAt, updatedAt, version) VALUES (70, 9, 'subscriber', '/static/img/user.png', 'ponderum signiferumque quot inani pertinax dolorum iaculis lectus iaculis dictum ultricies pretium mollis sapientem epicuri fuisset ceteros ligula oratio quidam enim contentiones dis adhuc natum lobortis vitae.', 311, 1655195568604, 1655195568604, 0);
INSERT INTO replies (topicId, userId, userName, userImageUrl, content, id, createdAt, updatedAt, version) VALUES (70, 9, 'subscriber', '/static/img/user.png', 'dicam accusata an donec comprehensam eam animal faucibus civibus elit posse nihil ullamcorper periculis praesent aliquam agam mus feugiat.', 312, 1655191968604, 1655191968604, 0);
INSERT INTO replies (topicId, userId, userName, userImageUrl, content, id, createdAt, updatedAt, version) VALUES (70, 9, 'subscriber', '/static/img/user.png', 'error dicam persecuti quam gubergren delicata vero affert civibus sed sollicitudin ad reprehendunt noster donec nibh quod nam reprehendunt hinc libero porta explicari necessitatibus sagittis vocent solum tale pretium.', 313, 1655188368604, 1655188368604, 0);
INSERT INTO replies (topicId, userId, userName, userImageUrl, content, id, createdAt, updatedAt, version) VALUES (70, 9, 'subscriber', '/static/img/user.png', 'class natoque maximus hinc assueverit natoque option patrioque tale nostra nibh aperiri maluisset habitant reprimique mi porro ponderum lacinia expetenda mollis tempor vestibulum litora petentium convallis sollicitudin hendrerit sed.', 314, 1655184768604, 1655184768604, 0);
INSERT INTO replies (topicId, userId, userName, userImageUrl, content, id, createdAt, updatedAt, version) VALUES (70, 9, 'subscriber', '/static/img/user.png', 'erat sanctus consul singulis taciti legimus commodo docendi leo iaculis dictumst ocurreret hendrerit habitasse suscipiantur dicta sumo efficiantur lacinia arcu primis noluisse deterruisset tation omittantur mazim novum orci vestibulum sapientem vituperatoribus egestas detraxit sententiae eirmod adipisci dicant at cursus.', 315, 1655181168604, 1655181168604, 0);
INSERT INTO replies (topicId, userId, userName, userImageUrl, content, id, createdAt, updatedAt, version) VALUES (70, 9, 'subscriber', '/static/img/user.png', 'quisque magnis explicari quis mucius dolor sit putent pro accumsan posidonium vel corrumpit enim senserit evertitur verterem constituto docendi enim perpetua sociis antiopam potenti interdum definitiones pri reformidans tincidunt.', 316, 1655177568604, 1655177568604, 0);
INSERT INTO replies (topicId, userId, userName, userImageUrl, content, id, createdAt, updatedAt, version) VALUES (70, 9, 'subscriber', '/static/img/user.png', 'ne dolorum veniam invenire eruditi dolores commodo sapientem legimus interpretaris interesset verear no prodesset scelerisque dolor ne in inimicus reque venenatis eius accumsan scelerisque vulputate sadipscing mucius rhoncus option viris dolorem epicurei risus maecenas est iudicabit nisi platea graeci viderer expetenda.', 317, 1655173968604, 1655173968604, 0);
INSERT INTO replies (topicId, userId, userName, userImageUrl, content, id, createdAt, updatedAt, version) VALUES (70, 9, 'subscriber', '/static/img/user.png', 'alienum corrumpit graece sanctus delenit vim alia homero latine cras alienum luctus netus dolorum ultricies putent sollicitudin viverra percipit volutpat mediocritatem constituto option possit lectus constituam commune legimus qui aenean consul adhuc indoctum antiopam morbi.', 318, 1655170368604, 1655170368604, 0);
INSERT INTO replies (topicId, userId, userName, userImageUrl, content, id, createdAt, updatedAt, version) VALUES (70, 9, 'subscriber', '/static/img/user.png', 'ultrices malorum habitasse fermentum parturient docendi augue felis tale hac intellegebat cum semper fringilla tritani iriure viderer placerat usu putent eros euripidis habemus voluptatum proin dolorem.', 319, 1655166768604, 1655166768604, 0);
INSERT INTO replies (topicId, userId, userName, userImageUrl, content, id, createdAt, updatedAt, version) VALUES (70, 9, 'subscriber', '/static/img/user.png', 'graece inceptos eos pertinacia hinc gravida habitasse mentitum habemus brute ultrices velit porta senserit errem convenire verterem vim corrumpit detracto venenatis fusce movet explicari saperet sadipscing delenit audire laudem vel corrumpit eloquentiam postulant debet ferri ullamcorper possit tristique.', 320, 1655163168604, 1655163168604, 0);
INSERT INTO replies (topicId, userId, userName, userImageUrl, content, id, createdAt, updatedAt, version) VALUES (70, 9, 'subscriber', '/static/img/user.png', 'persius.', 321, 1655159568604, 1655159568604, 0);
INSERT INTO replies (topicId, userId, userName, userImageUrl, content, id, createdAt, updatedAt, version) VALUES (70, 9, 'subscriber', '/static/img/user.png', 'cetero reque similique.', 322, 1655155968604, 1655155968604, 0);
INSERT INTO replies (topicId, userId, userName, userImageUrl, content, id, createdAt, updatedAt, version) VALUES (70, 9, 'subscriber', '/static/img/user.png', 'pharetra saepe iriure pertinax porta reprehendunt fuisset ferri fugit offendit homero maiorum nascetur nisi semper sapientem.', 323, 1655152368604, 1655152368604, 0);
INSERT INTO replies (topicId, userId, userName, userImageUrl, content, id, createdAt, updatedAt, version) VALUES (70, 9, 'subscriber', '/static/img/user.png', 'maiestatis idque veri pertinax adipiscing enim dis reprimique eloquentiam taciti atomorum commune vestibulum prompta habeo adolescens aenean mutat signiferumque offendit porttitor class aeque rutrum egestas ac appareat doctus reque conceptam tristique quaerendum dicta deserunt venenatis repudiandae.', 324, 1655148768604, 1655148768604, 0);
INSERT INTO texts (hash, content, id, createdAt, updatedAt, version) VALUES ('ed31bb221e8a612d69c3c195512cc286efd6b6ec7da21ae551670e2dc30e2eee', '# scripserit conceptam causae gloriatur dapibus consequat suas.\n\nenim convallis venenatis saperet primis alienum graece sanctus nonumy habemus porro suas utinam dis curabitur morbi vis amet melius scelerisque.\n\ncorrumpit urna est graeco atqui similique offendit atomorum sem mediocrem auctor pri nam felis conclusionemque fusce natoque natoque.\n\nquo luctus tractatos habeo meliore torquent habeo labores equidem definiebas reque tortor venenatis orci percipit theophrastus.\n\nnonumy vocibus adipisci impetus.\n\nparturient aeque appetere verterem tortor ridiculus possit epicuri aliquid natum himenaeos instructior iisque pulvinar etiam solet semper.\n\nconsectetur neque vel referrentur adhuc adversarium consectetur faucibus possim vestibulum.\n\nfaucibus sociosqu aliquet eros lacus sem civibus persecuti.\n\ndeserunt reprimique delectus tempus verterem posse mediocritatem eripuit vituperatoribus feugiat debet partiendo vidisse.\n\nprodesset deterruisset tritani porttitor graeco definiebas decore sea pro suspendisse.\n\nanimal dis hendrerit metus erat oporteat.\n\neum.\n\ncivibus euripidis deterruisset quaestio suscipiantur ante cu dicit curabitur ponderum usu pertinax tempor deserunt pericula tantas vidisse.\n\nvim mus vel id utinam iaculis voluptaria.\n\nsapientem.\n\n', 72, 1655282028626, 1655282028626, 0);
INSERT INTO wikis (imageId, textId, userId, tag, name, description, views, publishAt, id, createdAt, updatedAt, version) VALUES (15, 72, 1, 'sample', 'Sample Tutorial', 'A Sample Wiki', 0, 0, 71, 1655282028626, 1655282028626, 0);
INSERT INTO texts (hash, content, id, createdAt, updatedAt, version) VALUES ('775b6fa4c24d1ce7b291e6d584e7a4eb6c4ae271475c137f48d4ab1c5b277b7b', '# persius rhoncus regione ubique aliquet mollis singulis quas a.\n\nquot.\n\nimpetus ipsum quem posse eu cubilia utroque tempor unum fabellas quaerendum maecenas orci quam corrumpit quas aeque.\n\namet penatibus moderatius nonumes instructior risus varius vocent senectus interpretaris impetus intellegat facilis.\n\nmagnis docendi nonumes quaerendum verterem tibique viverra principes homero utamur taciti vituperata voluptatum bibendum senectus consetetur offendit a audire.\n\naugue oporteat possit nam adversarium efficitur honestatis sale mandamus donec mandamus evertitur mel inceptos autem ultricies arcu eam.\n\narcu placerat aenean interesset vehicula ligula nonumes petentium maiorum malesuada nulla interpretaris pellentesque legere elaboraret parturient.\n\nnam.\n\nsaepe fusce sed possit dicant vocent dictas condimentum vis pro.\n\nnunc prodesset dolores tincidunt noluisse constituam voluptatibus vituperata interpretaris veri mi mandamus arcu legimus et ocurreret gubergren hac nisi possim.\n\nduo offendit ocurreret interdum justo dicit sale vivendo cursus reprehendunt percipit docendi instructior consequat appareat.\n\niaculis conclusionemque pericula nisi per tation sit commodo duo detraxit commune nunc ea voluptatum harum dictumst sodales invidunt porta.\n\nverear prodesset agam dolorem commodo natoque.\n\nquis appareat luctus dis facilisis dicunt duis quot omittantur laoreet dapibus impetus dicat mentitum delicata condimentum te alia atqui aliquet.\n\ncum ante placerat posidonium imperdiet non ultrices reprehendunt montes mattis movet persius imperdiet est persequeris conubia.\n\ncetero.\n\nnascetur sociosqu dictas ipsum feugiat eros equidem repudiandae verterem maluisset singulis.\n\n', 74, 1655282028626, 1655282028626, 0);
INSERT INTO wiki_pages (parentId, textId, wikiId, name, views, publishAt, displayOrder, id, createdAt, updatedAt, version) VALUES (71, 74, 71, 'page 1', 0, 1655282028604, 0, 73, 1655282028626, 1655282028626, 0);
INSERT INTO texts (hash, content, id, createdAt, updatedAt, version) VALUES ('f9c6d29e6189b1b4f72f3cba273c7e85378bebda55e3937a5f950d6b4c10d147', '# nihil nunc porttitor pharetra evertitur intellegat.\n\nquod leo dicam.\n\nhomero sumo inani per vocibus aperiri eum euripidis aenean.\n\nmus habitant dignissim aliquet menandri praesent montes at quo imperdiet turpis.\n\ndiscere appetere noster mentitum reprehendunt graeci definiebas dui splendide iuvaret vis sociis mnesarchum ancillae.\n\ntorquent platonem epicurei pellentesque doctus elementum vituperata.\n\nsonet decore quas menandri ridens falli cubilia.\n\noporteat aenean noluisse antiopam litora audire.\n\nquas brute error latine urna habeo.\n\nlegimus convenire consequat sollicitudin tritani risus explicari prodesset populo.\n\ngubergren utamur vulputate graeci non similique aliquam tantas gravida iaculis quo fusce quis posse fermentum falli.\n\nposidonium consul fringilla usu delenit nascetur viderer harum altera assueverit hendrerit faucibus autem evertitur utroque audire solet conceptam.\n\nscelerisque legimus aenean diam phasellus sem fuisset vis interesset nibh autem constituam unum cetero putent efficiantur natoque.\n\nocurreret debet.\n\ndisputationi dicta consetetur definitionem novum reque montes vivendo aliquam salutatus altera senserit natoque tristique.\n\ngraece ridiculus evertitur usu curae sadipscing persequeris malesuada ex pulvinar imperdiet consequat esse legere expetendis honestatis singulis.\n\nquidam tacimates rhoncus massa ignota commodo fames.\n\npetentium ornatus consul dissentiunt quot penatibus donec populo sea sollicitudin lacus tincidunt no ultrices eripuit veri invidunt suavitate.\n\nsollicitudin rutrum indoctum expetenda alterum volutpat feugait dicunt splendide consetetur eum reprehendunt ferri.\n\n', 76, 1655282028626, 1655282028626, 0);
INSERT INTO wiki_pages (parentId, textId, wikiId, name, views, publishAt, displayOrder, id, createdAt, updatedAt, version) VALUES (73, 76, 71, 'sub 1', 0, 1655282028604, 0, 75, 1655282028626, 1655282028626, 0);
INSERT INTO texts (hash, content, id, createdAt, updatedAt, version) VALUES ('312290fa7b893689ee7668852bc3cc1a119e6471ac07510f727313cba7969c34', '# erat luctus.\n\nfabellas nisi assueverit percipit eius ferri morbi porro auctor verear consul adolescens salutatus lacus.\n\nad an curabitur in suavitate vis natum tantas docendi.\n\nornatus sanctus veri ex lorem arcu montes persecuti senserit animal reformidans amet accumsan instructior hinc inimicus eirmod vulputate civibus ceteros.\n\npartiendo eget iriure erroribus altera.\n\ncommodo persecuti instructior constituam bibendum mentitum.\n\nerrem sapientem docendi massa malorum quidam fabellas atqui consetetur graecis venenatis dolorem diam reformidans curabitur debet.\n\neruditi dicunt et vehicula necessitatibus aptent invenire ligula imperdiet mattis platea.\n\nassueverit convallis consectetur vim ridens enim risus cetero verear metus semper reformidans mus.\n\nconvenire in facilisi atqui sem.\n\ndictumst commune melius propriae aliquip vis menandri verear mauris facilis ea.\n\nimpetus et.\n\nelementum option vix omittantur consectetuer error luctus legimus egestas.\n\nverear inceptos eam risus orci te eleifend voluptaria vocent habitasse sanctus.\n\npellentesque.\n\ndeseruisse viderer percipit dolorum ei integer habemus ornatus dolore tale tibique aeque.\n\ncorrumpit eu autem blandit ei eget duis tota te neglegentur convallis.\n\nmelius explicari harum inceptos maecenas dissentiunt definitiones verterem explicari splendide tamquam ad habitasse reformidans aptent dicant.\n\nmagnis movet molestie.\n\ncum homero.\n\n', 78, 1655282028626, 1655282028626, 0);
INSERT INTO wiki_pages (parentId, textId, wikiId, name, views, publishAt, displayOrder, id, createdAt, updatedAt, version) VALUES (73, 78, 71, 'sub 2', 0, 1655282028604, 1, 77, 1655282028626, 1655282028626, 0);
INSERT INTO texts (hash, content, id, createdAt, updatedAt, version) VALUES ('a5c99abb4df284de3190e41d5d204e615964abeeaec06a5082ad81a3ceacfb56', '# lorem consequat scripserit docendi vix veniam sapien constituto.\n\nmolestiae porta tempor pertinacia nunc tation nulla porta.\n\nmi quem sapientem fugit nibh falli.\n\nvero enim verterem graeco posidonium.\n\nvarius semper ridiculus et auctor nascetur habitasse tale praesent propriae mea quem.\n\nreque molestie ad adolescens euripidis doctus pericula sonet quot voluptaria vero dissentiunt non suspendisse.\n\nin solet consectetur.\n\nlaoreet inimicus sapien noluisse vix qui mazim.\n\neius feugait voluptatum vehicula lobortis a petentium solet posuere fuisset periculis magnis nostra.\n\nvelit dissentiunt agam torquent vim.\n\ngloriatur porttitor.\n\norci.\n\nmei indoctum constituto quam dui invenire voluptatibus repudiare inani iisque interesset eloquentiam quot.\n\nnecessitatibus atqui ipsum animal expetendis omittam nam mea dicit mediocrem platonem detraxit ius venenatis atqui postulant sea labores imperdiet.\n\nvelit himenaeos fuisset.\n\npri pertinacia te sit aliquam tellus adversarium.\n\nmaiorum ceteros sadipscing conceptam perpetua mi vix moderatius indoctum curae tritani eum pulvinar persius harum leo.\n\nmus donec.\n\nut repudiandae molestiae elit consectetur feugait accusata eget eirmod semper vestibulum sit recteque aeque dicant scelerisque qualisque mnesarchum fusce.\n\ncum montes causae reprimique aptent quidam nostra pharetra quem fermentum omittantur nibh quis tortor aenean.\n\n', 80, 1655282028626, 1655282028626, 0);
INSERT INTO wiki_pages (parentId, textId, wikiId, name, views, publishAt, displayOrder, id, createdAt, updatedAt, version) VALUES (73, 80, 71, 'sub 3', 0, 1655282028604, 2, 79, 1655282028626, 1655282028626, 0);
INSERT INTO texts (hash, content, id, createdAt, updatedAt, version) VALUES ('b128a0a0127365ef6829f8dff564f87a64a53901868f19444b5d65a115954691', '# porttitor.\n\nscripta nam dis alterum omittam.\n\neruditi aptent pertinacia alia ea petentium fuisset numquam.\n\nsenectus pulvinar diam reprimique adhuc ex.\n\nmel mauris turpis definitiones eam possit mnesarchum auctor proin dicta posse aliquet affert eros purus ei per aenean detracto contentiones.\n\nnovum class numquam scripserit massa ex orci montes vituperata option mel adolescens assueverit nascetur.\n\nmagna justo fuisset cras orci equidem tritani autem posidonium.\n\nconsectetur velit orci iriure moderatius urbanitas porta facilisi eos doming persius expetenda dicit egestas elementum.\n\ndicit reprimique suscipit.\n\nnatoque commodo.\n\nluptatum fuisset instructior delectus aliquam maiestatis molestie referrentur dictas pertinacia corrumpit.\n\niisque propriae urna litora.\n\ncorrumpit sonet volutpat inani in praesent sem scripserit verterem dissentiunt noluisse.\n\nsumo atomorum morbi convallis sit ridens indoctum conubia accommodare affert.\n\n', 82, 1655282028626, 1655282028626, 0);
INSERT INTO wiki_pages (parentId, textId, wikiId, name, views, publishAt, displayOrder, id, createdAt, updatedAt, version) VALUES (79, 82, 71, 'leaf 1', 0, 1655282028604, 0, 81, 1655282028626, 1655282028626, 0);
INSERT INTO texts (hash, content, id, createdAt, updatedAt, version) VALUES ('82536b73fca133c4e585090c5c9b8fdfecde815f4e397419ea0da51bc8d4a282', '# idque commodo postea ligula tantas ornatus ullamcorper hac taciti noluisse.\n\nlobortis instructior oratio moderatius numquam.\n\nultrices pretium definiebas dictum quaeque natoque postea saepe facilis tritani interpretaris congue honestatis fusce brute vidisse urbanitas evertitur.\n\npatrioque saepe viderer.\n\natqui justo comprehensam integer habitant ornatus vocent felis inimicus.\n\nmediocrem ullamcorper dui molestiae antiopam regione hac libero convallis graecis.\n\noporteat accusata nullam adipisci tristique epicurei in eu putent gloriatur nihil pericula.\n\nsingulis faucibus petentium sociis augue atqui ridens veritus contentiones suspendisse turpis pri urna natoque.\n\nlobortis instructior maluisset indoctum tritani numquam posse scelerisque graecis molestiae scripserit fames mei salutatus congue.\n\neleifend ornatus quem salutatus massa mnesarchum pericula te instructior quam vero.\n\neleifend posidonium.\n\nsuspendisse accumsan alienum libero fabellas simul movet interdum mediocritatem mediocritatem reprimique mentitum tempus dictas ligula.\n\nlorem laoreet intellegat cras ferri adipisci ligula eloquentiam tempor hac.\n\nporta eum dicunt vitae consul.\n\namet mattis accommodare faucibus causae.\n\nmediocrem ad his.\n\n', 84, 1655282028626, 1655282028626, 0);
INSERT INTO wiki_pages (parentId, textId, wikiId, name, views, publishAt, displayOrder, id, createdAt, updatedAt, version) VALUES (79, 84, 71, 'leaf 2', 0, 1655282028605, 1, 83, 1655282028626, 1655282028626, 0);
INSERT INTO texts (hash, content, id, createdAt, updatedAt, version) VALUES ('ba745d0754614fefd1f49aa2f2253dad2d598d0a5a3f141ffb322c351d270200', '# dolor an tortor.\n\nanimal etiam quisque no equidem adipiscing elementum.\n\nvarius periculis tincidunt erat audire comprehensam.\n\nesse ultrices.\n\nerror fabellas.\n\ndeserunt appareat solet dicam deseruisse dolore parturient mauris aliquid mei nihil invidunt falli convenire splendide neque.\n\npertinacia maluisset cetero minim justo similique class sale ante parturient neglegentur mandamus malorum principes maiorum magnis eruditi dictas.\n\nadversarium purus porta oporteat offendit quot dictas vulputate periculis honestatis mei vocent.\n\nerroribus laoreet minim amet idque voluptatibus ultrices honestatis senectus.\n\nlabores dolorum dapibus libero constituto platonem ut.\n\ncetero vulputate imperdiet invenire oporteat ullamcorper.\n\nornare tempus elaboraret luptatum mnesarchum alienum platea bibendum.\n\nappareat mucius.\n\npartiendo sagittis maecenas patrioque an nisl non himenaeos tellus ultrices cum.\n\nurna euripidis eos novum noster condimentum eius debet magnis vidisse integer.\n\nusu iisque graecis feugiat nihil posuere pericula periculis aliquip.\n\n', 86, 1655282028626, 1655282028626, 0);
INSERT INTO wiki_pages (parentId, textId, wikiId, name, views, publishAt, displayOrder, id, createdAt, updatedAt, version) VALUES (79, 86, 71, 'leaf 3', 0, 1655282028605, 2, 85, 1655282028626, 1655282028626, 0);
INSERT INTO texts (hash, content, id, createdAt, updatedAt, version) VALUES ('93948011b73e6f9c841ef4c5d8edd5509aa8fde85e331e2ea34816b69989f04c', '# prodesset saepe instructior inceptos novum corrumpit pertinax noster solet.\n\nmutat nobis ut eos quas duis blandit docendi te oporteat mollis qualisque invenire affert quo offendit.\n\ndocendi rhoncus aeque fusce luptatum mattis errem justo dui vidisse neglegentur nonumy intellegat malesuada tempus placerat alienum.\n\npotenti fugit altera quas doctus mucius melius tractatos habemus veniam ubique solum pellentesque cum postulant ea.\n\ninciderint urna dicit libero hendrerit audire cubilia disputationi iisque iusto adipiscing qui quod.\n\neruditi oratio alia commodo docendi duo recteque disputationi arcu urna errem senectus morbi natum ignota sonet erroribus semper sale.\n\nsenectus qui expetenda fuisset.\n\ncubilia.\n\na condimentum orci epicuri adversarium nihil.\n\nquaerendum ullamcorper at suscipiantur ancillae pulvinar arcu aliquip numquam feugait constituto nullam.\n\nintellegat vel nostrum atqui ultrices pretium adipisci elit veritus offendit expetenda delicata magnis delenit animal hac consul assueverit mentitum.\n\ndoctus ridiculus impetus suspendisse veri odio simul maluisset dolor elementum massa molestie fastidii utinam eloquentiam vel affert hendrerit principes vituperatoribus.\n\nluptatum nec velit principes sadipscing mattis mea ornare convallis vim sit facilisi eleifend urna voluptatibus leo ocurreret cu.\n\ncausae lobortis sed altera vix alterum ultrices suspendisse percipit reformidans omittam turpis volumus recteque.\n\nprompta decore sociis movet elit novum audire suspendisse cum reformidans nobis nibh.\n\nvoluptaria sem vituperatoribus.\n\nintellegat reformidans.\n\n', 88, 1655282028626, 1655282028626, 0);
INSERT INTO wiki_pages (parentId, textId, wikiId, name, views, publishAt, displayOrder, id, createdAt, updatedAt, version) VALUES (73, 88, 71, 'sub 4', 0, 1655282028605, 3, 87, 1655282028626, 1655282028626, 0);
INSERT INTO texts (hash, content, id, createdAt, updatedAt, version) VALUES ('a89192bfda921f58e2c69f5a43f237e4290f238c995526e24d9421e5cd440b47', '# facilisis suavitate oratio facilisis vis labores postulant.\n\nphasellus necessitatibus verear pellentesque mei option aenean graeci utamur elitr eripuit.\n\ndicam.\n\ndonec tota reque solum error.\n\npersequeris ipsum idque eu hinc intellegebat.\n\naugue aliquet ne habitasse sapien epicuri nonumes justo pulvinar nunc malorum mentitum commodo risus mazim tamquam ornare hac elementum.\n\nsigniferumque mauris indoctum varius.\n\npotenti electram condimentum rhoncus vituperatoribus maximus delenit definiebas reprimique eirmod tritani adipiscing eruditi venenatis sale audire.\n\nmattis eruditi tellus interesset sanctus venenatis dapibus.\n\ntristique his tritani dui reformidans urbanitas cras morbi sociis persius pro ignota possit verear tamquam reformidans.\n\ndetraxit pro convallis dis intellegat eu aliquip.\n\nancillae aptent appetere convenire maximus viderer vel iusto odio constituam.\n\nlegere suavitate primis eleifend esse mel oratio himenaeos a mei maiorum commodo maluisset neglegentur.\n\nwisi sollicitudin.\n\ndictum adversarium eius intellegebat adhuc consetetur praesent saperet disputationi no donec dicat.\n\nreformidans erroribus prodesset dignissim condimentum alterum natum feugiat invenire.\n\nmalorum vocibus facilisi graece efficitur fuisset aeque scelerisque perpetua.\n\ninani decore habitant leo possim habitasse te mediocrem nobis voluptatibus penatibus rutrum leo massa.\n\n', 90, 1655282028626, 1655282028626, 0);
INSERT INTO wiki_pages (parentId, textId, wikiId, name, views, publishAt, displayOrder, id, createdAt, updatedAt, version) VALUES (71, 90, 71, 'page 2', 0, 1655285628605, 1, 89, 1655282028626, 1655282028626, 0);
INSERT INTO texts (hash, content, id, createdAt, updatedAt, version) VALUES ('57506a19670fca3d5d128fc76aa214a6c7192d2db95c2bebe1b09ca06621753e', '# aliquet atqui alienum elitr torquent ut adolescens conubia graecis.\n\nliber ornare ponderum facilisis.\n\nvelit dicit salutatus vestibulum consequat evertitur dolore nascetur vix hinc ius voluptatibus quam possit gloriatur adolescens erat liber altera aliquam.\n\nlatine detraxit sollicitudin faucibus sagittis fabulas laoreet vivamus legere aeque evertitur tractatos magnis audire hac intellegat repudiandae.\n\nnumquam has noluisse at sociosqu te posuere praesent duo numquam ubique.\n\nubique mentitum iriure cubilia civibus curabitur menandri integer.\n\nmazim propriae eum gubergren tacimates.\n\nhimenaeos doctus postulant minim vix.\n\npossim urna disputationi decore.\n\nmnesarchum convenire definitionem postulant ligula ornatus inceptos commodo ultricies saperet fastidii postea suscipiantur euismod sale conubia unum.\n\ntation legere pro definitiones verterem luptatum animal veniam ex suscipiantur eam fuisset veri ferri splendide aeque electram porro delectus.\n\nplacerat curabitur.\n\nquas feugiat venenatis verear salutatus quaeque consectetur ultrices sadipscing fabellas sapien animal oporteat quas.\n\n', 92, 1655282028626, 1655282028626, 0);
INSERT INTO wiki_pages (parentId, textId, wikiId, name, views, publishAt, displayOrder, id, createdAt, updatedAt, version) VALUES (89, 92, 71, 'sub 1', 0, 1655285628605, 0, 91, 1655282028626, 1655282028626, 0);
INSERT INTO texts (hash, content, id, createdAt, updatedAt, version) VALUES ('9672c5ec21873d642a92c4a44f1552faaeae7d4cb1e401d654949c72c30f341d', '# mea.\n\nposuere vituperata putent invenire.\n\nvel curae viris adversarium morbi ocurreret tamquam brute novum mediocrem ridens inimicus ornare ac quam electram.\n\ndisputationi primis veniam class sed intellegebat finibus tale autem tempus ea pulvinar curae explicari petentium.\n\nfalli discere maiorum reformidans ullamcorper sapien nobis ei detraxit voluptatibus dictas reprimique per persequeris at fastidii altera scripserit mauris duo.\n\nquam urbanitas volumus aptent dolorem class dicat vocibus habitant persius nibh invidunt comprehensam nihil orci suspendisse.\n\nerrem oratio arcu vivamus veri odio theophrastus pharetra fringilla velit iuvaret habemus placerat commune consul utroque intellegebat.\n\nquo appetere ferri.\n\nneque et option nostra.\n\nvim verterem cu vidisse vidisse phasellus iusto tacimates regione ferri perpetua cubilia pulvinar.\n\netiam persecuti ridens facilis placerat reprimique inciderint cetero partiendo euismod iuvaret has aenean reprehendunt pulvinar causae consetetur posuere mattis.\n\nauctor movet etiam iriure enim te.\n\nnovum natum fusce equidem novum habeo convenire vocibus interesset non vitae solum nominavi alterum eripuit porro eloquentiam facilisi prompta penatibus.\n\n', 94, 1655282028626, 1655282028626, 0);
INSERT INTO wiki_pages (parentId, textId, wikiId, name, views, publishAt, displayOrder, id, createdAt, updatedAt, version) VALUES (89, 94, 71, 'sub 2', 0, 1655285628605, 1, 93, 1655282028626, 1655282028626, 0);
INSERT INTO texts (hash, content, id, createdAt, updatedAt, version) VALUES ('417a2265e1b54dc99596d4dfee28a8a26a1f718a31b61bc3f7560ef5d397e5c7', '# praesent brute habeo etiam affert mus oporteat rhoncus eam.\n\nlitora leo inceptos detracto pharetra elementum sententiae ligula scripserit.\n\nluptatum ignota cursus atomorum vel scripta cum option vocibus theophrastus sociosqu aliquam maximus sadipscing.\n\nmea erroribus gloriatur.\n\nsumo eloquentiam meliore doctus intellegat.\n\nvelit cubilia fringilla te quam adhuc quidam disputationi disputationi sanctus electram nascetur dolorem adhuc possim risus viverra intellegebat.\n\ninteger parturient quas legimus no ne mi constituam habitasse dicant alia.\n\nreque definitionem perpetua porro.\n\nsollicitudin liber quaerendum scripserit dictumst at non delenit netus.\n\nrisus pertinacia duo non neglegentur harum option vehicula solum electram mazim turpis ridiculus malorum non.\n\ndocendi ceteros dicunt mnesarchum posse nisl eos vivamus utamur similique aptent principes mutat gloriatur.\n\nconvallis fastidii.\n\nassueverit quisque neque sapien risus.\n\npersecuti nonumy deserunt lectus.\n\narcu.\n\nhas sumo te deseruisse vocibus ad cetero adhuc facilis molestiae taciti molestiae tincidunt elaboraret mi petentium quot referrentur electram necessitatibus.\n\n', 96, 1655282028626, 1655282028626, 0);
INSERT INTO wiki_pages (parentId, textId, wikiId, name, views, publishAt, displayOrder, id, createdAt, updatedAt, version) VALUES (89, 96, 71, 'sub 3', 0, 1655285628605, 2, 95, 1655282028627, 1655282028627, 0);
INSERT INTO texts (hash, content, id, createdAt, updatedAt, version) VALUES ('f486e846931229d7d26bee543b4edc65895ab0dff3661ad30280b15bceae17b5', '# persius vituperatoribus dignissim alterum blandit ignota.\n\nexpetendis appareat nunc saepe veritus delenit commune nullam per neque voluptaria ei neque contentiones vel inimicus ullamcorper fabulas adhuc.\n\npostulant vis graece affert ignota detraxit volumus purus.\n\nvis taciti ornatus falli commodo consectetuer moderatius lectus salutatus integer epicurei libero ocurreret noluisse noster semper cras solet hinc.\n\ncurae consetetur at enim per neglegentur animal sadipscing enim minim suspendisse elementum mutat.\n\npetentium mandamus postulant vocent prodesset mucius possit omnesque volutpat quaeque quot nisl saepe dico sagittis dolore accusata erroribus.\n\npetentium indoctum posuere legimus explicari.\n\nnunc fastidii accusata mi lobortis agam nisl habitasse mel sodales invidunt sed sem elitr epicuri falli cetero tempus dicat.\n\neos nonumy nascetur pharetra scelerisque recteque interesset antiopam explicari.\n\nconstituam expetenda urbanitas platonem accusata nullam graecis ornatus affert adversarium.\n\npossim indoctum risus quis.\n\nconsectetuer scelerisque.\n\n', 98, 1655282028627, 1655282028627, 0);
INSERT INTO wiki_pages (parentId, textId, wikiId, name, views, publishAt, displayOrder, id, createdAt, updatedAt, version) VALUES (95, 98, 71, 'leaf 1', 0, 1655282028605, 0, 97, 1655282028635, 1655282028635, 0);
INSERT INTO texts (hash, content, id, createdAt, updatedAt, version) VALUES ('85a0f0c01226b7c9cd570e4fb6f5d8c40165f9ed604bfa8d8a8b57e879c56600', '# salutatus in eruditi curabitur delenit mi fabellas.\n\nsit harum magnis viris.\n\nfastidii rhoncus commune omittam eum mnesarchum eros civibus sapientem homero prodesset tincidunt justo melius quod nullam repudiare mentitum.\n\npostulant iriure iuvaret.\n\nomnesque venenatis euismod ad aeque mediocrem detracto brute quaestio ad iaculis eos patrioque utinam dolorem quisque ubique aperiri possim.\n\ninceptos atomorum vivamus impetus nunc graecis et eius sea proin perpetua est donec mea periculis nunc tota nullam impetus.\n\nprompta tractatos erat mea alia adhuc aptent malesuada iriure ornatus prompta habeo.\n\nenim signiferumque quaerendum euismod quam aliquam veri sonet integer possim persecuti solet alienum tale magna offendit epicuri ei.\n\nagam vocibus sonet scripserit omittam molestiae instructior honestatis homero purus appareat alienum nulla auctor elementum vocent habitant propriae laoreet.\n\npersius cras porta definitiones petentium scripta vis neglegentur elit fabellas tantas mattis vestibulum sale dolore.\n\ndicunt natoque prodesset urna fusce quaeque feugiat reformidans ornare graeci morbi prompta melius legimus est quisque liber agam aperiri elaboraret.\n\ncursus menandri viverra petentium reque vix iriure.\n\nsuscipit.\n\nante novum vero.\n\nmovet dicant mandamus numquam parturient.\n\nhis diam delicata decore luptatum.\n\naliquip persequeris dicunt scelerisque sapientem quot audire potenti sociosqu quaerendum decore fuisset convallis dissentiunt euripidis himenaeos equidem finibus lacus.\n\n', 100, 1655282028635, 1655282028635, 0);
INSERT INTO wiki_pages (parentId, textId, wikiId, name, views, publishAt, displayOrder, id, createdAt, updatedAt, version) VALUES (95, 100, 71, 'leaf 2', 0, 1655282028605, 1, 99, 1655282028635, 1655282028635, 0);
INSERT INTO texts (hash, content, id, createdAt, updatedAt, version) VALUES ('0c8ce9dd4f35f285af95ad1a99c684efb365b97a572f618e74ec17473e1eb9f7', '# hac parturient saepe ultrices justo postea prodesset voluptaria mandamus.\n\nhis patrioque viverra honestatis conubia fringilla reprimique maiestatis his molestie proin solet reprehendunt maecenas numquam quas dictum risus dictumst aliquet.\n\nveri euripidis volumus cetero lobortis lacinia fastidii purus.\n\npretium fabulas fuisset imperdiet risus ubique curae mauris epicurei maiorum periculis blandit voluptaria viderer.\n\ndisputationi donec lorem conceptam.\n\net.\n\nconvenire lectus oratio adipiscing ut nominavi elit utamur.\n\nelit ornatus risus placerat phasellus recteque rutrum agam tamquam cras varius natum quaestio suscipiantur eget theophrastus explicari.\n\nsingulis.\n\natomorum euismod quem elaboraret conceptam laoreet novum labores magnis sententiae nunc elit postea detracto pharetra agam melius posse eirmod eos.\n\nelementum enim amet ad taciti gubergren lectus adolescens dolorum sociis detracto mediocrem turpis viris unum porta mei quaeque morbi.\n\nnibh qui wisi quaerendum habeo.\n\nprodesset adversarium nulla facilis elitr eget qui oporteat cu pulvinar.\n\n', 102, 1655282028635, 1655282028635, 0);
INSERT INTO wiki_pages (parentId, textId, wikiId, name, views, publishAt, displayOrder, id, createdAt, updatedAt, version) VALUES (95, 102, 71, 'leaf 3', 0, 1655282028605, 2, 101, 1655282028635, 1655282028635, 0);
INSERT INTO texts (hash, content, id, createdAt, updatedAt, version) VALUES ('8646efb1aa463980078ff7b16d3f24f6ad00cc261791df4809afc71c25b31a69', '# hendrerit fusce.\n\ncongue.\n\nfaucibus ne quot labores morbi labores.\n\nscripserit atomorum postulant affert faucibus civibus intellegebat.\n\nviderer senectus corrumpit sed conceptam dicant malesuada dis ligula menandri.\n\nligula convallis mei erroribus volutpat quidam conceptam luctus feugait putent per semper consequat nisi impetus ipsum suavitate posse inimicus.\n\ninstructior definitiones ceteros.\n\nmauris per.\n\ntota purus voluptaria lectus risus vim solum interpretaris omittam vituperata.\n\nmontes saperet consul utroque vocibus nonumy conceptam graeco debet nullam adipiscing persius lorem montes pertinax pertinacia meliore fastidii mei.\n\ndignissim te invenire sonet urna omittam massa pericula mei sagittis etiam eros doctus definiebas sumo hinc deterruisset.\n\nquod fames ei libris iuvaret dicat omittantur ac has option qualisque urbanitas aliquet efficitur epicurei deserunt.\n\nquam.\n\nalienum oratio persecuti suas dolorum tota detracto interdum ferri tortor sententiae hinc curae suavitate efficiantur indoctum platea.\n\nantiopam lacus doming alia definitionem suspendisse inceptos dicunt sociosqu.\n\nsale alienum epicurei vim amet latine atqui sapien senserit mei habemus nascetur fabellas quaerendum.\n\niusto persequeris impetus luptatum ea parturient tota primis quem solum dolorem postea hinc luptatum fabulas deseruisse inani.\n\nmalorum porttitor quo assueverit perpetua molestie option convallis contentiones deterruisset malesuada lacinia sollicitudin harum dolor omnesque sollicitudin lectus.\n\n', 104, 1655282028635, 1655282028635, 0);
INSERT INTO wiki_pages (parentId, textId, wikiId, name, views, publishAt, displayOrder, id, createdAt, updatedAt, version) VALUES (89, 104, 71, 'sub 4', 0, 1655285628605, 3, 103, 1655282028637, 1655282028637, 0);
INSERT INTO texts (hash, content, id, createdAt, updatedAt, version) VALUES ('1ed69b5530bac0dc660361f4899d854b89abbd16baf0f6fcbdd0b7936e8d7163', '# altera condimentum doming posuere condimentum.\n\nea scripta eros menandri graeci nec populo ultrices comprehensam accumsan quis simul expetendis moderatius mea principes.\n\nwisi possim ad dolorum indoctum mollis consetetur.\n\nnullam labores ludus fugit quem mea.\n\ndefinitiones cursus doming offendit partiendo iriure disputationi periculis mei postulant morbi partiendo neglegentur vituperata epicurei.\n\nfringilla sagittis autem sapientem molestie fermentum legimus signiferumque pretium dui.\n\nrepudiare docendi eripuit sale commodo explicari platea liber fabulas commodo sonet graece.\n\noffendit nunc unum quidam equidem nulla sociosqu aliquip enim euripidis oratio varius veritus saepe convenire magna vituperata dapibus simul maecenas.\n\nhabitant electram sapientem civibus pertinax posse principes.\n\nsimilique.\n\nvarius proin pri quaestio iisque tibique assueverit ac convallis possim reque porro equidem eget pertinacia.\n\nsententiae contentiones nominavi pulvinar comprehensam finibus noster facilisis vestibulum elementum epicuri hac magnis consectetuer affert tritani neglegentur ridiculus.\n\ndiscere tempor iisque odio ius unum tellus saperet epicuri id varius veniam deterruisset aeque.\n\nmi veritus latine at idque iriure pellentesque elementum penatibus interesset inani tortor.\n\nsea deseruisse mucius ea efficiantur laudem fabulas sumo possit mauris orci volumus ipsum proin cetero no ne mel referrentur pro.\n\nei atomorum dictas meliore dignissim sociis graeco detraxit.\n\narcu nostra sagittis omnesque.\n\n', 106, 1655282028637, 1655282028637, 0);
INSERT INTO wiki_pages (parentId, textId, wikiId, name, views, publishAt, displayOrder, id, createdAt, updatedAt, version) VALUES (71, 106, 71, 'page 3', 0, 1655282028605, 2, 105, 1655282028637, 1655282028637, 0);
INSERT INTO texts (hash, content, id, createdAt, updatedAt, version) VALUES ('393f90d5c83815dfe28380b5ecb9302bb63ebd1b0089a2ef2be2cc36973d5c09', '# volumus errem iriure adhuc leo etiam quo noster veniam sapien.\n\nprompta ipsum deserunt felis volutpat malorum quem perpetua utroque risus.\n\nullamcorper ubique maiorum homero etiam audire euripidis error ultricies deterruisset epicurei.\n\nesse explicari consectetur epicurei pri mus hinc solum viris voluptatum eleifend magnis.\n\nsapien adipisci sollicitudin cetero quas pro.\n\nnovum per erat auctor elementum pharetra principes ridiculus utroque ultricies suspendisse platonem dicunt regione.\n\nplatonem ultricies.\n\nnisl verear bibendum deterruisset brute finibus nihil aperiri pertinax.\n\nvituperatoribus turpis himenaeos aliquip phasellus tempus.\n\nadhuc.\n\ndelenit laoreet himenaeos neglegentur offendit vim mazim commodo ex accommodare dolore convenire patrioque ne vim voluptaria consetetur eloquentiam.\n\nvidisse brute interesset ancillae voluptatibus adversarium ubique dapibus amet dicunt vidisse penatibus reprimique eleifend eleifend.\n\nquem persequeris idque suspendisse vocent eruditi saepe.\n\nmaximus posse quisque convenire mi sonet fringilla saperet theophrastus.\n\nregione.\n\nsimul lobortis euismod evertitur platonem auctor urna.\n\ncursus his salutatus patrioque.\n\neros vivamus vituperatoribus aliquid aptent sapien ea tempus.\n\npercipit tractatos porro vocent ferri iusto usu ea habemus hac iisque dicam integer curabitur potenti reformidans.\n\nrutrum parturient.\n\n', 108, 1655282028637, 1655282028637, 0);
INSERT INTO wiki_pages (parentId, textId, wikiId, name, views, publishAt, displayOrder, id, createdAt, updatedAt, version) VALUES (105, 108, 71, 'sub 1', 0, 1655282028605, 0, 107, 1655282028637, 1655282028637, 0);
INSERT INTO texts (hash, content, id, createdAt, updatedAt, version) VALUES ('52f231805f75ddd6524270b5233076a2584d4169d6f416a406410ef20c219e1f', '# menandri atomorum dignissim qualisque pharetra conceptam liber eu.\n\nluptatum doming tritani suscipit convenire.\n\ncubilia nisi disputationi epicuri tincidunt ponderum dolorum.\n\net necessitatibus pro iisque fermentum equidem posidonium laoreet quaeque.\n\ndolore sapientem deseruisse laudem natoque metus.\n\ndicant varius epicurei neque vestibulum definiebas quem.\n\ndoctus eloquentiam regione dicat pericula delenit.\n\nnobis ullamcorper indoctum euripidis natum saperet.\n\neius tellus eos sagittis fusce mentitum erroribus adipiscing aliquam sociis sanctus justo adhuc pulvinar suspendisse risus iuvaret reformidans his amet.\n\nne egestas harum parturient ius esse inceptos partiendo mei alia eget aptent dictumst erat mauris etiam elit.\n\nleo senectus eius saperet felis.\n\ndoctus quisque dicat deseruisse maximus omittantur dis libero massa veritus libris magna indoctum.\n\nhabitant eripuit himenaeos finibus dicta cu malesuada.\n\nvocent risus luctus a gravida assueverit solum delenit posse vim possim.\n\ndui veniam mutat litora.\n\n', 110, 1655282028637, 1655282028637, 0);
INSERT INTO wiki_pages (parentId, textId, wikiId, name, views, publishAt, displayOrder, id, createdAt, updatedAt, version) VALUES (105, 110, 71, 'sub 2', 0, 1655282028606, 1, 109, 1655282028637, 1655282028637, 0);
INSERT INTO texts (hash, content, id, createdAt, updatedAt, version) VALUES ('816ab3feafe766fab53f8ee3421bbeced66ddb70a82f01efb23da2b45fd88b0d', '# ne invenire constituto voluptaria habitant sapientem veritus.\n\nimpetus liber solet enim etiam necessitatibus arcu ocurreret libris dicant volutpat nisi aperiri partiendo intellegat amet affert.\n\nius vero utamur fugit.\n\nreferrentur tellus in amet sed.\n\npraesent fringilla convenire suscipiantur.\n\nagam eu civibus pri elementum te.\n\ninimicus sea pulvinar maiorum nihil homero esse posse.\n\nconceptam pericula mazim nulla amet semper sumo maximus fames quod cetero alienum egestas porta doming sadipscing assueverit turpis ac purus.\n\ntempus dignissim quaerendum aliquam interpretaris invenire ut verterem.\n\npurus expetendis omittantur discere feugiat verterem gloriatur definiebas ius doctus eleifend dolor dapibus.\n\nscripta pharetra morbi non suas novum mollis sonet habitasse graece appareat dolore iaculis mediocrem his ludus persius ut populo.\n\ndictumst aliquip vivendo vel idque omittantur patrioque neglegentur interpretaris duis eripuit tation corrumpit.\n\ndolorum eu causae aenean repudiandae vero platonem sapientem per salutatus enim fames an ludus eloquentiam tractatos viris dolorum omittam scripta.\n\ntaciti atomorum nonumy morbi lorem facilisis.\n\n', 112, 1655282028637, 1655282028637, 0);
INSERT INTO wiki_pages (parentId, textId, wikiId, name, views, publishAt, displayOrder, id, createdAt, updatedAt, version) VALUES (105, 112, 71, 'sub 3', 0, 1655282028606, 2, 111, 1655282028637, 1655282028637, 0);
INSERT INTO texts (hash, content, id, createdAt, updatedAt, version) VALUES ('9eae84eca75bdb65dce585d700648d05d49cab76b2b57c7ce07200811b7c7e90', '# dolor antiopam.\n\nsapien has quis graecis nec alienum latine enim alia ligula.\n\nludus inceptos feugiat sollicitudin urna gravida mentitum melius mei epicuri tempus vivendo dolores pellentesque graece donec sociosqu expetenda omittantur lorem.\n\nesse eloquentiam ultrices dui ei vel evertitur corrumpit mentitum nulla expetendis adversarium diam persius intellegat facilis tincidunt accumsan.\n\ntale mauris eros postulant vestibulum libris delenit iriure sed melius luctus pertinacia falli latine.\n\nplacerat nulla gubergren fabellas dictas ignota cetero no iusto periculis imperdiet nisl morbi.\n\nsapientem usu morbi veri his commune iaculis impetus justo pharetra praesent quo purus commune graecis nonumes nulla te.\n\ndefiniebas sit simul nonumes aliquet persecuti ponderum torquent interesset has.\n\nid ludus ut omittam interpretaris.\n\ntortor accommodare.\n\nferri adipiscing veri venenatis varius dictumst potenti vocibus mel liber.\n\nnumquam penatibus elit.\n\n', 114, 1655282028637, 1655282028637, 0);
INSERT INTO wiki_pages (parentId, textId, wikiId, name, views, publishAt, displayOrder, id, createdAt, updatedAt, version) VALUES (111, 114, 71, 'leaf 1', 0, 1655282028606, 0, 113, 1655282028637, 1655282028637, 0);
INSERT INTO texts (hash, content, id, createdAt, updatedAt, version) VALUES ('6a982597ab6e0cf55747685deb076486871f7003f709df2d2f2b99bba3055a8a', '# vero pertinax adipiscing deterruisset ubique lacus saepe.\n\nepicurei definitionem varius et vero novum facilisis quod vocent vulputate at conceptam nonumy gubergren postulant nobis mandamus fugit.\n\ntincidunt similique legimus constituto.\n\nmel pertinacia posuere ac antiopam.\n\nelitr dictum persequeris.\n\nsigniferumque facilisi ceteros suas interpretaris phasellus ne.\n\ndeserunt lectus prodesset tota.\n\nviris integer nobis noster quem gravida.\n\nregione vituperata molestie dico verterem repudiare aptent eros.\n\nmenandri a egestas inciderint malesuada iaculis.\n\nexpetendis sit cum errem.\n\nvolutpat torquent utamur gubergren utinam posuere elit reprehendunt labores condimentum decore mauris expetendis suscipiantur.\n\niudicabit aenean honestatis luctus appetere aliquid deserunt utamur aperiri malorum appareat consectetur inimicus.\n\nne theophrastus pro causae mucius necessitatibus principes wisi quaerendum affert eloquentiam noster patrioque graeco commune maiorum invenire.\n\nposse vitae tacimates labores molestiae alienum.\n\nelaboraret suavitate scripserit putent accommodare quaestio dicam tale voluptaria augue maiorum iuvaret prompta imperdiet.\n\n', 116, 1655282028637, 1655282028637, 0);
INSERT INTO wiki_pages (parentId, textId, wikiId, name, views, publishAt, displayOrder, id, createdAt, updatedAt, version) VALUES (111, 116, 71, 'leaf 2', 0, 1655282028606, 1, 115, 1655282028637, 1655282028637, 0);
INSERT INTO texts (hash, content, id, createdAt, updatedAt, version) VALUES ('181dbc69c533f9de470f6457003b1ee6e86fc9d6cecfe3a51262bbbcbb4192f1', '# indoctum hinc.\n\nalterum pri suscipiantur massa vim porta omittam urbanitas facilis quem atqui malorum quisque porta fermentum consetetur tota finibus dicit.\n\nquem magnis vidisse maximus esse appareat hendrerit constituto adolescens aptent vocibus dolor simul sonet pericula vestibulum.\n\ntation consectetuer.\n\nsuscipiantur.\n\npraesent scelerisque agam iaculis falli urbanitas lorem dicam constituam euismod.\n\ncubilia hac interdum quot euismod lacinia in fastidii.\n\nverterem penatibus falli impetus ceteros enim reque scripserit tritani iaculis mel constituam reque platonem.\n\nlegere discere.\n\nreprehendunt sed ei ad ipsum nibh nominavi dignissim platonem.\n\nignota dicat voluptaria quisque class epicuri auctor finibus vix blandit aliquet dicam quaeque fermentum aliquam quaestio.\n\n', 118, 1655282028637, 1655282028637, 0);
INSERT INTO wiki_pages (parentId, textId, wikiId, name, views, publishAt, displayOrder, id, createdAt, updatedAt, version) VALUES (111, 118, 71, 'leaf 3', 0, 1655282028606, 2, 117, 1655282028637, 1655282028637, 0);
INSERT INTO texts (hash, content, id, createdAt, updatedAt, version) VALUES ('a82a190d7a9f3c162cfe20fab017bac8e2fc721c26d4e79177d5a2a7009df3d7', '# inimicus inciderint minim ex porttitor montes sagittis.\n\niuvaret reformidans ultricies interpretaris legimus aptent harum aeque augue quaestio per pro petentium nam at utamur quis.\n\npostea adhuc tritani finibus numquam graeci utamur.\n\nnovum vivendo libero augue error numquam eos mucius omittantur meliore scelerisque elementum.\n\nvoluptaria ad neglegentur fames error quis pretium ac congue vim nostrum tale.\n\nreprehendunt mediocritatem maluisset omnesque consectetur.\n\npetentium has postea mazim error pharetra unum nascetur et delenit phasellus voluptatibus definitiones accusata nonumy fabulas semper condimentum elaboraret.\n\nmeliore tincidunt dicant posse delenit honestatis.\n\nhabitant suscipiantur consequat veniam maximus sed propriae senectus nascetur autem neque noster euripidis dolorum vidisse lectus at fames latine laudem.\n\nponderum pulvinar.\n\nvelit vocent tractatos convallis malesuada legimus audire ex numquam unum percipit sagittis penatibus nam primis veri efficiantur graecis deserunt.\n\nmeliore.\n\ninvenire lacinia efficitur scripserit affert.\n\nconsectetur ferri similique appareat bibendum viverra reque omnesque altera aenean feugiat duis.\n\nmus.\n\nproin neglegentur expetendis elementum consectetuer euripidis inimicus tale vel suas oporteat dicit.\n\ndictum maiorum sadipscing cursus laoreet honestatis dui novum pri iisque consequat.\n\n', 120, 1655282028637, 1655282028637, 0);
INSERT INTO wiki_pages (parentId, textId, wikiId, name, views, publishAt, displayOrder, id, createdAt, updatedAt, version) VALUES (105, 120, 71, 'sub 4', 0, 1655282028606, 3, 119, 1655282028637, 1655282028637, 0);
INSERT INTO navigations (name, icon, url, blank, displayOrder, id, createdAt, updatedAt, version) VALUES ('Sample Tutorial', 'magic', '/wiki/71', false, 3, 325, 1655282028637, 1655282028637, 0);
INSERT INTO navigations (name, icon, url, blank, displayOrder, id, createdAt, updatedAt, version) VALUES ('Discuss', 'commenting-o', '/discuss', false, 4, 326, 1655282028637, 1655282028637, 0);
INSERT INTO navigations (name, icon, url, blank, displayOrder, id, createdAt, updatedAt, version) VALUES ('External', 'external-link', 'https://weibo.com/', true, 5, 327, 1655282028637, 1655282028637, 0);
INSERT INTO settings (settingGroup, settingKey, settingValue, id, createdAt, updatedAt, version) VALUES ('Website', 'name', 'iTranswarp', 328, 1655282028637, 1655282028637, 0);
