-- generated initial data

USE it;

INSERT INTO users (role, email, name, imageUrl, lockedUntil, id, createdAt, updatedAt, version) VALUES ('ADMIN', 'admin@itranswarp.com', 'admin', '/static/img/admin.png', 0, 1, 1678295782000, 1678295782000, 0);
INSERT INTO local_auths (userId, passwd, salt, id, createdAt, updatedAt, version) VALUES (1, '78d5e71030003ac42acb7940724587dac55bd39e69a35c5a3f9cb438f72c043e', 'e43c4c3d60e8646783a908538fda9b5cd6beb89f0aa7660b171f39d428a2dfe5', 2, 1678415662000, 1678415662000, 0);
INSERT INTO users (role, email, name, imageUrl, lockedUntil, id, createdAt, updatedAt, version) VALUES ('EDITOR', 'editor@itranswarp.com', 'editor', '/static/img/user.png', 0, 3, 1678535542000, 1678535542000, 0);
INSERT INTO local_auths (userId, passwd, salt, id, createdAt, updatedAt, version) VALUES (3, 'bc20bc3521dab6114bec2ac80cc2812b2126246af4a0190e3c70c5518d0b92d0', 'dc0c1cfd21bf9d4a6319ba474f0e6471e8be1ce6384fe677ca45982ed87d695b', 4, 1678655422000, 1678655422000, 0);
INSERT INTO users (role, email, name, imageUrl, lockedUntil, id, createdAt, updatedAt, version) VALUES ('CONTRIBUTOR', 'contributor@itranswarp.com', 'contributor', '/static/img/user.png', 0, 5, 1678775302000, 1678775302000, 0);
INSERT INTO local_auths (userId, passwd, salt, id, createdAt, updatedAt, version) VALUES (5, 'c9cf6446702a2efea92203a5ca560bd3315cb3ad68224714cdfec885f75bee28', 'c23e5f70a61bfd8db92bfd80e1827e9c546247b73b74357cb5bcb59211a0337c', 6, 1678895182000, 1678895182000, 0);
INSERT INTO users (role, email, name, imageUrl, lockedUntil, id, createdAt, updatedAt, version) VALUES ('SPONSOR', 'sponsor@itranswarp.com', 'sponsor', '/static/img/user.png', 0, 7, 1679015062000, 1679015062000, 0);
INSERT INTO local_auths (userId, passwd, salt, id, createdAt, updatedAt, version) VALUES (7, '01bb07a13cf3b5353c1e476aa3cde29f827c4651651f653fa4626ad3d4cc4889', '0baebf6a1bdcbf32d8d0adb0dcbd34fcb55493628a28696e546a2357090797fd', 8, 1679134942000, 1679134942000, 0);
INSERT INTO users (role, email, name, imageUrl, lockedUntil, id, createdAt, updatedAt, version) VALUES ('SUBSCRIBER', 'subscriber@itranswarp.com', 'subscriber', '/static/img/user.png', 0, 9, 1679254822000, 1679254822000, 0);
INSERT INTO local_auths (userId, passwd, salt, id, createdAt, updatedAt, version) VALUES (9, '58fb74bcbc792706e58e803d388dacf3a1802d30e35388b32492641d3d5fd4a2', 'c3f7067890a5d9f1147f2b207bd8951b7f1a1f3cf69fcf9dfb0050b7676a7875', 10, 1679374702000, 1679374702000, 0);
INSERT INTO texts (hash, content, id, createdAt, updatedAt, version) VALUES ('a86e078148624e57bd29018b60b1c840fde7cdf418dc138e4d0be129c3abbb10', '# ea montes lobortis erroribus signiferumque tractatos epicurei ne quis.\n\nin amet petentium mauris feugiat pretium pulvinar quem tacimates et massa voluptatum fabellas pertinax maluisset sapien.\n\ndico audire augue minim vocent suscipiantur mnesarchum hac voluptatum ligula invidunt.\n\nharum taciti graeci.\n\nquod ut mucius aenean maiestatis habitasse.\n\ncongue viverra donec maiorum qualisque efficiantur docendi dolores montes definitionem mel nonumes.\n\nclass.\n\nvocibus posse elitr dictum falli gloriatur sonet felis voluptatum natum.\n\nsolet ludus constituto expetendis quidam indoctum leo falli splendide meliore latine tristique per ceteros cursus quem sed noster.\n\nidque aliquet ocurreret posidonium.\n\ntritani nonumes instructior accumsan ultrices omittam inimicus dui accumsan impetus ullamcorper offendit nihil deterruisset deterruisset cum auctor a sit ante.\n\nmauris vero dictas dicat.\n\nsapien fabellas nostra penatibus noster.\n\nautem himenaeos latine mucius mus inimicus an scripta facilis perpetua nominavi autem simul vitae gloriatur faucibus elaboraret necessitatibus.\n\nlacinia feugiat adipiscing minim habeo invenire nunc agam simul parturient debet vocibus doming elit parturient expetendis turpis ponderum aenean propriae.\n\nsolum cetero explicari altera dicam equidem dicam sociosqu melius praesent unum nunc quod metus.\n\nnobis hendrerit pellentesque saperet periculis vix sit laudem posse reprehendunt tibique inimicus commodo mus dictas sed finibus signiferumque.\n\nfuisset iisque persequeris eum elaboraret tritani detraxit vel esse invenire.\n\nnominavi.\n\nomnesque maecenas.\n\n', 11, 1679494582000, 1679494582000, 0);
INSERT INTO single_pages (textId, tags, name, publishAt, id, createdAt, updatedAt, version) VALUES (11, 'help,doc', 'Help', 1645688422000, 12, 1679614462000, 1679614462000, 0);
INSERT INTO navigations (name, icon, url, blank, displayOrder, id, createdAt, updatedAt, version) VALUES ('Help', 'plane', '/single/12', false, 3, 121, 1679734342000, 1679734342000, 0);
INSERT INTO navigations (name, icon, url, blank, displayOrder, id, createdAt, updatedAt, version) VALUES ('Headlines', 'calendar', '/headline', false, 0, 122, 1679854222000, 1679854222000, 0);
INSERT INTO headlines (userId, name, description, url, publishAt, published, id, createdAt, updatedAt, version) VALUES (1, 'sumo. 0', 'consetetur atomorum quot vix primis antiopam voluptatibus aperiri turpis netus causae omittantur utroque disputationi offendit ornare persius ocurreret ea latine.', 'https://www.google.com/search?q=headline+0', 1645808302000, true, 123, 1679974102000, 1679974102000, 0);
INSERT INTO headlines (userId, name, description, url, publishAt, published, id, createdAt, updatedAt, version) VALUES (1, 'hinc. 1', 'volutpat.', 'https://www.google.com/search?q=headline+1', 1645928182000, true, 124, 1680093982000, 1680093982000, 0);
INSERT INTO headlines (userId, name, description, url, publishAt, published, id, createdAt, updatedAt, version) VALUES (1, 'qualisque. 2', 'vis reprimique dicat quod laoreet simul.', 'https://www.google.com/search?q=headline+2', 1646048062000, true, 125, 1680213862000, 1680213862000, 0);
INSERT INTO headlines (userId, name, description, url, publishAt, published, id, createdAt, updatedAt, version) VALUES (1, 'vituperata. 3', 'definitiones persequeris invidunt ceteros sagittis sapien et fusce saepe intellegat iudicabit consetetur appareat ante quam tantas adipiscing nibh honestatis quem curae electram nominavi fabellas vidisse periculis epicuri mentitum.', 'https://www.google.com/search?q=headline+3', 1646167942000, true, 126, 1680333742000, 1680333742000, 0);
INSERT INTO headlines (userId, name, description, url, publishAt, published, id, createdAt, updatedAt, version) VALUES (1, 'nonumes. 4', 'ut.', 'https://www.google.com/search?q=headline+4', 1646287822000, true, 127, 1680453622000, 1680453622000, 0);
INSERT INTO headlines (userId, name, description, url, publishAt, published, id, createdAt, updatedAt, version) VALUES (1, 'eos. 5', 'omittantur.', 'https://www.google.com/search?q=headline+5', 1646407702000, true, 128, 1680573502000, 1680573502000, 0);
INSERT INTO headlines (userId, name, description, url, publishAt, published, id, createdAt, updatedAt, version) VALUES (1, 'repudiare. 6', 'mutat.', 'https://www.google.com/search?q=headline+6', 1646527582000, true, 129, 1680693382000, 1680693382000, 0);
INSERT INTO headlines (userId, name, description, url, publishAt, published, id, createdAt, updatedAt, version) VALUES (1, 'appetere. 7', 'omittantur parturient rhoncus maiorum usu tota maiestatis honestatis sonet perpetua antiopam hendrerit instructior taciti.', 'https://www.google.com/search?q=headline+7', 1646647462000, true, 130, 1680813262000, 1680813262000, 0);
INSERT INTO headlines (userId, name, description, url, publishAt, published, id, createdAt, updatedAt, version) VALUES (1, 'vitae. 8', 'legimus habitasse magnis inimicus postulant appareat sapientem dignissim.', 'https://www.google.com/search?q=headline+8', 1646767342000, true, 131, 1680933142000, 1680933142000, 0);
INSERT INTO headlines (userId, name, description, url, publishAt, published, id, createdAt, updatedAt, version) VALUES (1, 'elementum. 9', 'utinam dictumst inimicus senectus dis suscipit quod pharetra vestibulum vis sagittis dicta reprehendunt arcu venenatis viverra aliquid condimentum dictum cetero epicurei pro.', 'https://www.google.com/search?q=headline+9', 1646887222000, true, 132, 1681053022000, 1681053022000, 0);
INSERT INTO headlines (userId, name, description, url, publishAt, published, id, createdAt, updatedAt, version) VALUES (1, 'nonumes. 10', 'elementum senserit rutrum phasellus sale petentium appareat hinc cubilia sociosqu ubique decore posse expetendis no hinc utroque intellegebat vitae delicata ornatus accommodare dico efficiantur.', 'https://www.google.com/search?q=headline+10', 1647007102000, true, 133, 1681172902000, 1681172902000, 0);
INSERT INTO headlines (userId, name, description, url, publishAt, published, id, createdAt, updatedAt, version) VALUES (1, 'docendi. 11', 'honestatis constituam causae laudem ignota hac commune ferri repudiandae sit dis mi ad ludus quam quisque idque tamquam affert molestie.', 'https://www.google.com/search?q=headline+11', 1647126982000, true, 134, 1681292782000, 1681292782000, 0);
INSERT INTO headlines (userId, name, description, url, publishAt, published, id, createdAt, updatedAt, version) VALUES (1, 'vehicula. 12', 'veri vocent utamur facilisis graeco tritani in mnesarchum saepe eum sit.', 'https://www.google.com/search?q=headline+12', 1647246862000, true, 135, 1681412662000, 1681412662000, 0);
INSERT INTO headlines (userId, name, description, url, publishAt, published, id, createdAt, updatedAt, version) VALUES (1, 'nostra. 13', 'vocent mollis splendide reque suscipit arcu dui dico inimicus reprimique duis vix euismod tempor accommodare suas nullam nonumy posse similique inimicus ultricies simul mel sollicitudin augue ignota sodales usu gubergren.', 'https://www.google.com/search?q=headline+13', 1647366742000, true, 136, 1681532542000, 1681532542000, 0);
INSERT INTO headlines (userId, name, description, url, publishAt, published, id, createdAt, updatedAt, version) VALUES (1, 'curae. 14', 'persecuti postulant mi etiam consetetur tritani accommodare maximus felis dicit tibique propriae penatibus vehicula numquam latine.', 'https://www.google.com/search?q=headline+14', 1647486622000, true, 137, 1681652422000, 1681652422000, 0);
INSERT INTO headlines (userId, name, description, url, publishAt, published, id, createdAt, updatedAt, version) VALUES (1, 'pertinax. 15', 'noluisse usu per dicta ipsum iisque usu invenire nihil oporteat semper esse unum pericula hinc posse volumus pellentesque gravida.', 'https://www.google.com/search?q=headline+15', 1647606502000, false, 138, 1681772302000, 1681772302000, 0);
INSERT INTO headlines (userId, name, description, url, publishAt, published, id, createdAt, updatedAt, version) VALUES (1, 'agam. 16', 'vivendo consul prodesset luptatum maiestatis tation his pertinacia accommodare.', 'https://www.google.com/search?q=headline+16', 1647726382000, false, 139, 1681892182000, 1681892182000, 0);
INSERT INTO headlines (userId, name, description, url, publishAt, published, id, createdAt, updatedAt, version) VALUES (1, 'delicata. 17', 'massa tamquam.', 'https://www.google.com/search?q=headline+17', 1647846262000, false, 140, 1682012062000, 1682012062000, 0);
INSERT INTO headlines (userId, name, description, url, publishAt, published, id, createdAt, updatedAt, version) VALUES (1, 'contentiones. 18', 'possit regione definitionem delenit ocurreret sale omittam urbanitas discere conclusionemque legimus volumus libero inceptos suscipit deseruisse vim.', 'https://www.google.com/search?q=headline+18', 1647966142000, false, 141, 1682131942000, 1682131942000, 0);
INSERT INTO headlines (userId, name, description, url, publishAt, published, id, createdAt, updatedAt, version) VALUES (1, 'signiferumque. 19', 'verear non reprimique mnesarchum graeci mollis erat ut viris sadipscing maximus leo libero vitae a condimentum mei viris viris mus alia equidem dicit natum signiferumque ceteros atqui.', 'https://www.google.com/search?q=headline+19', 1648086022000, false, 142, 1682251822000, 1682251822000, 0);
INSERT INTO headlines (userId, name, description, url, publishAt, published, id, createdAt, updatedAt, version) VALUES (1, 'mi. 20', 'moderatius mauris deterruisset perpetua oporteat definitionem mandamus orci recteque quaestio adhuc platea expetenda nibh tibique elaboraret impetus pro conubia autem adipiscing ponderum delenit tristique sententiae in repudiare mattis viderer.', 'https://www.google.com/search?q=headline+20', 1648205902000, false, 143, 1682371702000, 1682371702000, 0);
INSERT INTO headlines (userId, name, description, url, publishAt, published, id, createdAt, updatedAt, version) VALUES (1, 'oporteat. 21', 'epicurei finibus detraxit sonet vim eruditi.', 'https://www.google.com/search?q=headline+21', 1648325782000, false, 144, 1682491582000, 1682491582000, 0);
INSERT INTO headlines (userId, name, description, url, publishAt, published, id, createdAt, updatedAt, version) VALUES (1, 'risus. 22', 'ridiculus referrentur ac.', 'https://www.google.com/search?q=headline+22', 1648445662000, false, 145, 1682611462000, 1682611462000, 0);
INSERT INTO headlines (userId, name, description, url, publishAt, published, id, createdAt, updatedAt, version) VALUES (1, 'erroribus. 23', 'nunc sententiae sapien dapibus pharetra a vix suscipiantur sollicitudin omnesque nonumy nam hendrerit labores mazim quaeque nisl blandit neque est quam adolescens potenti ut at pericula sociosqu.', 'https://www.google.com/search?q=headline+23', 1648565542000, false, 146, 1682731342000, 1682731342000, 0);
INSERT INTO headlines (userId, name, description, url, publishAt, published, id, createdAt, updatedAt, version) VALUES (1, 'suavitate. 24', 'no sit melius dicit detracto vituperatoribus feugiat delectus sociis convallis enim ceteros.', 'https://www.google.com/search?q=headline+24', 1648685422000, false, 147, 1682851222000, 1682851222000, 0);
INSERT INTO categories (name, tag, description, displayOrder, id, createdAt, updatedAt, version) VALUES ('Sample', 'sample', 'Java Series', 0, 13, 1682971102000, 1682971102000, 0);
INSERT INTO navigations (name, icon, url, blank, displayOrder, id, createdAt, updatedAt, version) VALUES ('Sample', 'coffee', '/category/13', false, 1, 148, 1683090982000, 1683090982000, 0);
INSERT INTO resources (hash, encoding, content, id, createdAt, updatedAt, version) VALUES ('10cefe320c9e49a9a0ba13bf870c3b5dcd572ff0032ea941b2f659e9e712bfe4', 'BASE64', '/9j/4QAYRXhpZgAASUkqAAgAAAAAAAAAAAAAAP/sABFEdWNreQABAAQAAAAKAAD/4QMsaHR0cDovL25zLmFkb2JlLmNvbS94YXAvMS4wLwA8P3hwYWNrZXQgYmVnaW49Iu+7vyIgaWQ9Ilc1TTBNcENlaGlIenJlU3pOVGN6a2M5ZCI/PiA8eDp4bXBtZXRhIHhtbG5zOng9ImFkb2JlOm5zOm1ldGEvIiB4OnhtcHRrPSJBZG9iZSBYTVAgQ29yZSA1LjUtYzAxNCA3OS4xNTE0ODEsIDIwMTMvMDMvMTMtMTI6MDk6MTUgICAgICAgICI+IDxyZGY6UkRGIHhtbG5zOnJkZj0iaHR0cDovL3d3dy53My5vcmcvMTk5OS8wMi8yMi1yZGYtc3ludGF4LW5zIyI+IDxyZGY6RGVzY3JpcHRpb24gcmRmOmFib3V0PSIiIHhtbG5zOnhtcD0iaHR0cDovL25zLmFkb2JlLmNvbS94YXAvMS4wLyIgeG1sbnM6eG1wTU09Imh0dHA6Ly9ucy5hZG9iZS5jb20veGFwLzEuMC9tbS8iIHhtbG5zOnN0UmVmPSJodHRwOi8vbnMuYWRvYmUuY29tL3hhcC8xLjAvc1R5cGUvUmVzb3VyY2VSZWYjIiB4bXA6Q3JlYXRvclRvb2w9IkFkb2JlIFBob3Rvc2hvcCBDQyAoTWFjaW50b3NoKSIgeG1wTU06SW5zdGFuY2VJRD0ieG1wLmlpZDpCODQ5NDA1RTQyMDUxMUU5OTk4RkJCNjMyNTY5RTk2QSIgeG1wTU06RG9jdW1lbnRJRD0ieG1wLmRpZDpCODQ5NDA1RjQyMDUxMUU5OTk4RkJCNjMyNTY5RTk2QSI+IDx4bXBNTTpEZXJpdmVkRnJvbSBzdFJlZjppbnN0YW5jZUlEPSJ4bXAuaWlkOjEzOTcxQUQ1NDIwNTExRTk5OThGQkI2MzI1NjlFOTZBIiBzdFJlZjpkb2N1bWVudElEPSJ4bXAuZGlkOjEzOTcxQUQ2NDIwNTExRTk5OThGQkI2MzI1NjlFOTZBIi8+IDwvcmRmOkRlc2NyaXB0aW9uPiA8L3JkZjpSREY+IDwveDp4bXBtZXRhPiA8P3hwYWNrZXQgZW5kPSJyIj8+/+4ADkFkb2JlAGTAAAAAAf/bAIQAFBAQGRIZJxcXJzImHyYyLiYmJiYuPjU1NTU1PkRBQUFBQUFERERERERERERERERERERERERERERERERERERERAEVGRkgHCAmGBgmNiYgJjZENisrNkREREI1QkRERERERERERERERERERERERERERERERERERERERERERERERERE/8AAEQgBaAKAAwEiAAIRAQMRAf/EAI4AAQADAQEBAAAAAAAAAAAAAAACAwQFAQYBAQEAAwAAAAAAAAAAAAAAAAABAgMEEAEAAgADAwgDDQgDAAAAAAAAAQIRAwRREhMhMUFhUuJTk4HRkpGhscHhIkJicqLSFAXwcTIjM0NjJIKyoxEBAAEDAwQDAQAAAAAAAAAAAAERUQIxEiJhobED8EEycf/aAAwDAQACEQMRAD8A+jAdDlAAAAAAAAAAAAAAAAAAAAAAAAAAAAAAAAAAAAAAAAAAAAAAAAAAAAAAAAAAAAAAAAAAAAAAAAAAAAAAAAAAAAAAAAAAAAAAAAAAAAAAAAAAAAAAAAAAAAAAAAAAAAAAAAAAAAAAAAAAAAAAAAAAAAAAAAAAAAAAAAAAAAAAAAAAAAAAAAAAAAAAAAAAAAAAAAAAAAAAAAAAAAAAAAAAAAAAAAAAAAAAAAAAAAAAAAAAAAAAAAAAAAAAAAAAAAAAAAAAAAAAAAAAAAAAAAAAAAAAAAAAAAAAAAAAAAAAAAAAAAAAAAAAAAAAAAAAAAAAAAAAAAAAAAAAAAAAAAAAAAAAAAAAAAAAAAAAAAAAAAAAAAAAAAAAAAAAAAAAAAAAAAAAAAAAAAAAAAAAAAAAAAAAAAAAAAAAAAAAAAAAAAAAAAAAAAAAAAAAAAAAAAAAAAAAAAAAAAAAAAAAAAAAAAAAAAAAAAAAAAAAAAAAAAAAAAAAAAAAAAAAAAAAAAAAAAAAAAAAAAAAAAAAAAAAAAAAAAAAAAAAAAAAAAAAAAAAAAAAAAAAAAAAAAAAAAAAAAAAAAAAAAAAAAAAAAAAAAAAAAAAAAAAAAAAAAAAAAAAAAAAAAAAAAAAAAAAAAAAAAAAAAAAAAAAAAAAAAAAAAAAAAAAAAAAAAAAAAAAAAAAAAAAAAAAAAAAAAAAAAAAAAAUX1Na24dYm9+xSMZ9PRHpmErQiK6LxXGXq78sZdKfbvjP3Y+N7+W1e3K9y3rTdDPZKYhwNZHhT6bR8UozXV158qs/ZzPXEG6DZktFE596/wBTKzK/8d7/AKzKP57K6d7HZw7+pd0JtmzSM/5qd6sbl4red2LWjd5cJnmnl6NjQRNUmJjUAVAAAAAAAAAAAAAAAAAAAAAAAAAAAAAAAAAAAAAAAAAAAAAAAAAAAAAAAAAAAAAAAAAAAFefmxk5dsyeXCObbsgELb+ozOBlTu4cuZePoxsj60+9HLsdLI0+Xp67mXEVj9ufbLFp6W0mTM4b+ZhN7RH0r/tyR1L9PrJtlZeZn1nKvmTu7k7Z6GiZrLpjGkNYy8bP/M8Phxwd3Hib30tmDUigAAAMH6rH8mL9NL0tHtRHwS8S/VZ/kbvTa+XX70ItmDV7PoAbGoAAAAAAAAAAAAAAAAAAAAAAAAAAAAAAAAAAAAAAAAAAAAAAAAAAAAAAAAAAAAAAAAAAZdbaIjLrPTmZfJtws1MuoreM3KvlWit5mcvljGMJjGdnZ2sctGWH6h0VOdpsvUTE5sTO7/DhaYwnbHX1qorq6fTpf7VZr8EynWNXPLu5WH2rfhaXQ20mIiK444bedPFycjUZ+5FbZV7Z3LvYxu1iftTyYR1Yr4rrOzle3b8IroDn7us7OV7dvwqtR+epl2tWKYxHNXetPo5ubnEdV5NojpcyuuysIiJveY2ZdsZ95VqM3UTu4RwaXtuYzhN+WJ6OaObrnqBbqsyNRn1y68tcr595+th82PfmfcWK8rKrk13KRhHw9c9axuxikOfKayAMmIAAAAAAAAAAAAAAAAAAAAAAAAAAAAAAAAAAAAAAAAAAAAAAAAAAAAAAAAAAAAAAAAAAz5v9fJj61p+5LQz5vJn5E/WtHu0ljloyw/UNdf47fuhPT5k4UrtxRis70z0TEGXXCK489Wl0NghW8T+9MEL23cOucClpmbRPRL21d7DqnErXCZnaCHEmK2tsnBl/U/4cqf8ALT42uleeJ6Zlk/U+bKj/AC1+CZISdHgDocwAAAAAAAAAAAAAAAAAAAAAAAAAAAAAAAAAAAAAAAAAAAAAAAAAAAAAAAAAAAAAAAAAAAA5+qtmZudGXl2ivD3czHDGcZxw9GHO6DDn6fN4s5uVuzForExaZjmx6pP7oRX61e7+pn+77mXU3tR40+xVXw9T2K+Z3Xm5qexXzPkKYWK+y/hbvanxvuVexfUx/en2K+pTuanw48z5Dh6nsV8zulMLFfZfwu4mp8a3sU9RxNT41vZp6lPC1PYr5ndOHqexXzO6UwsV9l13E1PjW9inqV5tc/N3d7Omd2d6PmV58MNnWjwtT2K+Z3ThansV8zulMLFfZfwl/seL/wCcH+z4seXHrR4Wp7FfM7pwtT2K+Z3V4/Kpy6dksdT4tfL+Ux1PiV8vvI8PU9ivmd04ep7FfM7px+VOXTsnvarxKeX3je1Xbp5c/iQ4ep7FfM7puanw48yPUcTl07OkAigAAAAAAAAAAAAAAAAAAAAAAAAAAAAAAAAAAAAAAAAAAAAAAAAAAAAAAAAAAAAAAAAAAAAAAAAAAAAAAAAAAAAAAAAAAAAAAAAAAAAAAAAAAAAAAAAAAAAAAAAAAAAAAAAAAAAAAAAAAAAAAAAAAAAAAAAAAAAAAAAAAAAAAAAAAAAAAAAAAAAAAAAAAAAAAAAAAAAAAAAAAAAAAAAAAAAAAAAAAAAAAAAAAAAAAAAAAAAAAAAAAAAAAAAAAAAAAAAAAAAAAAAAAAAAAAAAAAAAAAAAAAAAAAAAAAAAAAAAAAAAAAAAAAAAAAAAAAAAAAAAAAAAAAAAAAAAAAAAAAAAAAAAAAAAAAAAAAAAAAAAAAAAAAAAAAAAAAAAAAAAAAAAAAAAAAAAAAAAAAAAAAAAAAAAAAAAAAAAAAAAAAAAAAAAAAAAAAAAAAAAAAAAAAAAAAAAAAAAAAAAAAAAAAAAAAAAAAAAAAAAAAAAAAAAAAAAAAAAAAAAAAAAAAAAAAAAAAAAAAAAAAAAAAAAAAAAAAAAAAAAAAAAAAAAAAAAAAAAAAAAAAAAAAAAAAAAAAAAAAAAAAAAAAAAAAAAAAAAAAAAAAAAAAAAAAAAAAAAAAAAAAAAAAAAAAAAAAAAAAAAAAAAAAAAAAAAAAAAAAAAAAAAAAAAAAAAAAAAAAAAAAAAAAAAAAAAAAAAAAAAAAAAAAAAAAAAAAAAAAAAAAAAAAAAAAAAAAAAAAAAAAAAAAAAAAAAAAAAAAAAAAAAAAAAAAAAAAAAAAAAAAAAAAAAAAAAAAAAP//Z', 14, 1683210862000, 1683210862000, 0);
INSERT INTO attachments (userId, resourceId, size, width, height, name, mime, id, createdAt, updatedAt, version) VALUES (1, 14, 3468, 640, 360, 'img-0', 'image/jpeg', 15, 1683330742000, 1683330742000, 0);
INSERT INTO resources (hash, encoding, content, id, createdAt, updatedAt, version) VALUES ('f1a7d878def8e70293eeb1d26ea20d4e47bc7e07edd0b142545df4bfd26d80c9', 'BASE64', '/9j/4AAQSkZJRgABAgAAZABkAAD/7AARRHVja3kAAQAEAAAACgAA/+EDLGh0dHA6Ly9ucy5hZG9iZS5jb20veGFwLzEuMC8APD94cGFja2V0IGJlZ2luPSLvu78iIGlkPSJXNU0wTXBDZWhpSHpyZVN6TlRjemtjOWQiPz4gPHg6eG1wbWV0YSB4bWxuczp4PSJhZG9iZTpuczptZXRhLyIgeDp4bXB0az0iQWRvYmUgWE1QIENvcmUgNS41LWMwMTQgNzkuMTUxNDgxLCAyMDEzLzAzLzEzLTEyOjA5OjE1ICAgICAgICAiPiA8cmRmOlJERiB4bWxuczpyZGY9Imh0dHA6Ly93d3cudzMub3JnLzE5OTkvMDIvMjItcmRmLXN5bnRheC1ucyMiPiA8cmRmOkRlc2NyaXB0aW9uIHJkZjphYm91dD0iIiB4bWxuczp4bXBNTT0iaHR0cDovL25zLmFkb2JlLmNvbS94YXAvMS4wL21tLyIgeG1sbnM6c3RSZWY9Imh0dHA6Ly9ucy5hZG9iZS5jb20veGFwLzEuMC9zVHlwZS9SZXNvdXJjZVJlZiMiIHhtbG5zOnhtcD0iaHR0cDovL25zLmFkb2JlLmNvbS94YXAvMS4wLyIgeG1wTU06RG9jdW1lbnRJRD0ieG1wLmRpZDowNUJDMkU1QTQyMDIxMUU5OTk4RkJCNjMyNTY5RTk2QSIgeG1wTU06SW5zdGFuY2VJRD0ieG1wLmlpZDowNUJDMkU1OTQyMDIxMUU5OTk4RkJCNjMyNTY5RTk2QSIgeG1wOkNyZWF0b3JUb29sPSJBZG9iZSBQaG90b3Nob3AgQ0MgKE1hY2ludG9zaCkiPiA8eG1wTU06RGVyaXZlZEZyb20gc3RSZWY6aW5zdGFuY2VJRD0ieG1wLmlpZDo3MEZERjI3OTJCRDgxMUU2OUIyREM0OUM4MTBDNDI3MyIgc3RSZWY6ZG9jdW1lbnRJRD0ieG1wLmRpZDo3MEZERjI3QTJCRDgxMUU2OUIyREM0OUM4MTBDNDI3MyIvPiA8L3JkZjpEZXNjcmlwdGlvbj4gPC9yZGY6UkRGPiA8L3g6eG1wbWV0YT4gPD94cGFja2V0IGVuZD0iciI/Pv/uAA5BZG9iZQBkwAAAAAH/2wCEABQQEBkSGScXFycyJh8mMi4mJiYmLj41NTU1NT5EQUFBQUFBREREREREREREREREREREREREREREREREREREREQBFRkZIBwgJhgYJjYmICY2RDYrKzZERERCNUJERERERERERERERERERERERERERERERERERERERERERERERERERP/AABEIAWgCgAMBIgACEQEDEQH/xACAAAEAAwEBAQAAAAAAAAAAAAAAAQMEAgUGAQEBAQEAAAAAAAAAAAAAAAAAAQIDEAEAAgIABAMEBwYFBAMAAAAAAQIRAyExEgRBUWFxgSITkaGxwTJyBdFCUoIjFPDhkqIz8bLCU6OzFREBAQEBAQEAAAAAAAAAAAAAAAERMSEC/9oADAMBAAIRAxEAPwD64BzbAFAAAAAAAAAAAAAAAAAAAAAAAAAAAAAAAAAAAAAAAAAAAAAAAAAAAAAAAAAAAAAAAAAAAAAAAAAAAAAAABAAAAAAAAAAAAAAAAAAAAAAAAAAAAAAAAAAAAAAAAAAAAAAAAAAAAAAAAAAAAAAAAAAAAAAAAUAAAAAEAAAAABQAAAAAAAAAAAQAFAAAAAAAAAAADmAAAAAByAA5AByEABQAAAAAAAQAFABAAUAAAAAAAAAAAAA5gAAAAACAAoAAAAASAAAAgAAAAAAAAAAAAAAcgAAAAAOYABzAAAAAAAAAAAAAAAAAAAAAAAAAAAAAA5AAAAAAcwAAUOYCAAoAIACgAAAAAAAgAKACAAoAIAAACgAgAKACAAoAIAAAAAAACgAAAgAAAAAKAAACAAoAIACgAgAKAAACAAAAAAoAAAIACgAgAKAAAAAAAAAAAAAAAAAAAAAAAAAAAAAAAAAAAAAAAAAAAAAAAAAAAAAAAAAAAAAAAAAAAAAAACAAAAoAAAAAIACgAgAKAAACABkAAAAAAAAAAAAAAAAAAAAAAAAAAAAAAAAAAAAAAAAAAAAAAAAAAABQAAAQAAAAAAAFABAAUAEABQAQAFAyAAAAAAAAAAAACAAoAAAAjORT3dbW1W6JmLdMzXHnhRo/UNdtfVe2LViOvh58p96DcKY7jXFIvNois8OPDitraLRmOMeaiQABR3Hd6u36Y2WiJtOI/x9/Jf7EAAABQAAAAAAAAAAAQAFABAAUAAAAAEABQAAAQAAAFABAAAAAAUAJQAFABAAAAAAUAAAEABQAQAAAFAGXdstW1aa8RNotOZ48sevqIv2bK64zeYiPWXzunVbdWuY6a2+HqrjjEZmOrOZz8MY98cnvae0pFvmTM2v/FM/sxDJ/Z7pts1xiuuJ6tVufGefj6zzLPDVOzt+nha02paLzETj8WJnMcPze9u7LZFtUVieNY6Z8+Dyuz32vsmmyOnptN8eMRMXmZn6Y+lr01jXsrujlaba/TE2tMT9kJFbtvc69M1recTbhVcw91+n07i8bJmYnlb1hX3P6lXVnXqxa/DEZ4fT9Pj4Kizv+wjuppbxrMZ/L+36Pa2xGOEPjtXf7J7uNl/gmZ5Y8Orly+t9fTZGysXrxiYiYB2Kb76UvWkzEWtn6oyuhFAFABAAUAEABQAAAQAFABAAAAAAAAUAEABQAAAAAAAQAAAFABAAAAAAUAEABQAAAQAAAFABAAAAAU9z29O4rNNnL0XCjLq7a+mvTrviI84jH7Svc7pvOvorMxHPqn7On72ll7aZt3W2P4Yr9cESuN/a111veIxs3TWl5iZ5cvsROiOiNVZ5RGJ9a8l/6jovv0TSnC3CY+lm7GJpqilpzaJtE+2MtSesfV8aO32/0p6541zW38v+XF4+f7ms7Lxib8PZEf4y095snTXbbGa3r0z6Ty+vMK448Y+ln6mVZdjFr7H5VpmLZ4cOHKfDx/x6vS/RZnGykzmK3wqwu/SY6LbYnHGY5e9Gl+79M17bzaZmIv8A8kefl7OLdERBnPLxSoDnrjOM8XSKAAAAAAAAAAAAAAAAAKAAAAACAAAAAAAAAAoSAAAgAAAAAAAAAAAKACAAAAAAAAoAIACgAgAKDP2dc32X/inH+nMNCrs5+CfPq2f99liVomHjWrsjuLbY4aovj3zEV+2XtMvfxadNopE2tOOmI88tMsUz8/bOivGIms7M+63vy1z+m9vac9ER+Xh9h2Pbzq15vGNluN5+yPXDYdOPOt+lauHRNq+fx25eX4mbs/0y2vudk7Yi2uYnp6vi/e4c+L2hMGPb2VZjOnGu/wDFWPu8WDf3t72/tKZjd+9MTw+n15+mfPg9t5f6j2fzb0vWei1p6JtjPDFp5e1LFlUf/mWnXPVaPmTx6sZ/6+2fat/T98zNtWzMTExiJnqxmOWfHz/mx4M99NuzmJnE+PXWOnOOM1mI9InzWbo6e6jb/D0f7pms/UxytPWEcktAAAAgAKAAACABKgAAAAAAAgAAAKGAEAAAAABQAQAAAAAAAAAAAFAAAAAAABAAUAAAAAEABQQlAE2iOc4YNXc11btlZtHROJrPhE+OZ9c8HXb0+fbZG6ZzW0xWMzHw+HJ1ns4iaz04mcT1Rzmvt8lZb44kvP1b4rurr13m9Ji0TmcxExyxPj4+MtHdXvXo+XOJm2OPH923sXUaEsVtvc1/ci3s+H75V/3fdf8Ao/8AkqauPRc7NldcZtOIedfvu4pNYtqivVPTGbZ4+5H6h86NM3tNcVmJxFZ9n8U+ao9Nm7mc2118erP1WaYnLFidnc2vn4aR0RHrzz9eEqsndzbbvinOkdNf5pnj/smTuJi+y2PxTOukR78z9EWynPGLz/7bZ+usfcjRpm/c26o/48W9vVXH3MfXcWPUj1SIlVSAgAAAAAAAKACAAoAAAIACgAAAgAAAKACAAoAIACgAASAACAAAAoAQgAAAAAKAAAAACAAoAAAAy77TpvXbEZicUt7Oefdx+lxfbPax18LaZmZzHh1cfDOeM+Tazbey1bPDE+PTEQIndMYpeOUWrx/N8P3uu5421fn/APGznuYiuqccq9M/6ZhF7dUabedon/ZYhWhICq92qNtZrPjDjVsr3NJpfhaMddfX9mV7NovG3be8cIr/AE/fnj9yxK77TdE1+VMx10jFo8fT6UdvOJvWecXt9fH72bt6RbbTd+9s6rz+Xw+2FsVm3d2vH4a06J9vC32HUZ+6xptNbf8AFsmc+mY4z9TmItWZ22nNtcxWZ/irP7Mzyd992eqbT3G29ojpxjMdM+nHz8mPse320mmq9omM9V+eYx+GPZw8fXCUe9AiEjSEggAAAKACAAAHIAAkAAAAABQAQDmCgAAHIQAAAFAAA5ggAKHqAgAAAAHIAAAOYCgAgAKACAAoAAAIACgAgAKKO8j+hs/Lb7FNJ/pdt/L/APXZZ3tojVMTwiZrE++0KtM/M3R0/wDHrr0x+b2eyRG4EZwKq7nfGiuedp+Gses8lG3RHRXtYnGYza3jiuOPtmcO9lqW2zN/w6q9U+2Z5+7plRN9lNdts8b7Jjojyrzx5cOIjrXeNU7O6vPwR8NY8sT0z9MxEtPb0mtM2/FaZtPtnjj3cvcoitbWr2/ONcZt5csR9ufc2g5tWt4xaMx5SU1V1x00iKx6Rh0CoSSIAcwABQAAAAAQAADkCgAgHIAAAAACQUAAAAAAAAAAAEAAABQAQAFAAAAAAAAABAAUAAAEABQAABAIveuuOq8xER4zwRXZW8dVZiYnxhh/VqdeqI48/CJnwnniJ+HzZJv3Ea6bKUmOqnT0UiYxOa/u+EcJwg9m8V2R0WiJjylzX5WqsxXFaxzxwiPN4Oie4tstWk3nbThabT8EfDMfTM9Ph6utXbdzauyL9fXMTExn4Z+KJ+zy4eCo93XtptjOu0WjOM1nLL/c7tm6aaoiddZiLzPPlnhx8pjwWdp29dWmKRHTMxGceeOLFTtNmj51tc3m/PXM28enHsmf8kV6GztdW23XaMzjznj7vFO7TG6IjM1ms5iazj0eZ2+zfF7xEbei1Z6J2Rx64+yJzHOPBN9fda61+XNptanxdU5xbNfo8Qelo1a9cT0cc855zPtWvDveadvM9t835kRXq6uvPrjq4Zzzx6tnZ9zPcbdk5noicViYx+7Xjjn4yD0REJUAAAEABQAQAFABAAUAAAAAAAAAEAAABQAQAFAAABAAUAAAAAAAEABQAQAAAADmCgAgAABIoAIAAACgACina012vsp+K8x1e5Z8WMOxBx8RGXeDmDj4nUZ8UmAROZjEcJUdr23yYmbW6r2t1Wnlx4R90NGRQAAAQAFABADkKAAACAAAAoAAAhBICgAgAKAAAAAAAAACAAAAoAAAAAIAAAAACgAgAKACAAAAAAoAIACgAAAAAAAAAAAAAgAAAAAKACAAoAIAAAAAAACgAAAAAgAAAAAKACAAoAAAIACgAgAKACAAAAoAIAAAAACgAgAAAAAKACAAoAAAAAAAAAIAAACgAAAAAgAAAAAKACAAAAoAIAAAAAAACgAAAAAgAKACAAoAAAIAAAAACgAgAAAKAAACAAoAAAAAIACgAgAKAAACAAAAAAoAIAAAAACgAAAgAAAKACAAAAAAoAAAIACgAgAKAAACAAAAAAoBzAAAIAQAgAAUAEADmAAoAIBgAAFAAABAAUAAAEDmAoAAAIACgAgAcgAAAFAAABAAUAEABQAQAFABAAUAAAAAEABQAAAAAQAFAAAAAAABAAUAAAAAEABQAAAQAFABAAUAAAAAEAAABQAQAAAFAAAAAAAAABAAUAAAAAAAAAEABQAAAAAQAFABAAAAUAEABQAAAAOQAAIAAACgAAAgAAAAAAAKAAACAAoAAAAAIACgAAAAAAAAAgAAAAAKACAAAAAAAAAAoAAAIGAAAAAAAFABAAUEAgkBQAQAAAFAAAAAADAAACAAAAAAoAIAAAAACgAgAKAAACAAAAoAA//Z', 16, 1683450622000, 1683450622000, 0);
INSERT INTO attachments (userId, resourceId, size, width, height, name, mime, id, createdAt, updatedAt, version) VALUES (1, 16, 4554, 640, 360, 'img-1', 'image/jpeg', 17, 1683570502000, 1683570502000, 0);
INSERT INTO resources (hash, encoding, content, id, createdAt, updatedAt, version) VALUES ('440392a23d56a425a41ade3c9e8cf9941179f05ac0dbe22f666f754c2050bfd3', 'BASE64', '/9j/4AAQSkZJRgABAgAAZABkAAD/7AARRHVja3kAAQAEAAAACgAA/+EDLGh0dHA6Ly9ucy5hZG9iZS5jb20veGFwLzEuMC8APD94cGFja2V0IGJlZ2luPSLvu78iIGlkPSJXNU0wTXBDZWhpSHpyZVN6TlRjemtjOWQiPz4gPHg6eG1wbWV0YSB4bWxuczp4PSJhZG9iZTpuczptZXRhLyIgeDp4bXB0az0iQWRvYmUgWE1QIENvcmUgNS41LWMwMTQgNzkuMTUxNDgxLCAyMDEzLzAzLzEzLTEyOjA5OjE1ICAgICAgICAiPiA8cmRmOlJERiB4bWxuczpyZGY9Imh0dHA6Ly93d3cudzMub3JnLzE5OTkvMDIvMjItcmRmLXN5bnRheC1ucyMiPiA8cmRmOkRlc2NyaXB0aW9uIHJkZjphYm91dD0iIiB4bWxuczp4bXBNTT0iaHR0cDovL25zLmFkb2JlLmNvbS94YXAvMS4wL21tLyIgeG1sbnM6c3RSZWY9Imh0dHA6Ly9ucy5hZG9iZS5jb20veGFwLzEuMC9zVHlwZS9SZXNvdXJjZVJlZiMiIHhtbG5zOnhtcD0iaHR0cDovL25zLmFkb2JlLmNvbS94YXAvMS4wLyIgeG1wTU06RG9jdW1lbnRJRD0ieG1wLmRpZDowNUJDMkU1RTQyMDIxMUU5OTk4RkJCNjMyNTY5RTk2QSIgeG1wTU06SW5zdGFuY2VJRD0ieG1wLmlpZDowNUJDMkU1RDQyMDIxMUU5OTk4RkJCNjMyNTY5RTk2QSIgeG1wOkNyZWF0b3JUb29sPSJBZG9iZSBQaG90b3Nob3AgQ0MgKE1hY2ludG9zaCkiPiA8eG1wTU06RGVyaXZlZEZyb20gc3RSZWY6aW5zdGFuY2VJRD0ieG1wLmlpZDo3MEZERjI3OTJCRDgxMUU2OUIyREM0OUM4MTBDNDI3MyIgc3RSZWY6ZG9jdW1lbnRJRD0ieG1wLmRpZDo3MEZERjI3QTJCRDgxMUU2OUIyREM0OUM4MTBDNDI3MyIvPiA8L3JkZjpEZXNjcmlwdGlvbj4gPC9yZGY6UkRGPiA8L3g6eG1wbWV0YT4gPD94cGFja2V0IGVuZD0iciI/Pv/uAA5BZG9iZQBkwAAAAAH/2wCEABQQEBkSGScXFycyJh8mMi4mJiYmLj41NTU1NT5EQUFBQUFBREREREREREREREREREREREREREREREREREREREQBFRkZIBwgJhgYJjYmICY2RDYrKzZERERCNUJERERERERERERERERERERERERERERERERERERERERERERERERERP/AABEIAWgCgAMBIgACEQEDEQH/xACOAAEAAgMBAQAAAAAAAAAAAAAABAUBAwYCBwEBAQEBAQEAAAAAAAAAAAAAAAEDAgQFEAEBAAECAwUFBQUHAwUBAAAAAQIRAyExBEFRcRIF8GGBwSKRobEyE9HhQnIGUmKCoiNDFDNTc/GSstIkNBEBAQACAgEFAQEAAAAAAAAAAAERAiExA0FRYRIyE1L/2gAMAwEAAhEDEQA/AOhAfPekAAAAAAAAAAAAAAAAAAAAAAAAAAAAAAAAAAAAAAAAAAAAAAAAAAAAAAAAAAAAAAAAAAAAAAAAAAAAAAAAAAAAAAAAAAAAAAAAAAAAAAAAAAAAAAAAAAAAAAAAAAAAAAAAAAAAAAAAAAAAAAAAAAAAAAAAAAAAAAAAAAAAAAAAAAClAClAAAAAAAAAAAAAClAClAClAClAAAAgAQgAQgAQgAQ7gA7juADuAAAAAAAAIAEIAEAAAAAAAApQApQAAAAAAAhAAhAAAAAAAAAApQApQAAAAAAAAA7zvADvO8AKUAKUAKUAKUAAACABCABCABCABAAAAAAAAAAAACABCABAAAAAAAAAAAAAAAAACEACEAAAAAAAAAClAClAAAAAAAAAAAAAClAClAAAAAAAAAAAAAAAAAAAAAAAAAAAAAAAAAAAAAAAAAAAAAAAAAAAAAAAAAAAAAAAAAAAAAAAAAAAAAAAAAAAAAAAAAAAAgAQgAQAAAAAAAAAAAAgAQgAQAAAAAAAClAClAAAAAAAAIQAIQAAAAAAAAAKUAKUAAAAAAAAAO87wA7zvAClAClAClAClAAAAgAQgAQgAQgAQAAAAAAAAAAAAgAQgAQAAAAAAAAAAAAAAAAAAAAAAAAAAAAAClAClAAAAAAAAAAAAAClAClAClAClAAAAgAQgAQgAQgAQ7gA7juADuAAAAAAAAIAEIAEAAAAAAAApQApQAAAAAAAAAAAAAAAAAAAAAAAAAAAAAAAAAAAAAAAAAAAAAAAAAAAAAAAAAAAAAAAAAAAAAAAAAAAAAAAAAAAAAAPE8QA8TxAD29vbwPb29vAAPb29vA8AA8DwADwPAAPA8AA8DwAAAAAAAAAAAAADwPAAPA8AAAAAAAAAAAAAAAAAAAAAAAAAAAAAAAAAAAAAAAAAAAA8TxADxPEAAAAAAAAAAAAAAAApQApQAAAAAAAAAAAAApQApQApQApQAAAIAEIAeJCAeJ4kIB4hDuADuO4AO4AAAAAAAPEIB4niQgHieJADxPEAPE9vb28QA9vb28T29vbxADwPApQPA8ClAAAAAAACEACEAAAAAAAAAClAClAAAAAAAAADvO8AO87wApQApQApQApQAAAIAEIAEIAEIAEAAAAAAAAAAAAIAEIAEAAAAAAAAAAAAAAAAAAAAAAAAAAAAAAAAAAAAAAAAAAAAAAAAAAAAAAAAAAAAAAAAAAAAAAAAAAAAAAAAAAAAAAAAAAAAAAAAAAAAAAAAAAAAAA5nMAOZzAAAAAAAAAAAAADmcwA5nMAAAAAAAAAAAgAQgAQAAAAAAAAAAAADmAR4y3cJfLxuXbMZrZr+HxPNuc/wBLP/L/APZ1NbUzHsjXN/DXy5a4ZXszmn2dn2Vs5JZZ2uQ5AgcgAAecsvL2a23SQnI9HGsTHHbtu9uzXhLjNMZLfv8AvbP+L090zy4y6aebLKy68uFung2nivrXH3jwc+TdOh6e/wC3j/7Y8zoely444Y8O3Hs+xf4/Kff4a6N2PRbeP5PNL/NlfutsRc8c9iee5Tc2u3L+Ke/hw0nby041zfFZ8rN5WwBk7AAAhAAhAAAAAAAAAApQApQAAAAAAAAA7zvADvO8AKUAKUAKUAKUAAACABCABCABCABAAAAAAAAAAAB43crjjbrpymvdr+x70YsmUsvGXhYTi8jZ1Ny6fbn6Okty7bx48eGtmt92vLkiY+qZXDK2ayeaTKTTjjh5vy34+3Fst3MZcNMdzbv8GfOfHjr7pp8Xr/lY4Y657NxxnP8AJZpy7+7uevXfW9VjZUnC49TjcdyS8csfLePCWxF28bjrhzmOVxxvu/dy1+L3ubuWedx2tMZ5ZbnONsy7uz8WMcZjNJ7e338XHls/Pq60l7ZPE0QOq9V2untww+vOcLJynjf2MJLemluO0/mKPDHr+uvmxtwxvKz6Z+2pm50d6Xbuee9uZZ8seNv1Xl9Pb8exp/P55cfZYaPGcylm5t6XLHXhe2ds93Z+DMx3s+OO3p/Plp+Gqs6j1TPYz8uU287/AHMrw8eBrptLmLdosMsem63c45aZWaXDLhdey8e7Wzhw4t2PQTG53zX6pZ4a/jp2dyjx6jq+vsmG3j5LeFuOsnxy4fZFlt/rbV/T3rLPL5r+n5sbLPC9vZppyvBt9sds8Z6S8OgmGeOcyumMnDw17dffre9ien+XLzTL+PLc0s/tfOacL2d1R9vHcyxn6mWWM5yTO68ePHLn7tNbJ72ybdxusyz4d+5lfml8uq/Sk9O8s1y3LNLjlbppxmvHu1uv3PG3lMcLtbGXmxty+rT6Z5rrz7dOXDn2tmeGOf55L48XrTg4vl/zFmnuxjjMZMZyk0jIMGgAAAAAAAAAAAAAAHM5gBzOYAAAAAAAAAfM+YAfM+YAczmAHM5gBzOYAczmAAAByADkcgA5HIAORyADkfIAPkfIAPkAAAAAAAHMIAACPNnLb3P1McpNvTTLHTSSe6/t76r+p9a8tuOxjrp/Fly+E/el+qzXp7PNMe3jefu9v3ofoW3sZ+bzyXclnl83d3xvpJZ9tuXFuLiM7HQ9Z1f1b+dxwy5468/8PKe2sWnT+ndPsSTHCWz+LLjdUrKZWaY3S96L0HUXdmeOX+3ncJe+Tlr73aM9TuYbWWP6m7cJlwxnDTh79Pmreu9awymmxLbLMvNeE4fej+uXLLenO4SaTu17fj3rXofTtnZwxysmed0vm5/YvE5c98K7Z6fr+r+rczywxvfdP8s0+9ZbHpPTbE/L5r358f3fcmbmVxxtxmt7J7djz0+eO7t45bd82NnC95m1cSPWW5jhpLdNeEiFvdJeo387hnlhnMcLjljf5uc7Wd/Z3d3qNrc2L9OOsz46Sz5+3JM/4OOW7N/PXzyaTS6TT5/EkS1Wzd6npfp6rDXH/u4cv8X7UzGzKTLG6zss5LCzXheMQOr6PHb2rudPPJlhrn5ceEy91nK6/a528WeYs39wa+m35v7eO7jNJlOTY81mK1AAAAApQApQAAAIAEIAEIAEIAEIAAAAAAAAAAAAAEIAEIAAAAAAAAAAAAAAAAAAAAAAAAAAAADGsk1vCTtapN7qeGxpht3/AHMuOv8ALPnfhrwrZsdP+tnnnuaZbc+nHHs4c7e+69/LRY6dz0ePx+tZ7bekQZ0fTdNhM97TK4/7m7xv235Oe9NzmXXTKcdbn+Fddnt47k8ucmU7rNUXD0zpsN2b2GExyndwn2cm2PZnl682vCcb7jY6PHa1vblbldOWt/H4pGX0TXGa6dkcp6j6h1uWdmXm2sZdJJrP83b+CSSdrblYeu9VszZ/4+Nnn1x+nHs09uR6Fncunst10y0n2RT9H6bv9bfNjNMbzzy9uLqej9O2ulw8mOt15+bj93JbMkuGeOfDGazvvJnpuhw6bbm1jrcZ3pQTWRLcsaaMg6QYvGIHqfW7fT7Vnm0z4aYy/VzVuz/UG5u7+OHkkwysx07eN011Bv8ATtcdvLDswz3MZ8KlonRc973buaW8O/6r0a9AMuVYAAAAAAAAAAAAAAAAAAAAAAAAAAAAAAAAAAAAAAAAAAAAAAAAAAAAAAAAAAAAJzOwBTdfv5Y9Nj5LZ/q7nK6crWvpvXuo2ZMdzTcnv4X7Wvrbr0+3f7+9/wDJXPdr0897df03rnTb/DK+TLuz/asplLNY+fPW3u57N823lcb3yukfQDSOY6X+odzDTHfx80/tY8L+/wC50HTdVt9Vh59q6z8EG/QBQAAAByPqPSbm71m55MbZrjreyayLXofQ9vYym7uXz5zjj2Sfv+Kx62T9HL4fjEhyqk6Lnv8A/mzS0Xovzb//AJc0p5N/1W+vQGgzUAUAAAAAAAAAAAAAAAAAAAAAAAAAAAAAAAAAAAAAAAAAAAPEAPE8QA8QAAAAAAAAAADsCMzmDnOqn/5drScJnuzv7e9XrHqpJ0uEknDd3J7e18Vc92vTz0AdIOj/AKa/JufzT8HOOk/pr8m5/NPwQXwCgADR1PUTp8ZnZbNZLp2a9t907Vdh61s7+/ht43KTzc9OGWvCTv58mz1jek6bcwxv1SY6z3W6OX6THXf25354/ig7TrP+jl8Pxje0buzrtfp7c05SeEbsspjLlldJONtBUdJNLu3v3c0lq2LLjcpyyyzynhcrp9vNteLf9V6J0UByoAAAAAAAAeAAeB4AB4HgAAAAAAAAAAAAAAAAAHgeBzOYHgeBzOYAAAAAAAAAAAAAAAAAAAAAAAAAAB2gCl6/buPTXXs3sv8ANNVOv+svn/U6fPTGZ3HPbzv5dZJwt+Cj3NrPb/NNNeV7L4Xt+D2aXiMNpy8ANHI6X+mv+lufzfJzTp/6bn+jnf7/AMoguwFAAGvd2sd3DLDKcMppUDpfSen6K3e1tsn5s7OHt3vXUeq7OEuO1/q7nZjt/V9tQLsdT1t16vLy4f8Aaw+ftfg422mvbqS3pP3/AFXbxlx2J+rn3YcZx5a5ckPLpuo6nKZdTufTLrdrCfT4e/4xL29vHbxmGE0xnZHvm8+3kt64jSaSdsEBk7CAAAAAAAAAAAAAAABSgBSgAAAAAAAAAAAABSgBSgBSgBSgAAAQAIQAIQIBCEIBDuIAdx3AB3AAAAAAAADLAMxG3ulm5LJw83PG8cb8OGnjLOPPVIFzZ0Yc71Hp9w82WM007MrwnLlneGU+y9+qBlhljp5pZrNZq7G8EPe6DHKWbfCc/JnPNhr+OP8Ahsba+X02Z3T2czydT/Ts06fL+e/hFXv+lzHG563b07Mp5sfhcdbp/NNe9eej7U2enmPmmWtuWuN1nFvNpemeMLEQ8/UtjHK7eN82c/hwmv7p8ar9ydV1nDdy/S2/7GF+q+OSXeTsktT9/wBU2Nrhjl+pn2Ybf1X7lbubXV9b/wD0Zfpbf/bw5/G/+s9yXtbOGzj5duTGe5sYbeW3rhrNJ6te1s4bOPk25MZ7mzQGLsAAoABPkAAAAAAAAAAAAAAAAAAAAAAAAAAAAAAAAAAAAQgAQgAAAAAAAFAClACgAAAAAAAAAAAAAAAACv3/AEna38/1JbjbePl9vbmsOQstnM4LMtXT9Nh02H6e3NJ2++tpBLzyAAFDsAAEAKKAAAAAAAAAAAAAAAAAAAAAAAAAAAAAAAAAAAAAAAAAAAAAAAAAAAAAAAAAAAAAAAAACAAoAAAAAAAAAIACgAAAD//Z', 18, 1683690382000, 1683690382000, 0);
INSERT INTO attachments (userId, resourceId, size, width, height, name, mime, id, createdAt, updatedAt, version) VALUES (1, 18, 5082, 640, 360, 'img-2', 'image/jpeg', 19, 1683810262000, 1683810262000, 0);
INSERT INTO resources (hash, encoding, content, id, createdAt, updatedAt, version) VALUES ('a1b2369523a030c91bda13dcf872c04b29542589ac2f920a91fee34dfe00a5c4', 'BASE64', '/9j/4QAYRXhpZgAASUkqAAgAAAAAAAAAAAAAAP/sABFEdWNreQABAAQAAAAKAAD/4QMsaHR0cDovL25zLmFkb2JlLmNvbS94YXAvMS4wLwA8P3hwYWNrZXQgYmVnaW49Iu+7vyIgaWQ9Ilc1TTBNcENlaGlIenJlU3pOVGN6a2M5ZCI/PiA8eDp4bXBtZXRhIHhtbG5zOng9ImFkb2JlOm5zOm1ldGEvIiB4OnhtcHRrPSJBZG9iZSBYTVAgQ29yZSA1LjUtYzAxNCA3OS4xNTE0ODEsIDIwMTMvMDMvMTMtMTI6MDk6MTUgICAgICAgICI+IDxyZGY6UkRGIHhtbG5zOnJkZj0iaHR0cDovL3d3dy53My5vcmcvMTk5OS8wMi8yMi1yZGYtc3ludGF4LW5zIyI+IDxyZGY6RGVzY3JpcHRpb24gcmRmOmFib3V0PSIiIHhtbG5zOnhtcD0iaHR0cDovL25zLmFkb2JlLmNvbS94YXAvMS4wLyIgeG1sbnM6eG1wTU09Imh0dHA6Ly9ucy5hZG9iZS5jb20veGFwLzEuMC9tbS8iIHhtbG5zOnN0UmVmPSJodHRwOi8vbnMuYWRvYmUuY29tL3hhcC8xLjAvc1R5cGUvUmVzb3VyY2VSZWYjIiB4bXA6Q3JlYXRvclRvb2w9IkFkb2JlIFBob3Rvc2hvcCBDQyAoTWFjaW50b3NoKSIgeG1wTU06SW5zdGFuY2VJRD0ieG1wLmlpZDpDRDQ2NTJFMjQyMDQxMUU5OTk4RkJCNjMyNTY5RTk2QSIgeG1wTU06RG9jdW1lbnRJRD0ieG1wLmRpZDpDRDQ2NTJFMzQyMDQxMUU5OTk4RkJCNjMyNTY5RTk2QSI+IDx4bXBNTTpEZXJpdmVkRnJvbSBzdFJlZjppbnN0YW5jZUlEPSJ4bXAuaWlkOkNENDY1MkUwNDIwNDExRTk5OThGQkI2MzI1NjlFOTZBIiBzdFJlZjpkb2N1bWVudElEPSJ4bXAuZGlkOkNENDY1MkUxNDIwNDExRTk5OThGQkI2MzI1NjlFOTZBIi8+IDwvcmRmOkRlc2NyaXB0aW9uPiA8L3JkZjpSREY+IDwveDp4bXBtZXRhPiA8P3hwYWNrZXQgZW5kPSJyIj8+/+4ADkFkb2JlAGTAAAAAAf/bAIQAFBAQGRIZJxcXJzImHyYyLiYmJiYuPjU1NTU1PkRBQUFBQUFERERERERERERERERERERERERERERERERERERERAEVGRkgHCAmGBgmNiYgJjZENisrNkREREI1QkRERERERERERERERERERERERERERERERERERERERERERERERERE/8AAEQgBaAKAAwEiAAIRAQMRAf/EAHQAAQADAQEAAAAAAAAAAAAAAAABAwQCBQEBAQEBAQEAAAAAAAAAAAAAAAECBAMFEAEAAgIAAwgDAQEAAAAAAAAAAQIRA1GRBCExQXESUjMU0TITYUIRAQEAAgICAgMAAAAAAAAAAAABEQIhEjEDQVFhMhP/2gAMAwEAAhEDEQA/APYAafSAAAAAAAAAAAAAAAAAAAAAAAAAAAAAAAAAAAAAAAAAAAAAAAAAAAAAAAAAAAAAAAAAAAAAAAAAAAAAAAAAAAAAAAAAAAAAAAAAAAAAAAAAAAAAAAAAAAAAAAAAAAAAAAAAAAAAAAAAAAAAAAAAAAAAAAAAAAAAAAAAAAAAAAAAAAAAAAAAAAAAAAAAAAAAAAAAAAAAAAAAAAAAAAAAAAAAAAAAAAAAAAAAAAAAAAAAAAAAAAAAAAAAAAAAAAAAAAAAAAAAAAAAAAAAAAAAAAAAAAAAAAAAAAAAAAAAAAAAAAAAAAAAAAAAAAAAAAAAAAAAAAAAAAAAAAAAAAAAAAAAAAAAAAAAAAAAAAAAAAAAAAAAAAAAAAAAAAAAAAAAAAAAAAAAAAAAAAAAAAAAAAAAAAAAAAAAAAAAAAAAAAAAAAAAAAAAAAAAAAAAAAAAAAAAAAAAAAAAAAAAAAAAAAAAAAAAAAAAAAAAAAAAAAAAAAAAAAAAAAAAAAAAAAAAAAAAAAAAAAAAAAAAAAAAAAAAAAAAAAAAAAAAAAAAAAAAAAAAAAAAAAAAAAAAAAAAAAAAAAAAAAAAAAAAAAAAAAAAAAAAAAAAAAAAAAAAAAAAAAAAAAAAAAAAAAAAAAAAAAAAAAAAAAAAAAAAAAAAAAAAAAAAAAAAAAAAAAABMW9M55u7a5zivbHgjPbF5Vi6OmvPgi3T3jwVO+v2qFlY9GbT4d3mr7xqXIAKAAAAAAAAAAAAAAAAAAAAAAAAAAAAAAAAAAAAAAAAAAAAAAAAAAAAAAAAAAAAAAAAAAAAAAA71U9dogS3Eyt6fp/X227m+tYrGI7iIxGIZ9Oi2u82m0zlHFtt25y0gIw4vrrsjEvP3aZ1T/jVXReNs7JtOOGVu2nrrMK9NN+t/DywmMTgV2gAAAAAAAAAAAAAAAAAAAAAAAAAAAAAAAAAAAAAAAAAAAAAAAAAAAAAAAAAAAAAAAAAAACEu9VPXaIEtxy4W9Nsprtm8xEY8W/+FMYwzatVY2zWYiYiEeF9k21sXfc0e+vM+5o99ebv+NPbHI/jr9schz8K/uaPfXmfc0e+vNZ/HX7Y5H8dftjkhwr+5o99eZ9zR7683f8AHXH/ADHJzOqntjkpww7Ji1pms5iXDTXVFtk8I8F9tVLRjA6v6TXEeeExjsFewAAAAAAAAAAAAAAAAAAAAAAAAAAAAAAAAAAAAAAAAAAAAAAAAAAAAAAAAAAAAAAAAAAu6b5IUrum+SBnf9a9Jmp89vL8NLLT57eX4Rxa/LUgRM4RlKJthzNuDkEzOUQhMAp1/JZdCjX8ll8De3mPOt3z5oTbvnzQ07Z4ABQAAAAAAAAAAAAAAAAAAAAAAAAAAAAAAAAAAAAAAAAAAAAAAAAAAAAAAAAAAAAAAABd03yQpMzHbE4niJtMzD2GWnz28vwo+9sxj0xnjnsT0kzN5mZzOEck0sltbpthxM5Jco8koAEJhBAKtfyWXQxbL217JtXlxTbq72j01r6Z45V7XS2yq7d8+aAV1zwAAAAAAAAAAAAAAAAAAAAAAAAAAAAAAAAAAAAAAAAAAAAAAAAAAAAAAAAAAAAAAAAAAAAOte2dU+qIzxhyCWZmGyvV6tkxWJ7Z8FrFp/ePNtZce+s1qvZvpqxF5xlNNldkeqk5juU9T3x5O+m/SfMLpOvZZPYpnrNUfrOZ4RErp7pYBfXpNibTacz3yA07JMcAAAAAAAAAAAAAAAAAAAAAAAAAAAAAAAAAAAAAAAAAAAAAAAAAAAAAAAAAAAAAAAAAAAAAACEgO9U4vGeLdMdrzp4Oo37qxiLRj/Y7Uw8PZpdvC7qpj1RHCHXTfrMeOWSI4zmeMpi1qz6qTiRbpevX5b7dkTM8GAtfZs/eezhEYBfXpdfIAr1AAAAAAAAAAAAAAAAAAAAAAAAAAAAAAAAAAAAAAAAAAAAAAAAAAAAAAAAAAAAAAAAAAAAAAAAAAAAAAAAAAAAAAAAAAAAAAAAAAAAAAAAAAAAAAAAAAAAAAAAAAAAAAAAAAAAAAAAAAAAAAAAAAAAAAAAAAAAAAAAAAAAAAAAAAAAAAAAAAAAAAAAAAAAAAAAAAAAAAAAAAAAAAAAAAAAAAAAAAAAAAAAAAAAAAAAAAAAAAAAAAAAAAAAAAAAAAAAAAAAAAAAAAAAAAAAAAAAAAAAAAAAAAAAAAAAAAAAAAAAAAAAAAAAAAAAAAAAAAAAAAAAAAAAAAAAAAAAAAAAAAAAAAAAAAAAAAAAAAAAAAAAAAAAAAAAAAAAAAAAAAAAAAAAAAAAAAAAAAAAAAAAAAAAAAAAAAAAAAAAAAAAAAAAAAAAAAAAAAAAAAAAAAAAAAAAAAAAAAAAAAAAAAAAAAAAAAAAAAAAAAAAAAAAAAAAAAAAAAAAAAAAAAAAAAAAAAAAAAAAAAAAAAAAAAAAAAAAAAAAAAAAAAAAAAAAAAAAAAAAAAAAAAAAAAAAAAAAAAAAAAAAAAAAAAAAAAAAAAAAAAAAAAAAAAAAAAAAAAAAAAAAAAAAAAAAAAAAAAAAAAAAAAAAAAAAAAAAAAAAAAAAAAAAAAAAAAf/Z', 20, 1683930142000, 1683930142000, 0);
INSERT INTO attachments (userId, resourceId, size, width, height, name, mime, id, createdAt, updatedAt, version) VALUES (1, 20, 3102, 640, 360, 'img-3', 'image/jpeg', 21, 1684050022000, 1684050022000, 0);
INSERT INTO resources (hash, encoding, content, id, createdAt, updatedAt, version) VALUES ('0f184778fdd4273749c379b248de0413607a81930ecf71521b715cf700fb9c6d', 'BASE64', '/9j/4QAYRXhpZgAASUkqAAgAAAAAAAAAAAAAAP/sABFEdWNreQABAAQAAAAKAAD/4QMsaHR0cDovL25zLmFkb2JlLmNvbS94YXAvMS4wLwA8P3hwYWNrZXQgYmVnaW49Iu+7vyIgaWQ9Ilc1TTBNcENlaGlIenJlU3pOVGN6a2M5ZCI/PiA8eDp4bXBtZXRhIHhtbG5zOng9ImFkb2JlOm5zOm1ldGEvIiB4OnhtcHRrPSJBZG9iZSBYTVAgQ29yZSA1LjUtYzAxNCA3OS4xNTE0ODEsIDIwMTMvMDMvMTMtMTI6MDk6MTUgICAgICAgICI+IDxyZGY6UkRGIHhtbG5zOnJkZj0iaHR0cDovL3d3dy53My5vcmcvMTk5OS8wMi8yMi1yZGYtc3ludGF4LW5zIyI+IDxyZGY6RGVzY3JpcHRpb24gcmRmOmFib3V0PSIiIHhtbG5zOnhtcD0iaHR0cDovL25zLmFkb2JlLmNvbS94YXAvMS4wLyIgeG1sbnM6eG1wTU09Imh0dHA6Ly9ucy5hZG9iZS5jb20veGFwLzEuMC9tbS8iIHhtbG5zOnN0UmVmPSJodHRwOi8vbnMuYWRvYmUuY29tL3hhcC8xLjAvc1R5cGUvUmVzb3VyY2VSZWYjIiB4bXA6Q3JlYXRvclRvb2w9IkFkb2JlIFBob3Rvc2hvcCBDQyAoTWFjaW50b3NoKSIgeG1wTU06SW5zdGFuY2VJRD0ieG1wLmlpZDowRjdGRjEzMzQyMDYxMUU5OTk4RkJCNjMyNTY5RTk2QSIgeG1wTU06RG9jdW1lbnRJRD0ieG1wLmRpZDowRjdGRjEzNDQyMDYxMUU5OTk4RkJCNjMyNTY5RTk2QSI+IDx4bXBNTTpEZXJpdmVkRnJvbSBzdFJlZjppbnN0YW5jZUlEPSJ4bXAuaWlkOjBGN0ZGMTMxNDIwNjExRTk5OThGQkI2MzI1NjlFOTZBIiBzdFJlZjpkb2N1bWVudElEPSJ4bXAuZGlkOjBGN0ZGMTMyNDIwNjExRTk5OThGQkI2MzI1NjlFOTZBIi8+IDwvcmRmOkRlc2NyaXB0aW9uPiA8L3JkZjpSREY+IDwveDp4bXBtZXRhPiA8P3hwYWNrZXQgZW5kPSJyIj8+/+4ADkFkb2JlAGTAAAAAAf/bAIQAFBAQGRIZJxcXJzImHyYyLiYmJiYuPjU1NTU1PkRBQUFBQUFERERERERERERERERERERERERERERERERERERERAEVGRkgHCAmGBgmNiYgJjZENisrNkREREI1QkRERERERERERERERERERERERERERERERERERERERERERERERERE/8AAEQgBaAKAAwEiAAIRAQMRAf/EAIoAAQACAwEAAAAAAAAAAAAAAAAEBQEDBgIBAQADAQEBAAAAAAAAAAAAAAABAgMEBQYQAQACAQIEBAMGBgIDAAAAAAABAgMRBCExEgVBUSITYXEy8IGRobFC0VJyIzMUwZIVBhYRAQACAgICAQMEAwAAAAAAAAABAhEDIRIxBEFRIhPwYcFC0TIj/9oADAMBAAIRAxEAPwC4AVYAAAAAAAAAAAAAAAAAAAAAAAAAAAAAAAAAAAAAAAAAAAAAAAAAAAAAAAAAAAAAAAAAAAAAAAAAAAAAAAAAAAAAAAAAAAAAAAAAAAAAAAAAAAAAAAAAAAAAAAAAAAAAAAAAAAAAAAAAAAAAAAAAAAAAAAAAAAAAAAAAAAAAAAAAAAAAAAAAAAAAAAAAAAAAAAAAAAAAAAAAAAAAAAAAAAAAAAAAAAAAAAAAAAAAAAAAAAAAAAAAAAAAAAAAAAAAAAAAAAAAAAAAAAAAAAAAAAAAAAAAAAAAAAAAAAAAAAAAAAAAAAAAAAAAAAAAAAAAAAAAAAAAAAAAAAAAAAAAAAAAAAAAAAAAAAAAAAAAAAAAAAAAAAAAAAAAAAAAAAAAAAAAAAAAAAAAAAAAAAAAAAAAAAAAAAAAAAAAAAAAAAAAAAAAAAAAAAAAAAAAAAAAAAAAAAAAAAAAAAAAAAAAAAAAAAAAAAAAAAAAAAAAAAAAAAAAAAAAAAAAAAAAAAAAAAAAAAAAAAAAAAAAAAAAAAAAAAAAAAAAAAAAAAAAAAAAAAAAAAAAAAAAAAAAAAAAAAAAAAAAAAAAAAAAAAAAAAAAAAAAAAAAAAAAAAAAAAAAAAAAAAAAAAAAAAAAAAAAAAAAAAAAAAAAAAAAAAAAAAAAAAAAAAAAAAAAAAAAAAAAAAAAAAAAAAAAAAAAAAAAAAAAAAAAAAAAAAAAAAAAAAAAAAAAAAAAAAAAAAAAAAAAAAAAAAAAAAAAAAAAAAAAAAAAAAAAAAAAAAAAAAAAAAAAAAAAAAAAAAAAAAAAAAAAAAAAAAAAAAAAAAAAAAAAAAAAAAAAAAAAAAAAAAAAAAAAAAAAAAAAAAAAAAAAAAAAAAAAAAAAAAAAAAAAAAAAAAAAAAAAAAAAAAAAAAAAAAAAAAAAAAAAAAAAAAAAAAAAAAAAAAAAAAAAAAAAAAAAAAAAAAAAAAAAAAAAAAAAAAAAAAAAAAAAAAAAAAAAAAAAAAAAAAAAAAAAAAAAAAAAAAAAAAAAAAAAAAAAAAAAAAAAAAAAAAAAAAAAAAAAAAAAAAAAAAAAAAAAAAAAAAAAAAAAAAAAAAAAAAAAAAAAAAAAAAAAAAAAAAAAAAAAAAAAAAAAAAAAAAAAAAAAAAAAAAAAAAAAAAAAAAAAAAAAAAAAAAAAAAAAAAAAAAAAAAAAAAAAAAAAAAAAAAAAAAAAAAAAAAAAAAAAAAAAAAAAAAAAAAAAAAAAAAAAAAAAAAAAAAAAAAMXvFIm1p0iBOM8Mivnu2OJ0iszHmm4stcteuk6xKZiY8tb6dmuO164iXsBDEAAAAAAAAAAAAAAAAAAAAAAAAAAAAAAAAAAAAAAAAAAAAAAAAAAAAAAAAAAAAAABB3ncIwz0UjW3j8ExEz4aa9dtlutIzKcK7ab7Jmv0TXq/p5wsSYmPKdmq2qet/IAhkAAAATOjRXeYbW6ItGrbTd7fHlnHuNNJrrx5OczTSb2nH9Gs9PyXrXPl6Hrep+WJ75rxmsulbdjucNr5MdpiLV/m8ldhy5ce39zLWdYj0zMfV5KO0zadZ4zPFNa+VtHqd5vFp/14iYb957fv39r6Oqel72Oe2HJpGs1n6oj9UV0v/rnt+1fT/J1cfl4NLcQ9P2JimmYtHaPD2Nm6mlM3RE8Zjq0a3O+bmJjyACAAAAAAAAAAAAAAAAAAAAAAAAAAAAAAAAAAAAAAAAAAAAAAAAAAAAAAAAAAAAHnJ7nTPtVm19OEQ5vJS9LTXJExbx15uv7Xlx5q3tSdZiemVD3zNTNuf7fHpiKzPxa044ev6MzS065r58z9GOz7zFtslve+m0aa+Sdi3tdxltFPp/b8fNz6Vsa5LZI9qNbRxWtXPLp9r1q2i23+2F8Hzb9vrrM1jW0RwYPAaBti2XLGu4p0erSJ84es05otFIxx7fHqn+UThoZrWbTERzlhjFvsO3zdOWdPTrEkRlNKTecVjKl7ptr7fPMZJi029UTHkj222WtPcmlop/NMcErfb6u63MZtPRWYiInxiJ/5X+77ngnbWvjtW0zGkV+fwdGZiIe9O3Zrrqr0zM8SlbLLO4xVzTHTrHJyPcYrG5yRTl1TyWv/wBBFcEUpWfdiOnX9sfFQTMzOs8ZlFYxKvq6bUte9o6x4iHvFivltFMcTa0+EPdb5tnk9OtLxzS+z7ym0zTbJ9No6dfJju+7x7rP14vpiIrr5rfOPh0za07PxTT/AJ48o9cufcZovEzbLMxo6K1LY56b8/HRzODLbDkrkp9VZ1hdbfuV97knriI0jhopeHD72qZiLViOtISgGLxQAAAAAAAAAAAAAAAAAAAAAAAAAAAAAAAAAAAAAAAAAAAAAAAAAAAAAAAAAB5z7XJuMN/anSY/P4PSJXcbrNnvtMFois85mOUacVqxy6NFJtbtGI6fdOVJXJan0zMa89J0WPZNlTdZp9yNa0jXTzmUffduy7G0RfSaz9Noe+27rJsrzmrWbY/pv5fi3nmOHv7J76rW0zzbxK67z2/D7E5aVitqeXDgruwZKxntjt++ukfcdy7zO8p7WOs1rztrzlVUm1bRNNeqOMaKxE4xLHVpvOi2vbxM+P2dZuMfRLVFprOscJU+bu2fcVit9I6eOsRpM6Lenr008dPzZWjDx92m2qY7fKXk1vniJ5cGnJlveZiZnTXkmzj/AL9beEQrrc5+arGWELLsYz7mlr/454W+7+KaJicLa9ltU9qecYVve9rhwXrXBXSdPVEcvgq4pPHhP4O6vaa9No0ikcbzPlp4FZ9ydY0nHMcNOerSLvRp7k1pFJjMx85UPZO24c9Jy5o6p16YrPgr+7bfHt9zamL6dInTy+DrK44pk0rw1jih5+2bLriMkaXvM6eqdZki3OTX7WNk7L56z/VyJETadIjWZ8IdZfsmypHVaNI85s34O2bfaWjJjiYty1181u8Oqfepj7YnKn7Jmwbabxn9OXWIjq/Rp3N7bDd3maxpf1aRPhK17vtYtivkxVjriNb3nnpHk5e2Sb21vM2n4z4Ec8q6qxvm2yfFoxav+HSUvGSsWrxiXppnfbW1qY9vGkTHLTTSfJuYzGHjbKTScTEx9MgCGQAAAAAAAAAAAAAAAAAAAAAAAAAAAAAAAAAAAAAAAAAAAAAAAAAAAAAAAA0UmdruP9msTato6bxHP5w3sxE2nSOMpicNKXmk8fPEwjdy3f8A5KsYNrWbTX12mY0/Vo2vcse32l9tkrPX6o0056+fydLjw1rWImI10YnbYpnWaVmf6YXz8O2u+vWNc0+2Jz55y4KIlc9jyVxXtHDrtEdM/q6WNvijlSv/AFh7ila8oiEzbLXb7c7KzTriJc9v9pbcZazSOM/XOn24rTa7WaR1TwmI9MSnMqOK1ptERPivhBjPn4zetYrHjE6oSXvM3VPRXlHP5oissLDzkiZjSvN6BV6xb+2Ont5adURwbKdzx446a0mI+5pDK3aW/Dv/AHc8cNInhzT8lIn+5MazWJmvDkocmK2vVVIp3HPjjS0RPzhOVot9UzbWjfYZjPWJjVM6OGk8dFVXus1jSKR+LzbuuWfpiI/MyntCHuN5utzTNhx01rEz1W+Hl9vB6wZdj/o9N+nq6Z1j93V8EradWT3YtEz1xrMR6dZ5c2Y7HtJtpEW0059f5NImHdTdrmvWYmkROY6/yrdjtLYNvO/i0dVYtpWY1jy4/FPpMzWJnnMQ3bjYYcNa9NeXD7fH4tSlpy5vY2/knP6x9ABVygAAAAAAAAAAAAAAAAAAAAAAAAAAAAAAAAAAAAAAAAAAAAAAAAAAAAAAANWXLNJ0hO2m+w6RW3pt+U/eizWLcJa5wVnlwExOF/ExMaxxhlz9KZMf0WmG339zH7/t+Ccr9l2KSNzuo/dH5E7ncz+6I+RlPaF1a0VjWZ0hWbnuUR6cXHzt/BCvTJk43tr8yNvHjJlWbNtbRaNYZYrEVjSGUKAAAAAAGgAMRN6W66Tx5aTye6bjJjnWlKRM+UPIJyxlvlzzE5JiIjlEMgAAIAAAAAAAAAAAAAAAAAAAAAAAAAAAAAAAAAAAAAAAAAAAAAAAAAAAAAAAAAAAAAAAAAAAAAAAAAAAAAAAAAAAAAAAAAAAAAAAAAAAAAAAAAAAAAAAAAAAAAAAAAAAAAAAAAAAAAAAAAAAAAAAAAAAAAAAAAAAAAAAAAAAAAAf/9k=', 22, 1684169902000, 1684169902000, 0);
INSERT INTO attachments (userId, resourceId, size, width, height, name, mime, id, createdAt, updatedAt, version) VALUES (1, 22, 4338, 640, 360, 'img-4', 'image/jpeg', 23, 1684289782000, 1684289782000, 0);
INSERT INTO resources (hash, encoding, content, id, createdAt, updatedAt, version) VALUES ('74320ce02334225a6b65279fe6714f2b12b65dfb5650de0102b2428288176119', 'BASE64', '/9j/4QAYRXhpZgAASUkqAAgAAAAAAAAAAAAAAP/sABFEdWNreQABAAQAAAAKAAD/4QMsaHR0cDovL25zLmFkb2JlLmNvbS94YXAvMS4wLwA8P3hwYWNrZXQgYmVnaW49Iu+7vyIgaWQ9Ilc1TTBNcENlaGlIenJlU3pOVGN6a2M5ZCI/PiA8eDp4bXBtZXRhIHhtbG5zOng9ImFkb2JlOm5zOm1ldGEvIiB4OnhtcHRrPSJBZG9iZSBYTVAgQ29yZSA1LjUtYzAxNCA3OS4xNTE0ODEsIDIwMTMvMDMvMTMtMTI6MDk6MTUgICAgICAgICI+IDxyZGY6UkRGIHhtbG5zOnJkZj0iaHR0cDovL3d3dy53My5vcmcvMTk5OS8wMi8yMi1yZGYtc3ludGF4LW5zIyI+IDxyZGY6RGVzY3JpcHRpb24gcmRmOmFib3V0PSIiIHhtbG5zOnhtcD0iaHR0cDovL25zLmFkb2JlLmNvbS94YXAvMS4wLyIgeG1sbnM6eG1wTU09Imh0dHA6Ly9ucy5hZG9iZS5jb20veGFwLzEuMC9tbS8iIHhtbG5zOnN0UmVmPSJodHRwOi8vbnMuYWRvYmUuY29tL3hhcC8xLjAvc1R5cGUvUmVzb3VyY2VSZWYjIiB4bXA6Q3JlYXRvclRvb2w9IkFkb2JlIFBob3Rvc2hvcCBDQyAoTWFjaW50b3NoKSIgeG1wTU06SW5zdGFuY2VJRD0ieG1wLmlpZDpCODQ5NDA2MjQyMDUxMUU5OTk4RkJCNjMyNTY5RTk2QSIgeG1wTU06RG9jdW1lbnRJRD0ieG1wLmRpZDpCODQ5NDA2MzQyMDUxMUU5OTk4RkJCNjMyNTY5RTk2QSI+IDx4bXBNTTpEZXJpdmVkRnJvbSBzdFJlZjppbnN0YW5jZUlEPSJ4bXAuaWlkOkI4NDk0MDYwNDIwNTExRTk5OThGQkI2MzI1NjlFOTZBIiBzdFJlZjpkb2N1bWVudElEPSJ4bXAuZGlkOkI4NDk0MDYxNDIwNTExRTk5OThGQkI2MzI1NjlFOTZBIi8+IDwvcmRmOkRlc2NyaXB0aW9uPiA8L3JkZjpSREY+IDwveDp4bXBtZXRhPiA8P3hwYWNrZXQgZW5kPSJyIj8+/+4ADkFkb2JlAGTAAAAAAf/bAIQAFBAQGRIZJxcXJzImHyYyLiYmJiYuPjU1NTU1PkRBQUFBQUFERERERERERERERERERERERERERERERERERERERAEVGRkgHCAmGBgmNiYgJjZENisrNkREREI1QkRERERERERERERERERERERERERERERERERERERERERERERERERE/8AAEQgBaAKAAwEiAAIRAQMRAf/EAHkAAQACAwEAAAAAAAAAAAAAAAADBAECBQYBAQEBAQAAAAAAAAAAAAAAAAACAQMQAQACAQIEAwYFBAEFAAAAAAABAgMRMSFBEgRRYdFxgZEiMlLwoUITBbHB4RTSYnIjM0MRAQEBAQEBAAAAAAAAAAAAAAABEQJRMf/aAAwDAQACEQMRAD8A7ADq4gAAAAAAAAAAAAAAAAAAAAAAAAAAAAAAAAAAAAAAAAAAAAAAAAAAAAAAAAAAAAAAAAAAAAAAAAAAAAAAAAAAAAAAAAAAAAAAAAAAAAAAAAAAAAAAAAAAAAAAAAAAAAAAAAAAAAAAAAAAAAAAAAAAAAAAAAAAAAAAAAAAAAAAAAAAAAAAAAAAAAAAAAAAAAAAAAAAAAAAAAAAAAAAAAAAAAAAAAAAAAAAAAAAAAAAAAAAAAAAAAAAAAAAAAAAAAAAAAAAAAAAAAAAAAAAAAAAAAAAAAAAAAAAAAAAAAAAAAAAAAAAAAAAAAAAAAAAAAAAAAAAAAAAAAAAAAAAAAAAAAAAAAAAAAAAAAAAAAAAAAAAAAAAAAAAAAAAAAAAAAAAAAAAAAAAAAAAAAAAAAAAAAAAAAAAAAAAAAAAAAAAAAAAAAAAAAAAAAAAAAAAAAAAAAAAAAAAAAAAAAAAAAAAAAAAAAAAAAAAAAAAAAAAAAAAAAAAAAAAAAAAAAAAAAAAAAAAAAAAAAAAAAAAAAAAAAAAAAAAAAAAAAAAAAAAAAAAAAAAAAAAAAAAAAAAAAAAAAAAAAAAAAAAAAAAAAAAAAAAAAAAAAAAAAAAAAAAAAAAAAAAAAAAAAAAAAAAAAAAAAAAAAAAAAAAAAAAAAAAAAAAAAAAAAAAAAAAAAAAAAAAAAAAAAAAAAAAAAAAAAAAAAAAAAAAAAAAAAAAAAAAAAAAAAAAAAAAAAAAAAAAAAAAAAAAAAAAAAAAAAAAAAAAAAAAAAAAAAAAAAAAAAAAAAAAAAAAAAAAAAAAAAAAAAAAAAAAAAAAAAAAAAAAAAAAAAAAAAAAAAAAAAAAAAAAAAAAAAAAAAAAAAAAAAAAAAAAAAAAAAAAAAAAAAAAAAAAAAAAAAAAAAAAAAAAAAAAAAAAAAAAAAAAAAAAAAAAAAAAAAAAAAAAAAAAAAAAAAAAAAAAAAAAAAAAAAAAAAAAAAAAAAAAAAAAAAAAAAAAAAAAAAAAAAAAAAAAAAAAAAAAAAAAAAAAAAAAAAAAAAAAAAAAAAAAAAAAAAAAAAAAAAAAAAAAAAAAAAAAAAAAAAAAAAAAAAAAAAAAAAAAAAAAAAAAAAAAAAAAAAAAAAAAAAAAAAAAAAAAAAAAAAAAAAAAAAAAAAAAAAAAAAAAAAAAAAAAAAAA3x47ZJ0ruzjwze0VmJ6ZmeMbcPNmtxGl/wBfJx4cYjWPP3+qzHZ14RbWdJjTlPv8U2TNSs9MfNb7a8Z/x703pU59R/6tZpFZ4eOnP3+jl2yaW/brW1sn2RHH38ojzdfoyZPrnoj7a7/H0+KSlK446axoyVVkcz/U7itYvMRM86Ry9k8/yRRbX2xvE8nb0mVHvsP/ANq8vq84/wAf0bKm8+KYC0AAAAAAAAAAAAAAAAAAAAAAAAAAAAAAAAAAAAAAAAAAAAAAAAAAAAAAAAAAAAAAAAAAAEVte3RTTXTqmZ5R+OTAnhxlZwYK5MfXvM/Tx0hJh7HFpF5n9yd4mfp90bf1T/v1i0468bR+nx9nJNq5z607Xt/2tdbazPlpo3vmrS3TGtrfbX8cPex+3fJxvPTE/pp/y9NElKVxx00jSPCErR9GTL9c9MfbXf329PikpSuOOmkaR5N+MkRoBxk00ZY1BliZNNdwHI7jBPbTMxGuLxj9PlPl4S0iYmNY2dqY1c/P/H6TN8HCedJ+mfSVSovPiqNYtrM1mJraN6zu2WgAAAAAAAAAAAAAAAAAAAAAAAAAAAAAAAAAAAAAAAAAAAAAAAAAAAAAAAAAAAAAAAAX+xxdNOufqvx93L8ebk581YpaI4zpL0FLdVYtHONUdL5Q2xTSevFwmd68p9J8/iY8HXj0yRxtM2nyn2+SwJWr47Wrb9q868628Y9YTxGiPNj668OFo41nz/G7OLJGSvVt4x4SCRiZ0NzQDdjbZsA1teKRrM6HUq0pW2S3XxvG2v28tPxulzWmtJtExExGoJxrSeqsTtrDYEHcdrTuI+beNrRvDl5sd+2/9nGvK8f38P6O2xMRMaS2XGWa4osZ+wnH83b7c8c7e7w/oq1vFtY2mN4neFy652Y2AawAAAAAAAAAAAAAAAAAAAAAAAAAAAAAAAAAAAAAAAAAAAAAAAAAAAAAAAAABFly9HCN1e1ptvKXLinXqjigYExrweh7C/X2+Of+mHnlnte+ydrHRp1UjltMeyfX4ssVzcehFbt+9xdx9E/NzrPC3wWUOggvitWZyY9/1Vna3pPn8U4CPHmrkjhvG8TvCRDlw9c9VZ6bxtb+0+MGLNrPReOm/h4+cfjgCYAGmTFXJ9Ua6bI/9am86zp91plOAAAAAKH8jirpXJ+qLRGvlPJfc/v81bTGKJ1tE9VvLhzbGX4qAOjkAAAAAAAAAAAAAAAAAAAAAAAAAAAAAAAAAAAAAAAAAAAAAAAAAAAAAAAAAAIcmHXjXdMAoTw3F6axbeNUVu3ifpnRgqzETx5xtPNdwfyeXFwyf+Svwt6T+StbFau8NDGy49H2/d4u4jXHbWY3jnHthO8ppxi0cJjaY4TC/wBv/KZcXDNHXX7o+r0n8k2LnTuI8mKuSNLe6ecT5NcHc4+4jqx2ifHxj2wmSpXjJbFMUy7T9N/H2+E/lP5LDFqxaNLRrE8lf5u38bY/jNfWPzjzBZGK2i0axOsSyAAAxro0y5a4qze86RDlZ89+54T8uP7ec/8Ad6fFsmstxN3HfTk+TBOleeT/AI+u3hqrVrFY0hkXJjnboA1gAAAAAAAAAAAAAAAAAAAAAAAAAAAAAAAAAAAAAAAAAAAAAAAAAAAAAAAAAAAAAA1tjrbeGwCvbt5/TKK1ZrvC6MHP2t1VmYtG1o4S6GD+WyY/lzx1R99d/fHp8EdsNbeSG2C0bcSxsuPQYc+PPXqx2i0eSR5aItS3VWZrfxjhP+fe6OD+XtT5e4jWPvp/ePRFi506M47Ypm2Lad6ePs8J/KfzS48lcka19/l7WMWWmavXjmLRPOGnCM/DnXj7pYpOrdz3de3jTe8/TWN5Qdz3+kzjw8bc7cq/jwUq10mZmdbTvad5VIm9M2m2W37mWdbco5V9nqyC3MAAAAAAAAAAAAAAAAAAAAAAAAAAAAAAAAAAAAAAAAAAAAAAAAAAAAAAAAAAAAAAAAAAAAAAABiaxbhPFFbt4nbgmAVaYcmO3Vjnot91f7xzWb5c+WYi0xXh0zavP0ZGY3WK1isaVjSGQawAAAAAAAAAAAAAAAAAAAAAAAAAAAAAAAAAAAAAAAAAAAAAAAAAAAAAAAAAAAAAAAAAAAAAAAAAAAAAAAAAAAAAAAAAAAAAAAAAAAAAAAAAAAAAAAAAAAAAAAAAAAAAAAAAAAAAAAAAAAAAAAAAAAAAAAAAAAAAAAAAAAAAAAAAB//Z', 24, 1684409662000, 1684409662000, 0);
INSERT INTO attachments (userId, resourceId, size, width, height, name, mime, id, createdAt, updatedAt, version) VALUES (1, 24, 3726, 640, 360, 'img-5', 'image/jpeg', 25, 1684529542000, 1684529542000, 0);
INSERT INTO resources (hash, encoding, content, id, createdAt, updatedAt, version) VALUES ('ee0de76026f84c9c54b070530fc0f19134b4e2381f3af1a11b1af1e6565bab1b', 'BASE64', '/9j/4QAYRXhpZgAASUkqAAgAAAAAAAAAAAAAAP/sABFEdWNreQABAAQAAAAKAAD/4QMsaHR0cDovL25zLmFkb2JlLmNvbS94YXAvMS4wLwA8P3hwYWNrZXQgYmVnaW49Iu+7vyIgaWQ9Ilc1TTBNcENlaGlIenJlU3pOVGN6a2M5ZCI/PiA8eDp4bXBtZXRhIHhtbG5zOng9ImFkb2JlOm5zOm1ldGEvIiB4OnhtcHRrPSJBZG9iZSBYTVAgQ29yZSA1LjUtYzAxNCA3OS4xNTE0ODEsIDIwMTMvMDMvMTMtMTI6MDk6MTUgICAgICAgICI+IDxyZGY6UkRGIHhtbG5zOnJkZj0iaHR0cDovL3d3dy53My5vcmcvMTk5OS8wMi8yMi1yZGYtc3ludGF4LW5zIyI+IDxyZGY6RGVzY3JpcHRpb24gcmRmOmFib3V0PSIiIHhtbG5zOnhtcD0iaHR0cDovL25zLmFkb2JlLmNvbS94YXAvMS4wLyIgeG1sbnM6eG1wTU09Imh0dHA6Ly9ucy5hZG9iZS5jb20veGFwLzEuMC9tbS8iIHhtbG5zOnN0UmVmPSJodHRwOi8vbnMuYWRvYmUuY29tL3hhcC8xLjAvc1R5cGUvUmVzb3VyY2VSZWYjIiB4bXA6Q3JlYXRvclRvb2w9IkFkb2JlIFBob3Rvc2hvcCBDQyAoTWFjaW50b3NoKSIgeG1wTU06SW5zdGFuY2VJRD0ieG1wLmlpZDpDRDQ2NTJFNjQyMDQxMUU5OTk4RkJCNjMyNTY5RTk2QSIgeG1wTU06RG9jdW1lbnRJRD0ieG1wLmRpZDpDRDQ2NTJFNzQyMDQxMUU5OTk4RkJCNjMyNTY5RTk2QSI+IDx4bXBNTTpEZXJpdmVkRnJvbSBzdFJlZjppbnN0YW5jZUlEPSJ4bXAuaWlkOkNENDY1MkU0NDIwNDExRTk5OThGQkI2MzI1NjlFOTZBIiBzdFJlZjpkb2N1bWVudElEPSJ4bXAuZGlkOkNENDY1MkU1NDIwNDExRTk5OThGQkI2MzI1NjlFOTZBIi8+IDwvcmRmOkRlc2NyaXB0aW9uPiA8L3JkZjpSREY+IDwveDp4bXBtZXRhPiA8P3hwYWNrZXQgZW5kPSJyIj8+/+4ADkFkb2JlAGTAAAAAAf/bAIQAFBAQGRIZJxcXJzImHyYyLiYmJiYuPjU1NTU1PkRBQUFBQUFERERERERERERERERERERERERERERERERERERERAEVGRkgHCAmGBgmNiYgJjZENisrNkREREI1QkRERERERERERERERERERERERERERERERERERERERERERERERERE/8AAEQgBaAKAAwEiAAIRAQMRAf/EAIgAAQACAwEAAAAAAAAAAAAAAAAEBQECAwYBAQADAQEAAAAAAAAAAAAAAAACAwQBBRABAAIBAwIEBQEHBQAAAAAAAAECAxESBCExQVETBWFxkSIyUoGhscFCYhXR4TMUBhEBAAICAQIGAgEFAAAAAAAAAAECEQMSITFBUWEiMhORBHGx0eFScv/aAAwDAQACEQMRAD8A9CAwtgAAAAAAAAAAAAAAAAAAAAAAAAAAAAAAAAAAAAAAAAAAAAAAAAAAAAAAAAAAAAAAAAAAAAAAAAAAAAAAAAAAAAAAAAAAAAAAAAAAAAAAAAAAAAAAAAAAAAAAAAAAAAAAAAAAAAAAAAAAAAAAAAAAAAAAAAAAAAAAAAAAAAAAAAAAAAAAAAAAAAAAAAAAAAAAAAAAAAAAAAAAAAAAAAAAAAAAAAAAAAAAAAAAAAAAAAAAAAAAAAAAAAAAAAAAAAAAAAAAAAAAAAAAAAAAAAAAAAAAAAAAAAAAAAAAAAAAAAAAAAAAAAAAAAAAAAAAAAAAAAAAAAAAAAAAAAAAAAAAAAAAAAAAAAAAAAAAAAAAAAAAAAAAAAAAAAAAAAAAAAAAAAAAAAAAAAAAAAAAAAAAAAAAAAAAAAAAAAAAAAAAAAAAAAAAAAAAAAAAAAAAAAAAAAAAAAAAAAAAAAAAAAAAAAAAAAAAAAAAAAAAAAAAAAAAAAAAAAAAAAAAAAAAAAAAAAAAAAAAAAAAAAAAAAAAAAAAAAAAAAAAAAAAAAAAAAAAAAAAAAAAAAAAAAAAAAAAAAAAAAAAAAAAAAAAAAAAAAAAAAAAAAAAAAAAAAAAAAAAAAAAAAAAAAAAAAAAAAAAAAAAAAAAAAAAAAAAAAAAAAAAAAAAAAAAAAAAAAAAAAAAAAAAAAAAAAAAAAAAAAAAAAAAAAAAAAAAAAAAAAAAAAAAAAAAAAAAAAAAAAAAAAAAAAAAAAAAAAAAAAAAAAAAAAAAAAAAAAAAAAAAAAAAAAAAAAAAAAAAAAAAAAAAAAAAAAAAAAAAAAAAAAAAAAAAAAAAAAAAAAAAAAAAAAAAAAAAAAAAAAAAAAAAAAAAAAAAAAAAAAAAAAAAAAAAAAAAAAAAAAAAAAAAAAAAAAAAAAAAAAAAAAAAAAAAAAAAAAAAAAAAAAAAAAAAAAAAAAAAAAAAAAAAAAAAAAAAAAAAAAAAAAAAAAAAAAAAAAAAAAAAAAAAAAAAAAAAAAAAAAAAAAAAAAAAAAAAAAAAAAAAAAAAAAAAAAAAAAAAAAAAAAAAAAAAAAAAAAj5+XTDO2dZt5Q25Ob0qax+U9KotqVpWIjreetrI2nC2lYnrbszPuUV70tCRh5mLN0rPXylXRlreZqiZ8Xp21jsri8tP00t0+MvRikwe45MXS33V/es8XOw5e1tJ8pWRaJZ76b08Mx5wkBSYvMViYnV3vx9I1iU4rMxmGeZiJxLgA4kAAAAAAAAAAAAAAAAAAAAAAAAAAAAAAAAAAAAAAAAAAAAAAAAAAAAAAAAAAAAAAAAAAAyDBMjG2bzpCF7TWuYjM+ECr5eXJlzenhrN5r5N49r5l41vemOPqn0tnvE0xaY6xPXJPWZ+Ufzlv8A4vDm65ptln+60/wjos164vWLzGZt1WTv44rGK49Mz/ZV/wCDyd6ZqTPy/wB0bmcXlYK7s1daR/VWdY/avZ9l4desY+vwmf8AVFnBM78PGy6TEaWx3tviNfOJ6wsnTHl+Ha/tzmM2z/1GP6Kbj4LZ9Zp4NL45rbb4wsPaONfj5L4MsaTrCzrirS0zpG7XuwRFvsmk9mq37HG0xHWPBV8Hh5q3rl/HTr1X1s+saRHdxYaq5rGI8WLZb7LcreHYAEQAAAAAAAAAAAAAAAAAAAAAAAAAAAAAAAAAAAAAAAAAAAAAAAAAAAAAAAAAAAAAAAAAGL22Vm0+Cp5HLyY5id07vLwW1qxaJie0qLmxMXiLR90d/irvlp/XiJtiVhHuMTFZ2zpPSfmk3yWrbSI7wqa0mcdZ0/Cd1o8dPNdxbdEWjtKOPsjjlHbWtfjHmZ75cfDtfDGuWI+2J81f/wCY9x5HMw5LcqddltIv2+f0WODnUm3pX6ddIme0psUrWNsRER5Q9DXNZrEU8OjzrZz1Q8XueHPkjDXWJtE7Z81X7Z7Ry8XOvy+VbdP4xaJj7q6aR00S+Pw+Nxs3qY4vN46VrMW0r8un8VnfLFK7rTER8Uq5x7k9kVzH1xOPVF5NJnSY8JccMWiPv7k82mS8UrrMT2t4OjHeK22Tsr18FtMxSIly5Gb0KTeY10Rb+5RSmtq/f5NudFssen2rGkzaeyr5Vt2RVa3XENunXW0Ry791vxuVOWYi0R1jpolK/hYtNunWK9Zn4rBOucdVGyIi2KgCSsAAAAAAAAAAAAAAAAAAAAAAAAAAAAAAAAAAAAAAAAAAAAAAAAAAAAAAAAAAAAAAAAcORx4zRE/1R1iXccmMuxMxOYRMfHtuiZ6RHb4a94+SdSms6T4NdNejrWtotp4Oa6cbZxM1nuhtvOPV5/NMUnZljxnX4O9c2TTZW9tvwlb8n2/HyY++Pu/VHdUZsMcfJNNdZrEfRXt1W1daz7fR2NkTSta8omuZtiM9/L8sY+TyMesVyTMT+rro0yX3xM5bTf5ouSta1mYt38Fnwfa4y4t1rRtt+lCsX2RxiZldPGNf2TPe0dePGcZhy4URkvXZHSJ/dC3vTrpDbFx6ceNtI0hmcdZnWW6NFq040xNpnLFbbHObRmK9UPPi9TTbPbxlFjgxktuydo+Osz85WNo2zo1Zo1xE9e7VXZaI9ssViKxpWNIZZYWIgAAAAAAAAAAAAAAAAAAAAAAAAAAAAAAAAAAAAAAAAAAAAAAAAAAAAAAAAAAAAAAAAAAAN6fklY48UWnSyXj7NWr4z/LNt+UN3nefes5smvaNKz9F7n5GPj1nJlttrDyuTnYs02m2sRa0+DP+18YiPNdopac3itrRH+vdvhpjmN0R9W/F92/62SaxE2x/2umbgVngzmprExrb5w7+3YsN8FaxEbvNRr12raLz49vRqrFONtmybbIzxxbvX/K043Lxcym7FPbvHjDZT8KPT50Vp2mJ3Lme709dsx1YP2Nca7e3tMZhxy93N0yz1c2S/wApW0+MACCYAAAAAAAAAAAAAAAAAAAAAAAAAAAAAAAAAAAAAAAAAAAAAAAAAAAAAAAAAAAAAAAAAAADKTjv4oraltsrdd+M9e0q9leUdO8K73WYyc3HTJ/x1jdp56t+bw8XpzasRpKTzeFHLitqzpev4z/KUX/H8jN9uW9a08dvVK1J5TMRnLRr21409/Dh0mE72ufU4lYtGsaTX9kdES3s+XHMxx8kRSfC0dvlK1w1phpGOnStY0htOTyW8MxiWX75re1qdrTnCHw+DXia2md2S3eyRM+JM+bje+vSHbTGuPVV7ttuVurWZ1nVgGLu1gAAAAAAAAAAAAAAAAAAAAAAAAAAAAAAAAAAAAAAAAAAAAAAAAAAAAAAAAAAAAAAAAAAAAAAAMxaY7OkZfNyEq3tXtKE0ie7t6sMTl8nIT+2yP1VbWtNu7DArmc91kRjsAOOgAAAAAAAAAAAAAAAAAAAAAAAAAAAAAAAAAAAAAAAAAAAAAAAAAAAAAAAAAAAAAAAAAAAAAAAAAAAAAAAAAAAAAAAAAAAAAAAAAAAAAAAAAAAAAAAAAAAAAAAAAAAAAAAAAAAAAAAAAAAAAAAAAAAAAAAAAAAAAAAAAAAAAAAAAAAAAAAAAAAAAAAAAAAAAAAAAAAAAAAAAAAAAAAAAAAAAAAAAAAAAAAAAAAAAAAAAAAAAAAAAAAAAAAAAAAAAAAAAAAAAAAAAAAAAAAAAP/2Q==', 26, 1684649422000, 1684649422000, 0);
INSERT INTO attachments (userId, resourceId, size, width, height, name, mime, id, createdAt, updatedAt, version) VALUES (1, 26, 3933, 640, 360, 'img-6', 'image/jpeg', 27, 1684769302000, 1684769302000, 0);
INSERT INTO resources (hash, encoding, content, id, createdAt, updatedAt, version) VALUES ('a6a5439c996ea2fefbc3055398e25eb290dbf49a5e8727369e5d504e69be1e38', 'BASE64', '/9j/4QAYRXhpZgAASUkqAAgAAAAAAAAAAAAAAP/sABFEdWNreQABAAQAAAAKAAD/4QMsaHR0cDovL25zLmFkb2JlLmNvbS94YXAvMS4wLwA8P3hwYWNrZXQgYmVnaW49Iu+7vyIgaWQ9Ilc1TTBNcENlaGlIenJlU3pOVGN6a2M5ZCI/PiA8eDp4bXBtZXRhIHhtbG5zOng9ImFkb2JlOm5zOm1ldGEvIiB4OnhtcHRrPSJBZG9iZSBYTVAgQ29yZSA1LjUtYzAxNCA3OS4xNTE0ODEsIDIwMTMvMDMvMTMtMTI6MDk6MTUgICAgICAgICI+IDxyZGY6UkRGIHhtbG5zOnJkZj0iaHR0cDovL3d3dy53My5vcmcvMTk5OS8wMi8yMi1yZGYtc3ludGF4LW5zIyI+IDxyZGY6RGVzY3JpcHRpb24gcmRmOmFib3V0PSIiIHhtbG5zOnhtcD0iaHR0cDovL25zLmFkb2JlLmNvbS94YXAvMS4wLyIgeG1sbnM6eG1wTU09Imh0dHA6Ly9ucy5hZG9iZS5jb20veGFwLzEuMC9tbS8iIHhtbG5zOnN0UmVmPSJodHRwOi8vbnMuYWRvYmUuY29tL3hhcC8xLjAvc1R5cGUvUmVzb3VyY2VSZWYjIiB4bXA6Q3JlYXRvclRvb2w9IkFkb2JlIFBob3Rvc2hvcCBDQyAoTWFjaW50b3NoKSIgeG1wTU06SW5zdGFuY2VJRD0ieG1wLmlpZDpCODQ5NDA2NjQyMDUxMUU5OTk4RkJCNjMyNTY5RTk2QSIgeG1wTU06RG9jdW1lbnRJRD0ieG1wLmRpZDpCODQ5NDA2NzQyMDUxMUU5OTk4RkJCNjMyNTY5RTk2QSI+IDx4bXBNTTpEZXJpdmVkRnJvbSBzdFJlZjppbnN0YW5jZUlEPSJ4bXAuaWlkOkI4NDk0MDY0NDIwNTExRTk5OThGQkI2MzI1NjlFOTZBIiBzdFJlZjpkb2N1bWVudElEPSJ4bXAuZGlkOkI4NDk0MDY1NDIwNTExRTk5OThGQkI2MzI1NjlFOTZBIi8+IDwvcmRmOkRlc2NyaXB0aW9uPiA8L3JkZjpSREY+IDwveDp4bXBtZXRhPiA8P3hwYWNrZXQgZW5kPSJyIj8+/+4ADkFkb2JlAGTAAAAAAf/bAIQAFBAQGRIZJxcXJzImHyYyLiYmJiYuPjU1NTU1PkRBQUFBQUFERERERERERERERERERERERERERERERERERERERAEVGRkgHCAmGBgmNiYgJjZENisrNkREREI1QkRERERERERERERERERERERERERERERERERERERERERERERERERE/8AAEQgBaAKAAwEiAAIRAQMRAf/EAHkAAQACAwEAAAAAAAAAAAAAAAABBAMFBgIBAQEBAQAAAAAAAAAAAAAAAAABBAUQAQACAQIEAQoFBQAAAAAAAAABAgMRBCExEgVBUWFxgZEiMnITBsHRQjM0seFSgjURAQEBAAIDAQAAAAAAAAAAAAABESESMQIEA//aAAwDAQACEQMRAD8A6UAAAAAAAAAAAAAAAAAAAAAAAAAAAAAAAAAAAAAAAAAAAAAAAAAAAAAAAAAAAAAAAAAAAAAAAAAAAAAAAAAAAAAAAAAAAAAAAAAAAAAAAAAAAAAAAAAAAAAAAAAAAAAAAAAAAAAAAAAAAAAAAAAAAAAAAAAAAAAAAAAAAAAAAAAAAAAAAAAAAAAAAAAAAAAAAAAAAAAAAAAAAAAAAAAAAAAAAAAAAAAAAAAAAAAAAAAAAAAAAAAAAAAAAAAAAAAAAAAAAAAAAAAAAAAAAAAAAAAAAAAAAAAAAAAAAAAAAAAAAAAAAAAAAAAAAAAAAAAAAAAAAAAAAAAAAAAAAAAAAAAAAAAAAAAAAAAAAAAAAAAAAAAAAAAAAAAAAAAAAAAAAAAAAAAAAAAAAAAAAAAAAAAAAAAAAAAAAAAAAAAAAAAAAAAAAAAAAAAAAAAAAAAAAAAAAAAAAAAAAAAAAAAAAAAAAAAAAAAAAAAAAAAAAAAAAAAAAAAAAAAAAAAAAAAAAAAAAAAAAAAAAAAAAAAAAAAAAAAAAAAAAAAAAAAAAAAAAAAAAAAAAAAAAAAAAAAAAAAAAAAAAAAAAAAAAAAAAAAAAAAAAAAAAAAAAAAAAAAAAAAAAAAAAAAAAAAAAAAAAAAAAAAAAAAAAAAAAAAAAAAAAAAAAAAAAAAAAAAAAAAAAAAAAAAAAAAAAAAAAAAAAAAAAAAAAAAAAAAAAAAAAAAAAAAAAAAAAAAAAAAAEWtFI6rTpEeMgkY8WambjjtFtP8AGdWQARExPI10FypEa6pEAAAAAAAAAAAAAAAAAAAAAAAAAAAAAAAAAAAAAAAAAAAAAAAAAAAAAAAAAAAAAAAAAAAAAAAAFbfUjJgvW09MTGnVKyp9z/i5PlBX7NgpgpeKZIyazHwsm8yzNuiOUKf25+3k+aFve45rbq8JGj8JO/KvW01nWJ0l7y5rZZ1ljEdDrPOMmHLOK0T4eMLm932PZRFskTMW4e6pYsc5LRVn7xg+ttbac6+/Hq/srF9GbMZsG+x58M5669Ea668+DFtO64t5f6eOLa6a8Yj83P7XdfT2mbF4zNdPXzXOz1nDt8258dJivq4jI2O771g29ppxvaOfTyh62fd8G6t0RrW3kt4+hz/adrTd5+nLxrETafO8dwwxs91auLhETW1QdJu+64dpf6eSLTOmvCI/Nly77HiwRuLRPROnp4ud73frz1t5aVn26r+//wCZj9GMGy2W/wAe9i044mOnTXq8620P238OT01/FvgAAAAAAAAAAAAAAAAAAAAAAAAAAAAAAAAAAAAAAAAAAAAAAAAAAAAAAAAAAAAAAAAFPuf8XJ8q483pXJWa2jWs84Bpftz9vJ80f0bq9IvHTbk8YdvjwRMY6xWJ56MosuNVmwWxTx4x5XimO2SdK823mImNJ5IpStI0rGkDVPovXLOWPDgjFHn8rLasXiazxieHtSqdyplvt7Rh16+GmnPmMt9r7Xa47PinDktjn9MzX2S67ZbWK7SuG36q+9/tzaTadm3GXLFs9dK662m083UiONpObtWfqmvGOHHlMJrjzd03E20+KfenwiHYTEW4TGsERERpEaQDm+/7a1b0yVj3Onp4eWFG+6z59vGKf28fjEfi7KYieEoisRGkRGgNH9t/Dl9Nfxb5GiQAAAAAAAAAAAAAAAAAAAAAAAAAAAAAAAAAAAAAAAAAAAAAAAAAAAAAAAAAAAAAAAAAAAAAAAAAAAAAAAAAAAAAAAAAAAAAAAAAAAAAAAAAAAAAAAAAAAAAAAAAAAAAAAAAAAAAAAAAAAAAAAAAAAAAAAAAAAAAAAAAAAAAAAAAAAAAAAAAAAAAAAAAAAAAAAAAAAAAAAAAAAAAAAAAAAAAAAAAAAAAAAAAAAAAAAAAAAAAAAAAAAAAAAAAAAAAAAAAAAAAAAAAAAAAAAAAAAAAAAAAAAAAAAAAAAAAAAAAAAAAAAAAAAAAAAAAAAAAAAAAAAAAAAAAAAAAAAAAAAAAAAAAAAAAAAAAAAAAAAAAAAAAAAAAAAAAAAAAAAAAAAAAAAAAAAAAAAAAAAAAAAAAAAAAAAAAAAAAAAAAAAAAAAAAAAAAAAAAAAAAAAAAAAAAAAAAAAAAAAAAAAAAAAAAAAAAAAAAAAAAAAAAAAAAAAAAAAAAAAAAAAAAAAAAAAAAAAAAAAAAAAAAAAAAAAAAAAAAAAAAAAAAAAAAAAAAAAAAAAAAAAAAAAAAAAAAAAAAAAAAAAAAAAAAAAAAAAAAAAAAAAAAAAAAAAAAAAAAAAAAAAAAAAAAAAAAAAAAAAAAAAAAAAAAAAAAAAAAAAAAAAAAAAAAAAAAAAAAAAAAAAAAAAAAAAAAAAAAAAAAAAAAAAAAAAAAAAAAAAAAAAAAAAAAAAAAAAAAAAAAAAAAAAAAAAAAAAAAAAAAAAAAAAAAAAAAAAAAAAAAAAAAAAAAAAAAAAAAAAAAAAAAAAAAAAAAAAAAAAAAAAAAAAAAAAAAAAAAAAAAAAAAAAAAAAAAAAAAAAAAAAAAAAAAAAAAAAAAAAAAAAAAAAAAAAAAAAAAAAAAAAAAAAAAAAAAAAAAAAAAAf/Z', 28, 1684889182000, 1684889182000, 0);
INSERT INTO attachments (userId, resourceId, size, width, height, name, mime, id, createdAt, updatedAt, version) VALUES (1, 28, 3111, 640, 360, 'img-7', 'image/jpeg', 29, 1685009062000, 1685009062000, 0);
INSERT INTO resources (hash, encoding, content, id, createdAt, updatedAt, version) VALUES ('dbeb0261edacb7695b33fd85f14a34dc80bc3589b18ee1ba83a2a120798659c4', 'BASE64', '/9j/4QAYRXhpZgAASUkqAAgAAAAAAAAAAAAAAP/sABFEdWNreQABAAQAAAAKAAD/4QMsaHR0cDovL25zLmFkb2JlLmNvbS94YXAvMS4wLwA8P3hwYWNrZXQgYmVnaW49Iu+7vyIgaWQ9Ilc1TTBNcENlaGlIenJlU3pOVGN6a2M5ZCI/PiA8eDp4bXBtZXRhIHhtbG5zOng9ImFkb2JlOm5zOm1ldGEvIiB4OnhtcHRrPSJBZG9iZSBYTVAgQ29yZSA1LjUtYzAxNCA3OS4xNTE0ODEsIDIwMTMvMDMvMTMtMTI6MDk6MTUgICAgICAgICI+IDxyZGY6UkRGIHhtbG5zOnJkZj0iaHR0cDovL3d3dy53My5vcmcvMTk5OS8wMi8yMi1yZGYtc3ludGF4LW5zIyI+IDxyZGY6RGVzY3JpcHRpb24gcmRmOmFib3V0PSIiIHhtbG5zOnhtcD0iaHR0cDovL25zLmFkb2JlLmNvbS94YXAvMS4wLyIgeG1sbnM6eG1wTU09Imh0dHA6Ly9ucy5hZG9iZS5jb20veGFwLzEuMC9tbS8iIHhtbG5zOnN0UmVmPSJodHRwOi8vbnMuYWRvYmUuY29tL3hhcC8xLjAvc1R5cGUvUmVzb3VyY2VSZWYjIiB4bXA6Q3JlYXRvclRvb2w9IkFkb2JlIFBob3Rvc2hvcCBDQyAoTWFjaW50b3NoKSIgeG1wTU06SW5zdGFuY2VJRD0ieG1wLmlpZDowRjdGRjEyRjQyMDYxMUU5OTk4RkJCNjMyNTY5RTk2QSIgeG1wTU06RG9jdW1lbnRJRD0ieG1wLmRpZDowRjdGRjEzMDQyMDYxMUU5OTk4RkJCNjMyNTY5RTk2QSI+IDx4bXBNTTpEZXJpdmVkRnJvbSBzdFJlZjppbnN0YW5jZUlEPSJ4bXAuaWlkOkI4NDk0MDY4NDIwNTExRTk5OThGQkI2MzI1NjlFOTZBIiBzdFJlZjpkb2N1bWVudElEPSJ4bXAuZGlkOjBGN0ZGMTJFNDIwNjExRTk5OThGQkI2MzI1NjlFOTZBIi8+IDwvcmRmOkRlc2NyaXB0aW9uPiA8L3JkZjpSREY+IDwveDp4bXBtZXRhPiA8P3hwYWNrZXQgZW5kPSJyIj8+/+4ADkFkb2JlAGTAAAAAAf/bAIQAFBAQGRIZJxcXJzImHyYyLiYmJiYuPjU1NTU1PkRBQUFBQUFERERERERERERERERERERERERERERERERERERERAEVGRkgHCAmGBgmNiYgJjZENisrNkREREI1QkRERERERERERERERERERERERERERERERERERERERERERERERERE/8AAEQgBaAKAAwEiAAIRAQMRAf/EAJMAAQADAQEBAQAAAAAAAAAAAAABBAUDAgYHAQEAAwEBAAAAAAAAAAAAAAAAAQIDBAUQAQACAQIDBAYHBQYHAAAAAAABAgMRBCESBTFBUWFxgZGxMlKhwSJCEzMU0WKSFQZygrIjQ1Pw4cJjc4OTEQEAAgEDAgUFAAAAAAAAAAAAAQIRITEDEgRBkSIyE1FhcVIU/9oADAMBAAIRAxEAPwD7EBmkAAAAAAAAAAAAAAAAAAAAAAAAAAAAAAAAAAAAAAAAAAAAAAAAAAEicCBKAAAEohIIAVABICRIjiJDAAJxAgSIwIEgIEgIEhiBAlBiAAQAAAAAAAAAAAAAAAAAAAAAAAAAAAAAAAAAAAAAAAAAAAAAAAAAAAAAAAAAAAAAAAAAAAAAAAAAAAAAAAAAAAAAAAAAAAAAAAAAAAAAAAAAAAAAAAAAAAAAAAAAAAAAAAAAAAAAAAAAAAAAAAAAAAAAAAAAAAAAAAAAAAAAAAAAAAAAAAAAAAAAAAAAAAAAAAAAAAAAAAAAAAAAAAAAAAAAAAAAAAAAAAAAAAAAAAAAAAAAAAAAAAAAAAAAAAAAAAAAAAAAAAAAAAAAAAAAAAAAAAAAAAAAAAAAAAAAAAAAAAAAAAAAAAAAAAAAAAAAAAAAAAAAAAAAAAAAAAAAAAAAAAAAAAAAAAAAAAAAAAAAAAAAAAAAAAAAAAAAAAAAAAAAAAAAAAAAAAAAAAAAAAAAAAAAAAAAAAAAAAAAAAAAAAAAAAAAAAAAAAAAAAAAAAAAAAAAAAAAAAAAAAAAAAAAAAAAAAAAAAAAAAAAAAAAAAAAAAAAAAAAAAAAAAAAAAAAAAAAAAAAAAAAAAAAAAAAAAAAAAAAAAAAAAAAAAAAAAAAAAAAAAAAAAAAAAAAAAAAAAAAAAAAAAOeXPjw158lorXxtOgOg81vF41rOsT3w9AAAATOgAzc/XNrhy1w83NabcluXspP73g626rt6567Wbf5loiY07OPZx8+5IumsMuvX9lfLGCl9b2nljSJ019LP3W1vuOo1pk4zFvxKzFuFcdNO75rX7ZMD6QIEAAAAAAAAAAAAAAAAAAAAAAAAAAAAAAAAAAAAAAAAAAAAAAAAAAAAAAAAAAAAAAAAAAAzOtbH9Zt5isa3pPPSPGY7vXDQyZK4qze3ZWJmfRD5nJ/Uua082DFXk7ue3GfZ2JVtMRHqZnTepW6bki0TM7e86Xp8s+MfW+7raLRE14xMaxL86327i2Sc34U05/zKxOtdfGJ8+9p9N3O43O2jBXJNcVJmvNHx2jujXu07OHFF7RWOq2kI44mfTu+pz9Q2+3nTNkrWfCZ4+xyjrOynszU9rHw7HBh+Cka/NPGfbLvbHW3CYifU5J7qudKzLrjgnxlu0y1yRzUmLR4xOqtuN/TBkphnW2TJP2a18PGfKGFGz/Bt+JtbThv+78M+mvY1um7+NzaaZqxTcUj7UeMeNZ8Jb05a8mzK9JruoYugxmtuIz8K3zRkjT71Y46eji97foV8dsVrXj/AC7azER21rMzSPVr7G/2jXMqPn7dBjHSJxcv41c34sWn5ebXl9jWyYpi8ZccRzzpS02+Tt9vgtMXrW6z4r48OKZpS8Wm+StOe0cvhBuNibxWNbTER5q9+pbWnxZqR/fhh48fSLaWz5fxb9857W906R9C/iz9Jx/BOCP4TAsX6xs6RrOamnlOvueP57sf92PZb9j3/NNjXsy4/VaD+b7S3CuSLeVIm3ugHvD1TaZ5iuPLSbT3a8fYuQzM+Om+pNIwaxP3steWI/6vd6XH+nqZMeDJjyTM8uS9a2mddYidAbICAAAAAAAAAAAAAAAAAAAAAAAAAAAAAAAAAAAAAAAAAAAAAAAAAAAAAAAAAAAAAmNWFm/pvBa02x3vjiePLXTl+mG68ZLxjpa9uysTafUImInd8puOlbeuaMFZteaaXyTa3j8NdI0jj2+j0r1axWIrWIiI7IhT6ba2altzf4s1rX9Xd9C88zuLza818Id3FSK1AHM2FbcxbHy7nF+Zi+1HnX71fXH0rIvS01tFoVtETGJbWDLXNSuSnGtoi0et0ZfQraYLYZ/0r2pHo7Y97UezE5jLz5jGgy+p25NztLf9y1f4qy1GT12eSmHL8mbHPvhKGpNKz2xHseZwY57a1n+7ClbqFu6IeP1+SfBzT3FGscVpXo22KOylf4YdYrFezgy/1uXxj2Eb7L5exH9NE/DZqKHS+EZq+GbJ9M6/W5/r8nk89HyWvfca/wC5r7aw0py1vpVS1JrrLWAaqAAAAAAAAAAAAAAAAAAAAAAAAAAAAAAAAAAAAAAAAAAAAAAAAAAAAAAAAAAAACvvcU5tvkx17bUtWPXCwiQfNbG0X2+OY4Ryxw9Cw5ZMP6LcWxT+XkmcmOfP71frjye70rkrNbcYnhLyeWvTec7bvQpOa6JS8zpWvlEKkY8+5+1e04qd1K/F657vRCsVidc4haZ8114tSLTEzM/ZnXt97xi22PDxpHHxnjLxuJvmtG1wfmX7Z+Svfafq800r1XitPNFpxGbNDoP26Zc3dfJPL6KxFfqbDhtNvTbYq4cfw1jSHZ68RiMPPmczkZfX667S0/LalvZaGqz+tV5tlmj9yZ9nERG6gIidY1S8Sd3pwAIB16Jxybn+3X/BDksdErGme3jln6Ih2dr7rfhhz+2GsA9BxgAAAAAAAAAAAAAAAAAAAAAAAAAAAAAAAAAAAAAAAAAAAAAAAAAAAAAAAAAAAAAK+72mPd4/w8nZ2xMdsT4wwctsuynl3UTNY7M1Y+zP9r5Z+h9NJp3KXpW8YtC9bzXZ89jy0yxrS0WjynVN71pGtpiI85aOXo+zzTzXxV18Y+z7tHrB0ra4J5qYq6+M/an6dXN/LH7aNvn+zMxUy7nhhjSs/wCpaOHqj73u82ts9jj2lZinG1uN7z8Vp/47u5aHRTjrSPT5sbXm25EaANFBV6jXm22WP3L+5actxhjPjtimZiLRNZmPMGFgtzY6T41ifodHP+X7zaV5KRXPSOFZ15b6eevCXOc2Wn5mDLX0V5vdLzL8F4mcRmHdXkrjdYFb9ZXvpkj/ANVv2H62ny5P/lb9jP4r/rK3yV+qysdBnXHm/wDNf6lKmTJk+DDkn005f8WjQ6Jgvgw2/FjltbJktMev/k7O347VmeqMMOa0TEYlpiUOtzAAAAAAAAAAAAAAAAAAAAAAAAAAAAAAAAAAAAAAAAAAAAAAAAAAAAAAAAAAAAAAAAAAAAAAAAAABoAGhEaAAAAAAAAAAAAAAAAAAAAAAAAAAAAAAAAAAAAAAAAAAAAAAAAAAAAAAAAAAAAAAAAAAAAAAAAAAAAAAAAAAAAAAAAAAAAAAAAAAAAAAAAAAAAAAAAAAAAAAAAAAAAAAAAAAAAAAAAAAAAAAAAAAAAAAAAAAAAAAAAAAAAAAAAAAAAAAAAAAAAAAAAAAAAAAAAAAAAAAAAAAAAAAAAAAAAAAAAAAAAAAAAAAAAAAAAAAAAAAAAAAAAAAAAAAAAAAAAAAAAAAAAAAAAAAAAAAAAAAAAAAAAAAAAAAAAAAAAAAAAAAAAAAAAAAAAAAAAAAAAAAAAAAAAAAAAAAAAAAAAAAAAAAAAAAAAAAAAAAAAAAAAAAAAAAAAAAAAAAAAAAAAAAAAAAAAAAAAAAAAAAAAAAAAAAAAAAAAAAAAAAAAAAAAAAAAAAAAAAAAAAAAAAAAAAAAAAAAAAAAAAAAAAAAAAAAAAAAAAAAAAAAAAAAAAAAAAAAAAAAAAAAAAAAAAAAAAAAAAAAAAAAAAAAAAAAAAAAAAAAAAAAAAAAAAAAAAAAAAAAAAAAAAAAAAAAAAAAAAAAAAAAAAAAAAAAAAAAAAAAAAAAAAAAAAAAAAAAAAAAAAAAAAAAAAAAAAAAAAAAAAAAAAAAAAAAAAAAAAAAAAAAAAAAAAAAAAAAAAAAAAAAAAAAAAAAAAAAAAAAAAAAAAAAAAAAAAAAAAAAAAAAAAAAAAAAAAAAAAAAAAAAAAAAAAAAAAAD/2Q==', 30, 1685128942000, 1685128942000, 0);
INSERT INTO attachments (userId, resourceId, size, width, height, name, mime, id, createdAt, updatedAt, version) VALUES (1, 30, 4056, 640, 360, 'img-8', 'image/jpeg', 31, 1685248822000, 1685248822000, 0);
INSERT INTO resources (hash, encoding, content, id, createdAt, updatedAt, version) VALUES ('a891495b4634473a1c6e6b4ca23c805f64a5b62006d4f11efd8e682c624a9211', 'BASE64', '/9j/4QAYRXhpZgAASUkqAAgAAAAAAAAAAAAAAP/sABFEdWNreQABAAQAAAAKAAD/4QMsaHR0cDovL25zLmFkb2JlLmNvbS94YXAvMS4wLwA8P3hwYWNrZXQgYmVnaW49Iu+7vyIgaWQ9Ilc1TTBNcENlaGlIenJlU3pOVGN6a2M5ZCI/PiA8eDp4bXBtZXRhIHhtbG5zOng9ImFkb2JlOm5zOm1ldGEvIiB4OnhtcHRrPSJBZG9iZSBYTVAgQ29yZSA1LjUtYzAxNCA3OS4xNTE0ODEsIDIwMTMvMDMvMTMtMTI6MDk6MTUgICAgICAgICI+IDxyZGY6UkRGIHhtbG5zOnJkZj0iaHR0cDovL3d3dy53My5vcmcvMTk5OS8wMi8yMi1yZGYtc3ludGF4LW5zIyI+IDxyZGY6RGVzY3JpcHRpb24gcmRmOmFib3V0PSIiIHhtbG5zOnhtcD0iaHR0cDovL25zLmFkb2JlLmNvbS94YXAvMS4wLyIgeG1sbnM6eG1wTU09Imh0dHA6Ly9ucy5hZG9iZS5jb20veGFwLzEuMC9tbS8iIHhtbG5zOnN0UmVmPSJodHRwOi8vbnMuYWRvYmUuY29tL3hhcC8xLjAvc1R5cGUvUmVzb3VyY2VSZWYjIiB4bXA6Q3JlYXRvclRvb2w9IkFkb2JlIFBob3Rvc2hvcCBDQyAoTWFjaW50b3NoKSIgeG1wTU06SW5zdGFuY2VJRD0ieG1wLmlpZDpDRDQ2NTJFQTQyMDQxMUU5OTk4RkJCNjMyNTY5RTk2QSIgeG1wTU06RG9jdW1lbnRJRD0ieG1wLmRpZDoxMzk3MUFDQzQyMDUxMUU5OTk4RkJCNjMyNTY5RTk2QSI+IDx4bXBNTTpEZXJpdmVkRnJvbSBzdFJlZjppbnN0YW5jZUlEPSJ4bXAuaWlkOkNENDY1MkU4NDIwNDExRTk5OThGQkI2MzI1NjlFOTZBIiBzdFJlZjpkb2N1bWVudElEPSJ4bXAuZGlkOkNENDY1MkU5NDIwNDExRTk5OThGQkI2MzI1NjlFOTZBIi8+IDwvcmRmOkRlc2NyaXB0aW9uPiA8L3JkZjpSREY+IDwveDp4bXBtZXRhPiA8P3hwYWNrZXQgZW5kPSJyIj8+/+4ADkFkb2JlAGTAAAAAAf/bAIQAFBAQGRIZJxcXJzImHyYyLiYmJiYuPjU1NTU1PkRBQUFBQUFERERERERERERERERERERERERERERERERERERERAEVGRkgHCAmGBgmNiYgJjZENisrNkREREI1QkRERERERERERERERERERERERERERERERERERERERERERERERERE/8AAEQgBaAKAAwEiAAIRAQMRAf/EAHQAAQADAQEAAAAAAAAAAAAAAAACAwQBBQEBAQEBAQAAAAAAAAAAAAAAAAEDAgUQAQACAgAEBQMCBwAAAAAAAAABAhEDITESBEFRcSIyYaGxExSBkdFCYnIFEQEBAQEAAwEBAAAAAAAAAAAAARECITESQTL/2gAMAwEAAhEDEQA/APMAec6AAAAAAAAAAAAAAAAAAAAAAAAAAAAAAAAAAAAAAAAAAAAAAAAAAAAAAAAAAAAAAAAAAAAAAAAAAAAAAAAAAAAAAAAAAAAAAAAAAAAAAAAAAAAAAAAAAAAAAAAAAAAAAAAAAAAAAAAAAAAAAAAAAAAAAAAAAAAAAAAAAAAAAAAAAAAAAAAAAAAAAAAAAAAAAAAAAAAAAAAAAAAAAAAAAAAAAAAAAAAAAAAAAAAAAAAAAAAAAAAAAAAAAAAAAAAAAAAAAAAAAAAAAAAAAAAAAAAAAAAAAAAAAAAAAAAAAAAAAAAAAAAAAAAAAAAAAAAAAAAAAAAAAAAAAAAAAAAAAAAAAAAAAAAAAAAAAAAAAAAAAAAAAAAAAAAAAAAAAAAAAAAAAAAAAAAAAAAAAAAAAAAAAAAAAAAAAAAAAAAAAAAAAAAAAAAAAAAAAAAAAAAAAAAAAAAAAAAAAAAAAAAAAAAAAAAAAAAAAAAAAAAAAAAAAAAAAAAAAAAAAAAAAAAAAAAAAAAAAAAAAAAAAAAAAAAAAAAAAAAAAAAAAAAAAAAAAAAAAAAAAAAAAAAAAAAAAAAAAAAAAAAAAAAAAAAAAAAAAAAAAAAAAAAAAAAAAAAAAAAAAAAAAAAAAAAAAAAAAAAAAAAAAAAAAAAAAAAAAAAAAAAAAAAAAAAAAAAAAAAAAAAAAAAAAAAAAAAAAAAAAAAAAAAAAAAAAAAAAAAAAAAAAAAAAAAAAAAAAAAAAAAAAAAAAAAAAAAAAAAAAAAAAAAAAAAAAAAAAAAAAAAAAAAAAAAAAAAAAAAAAAAAAAAAAAAAAAAAAAAAAAAAAAAAAAAAAAAAAAAAAAAAAAAAAAAAAAAAAAAAAAAAAAAAAAAAAAAAAAAAAAAAAAAAAAAAAAAAAAAAAAAAAAAAAAAAAAAAAAAAAAAAAAAAAAAAAAAAAAAAAAAAAAAAAAAAAAAAAAAAAAAAAAAAAAAAAAAAAAAAAAAAAAAAAAAAAAAAAAAAAAAAAAAAAAAAAAAAAAAAAAAAAAAAAAAAAAAAAAAAAAAAAAAAAAAAAAAAAAAAAAAAAAAAAAAAAAAAAAAAAAAAAAAAAAAAAAAAAAAAAAAAAAAAAAAAAAAAAAAAAAAAAAAAAAAAAAAAAAAAAAAAAAAAAAAAAAAAAAAAAAAAAAAAAAAAAAAAAAAAAAAAAAAAAAAAAAAAAAAAAAAAAAAAAAAAAAAAAAAAAAAAAAAAAAAAAAAAAAAAAAAAAAAAAAAAAAAAAAAAAAAAAAAAAAAAAAAAAAAAAAAAAAAAAAAAAAAAAAAAAAAAAAAAAAAAAAAAAAAAAAAAAAAAAAAAAAAAAAAAAAAAAAAAAAAAAAAAAAAAAAAAAAAAAAAAAAAAAAAAAAAAAAAAAAAAAAAAAAAAAAAAAAAAW9vqjbfE/GOMiyalp7adnutOKtfRqp8K5nzsTOZGkmNZMSi0eNazHojbtdW74ey32DOOMKrBs1W1W6bxxQett1x3OvH90fF5LOzGXXOegBHIAAAAAAAAAAAAAAAAAAAAAAAAAAAAAAAAAAAAAAAAAAAAAAAAAAAAAAAAAAAAAAAAAAAAAA3djX22t5zj+UMLf/z5ia2rPn+YwvPt1x7SicuoVjEzE84lNo1HHXAW6JxZ5/dVim28Ryy9DRGbPO7m/XttaOUynXpz3/MVAM2QAAAAAAAAAAAAAAAAAAAAAAAAAAAAAAAAAAAAAAAAAAAAAAAAAAAAAAAAAAAAAAAAAAAAAAs0bf0rRM8uUqwWXPL1ttYv745+OPyqZNPczr9s8a+X9Gqu3XflaI/24NJdayyuuxGeSWKRzvXHqjs77XrjGuOqfPwXwvj9T27P22v/ADtyeUls2W226rTmUWdusurtAEcgAAAAAAAAAAAAAAAAAAAAAAAAAAAAAAAAAAAAAAAAAAAAAAAAAAAAAAAAAAAAAAANOrt69MbNvKfjWPFb0a+XRGPWc/lZtn3Y8I4R6K2mNsjNu0/p8YnNZ5Km7ZGdNpnzrhhcVn1MoAjkAAAAAAAAAAAAAAAAAAAAAAAAAAAAAAAAAAAAAAAAAAAAAAAAAAAAAAAAAAAAAAAAAAAAE9Wm+2emkZX/ALKeU3jP8VyrlZRdt7W+qOqeNfOFKGWAAjZp3UvWK3nExwifCV068cbWrEerzR19O/to7nfF8Up8Y+7ODm3XNu3QAQAAAAAAAAAAAAAAAAAAAAAAAAAAAAAAAAAAAAAAAAAAAAAAAAAAAAAAAAAAAAAAAAAAdpWb2isc5nABHo4ikdFfjH3+rgNY3TpeaT9PGGPu9Mar+3424wDnpz1meWcBwyAAAAAAAAAAAAAAAAAAAAcdAUAEAAAAAAAAAAAAf//Z', 32, 1685368702000, 1685368702000, 0);
INSERT INTO attachments (userId, resourceId, size, width, height, name, mime, id, createdAt, updatedAt, version) VALUES (1, 32, 2940, 640, 360, 'img-9', 'image/jpeg', 33, 1685488582000, 1685488582000, 0);
INSERT INTO resources (hash, encoding, content, id, createdAt, updatedAt, version) VALUES ('887ce4f6c44816b7f8d3dc046e3ffa03c9ce8ed2dfb8d16e8f732890eca32b45', 'BASE64', '/9j/4QAYRXhpZgAASUkqAAgAAAAAAAAAAAAAAP/sABFEdWNreQABAAQAAAAKAAD/4QMsaHR0cDovL25zLmFkb2JlLmNvbS94YXAvMS4wLwA8P3hwYWNrZXQgYmVnaW49Iu+7vyIgaWQ9Ilc1TTBNcENlaGlIenJlU3pOVGN6a2M5ZCI/PiA8eDp4bXBtZXRhIHhtbG5zOng9ImFkb2JlOm5zOm1ldGEvIiB4OnhtcHRrPSJBZG9iZSBYTVAgQ29yZSA1LjUtYzAxNCA3OS4xNTE0ODEsIDIwMTMvMDMvMTMtMTI6MDk6MTUgICAgICAgICI+IDxyZGY6UkRGIHhtbG5zOnJkZj0iaHR0cDovL3d3dy53My5vcmcvMTk5OS8wMi8yMi1yZGYtc3ludGF4LW5zIyI+IDxyZGY6RGVzY3JpcHRpb24gcmRmOmFib3V0PSIiIHhtbG5zOnhtcD0iaHR0cDovL25zLmFkb2JlLmNvbS94YXAvMS4wLyIgeG1sbnM6eG1wTU09Imh0dHA6Ly9ucy5hZG9iZS5jb20veGFwLzEuMC9tbS8iIHhtbG5zOnN0UmVmPSJodHRwOi8vbnMuYWRvYmUuY29tL3hhcC8xLjAvc1R5cGUvUmVzb3VyY2VSZWYjIiB4bXA6Q3JlYXRvclRvb2w9IkFkb2JlIFBob3Rvc2hvcCBDQyAoTWFjaW50b3NoKSIgeG1wTU06SW5zdGFuY2VJRD0ieG1wLmlpZDoxMzk3MUFEMzQyMDUxMUU5OTk4RkJCNjMyNTY5RTk2QSIgeG1wTU06RG9jdW1lbnRJRD0ieG1wLmRpZDoxMzk3MUFENDQyMDUxMUU5OTk4RkJCNjMyNTY5RTk2QSI+IDx4bXBNTTpEZXJpdmVkRnJvbSBzdFJlZjppbnN0YW5jZUlEPSJ4bXAuaWlkOjEzOTcxQUQxNDIwNTExRTk5OThGQkI2MzI1NjlFOTZBIiBzdFJlZjpkb2N1bWVudElEPSJ4bXAuZGlkOjEzOTcxQUQyNDIwNTExRTk5OThGQkI2MzI1NjlFOTZBIi8+IDwvcmRmOkRlc2NyaXB0aW9uPiA8L3JkZjpSREY+IDwveDp4bXBtZXRhPiA8P3hwYWNrZXQgZW5kPSJyIj8+/+4ADkFkb2JlAGTAAAAAAf/bAIQAFBAQGRIZJxcXJzImHyYyLiYmJiYuPjU1NTU1PkRBQUFBQUFERERERERERERERERERERERERERERERERERERERAEVGRkgHCAmGBgmNiYgJjZENisrNkREREI1QkRERERERERERERERERERERERERERERERERERERERERERERERERE/8AAEQgBaAKAAwEiAAIRAQMRAf/EAH0AAQADAQEBAAAAAAAAAAAAAAABBAUDAgYBAQEAAwEAAAAAAAAAAAAAAAABAgMEBRABAAICAAQCBwYHAAAAAAAAAAECEQMhEgQFMUFRYdEiQmIT8IEyUnIzcZGhweFTFREBAQACAgIDAAAAAAAAAAAAAAERAhIDIUExcUL/2gAMAwEAAhEDEQA/AOgDteMAAAAAAAAAAAAAAACAAoAAAAAAAAAAAAAAAAAAAAAAAAAAAAAAAAAIACgAAAAAAAAAAAAAAAAAAAAAAAAAAAAAAAAAAAAAgAKAAACAAoAAAAAAAAAAAAAAAAAAAAAAAIACgAAAAAAAAAAAAAAAAAAAAAAAAAAAAAAAAAAAAAAAAAAAAAAAAAAAgAKAAAAAAAAAAAAAAAAAAAAAAAAAAAAAAAAAAAAAAAAAAAAAAAAAAAAAAAAAAAAAAAAAAAAAAAAAAAAAAAAACAAoAAAAAAAAAAAAAAAAAAAAAAAAAAAAAAAIACgAAAAAAAAAAAAAAAAAAAAAAAAAAAAAAAAAAAAAAAAAAAAAAAAAAAAAgAKAAAAAAAAAAAAAAAAAAAAAAAAAAAAAAAAAAAAAAAAAAAAAAAAAAAAAAAAAAAAAAAAAAAAAAAAAAAAAAAAAAAAAAAAAAAAACAAoAAAIACgAAAAAAAAAAAgAKAAAAACAAAAoAIACgAgAKAAAAAAAAAAAAAAAAAAAAAAAAACAAoAAAAAAAAAAAAAAAAAAAIACgAAAAAAAAAAAAAAAAAAAAAAAAAAAAAAAAAAAAAAAAAAAAAAAAAAAAAAAAAAAAAAAAAAAAAAAAAAAAAAAAAAAAAAAAAAAAAAAAAAAAAgAKAAAAAAAAAAAAAAAAAAAAAAAAAAAAAAAAAAAAAAACAAoAAAAAAAAAAAAAAAAAAAAAAAAAAAAAAAAAAAAAAAAAAAAAAAAAAAAAAAAAAAAAAAAAAAAAAAAAAAIACgAAAAAAAAAAAAAAAAAAAAAAAAAAAAAAAAAAAAAAAAAAAAAAAAAAAAAAAAAAAAAAAAAAAAAAAAAAAAAAAAAAAAAAAAAAAAAAAAAAAAAAAAAAAAAAAAAAAAAAAAAAAAAAAAAAAAAAAAAAAAAAAAAAAAAAAgAKAAAAAAAAAAACAAoAAAAAAAAAAAAAAAAAAAAAAAIACgAAAAAAAAAAAAAAAAAAAAAAAAAAAAAAAAAAAAAAAAAAAAAgAKAAAAAAAAAAAAAAAAAAAAAAAAAAAAAAAAAAAAAAAAACAAoAAAAAAAAAAAAAAAAAAAAAAAAAAAAAAAAAAAAAAAAAAAAAAAIACgAAAAAAAAAAAAAAAAAAAAAAAAAAAAAAAAAAAAAAAAAAAAAAAAAAAAAAAAAAAAAAAAAAAAAAAAAAAAAAAAAAAAAAAgAKAAAAAAAAAAAAAAAAAAAAAAAAAAAAAAAAAAAAAAAAAAAAAAAAAAAAAAAAAAAAAAAAAAAAAAAAAAAAAAAAAAAAACAAoAAAAAAAAAAAAAAAAAAAAAAAAAAAAAAAAAAAAAAAAAAAIACgAAAAAAAAAAAAAAAAAAAAAAAAAAAAAgItaKxmeEGcTNbRi0eMJlli/KQFYgAoAIACgAAAAAAAAAAAgAAAAAKAAAAAAAAAAAAAAAAAAAAAAAAAAAAAAAAAAAAACAAoAAAAAIACgAgiZxGZ8ErPb+np1O2fqcYpi3L5TPr/gxtxGemvPbi7du6Kdkxv2xiscaVnz+b2OneOkiIjqK4ry55oxxt/lr+DO7zfGmIj4rVhzy27ZehdJrpYxgHS80AVAAUAAAAAAAAAAAAAAAAAAAAAAAAAAAAAAAAAAAAAAAAAAAEABQAAAAAAAAAAAAAAAAAQAQBGfKImZ9EIm3LPLaJrPotGEzGXG4zh6AVBe7P+/sn5YUJ4cZ4NbsumYpbdbh9T8P6Ya+y+HR0a27Zayh3bVzdNbHw+/8AyaGVbuF4p0+yflmGiO+zMfNRsrM4iXpb6/ZomldGJjbSK+9WPCceH3+anGZjM+Lp1uXm9unG+EgM2kAFABAAUAAAAAAAEABQAAAAAAAAAAAAAAAAAAAQAFAAAAAAAAAAAAAAAAAAABAAUAAAAAARMZjCQR61b92nhrtGI8pr9uLtPcN14xurTZX1xhXGF1jbOzaOk36a2ZtW+qZ/LPNDpq6TXu/b3xM+i0YV3m1K28YTjfVZTsn6ka+nstImLbbTsiPh8K/b72jt0xenJmYj5OD5inNqnOu1q49ftaGnvGzX7u6vNH5qexr21rp07dPpe+h1Wvjr2xb5dlf7wq9dv3Tq5d2qaxmszas80Yj+rrTu/TW/FM0/VV3/AOl03+yuGGK3cpYwJ2zutbdPxznHq8ho779t2zNuaK285rmGZstWlois80TOPHMt2u3pw9nXc8pXoBtc4AKAAAAAAAAAAAAAAAAACAAoAAAAAAAAAAAAAAAAAAAAAAAAAAAAAAAAAAAAAAAAAAAAAAAAAIACk8fFHLHohImDNRMR6IRFYjwh6DBmgCoACgAAAAAAAgAKAAAAAAAAAAAAAAAAAAAAAAAAAAAAACAAoAAAAAAAAAAAAAAAAAAAAAAAAAAAAAAAAAAAIACgAgAKAAAAAAAAACAAoAAAAAAAAAAAAAAAAAIACgAAAAAAAAAAAgAKAAAAAAAAAAAAAAAAAAAAAAAAAAACP//Z', 34, 1685608462000, 1685608462000, 0);
INSERT INTO attachments (userId, resourceId, size, width, height, name, mime, id, createdAt, updatedAt, version) VALUES (1, 34, 3042, 640, 360, 'img-10', 'image/jpeg', 35, 1685728342000, 1685728342000, 0);
INSERT INTO resources (hash, encoding, content, id, createdAt, updatedAt, version) VALUES ('e33578ea5812325eb83016a79bd29346f098ac5e74ec258aeacbf2bfc90fa3db', 'BASE64', '/9j/4QAYRXhpZgAASUkqAAgAAAAAAAAAAAAAAP/sABFEdWNreQABAAQAAAAKAAD/4QMsaHR0cDovL25zLmFkb2JlLmNvbS94YXAvMS4wLwA8P3hwYWNrZXQgYmVnaW49Iu+7vyIgaWQ9Ilc1TTBNcENlaGlIenJlU3pOVGN6a2M5ZCI/PiA8eDp4bXBtZXRhIHhtbG5zOng9ImFkb2JlOm5zOm1ldGEvIiB4OnhtcHRrPSJBZG9iZSBYTVAgQ29yZSA1LjUtYzAxNCA3OS4xNTE0ODEsIDIwMTMvMDMvMTMtMTI6MDk6MTUgICAgICAgICI+IDxyZGY6UkRGIHhtbG5zOnJkZj0iaHR0cDovL3d3dy53My5vcmcvMTk5OS8wMi8yMi1yZGYtc3ludGF4LW5zIyI+IDxyZGY6RGVzY3JpcHRpb24gcmRmOmFib3V0PSIiIHhtbG5zOnhtcD0iaHR0cDovL25zLmFkb2JlLmNvbS94YXAvMS4wLyIgeG1sbnM6eG1wTU09Imh0dHA6Ly9ucy5hZG9iZS5jb20veGFwLzEuMC9tbS8iIHhtbG5zOnN0UmVmPSJodHRwOi8vbnMuYWRvYmUuY29tL3hhcC8xLjAvc1R5cGUvUmVzb3VyY2VSZWYjIiB4bXA6Q3JlYXRvclRvb2w9IkFkb2JlIFBob3Rvc2hvcCBDQyAoTWFjaW50b3NoKSIgeG1wTU06SW5zdGFuY2VJRD0ieG1wLmlpZDoxMzk3MUFDRjQyMDUxMUU5OTk4RkJCNjMyNTY5RTk2QSIgeG1wTU06RG9jdW1lbnRJRD0ieG1wLmRpZDoxMzk3MUFEMDQyMDUxMUU5OTk4RkJCNjMyNTY5RTk2QSI+IDx4bXBNTTpEZXJpdmVkRnJvbSBzdFJlZjppbnN0YW5jZUlEPSJ4bXAuaWlkOjEzOTcxQUNENDIwNTExRTk5OThGQkI2MzI1NjlFOTZBIiBzdFJlZjpkb2N1bWVudElEPSJ4bXAuZGlkOjEzOTcxQUNFNDIwNTExRTk5OThGQkI2MzI1NjlFOTZBIi8+IDwvcmRmOkRlc2NyaXB0aW9uPiA8L3JkZjpSREY+IDwveDp4bXBtZXRhPiA8P3hwYWNrZXQgZW5kPSJyIj8+/+4ADkFkb2JlAGTAAAAAAf/bAIQAFBAQGRIZJxcXJzImHyYyLiYmJiYuPjU1NTU1PkRBQUFBQUFERERERERERERERERERERERERERERERERERERERAEVGRkgHCAmGBgmNiYgJjZENisrNkREREI1QkRERERERERERERERERERERERERERERERERERERERERERERERERE/8AAEQgBaAKAAwEiAAIRAQMRAf/EAHgAAQACAwEAAAAAAAAAAAAAAAAFBgEDBAIBAQEAAAAAAAAAAAAAAAAAAAABEAEAAgECBAIGBgkEAwAAAAAAAQIDEQQhMRIFQVFhcdEiMhORobHBFQaB4UJSYnKCkhTxIzNDU2MWEQEAAAAAAAAAAAAAAAAAAAAA/9oADAMBAAIRAxEAPwCfZBQAAAAAAAAAAAAAAAAAAAAAAAAAAAAAAAAAAAAAAAAAAAAAAAAAAAAAAAAAAAAAAAAAAAAAAAAAAAAAAAAAAAAAAAAAAAAAAAAAAAAAAAAAAAAAAAAAAAAAAAAAAAAAAAAAAAAAAAAAAAAAAAAAAAAAAAAAAAAAAAAAAAAAAAAAAAAAAAAAAAAAAAAAAAAAAAAAAAAAAAAAAAAAAAAAAAAAAAAAAAAAAAAAAAAAAAAAAAAAAAAAAAAAAAAAAAAAAAAAAAAAAAAAAAAAAAAAAAAAAAAAAAAAAAAAAAAAAAAAAAAAAAAAAAAAAAAAAAAAAAAAAAAAAAAAAAAAAAAAAAAAAAAAAAAAAAAAAAAAAAAAAAAAAAAAAAAAAAAAAAAAAAAAAAAAAAAAAAAAAAAAAAAAAAAAAAAAAAAAAAAAAAAAAAAAAAAAAAAAAAAAAAAAAAAAAAAAAAAAAAAAAAAAAAAAAAAAAAAAAAAAAAAAAAAAAAAAAAAAAAAAAAAAAAAAAAAAAAAAAAAAAAAAAAAAAAAAAAAAAAAAAAAAAAAAAAAAAAAAAAAAAAAAAAAAAAAAAAAAAAAAAAAAAAAAAAAAAAAAAAAAAAAAAAAAAAAAAAAAAAAAAAAAAAAAAAAAAAAAAAAAAAAAAAAAAAAAAAAAAAAAAAAAAAAAAAAAAAABry5aYazfJMVrHOZBsEDm/MVdZjb45tH71vdhor+Ydxr7+Okx6LSIso4dj3PDveFJ6bxzpbn+t3AACgNWfPTb0nJknSsCNorOfv2fJP8AsVrSv8cazLXj75vKTrbovHlp0yC1CP7f3bDvvdr7uSOdLc/0eaQFAAAAAAAAAAAAAAAAAAAAAAAAAAAAAAAAAAAAAAAAAAAAAAAAAAAAAAAAAAAAAAAAAAaN3use0xzlyTwj6/QqG73WXf3683CsfDj8I9fpdHdd5/mbia1n/axTpX028ZcYgDfstrbe5vk1t0xEdU25g5rRMaXrOl68ayuXb91/l7embxtHH1+Ko5cc4ct8UzrNLdOseKe/LczO1mJ5RewJoAVhVe87mdxuZxRPuYuHrt4ytahTkm0XyeM2vb6wex173b7bDhxZdvk6r206o111/R4aOQRiYmLRek9N68a2ha+1dxjfY9Z4ZK8L19Pn6lVesG5tss1dxXlHC8edQXgeaWi9YtWdYmNYl6FAAAAAAAAAAAAAAAAAAAAAAAAAAAAAAAAAAAAAAAAAAAAAAAAAAAAAAAAAAAAAAHL3DPO32+TLHOtZ09bqRvfI12OXTyj7QVTHXSsRPPxeyAQIma2i9Zmto5TWdJBRjhWJmePOZmfFZ+w4px7KkzztNr/TKtY8Ft3lrtqc7fFPlXxXbHSMdYpXlWIiP0IPYApzUOkTSbVnnW1o+tfFQ7ttp226tP7GX36z6fGBHHFaxOsRESyADEx1RpPiyxa0ViZnwBZvy/ltk2dYtzpM0+hKo7smCcGzpFudtbz/AFJEUAAAAAAAAAAAAAAAAAAAAAAAAAAAAAAAAAAAAAAAAAAAAAAAAAAAAAAAAAAAAAAadzhjPivin9qs1bmBFFrE11pbhas9Mx6mVm7j2em7n5lJ6Mv73hPrhCX7VvaTp8uL+mlo+8HIaTa0UpHVe3CKw7sfZd5lnSYrjjzmdZ+iE727tmPY11r72SfivPP9UA8dq7ZGyrNr8ct/in7od+TJXHWb3nSsRrMy9tebFXNS2O8a1tGkiuCO+bW0zFJtbSNZ6aWnh9DX/wDQbaeNYvMfyo/P2LcYNZwW668tNem2nl5S4Me3y3vOKmO03r8VdOXrBZNv3nb58kYo6q2ty6o5uje7Km9xTiyeuJ8p80Z2/sl6Xrn3ExrWda0ry19Mp0FJ3W2y7G3Tnjh4ZI+GWmL1nlML3asWjS0ax5S4rdo2dp1nDXX1AqFstK85d/be2X3t4yZazXBWdePOyyYu37bDOuPFWJ9TqBiGQAAAAAAAAAAAAAAAAAAAAAAAAAAAAAAAAAAAAAAAAAAAAAAAAAAAAAAAAAAAAAAAABhkYmdOMgNebcY8EdWW0Uj+KdETbu3+Xn/xdtaKRPD5tvH0Vjzbs+023bsN9zePmZIj4snvTNgbZ7ztI+G/V/JE2+w/E4v/AMWLLf8Ao0+3RAdr7jbt95+Z72K/G2nOtvOPQmO6d3xVwTXBeL3yRpXpnlE85lA2+/3Hcon/ABYrjrE9NrWnW0f0x7Wz8MvtZ+btba3n/ljJ+36fRP1K3s9xfYZIy4ePDS1P3o9qT3/fJ3OP5WCtqdXx2tziPKAdm271bPFunDe00npt8uYtH3N2Tus4qTe+DLFYjWZmscPrV/t27/D88X0n5do6LxH1S6O69znfT8vHExhjjOvCbT7AS2Du1txSMmLBktWfH3fa2R3bFSdM9b4p/wDZXh9Mawi+wb2MGS22vOlbz1UmfPxh39z7zjwxOHFpkyTz8a19fsBJ1tFo6qzrE8ph6UzZ77LsJ6qz1Umdb08PXXy9S34c1c9K5KTrW0awo2AAAAAAAAAAAAAAAAAAAAAAAAAAAAAAAAAAAAAAAAAAAAAAAAAAAAAAAAAAAAAAAAAAIP8AMO7tSldtSdJyazaf4Y9qcVb8wTNd3SbfD0Tp9IIyccadPl9Tdl3GfcVrTNeb1pxrE/fPi922e4rgnczTTHHHj8Wnno0c+IgxFYjjEaMfMrPiza0VjWQZG/Psdzt8UZ8tNKTz0njXXzc8zpp4zPCIjxBkbdztM+0its9YiLeMTrpPlLXFbXtFKRra06VgHm1YtGklaxWNIjRv3ezzbKYjPEaW5Wry18paqY7Zr1xY/ivPTHtBhOflvLM0yYZ5UtrX1W/0c3c+zTs8fz8NrWrX/ki3l5w6Py1jmaZc3he0RX+n/UVPMgAAAAAAAAAAAAAAAAAAAAAAAAAAAAAAAAAAAAAAAAAAAAAAAAAAAAAAAAAAAAAAAAAj+57KdzWt6RE5cU9dItyn+GfWkAHFg7hg3tLYrT0XmOm+O/CY9qudr7dbeZZxX1+VimYvb97SeEe1Z9zsdvup1zUi0x4+Lk/AtpHw1tX+W9o+9B073t2PcbadvWIrpHueiY5K52bBXNn69xMVrh8LTzv+pNfge0njMWn15LPdeybKv/VE+vWQbt1udpmx2xXy00tEx8UK52KcEZpy7i9Y+V7tNZ5z+8sVe2bSvLDT+2Hr8P23/ip/aDn3262W7w2w2y096OHvcp8EX+XvkVmc+e9YyfBWJtHLxn9P2JyNhto5Yqf2w8z23aW54af2iPe7pg32G2GbVmLRwmJjhPhKvdhpFdxfJnmK/Jjo4zp70z7I+tM27Lsp/wCqI9WsfY807Fsqzr8vX+aZkVr3G+t3DXbbKOqs8L5pj3ax46ecpHbbem2x1w4/hrGjZSlaR00iIrHhD0oAAAAAAAAAAAAAAAAAAAAAAAAAAAAAAAAAAAAAAAAAAAAAAAAAAAAAAAAAAAAAAAAAAAAAAAAAAAAAAAAAAAAAAAAAAAAAAAAAAAAAAAAAAAAAAAAAAAAAAAAAAAAAAAAAAAAAAAAAAAAAAAAAAAAAAAAAAAAAAAAAAAAAAAAAAAAAAAAAAAAAAAAAAAAAAAAAAAAAAAAAAAAAAAAAAAAAAAAAAAAAAAAAAAAAAAAAAAAAAAAAAAAAAAAAAAAAAAAAAAAAAAAAAAAAAAAAAAAAAAAAAAAAAAAAAAAAAAAAAAAAAAAAAAAAAAAAAAAAAAAAAAAAAAAAAAAAAAAAAAAAAAAAAAAAAAAAAAAAAAAAAAAAAAAAAAAAAAAAAAAAAAAAAAAAAAAAAAAAAAAAAAAAAAAAAAAAAAAAAAAAAAAAAAAAAAAAAAAAAAAAAAAAAAAAAAAAAAAAAAAAAAAAAAAAAAAAAAAAAAAAAAAAAAAAAAAAAAAAAAAAAAAAAAAAAAAAAAAAAAAAAAAAAAAAAAAAAAAAAAAAAAAAAAAAAAAAAAAAAAAAAAAAAAAAAAAAAAAAAAAAAAAAAAAAAAAAAAAAAAAAAAAAAAAAAAAAAAAAAAAAAAAAAAAAAAAAAAAAAAAAAAAAAAAAAAAAAAAAAAAAAAAAAAA//9k=', 36, 1685848222000, 1685848222000, 0);
INSERT INTO attachments (userId, resourceId, size, width, height, name, mime, id, createdAt, updatedAt, version) VALUES (1, 36, 4233, 640, 360, 'img-11', 'image/jpeg', 37, 1685968102000, 1685968102000, 0);
INSERT INTO texts (hash, content, id, createdAt, updatedAt, version) VALUES ('7afb3e834e53cb94c4ed7575dc5b1b5ea0856ca777cb417cc598676417bd8af3', '# quas egestas euismod ad feugiat latine graecis.\n\nappareat homero nullam tempor quas in.\n\neloquentiam inceptos pro mandamus luctus pro finibus decore vituperatoribus dico dictas aptent labores putent fabulas eu habemus.\n\nexplicari cursus luctus quaerendum tristique.\n\nerroribus putent affert tantas solum appetere quaestio errem delicata elementum amet novum consetetur erat tempus.\n\nconsectetur nibh tamquam quaestio rutrum oratio ne mazim.\n\nanimal sea diam nec primis fermentum fugit.\n\neuismod.\n\nnovum amet dicta quaestio adipiscing tincidunt conclusionemque accumsan vel adolescens ubique.\n\nphasellus reprehendunt commodo.\n\nlaoreet.\n\nreferrentur commune veri vix homero id porro instructior veri pretium sonet gloriatur invenire porttitor vim purus mazim.\n\ncomprehensam duo pertinacia ceteros arcu comprehensam movet fusce no signiferumque putent netus.\n\nlobortis dolores dictumst inceptos deserunt etiam simul feugiat mnesarchum invidunt intellegebat sit quas sea.\n\ncurabitur gravida constituam elementum at menandri.\n\ndonec ligula tempor definitiones fabellas nunc voluptatibus homero cu iusto molestie maiorum mauris quaeque eam ancillae honestatis.\n\n', 38, 1686087982000, 1686087982000, 0);
INSERT INTO articles (userId, categoryId, imageId, textId, views, tags, name, description, publishAt, id, createdAt, updatedAt, version) VALUES (1, 13, 15, 38, 0, 'abc,xyz,hello', 'propriae. 0', 'eum.', 1648805302000, 149, 1686207862000, 1686207862000, 0);
INSERT INTO texts (hash, content, id, createdAt, updatedAt, version) VALUES ('5782b047bed1775991f43a27fd919a03c30e8a88de598348134fafa457c145e8', '# malesuada efficiantur aperiri.\n\nmeliore lobortis faucibus ludus volumus no delicata omittantur quam affert conubia habitant mus ludus eripuit scelerisque tincidunt ornatus suscipiantur.\n\ndecore dolorum dicit similique graeci adhuc meliore ridiculus ubique cetero.\n\nligula posse ultrices ultrices curabitur sem.\n\nmalesuada repudiare pro principes facilisi feugiat falli no fusce doctus conclusionemque usu corrumpit prompta omittantur convenire.\n\nscripserit eirmod placerat.\n\ndico auctor errem ultrices dolorem eruditi no hendrerit dicit civibus adipiscing facilis patrioque iudicabit cu.\n\nnonumes movet propriae ultrices gloriatur consectetuer mattis theophrastus ignota mentitum molestie.\n\nappareat interesset repudiare suas graecis sociis curabitur orci his convallis nunc aperiri ius solet vivamus et fastidii accusata adhuc partiendo.\n\nhabitasse ultricies veritus egestas etiam porta est laudem quaerendum proin gravida.\n\npossit electram intellegat accusata eros solet ius propriae vulputate consectetur latine perpetua saepe indoctum melius tempor fugit similique agam.\n\ntaciti molestie condimentum erat scelerisque lectus iaculis utroque vivendo eius sem mediocritatem ponderum tibique.\n\nclass quem malorum ullamcorper condimentum nibh idque accumsan mnesarchum voluptatibus honestatis invidunt.\n\nmalorum splendide hac ridiculus brute fames suscipiantur lorem dolore faucibus legimus maiorum bibendum prodesset vim scelerisque.\n\nvitae urbanitas expetenda maximus porro adolescens finibus reformidans invenire vituperata vocibus possim natoque scelerisque maecenas.\n\nfringilla aperiri porro disputationi instructior.\n\nadhuc falli id neque inciderint mutat repudiare fringilla suscipiantur detracto consequat dolorum qualisque morbi elitr debet feugait commodo melius.\n\nnunc nonumes signiferumque dolores necessitatibus persius brute nunc prompta aliquam suavitate vocent suspendisse fusce.\n\n', 39, 1686327742000, 1686327742000, 0);
INSERT INTO articles (userId, categoryId, imageId, textId, views, tags, name, description, publishAt, id, createdAt, updatedAt, version) VALUES (1, 13, 17, 39, 0, 'abc,xyz,hello', 'instructior. 1', 'finibus epicuri invidunt interdum option legere posuere.', 1648925182000, 150, 1686447622000, 1686447622000, 0);
INSERT INTO texts (hash, content, id, createdAt, updatedAt, version) VALUES ('67ea1dd2cb49db9ece02691b42c9c1880efb5e90975b6f12ed4e55b7c88f1bd5', '# pharetra graeco interpretaris lacus mnesarchum equidem usu nobis cubilia.\n\npossit phasellus cubilia metus fames pretium donec latine turpis epicurei neglegentur gravida.\n\nsed quot signiferumque prompta sociis.\n\nhac.\n\nsolum pri eam comprehensam lorem prodesset quisque nascetur dolorem nihil aperiri definitiones suscipiantur sodales dui scripserit porro.\n\nsonet auctor iudicabit utroque scripta an consetetur elitr quem mel magna.\n\noption nostrum sagittis diam a.\n\nvituperatoribus sumo fugit volutpat atqui scripta commodo malesuada erroribus autem fames mediocritatem urna.\n\natomorum tempus litora senserit regione mei omnesque delectus quo.\n\nlaoreet ante dolor dicant similique mandamus eloquentiam in dolorum.\n\ndoctus ornatus labores mus taciti luptatum.\n\nquis dicit comprehensam fusce mazim.\n\n', 40, 1686567502000, 1686567502000, 0);
INSERT INTO articles (userId, categoryId, imageId, textId, views, tags, name, description, publishAt, id, createdAt, updatedAt, version) VALUES (1, 13, 19, 40, 0, 'abc,xyz,hello', 'dicat. 2', 'appareat parturient vehicula salutatus.', 1649045062000, 151, 1686687382000, 1686687382000, 0);
INSERT INTO texts (hash, content, id, createdAt, updatedAt, version) VALUES ('3ecc826b4fa75666a4c3a2bcb5da1706fb7e22572dfbde1e169b522bad36509c', '# qui graece docendi sed errem comprehensam.\n\nvim duo fusce blandit phasellus habitasse voluptatibus maximus.\n\nelementum eripuit netus ornatus constituam nunc definiebas vituperata comprehensam te penatibus gloriatur pulvinar cu inceptos dicit mediocrem.\n\nsemper sodales tale dictum reprimique vis turpis homero dicat neglegentur cubilia.\n\ninvidunt mei quidam nostra aptent alienum tempor alienum electram sociosqu faucibus consectetuer possim ocurreret discere maluisset splendide mutat.\n\nfuisset suspendisse hinc has dicat finibus te.\n\nmauris oporteat dico.\n\nsea lorem singulis impetus mutat quo.\n\nmenandri reprimique libris mediocrem nisi invenire indoctum neque gravida.\n\nnominavi dapibus oporteat consetetur curae putent nisi aeque feugait commodo mutat mollis hac.\n\naliquet aliquid semper dissentiunt aliquip iuvaret saepe eirmod fusce.\n\npellentesque ante habemus ne labores neglegentur comprehensam vestibulum.\n\nvolumus moderatius appareat honestatis ea maximus graeci noluisse at.\n\nproin deterruisset habitant et similique lorem.\n\naugue nonumes nonumy sodales has iusto ipsum.\n\nurna accommodare ligula elit nibh mel noster augue veritus varius efficitur comprehensam intellegat pro.\n\nsuscipiantur erat persecuti sale scripserit ornatus delicata interpretaris solum verterem possit varius ponderum dui nihil dolorum adipiscing.\n\nmorbi voluptatibus theophrastus tellus in per urna pretium vituperatoribus tale bibendum.\n\nconvallis constituam vitae ipsum offendit magna.\n\nomittantur mutat veniam repudiare rhoncus fames congue melius.\n\n', 41, 1686807262000, 1686807262000, 0);
INSERT INTO articles (userId, categoryId, imageId, textId, views, tags, name, description, publishAt, id, createdAt, updatedAt, version) VALUES (1, 13, 21, 41, 0, 'abc,xyz,hello', 'pertinacia. 3', 'inimicus te esse.', 1649164942000, 152, 1686927142000, 1686927142000, 0);
INSERT INTO texts (hash, content, id, createdAt, updatedAt, version) VALUES ('6301a885978eeb67bd867a199bf4a910cbb39ee7af696a4ff61cf24a7e230edd', '# varius tincidunt cubilia epicuri.\n\nan theophrastus fastidii mauris ultrices scripserit expetendis nec accommodare ocurreret montes equidem equidem dicunt metus ex quidam mnesarchum vidisse laoreet.\n\negestas postulant adhuc omnesque efficiantur tale.\n\nmnesarchum nam regione mus consequat invidunt moderatius suavitate sea ius.\n\nsed brute pericula fermentum sollicitudin platonem consequat potenti animal aliquid lectus curabitur.\n\nhomero omnesque assueverit class proin vidisse et ridens prodesset moderatius utamur ancillae tota nisl habeo porro ferri aptent purus.\n\naliquip graece quis tortor vim.\n\ntincidunt quo eum veri solum sententiae indoctum tritani docendi sadipscing.\n\nmea dictum.\n\nhimenaeos similique.\n\nneque sed voluptaria adolescens iisque expetendis risus sodales pretium definitionem dicant urna maiestatis vero dui repudiandae bibendum.\n\ndeseruisse potenti theophrastus finibus moderatius sale posuere.\n\n', 42, 1687047022000, 1687047022000, 0);
INSERT INTO articles (userId, categoryId, imageId, textId, views, tags, name, description, publishAt, id, createdAt, updatedAt, version) VALUES (1, 13, 23, 42, 0, 'abc,xyz,hello', 'mucius. 4', 'id expetenda ornatus euripidis elementum dicat.', 1649284822000, 153, 1687166902000, 1687166902000, 0);
INSERT INTO texts (hash, content, id, createdAt, updatedAt, version) VALUES ('7c7b14a7bc1c470ccea7e86fe41b45928b5e0b115f4883c86d7382560c007a48', '# definitionem cum quod neque civibus accumsan gubergren aliquet.\n\nfugit dapibus mea litora epicurei tempor prompta perpetua ei luctus consetetur convallis pulvinar possit epicurei tritani.\n\nwisi propriae possit nunc.\n\nat reformidans voluptaria elitr cetero deserunt viderer delectus.\n\nquaerendum augue ornatus faucibus instructior tortor doming altera consectetur vix regione voluptaria agam.\n\nconvallis voluptaria delectus ocurreret disputationi habeo similique quidam orci accusata aptent tortor senserit inceptos debet non habemus ornatus.\n\nvivamus solum gravida risus.\n\npercipit vel iusto definitionem lorem vel errem vituperatoribus hendrerit pharetra scelerisque hinc no rhoncus utroque.\n\nnumquam suas delenit nostra.\n\niaculis partiendo necessitatibus justo constituto antiopam percipit adipiscing rhoncus no per erat constituto detracto gravida tacimates odio dicam evertitur interesset.\n\nlobortis voluptaria.\n\nnoluisse vel mel vim aenean ex error tacimates dicam dolore.\n\n', 43, 1687286782000, 1687286782000, 0);
INSERT INTO articles (userId, categoryId, imageId, textId, views, tags, name, description, publishAt, id, createdAt, updatedAt, version) VALUES (1, 13, 25, 43, 0, 'abc,xyz,hello', 'tempor. 5', 'verear posuere appareat definitionem sociosqu.', 1649404702000, 154, 1687406662000, 1687406662000, 0);
INSERT INTO texts (hash, content, id, createdAt, updatedAt, version) VALUES ('751599f660813cfda5cfa4fd5c0921f1a6c97c551b49063b293c8c8a9533a210', '# erroribus dolores luctus novum risus maiestatis definitionem molestie.\n\nubique invenire ex lacinia accumsan conclusionemque theophrastus minim recteque dui dolorem ad.\n\nvolumus saepe torquent suas arcu iuvaret aliquam repudiare intellegat quot molestiae risus auctor graece.\n\nrepudiare aptent curae dico graeco ei finibus epicuri eu honestatis nobis malesuada appareat dolorem mediocritatem.\n\noffendit sale congue parturient dolorum persecuti eros sapientem eloquentiam lobortis persius consectetuer nibh altera sodales graecis.\n\nmi amet amet elementum quot definitionem pri an animal splendide pericula inciderint conceptam omittam reprehendunt lectus vero agam inani detraxit.\n\nornare solet leo veri cetero tota mandamus convallis.\n\nquam nec suas autem sea bibendum pellentesque pro ut solum consequat verear finibus libero parturient mauris sententiae graece.\n\nposidonium reformidans bibendum brute discere scelerisque.\n\nqualisque quas graeci platonem quod ridens dolore verear ea delectus ocurreret mea platonem numquam maiorum duis indoctum.\n\nnecessitatibus eirmod nonumy fabulas mattis pertinacia utroque detraxit omittantur eu dolorem arcu est civibus repudiandae.\n\n', 44, 1687526542000, 1687526542000, 0);
INSERT INTO articles (userId, categoryId, imageId, textId, views, tags, name, description, publishAt, id, createdAt, updatedAt, version) VALUES (1, 13, 27, 44, 0, 'abc,xyz,hello', 'detraxit. 6', 'taciti finibus vivendo class.', 1649524582000, 155, 1687646422000, 1687646422000, 0);
INSERT INTO texts (hash, content, id, createdAt, updatedAt, version) VALUES ('63c47c920005784c71247949b1bd949d4a0c7120618ba0668d320f930c799658', '# error aptent solum repudiandae maecenas principes.\n\nbrute legere ferri auctor oratio potenti.\n\nlectus nonumy tibique dictumst epicuri suavitate partiendo accumsan eget penatibus euismod meliore.\n\nnostra euripidis sodales animal fugit necessitatibus nostrum eos rutrum aperiri interdum graecis lobortis sollicitudin hac commodo antiopam invidunt.\n\nvocent per indoctum interpretaris rhoncus class consequat pri dico nec dicat himenaeos tellus consul verear fermentum conclusionemque doming vulputate.\n\ninterpretaris quam suspendisse feugait ante tibique dicat putent litora urna.\n\nhabemus posse ea dolor libero liber referrentur dicit suas fabellas sonet expetenda euripidis detracto fabulas sanctus quot ipsum.\n\nhendrerit graeci.\n\nne impetus tacimates populo ut persius.\n\ntempus in mutat offendit persequeris inani ubique graeci omnesque dico diam.\n\nappareat prodesset veritus nominavi torquent delenit sociis hendrerit interpretaris velit cetero varius mnesarchum vestibulum.\n\ndebet.\n\ndictumst patrioque posidonium dis recteque dicit eleifend.\n\nnostrum invenire prompta sagittis commune consequat iuvaret tale felis detracto fabellas animal ceteros elementum pri reprimique.\n\ncongue decore aliquet repudiare postea sanctus quidam vero efficitur percipit.\n\n', 45, 1687766302000, 1687766302000, 0);
INSERT INTO articles (userId, categoryId, imageId, textId, views, tags, name, description, publishAt, id, createdAt, updatedAt, version) VALUES (1, 13, 29, 45, 0, 'abc,xyz,hello', 'tortor. 7', 'inceptos vis.', 1649644462000, 156, 1687886182000, 1687886182000, 0);
INSERT INTO texts (hash, content, id, createdAt, updatedAt, version) VALUES ('f5fd538a5847fc939f520278627621ecd7caf9f5bc8fbc48d21ca14fcb13d75f', '# vitae.\n\naenean simul dissentiunt sapien accumsan constituto facilisi porro definitionem tritani bibendum fringilla dictum.\n\ndicunt ceteros commodo pro dui lorem vim duis sociosqu suspendisse congue ne voluptatum.\n\nmattis debet feugiat convallis singulis fastidii nunc expetenda propriae mattis omnesque imperdiet iudicabit vidisse euripidis eu melius.\n\nnunc ignota fringilla platea dapibus habeo oratio dignissim putent nascetur deserunt unum volutpat diam comprehensam mi menandri.\n\npericula gubergren detraxit error veniam homero ac ad potenti sit posuere legimus option auctor prompta accommodare senserit propriae iudicabit.\n\nintellegebat utinam assueverit eruditi nihil.\n\ncubilia elitr ornare eros.\n\naenean unum faucibus omittantur imperdiet malorum deseruisse quas minim fringilla habitasse habitasse vivendo augue appetere elaboraret nonumes iudicabit alienum.\n\npostea inimicus aenean eloquentiam.\n\ncu senectus propriae senserit voluptatum causae contentiones porta potenti gloriatur pericula persius vim suspendisse sit lacinia lobortis.\n\n', 46, 1688006062000, 1688006062000, 0);
INSERT INTO articles (userId, categoryId, imageId, textId, views, tags, name, description, publishAt, id, createdAt, updatedAt, version) VALUES (1, 13, 31, 46, 0, 'abc,xyz,hello', 'nonumes. 8', 'veri minim.', 1649764342000, 157, 1688125942000, 1688125942000, 0);
INSERT INTO texts (hash, content, id, createdAt, updatedAt, version) VALUES ('ede4f83f4adf6f3325e36f32616d32296f9df359ba5b70904de915a92ac53d71', '# antiopam omnesque massa.\n\nelectram rutrum deserunt graecis petentium tale quo pretium rhoncus ipsum suscipit nonumes imperdiet.\n\nsaperet dolorum atqui ornare duo cetero interpretaris metus pertinacia iudicabit decore auctor autem.\n\npartiendo scripta alienum discere.\n\ninstructior volutpat senectus cubilia consectetur.\n\nnatum graeco accommodare mazim dolorum ligula.\n\norci ignota mentitum.\n\niusto iisque fringilla tincidunt senectus dicunt adhuc convenire dicit repudiandae vix.\n\ndisputationi vidisse praesent expetendis mediocritatem vocent suscipit populo an suas vidisse habitasse.\n\nluptatum offendit eam dicunt aliquip.\n\nleo.\n\ntristique consetetur laudem mandamus theophrastus amet in fermentum.\n\ncongue tellus periculis lobortis posuere quo neque corrumpit commune tellus expetenda commodo definiebas voluptatum disputationi postea consectetuer consectetuer pellentesque.\n\nfeugiat neglegentur.\n\ntristique movet idque sociosqu detracto appetere iaculis proin has lobortis.\n\ntritani platonem sanctus semper prompta vestibulum saperet delicata ac habitasse natoque graeco detraxit porro graece tempus efficitur donec convallis ornatus.\n\nvim repudiandae molestiae idque vocibus legimus dolor causae odio possit enim dignissim eam epicurei legere eam natoque platea litora.\n\naperiri ridens.\n\ndocendi dico ridens fabellas iudicabit eripuit intellegat tincidunt feugiat non.\n\n', 47, 1688245822000, 1688245822000, 0);
INSERT INTO articles (userId, categoryId, imageId, textId, views, tags, name, description, publishAt, id, createdAt, updatedAt, version) VALUES (1, 13, 33, 47, 0, 'abc,xyz,hello', 'fringilla. 9', 'torquent simul.', 1649884222000, 158, 1688365702000, 1688365702000, 0);
INSERT INTO texts (hash, content, id, createdAt, updatedAt, version) VALUES ('f883e9779b3c429ceea9506f305184fa0f42e2f471f4ed5b6b29b6e9f29de7b8', '# audire omittam ancillae nec fusce efficiantur iriure.\n\ntibique legimus ridiculus auctor signiferumque natoque.\n\npotenti mazim veniam omnesque imperdiet deserunt quaestio adolescens neglegentur eros tempus voluptaria propriae.\n\npro porro urbanitas eleifend delicata netus quot definiebas feugait inceptos hendrerit duis justo tation conceptam utinam.\n\nbibendum postulant leo senserit per nunc.\n\nfinibus inceptos rutrum novum sea sonet varius montes putent penatibus expetendis reprehendunt ante nibh.\n\nadipisci neque tortor detraxit consequat erroribus iaculis simul nunc nulla percipit fuisset libris magna cursus solum.\n\npri posuere saepe sed.\n\ndeterruisset interdum meliore splendide.\n\nnascetur odio eros laoreet auctor scripta liber fuisset ex idque.\n\nconstituam.\n\nvitae libero tation postea wisi tincidunt indoctum facilis principes feugiat menandri omittam legere ornare vel qui nascetur voluptatum mediocrem.\n\nlacus.\n\ntractatos quis elaboraret inceptos aperiri periculis neque ferri mus numquam.\n\ndolorum sapien quisque dicta wisi delicata conceptam graecis populo mattis honestatis iaculis sociosqu cetero neglegentur salutatus sapientem.\n\nnihil.\n\naccusata unum constituto nonumes mattis euismod senserit integer.\n\nporro nulla autem commune.\n\nporttitor sadipscing consectetur offendit solum pertinacia lorem metus fermentum viverra persequeris urbanitas delenit maiorum sagittis noster sollicitudin no aliquid mentitum.\n\nveritus lorem dolorum.\n\n', 48, 1688485582000, 1688485582000, 0);
INSERT INTO articles (userId, categoryId, imageId, textId, views, tags, name, description, publishAt, id, createdAt, updatedAt, version) VALUES (1, 13, 35, 48, 0, 'abc,xyz,hello', 'quo. 10', 'aliquet diam decore usu maluisset.', 1650004102000, 159, 1688605462000, 1688605462000, 0);
INSERT INTO texts (hash, content, id, createdAt, updatedAt, version) VALUES ('ec75343546fb7d692040f5aa60fd6e8c8245eb837726a0d869bff5fc6cd3c013', '# eum mauris tantas placerat nisi.\n\ndicta mutat nisi quam constituto deterruisset.\n\ncomprehensam ad vix periculis sale sapientem noluisse quis vitae velit omittantur deserunt.\n\nmauris quas adversarium putent eum fugit elementum ludus habemus laoreet senserit vocibus qualisque dicit fusce similique id viderer maecenas.\n\nharum expetenda interpretaris ac est quisque tale bibendum detraxit ne mei contentiones graecis singulis.\n\nquem electram habeo expetenda ferri recteque fugit suscipit ignota.\n\nmollis theophrastus mutat magnis eam harum civibus wisi invidunt appareat definitionem offendit maiorum condimentum.\n\nlibris eirmod persecuti.\n\ntale utamur facilisi in verear mazim tantas quo maiorum noster.\n\nconsul ponderum ea legimus simul vulputate maluisset ponderum gloriatur montes sententiae ignota.\n\ndiscere tractatos fuisset omittantur mentitum enim gravida consectetuer putent mi quam mediocrem fringilla ridiculus aenean.\n\nsuscipit pertinax maximus blandit pri decore condimentum reprehendunt equidem maiestatis regione lectus magnis has persius persius erroribus mei.\n\nclass quidam erroribus aperiri numquam.\n\n', 49, 1688725342000, 1688725342000, 0);
INSERT INTO articles (userId, categoryId, imageId, textId, views, tags, name, description, publishAt, id, createdAt, updatedAt, version) VALUES (1, 13, 37, 49, 0, 'abc,xyz,hello', 'viderer. 11', 'facilisi magnis labores luctus dictas aliquet.', 1650123982000, 160, 1688845222000, 1688845222000, 0);
INSERT INTO boards (topicNumber, locked, tag, name, description, displayOrder, id, createdAt, updatedAt, version) VALUES (0, false, 'sample', 'Discuss Sample', 'Discuss Sample.', 0, 50, 1688965102000, 1688965102000, 0);
INSERT INTO topics (boardId, userId, userName, userImageUrl, refType, refId, replyNumber, locked, name, content, id, createdAt, updatedAt, version) VALUES (50, 9, 'subscriber', '/static/img/user.png', 'NONE', 0, 0, false, 'mnesarchum latine.1', 'efficitur eu pellentesque esse eirmod noster magnis mucius.', 51, 1650243862000, 1650243862000, 0);
INSERT INTO topics (boardId, userId, userName, userImageUrl, refType, refId, replyNumber, locked, name, content, id, createdAt, updatedAt, version) VALUES (50, 9, 'subscriber', '/static/img/user.png', 'NONE', 0, 1, false, 'theophrastus brute.2', 'ut mei sale at massa metus iriure fugit definiebas pellentesque errem eget indoctum debet mel platea sapientem luptatum laudem ancillae.', 52, 1650363742000, 1650363742000, 0);
INSERT INTO replies (topicId, userId, userName, userImageUrl, content, id, createdAt, updatedAt, version) VALUES (52, 9, 'subscriber', '/static/img/user.png', 'partiendo splendide solum enim suspendisse cum theophrastus tempus repudiare alterum ignota facilis posse adversarium eleifend lectus nascetur potenti libris legere periculis inciderint utamur luctus platea tota nam libris recteque fusce ipsum justo mollis.', 161, 1650483622000, 1650483622000, 0);
INSERT INTO topics (boardId, userId, userName, userImageUrl, refType, refId, replyNumber, locked, name, content, id, createdAt, updatedAt, version) VALUES (50, 9, 'subscriber', '/static/img/user.png', 'NONE', 0, 2, false, 'integer consetetur.3', 'appareat euripidis libris scripta verterem corrumpit his sodales quis faucibus vero nisi velit legimus ligula dicant adipisci dictum neque referrentur atqui semper mediocritatem erat periculis expetendis cursus aperiri elaboraret percipit conclusionemque ullamcorper bibendum necessitatibus ipsum veritus persius inceptos.', 53, 1650603502000, 1650603502000, 0);
INSERT INTO replies (topicId, userId, userName, userImageUrl, content, id, createdAt, updatedAt, version) VALUES (53, 9, 'subscriber', '/static/img/user.png', 'detracto homero eleifend commodo iisque offendit persequeris eos mollis no vocibus ancillae feugiat saepe corrumpit fringilla purus alia scripserit option adipiscing ea cubilia nobis decore signiferumque fabulas aliquid postulant fugit consectetur altera interdum atomorum docendi finibus laudem faucibus pericula regione dictumst persius fusce.', 162, 1650723382000, 1650723382000, 0);
INSERT INTO replies (topicId, userId, userName, userImageUrl, content, id, createdAt, updatedAt, version) VALUES (53, 9, 'subscriber', '/static/img/user.png', 'simul scripserit suscipiantur mus fabellas veniam viris cras labores cetero vel bibendum civibus volumus auctor persecuti percipit ridiculus sagittis fuisset minim in maiorum agam unum congue mnesarchum.', 163, 1650843262000, 1650843262000, 0);
INSERT INTO topics (boardId, userId, userName, userImageUrl, refType, refId, replyNumber, locked, name, content, id, createdAt, updatedAt, version) VALUES (50, 9, 'subscriber', '/static/img/user.png', 'NONE', 0, 3, false, 'sociosqu purus ultricies.4', 'similique debet scripta nec quaerendum vocent turpis porttitor luctus idque dicam mea dolor putent dapibus.', 54, 1650963142000, 1650963142000, 0);
INSERT INTO replies (topicId, userId, userName, userImageUrl, content, id, createdAt, updatedAt, version) VALUES (54, 9, 'subscriber', '/static/img/user.png', 'mediocrem doctus vestibulum quam vulputate dictas dolores per vituperata fastidii evertitur indoctum delicata quem ligula natum interdum netus inimicus appareat cursus instructior ut disputationi debet vocibus deseruisse vituperatoribus iusto aliquip quis movet liber has penatibus cursus arcu hendrerit sit maluisset.', 164, 1651083022000, 1651083022000, 0);
INSERT INTO replies (topicId, userId, userName, userImageUrl, content, id, createdAt, updatedAt, version) VALUES (54, 9, 'subscriber', '/static/img/user.png', 'dolorem quaestio legimus docendi dicta perpetua ignota quaerendum definitiones semper nihil error ea dolore inceptos scelerisque congue ceteros alia veritus nam solum quaeque explicari ne alterum causae dicam libris hinc viderer quas iisque appetere mediocrem mandamus tristique vim augue.', 165, 1651202902000, 1651202902000, 0);
INSERT INTO replies (topicId, userId, userName, userImageUrl, content, id, createdAt, updatedAt, version) VALUES (54, 9, 'subscriber', '/static/img/user.png', 'graecis elitr cursus vel erat latine ceteros.', 166, 1651322782000, 1651322782000, 0);
INSERT INTO topics (boardId, userId, userName, userImageUrl, refType, refId, replyNumber, locked, name, content, id, createdAt, updatedAt, version) VALUES (50, 9, 'subscriber', '/static/img/user.png', 'NONE', 0, 4, false, 'mollis voluptatum.5', 'altera viderer suscipit eget accumsan ipsum atomorum dignissim augue inani persecuti nascetur debet ultrices conclusionemque cetero possit qui.', 55, 1651442662000, 1651442662000, 0);
INSERT INTO replies (topicId, userId, userName, userImageUrl, content, id, createdAt, updatedAt, version) VALUES (55, 9, 'subscriber', '/static/img/user.png', 'pharetra urna aliquip eirmod consectetuer lorem justo metus diam primis quis efficitur idque congue perpetua offendit quaestio nonumes usu lobortis pretium consul deseruisse dolores netus.', 167, 1651562542000, 1651562542000, 0);
INSERT INTO replies (topicId, userId, userName, userImageUrl, content, id, createdAt, updatedAt, version) VALUES (55, 9, 'subscriber', '/static/img/user.png', 'dicat postea gloriatur magnis inimicus himenaeos lacus amet oporteat non cursus conubia oratio cubilia agam alia vituperata necessitatibus purus molestie equidem movet dictas mnesarchum sit vitae elementum movet ludus.', 168, 1651682422000, 1651682422000, 0);
INSERT INTO replies (topicId, userId, userName, userImageUrl, content, id, createdAt, updatedAt, version) VALUES (55, 9, 'subscriber', '/static/img/user.png', 'patrioque noluisse ipsum mutat laoreet augue laoreet omnesque eros quidam quaestio omittam etiam persequeris ligula gloriatur curabitur eleifend altera reprehendunt natum finibus augue ridens contentiones aptent mediocrem hac detraxit quas periculis ac molestiae interesset convallis fuisset vero similique idque aliquam.', 169, 1651802302000, 1651802302000, 0);
INSERT INTO replies (topicId, userId, userName, userImageUrl, content, id, createdAt, updatedAt, version) VALUES (55, 9, 'subscriber', '/static/img/user.png', 'sale ad moderatius eloquentiam luptatum graecis litora dapibus conubia curae aliquip risus tamquam dapibus.', 170, 1651922182000, 1651922182000, 0);
INSERT INTO topics (boardId, userId, userName, userImageUrl, refType, refId, replyNumber, locked, name, content, id, createdAt, updatedAt, version) VALUES (50, 9, 'subscriber', '/static/img/user.png', 'NONE', 0, 5, false, 'noluisse.6', 'sanctus vero augue animal debet imperdiet ludus nostra augue rutrum salutatus facilisi facilisis mazim maecenas malesuada postulant quas docendi decore wisi sem posidonium conubia vulputate eu posse lectus gloriatur discere vivamus noluisse mutat potenti rutrum ludus sodales ubique tale inimicus laoreet offendit ubique ceteros alia salutatus decore nec.', 56, 1652042062000, 1652042062000, 0);
INSERT INTO replies (topicId, userId, userName, userImageUrl, content, id, createdAt, updatedAt, version) VALUES (56, 9, 'subscriber', '/static/img/user.png', 'repudiandae maecenas electram iriure morbi intellegat quaerendum adolescens quot impetus gubergren elementum ius noluisse ridiculus bibendum suspendisse feugiat luptatum wisi eos homero consectetur congue voluptatum elaboraret efficiantur integer dicit voluptatibus nostra.', 171, 1652161942000, 1652161942000, 0);
INSERT INTO replies (topicId, userId, userName, userImageUrl, content, id, createdAt, updatedAt, version) VALUES (56, 9, 'subscriber', '/static/img/user.png', 'integer sententiae ligula senectus duo populo invidunt egestas eruditi pericula veritus alia pertinax vocent amet quaestio tellus sea montes pharetra duis integer vulputate sem phasellus theophrastus inimicus oporteat porttitor scripta intellegat.', 172, 1652281822000, 1652281822000, 0);
INSERT INTO replies (topicId, userId, userName, userImageUrl, content, id, createdAt, updatedAt, version) VALUES (56, 9, 'subscriber', '/static/img/user.png', 'dissentiunt mel et instructior populo meliore electram mandamus donec adipisci usu venenatis nunc viris lobortis integer referrentur magnis graeci adipiscing arcu mel auctor accommodare adhuc sanctus.', 173, 1652401702000, 1652401702000, 0);
INSERT INTO replies (topicId, userId, userName, userImageUrl, content, id, createdAt, updatedAt, version) VALUES (56, 9, 'subscriber', '/static/img/user.png', 'iisque cubilia non id proin aptent ante taciti ferri noluisse gubergren cu graecis consul instructior platea splendide periculis litora disputationi graece novum.', 174, 1652521582000, 1652521582000, 0);
INSERT INTO replies (topicId, userId, userName, userImageUrl, content, id, createdAt, updatedAt, version) VALUES (56, 9, 'subscriber', '/static/img/user.png', 'suscipit est utinam verear alia dis dapibus falli necessitatibus saepe reprehendunt potenti dicunt audire offendit pertinacia eleifend sagittis ceteros repudiare malorum interdum nulla adipisci homero pertinacia gubergren utinam pertinax fusce tortor sumo tellus cetero feugiat eruditi interesset sonet velit vocibus elitr.', 175, 1652641462000, 1652641462000, 0);
INSERT INTO topics (boardId, userId, userName, userImageUrl, refType, refId, replyNumber, locked, name, content, id, createdAt, updatedAt, version) VALUES (50, 9, 'subscriber', '/static/img/user.png', 'NONE', 0, 6, false, 'utroque.7', 'senectus fuisset petentium impetus invidunt lorem congue splendide habitasse efficiantur tractatos ferri iaculis lorem mazim iaculis te doming cras ad fames bibendum ius posidonium hinc solum aliquet sem maluisset mei eam alterum meliore dictum utroque iuvaret graeci quaeque pulvinar invenire mediocrem.', 57, 1652761342000, 1652761342000, 0);
INSERT INTO replies (topicId, userId, userName, userImageUrl, content, id, createdAt, updatedAt, version) VALUES (57, 9, 'subscriber', '/static/img/user.png', 'lorem platonem platonem latine nisi aliquip his dolore solet dicam integer pulvinar delectus efficiantur fames dicit consul curabitur accumsan persecuti harum ex ponderum urbanitas eleifend imperdiet expetendis ne nisl mea impetus iuvaret possit mel pro facilis volumus gravida proin tacimates vivendo falli invenire aliquid mattis.', 176, 1652881222000, 1652881222000, 0);
INSERT INTO replies (topicId, userId, userName, userImageUrl, content, id, createdAt, updatedAt, version) VALUES (57, 9, 'subscriber', '/static/img/user.png', 'etiam euismod fuisset volumus molestiae nulla persequeris etiam tale.', 177, 1653001102000, 1653001102000, 0);
INSERT INTO replies (topicId, userId, userName, userImageUrl, content, id, createdAt, updatedAt, version) VALUES (57, 9, 'subscriber', '/static/img/user.png', 'usu viderer instructior veritus vel nec quas persius instructior autem vix eleifend solet eloquentiam dicam suscipiantur fames netus vestibulum sea vero novum libris at graece torquent dui aliquam eius posse ludus idque elitr legimus reprimique ornatus sapien expetendis pertinax gubergren mel vim tota latine nulla.', 178, 1653120982000, 1653120982000, 0);
INSERT INTO replies (topicId, userId, userName, userImageUrl, content, id, createdAt, updatedAt, version) VALUES (57, 9, 'subscriber', '/static/img/user.png', 'vocibus explicari ipsum nisi postea agam ullamcorper at donec mandamus nam inciderint aenean volutpat mus percipit phasellus eleifend posse tation electram cubilia delenit ancillae augue porta populo veniam singulis graeci alienum ultricies eu alterum sale maiestatis epicurei accommodare delenit dolorem errem mei mauris adipiscing utinam intellegebat te.', 179, 1653240862000, 1653240862000, 0);
INSERT INTO replies (topicId, userId, userName, userImageUrl, content, id, createdAt, updatedAt, version) VALUES (57, 9, 'subscriber', '/static/img/user.png', 'congue dolorum tamquam non convallis nonumy reprehendunt mei doming necessitatibus singulis singulis constituto dico antiopam propriae dicant fabulas dicant delectus volutpat graeci montes prodesset mel vituperatoribus verterem offendit populo facilisis tation ius montes explicari nam eruditi nobis hendrerit minim graece contentiones.', 180, 1653360742000, 1653360742000, 0);
INSERT INTO replies (topicId, userId, userName, userImageUrl, content, id, createdAt, updatedAt, version) VALUES (57, 9, 'subscriber', '/static/img/user.png', 'tota novum harum sed voluptatum morbi senserit scripta definitionem nam civibus consequat varius finibus alia vel ea fugit postulant.', 181, 1653480622000, 1653480622000, 0);
INSERT INTO topics (boardId, userId, userName, userImageUrl, refType, refId, replyNumber, locked, name, content, id, createdAt, updatedAt, version) VALUES (50, 9, 'subscriber', '/static/img/user.png', 'NONE', 0, 7, false, 'ridiculus quis cetero.8', 'gloriatur tortor proin ipsum solet urbanitas magnis reformidans bibendum referrentur duo.', 58, 1653600502000, 1653600502000, 0);
INSERT INTO replies (topicId, userId, userName, userImageUrl, content, id, createdAt, updatedAt, version) VALUES (58, 9, 'subscriber', '/static/img/user.png', 'torquent eu adversarium tamquam utroque maluisset aptent comprehensam ignota elit ferri esse tractatos leo elaboraret sagittis epicurei duis indoctum donec morbi commune graece alienum necessitatibus mollis falli affert patrioque unum interesset splendide dolor tation suscipit vim habeo mentitum eos neglegentur prodesset persius.', 182, 1653720382000, 1653720382000, 0);
INSERT INTO replies (topicId, userId, userName, userImageUrl, content, id, createdAt, updatedAt, version) VALUES (58, 9, 'subscriber', '/static/img/user.png', 'legimus.', 183, 1653840262000, 1653840262000, 0);
INSERT INTO replies (topicId, userId, userName, userImageUrl, content, id, createdAt, updatedAt, version) VALUES (58, 9, 'subscriber', '/static/img/user.png', 'potenti tractatos accommodare alienum commodo saepe definitionem usu odio omittam partiendo senserit erat platonem eros fringilla quot eum comprehensam platea quam reformidans imperdiet expetendis cu suas contentiones blandit oratio.', 184, 1653960142000, 1653960142000, 0);
INSERT INTO replies (topicId, userId, userName, userImageUrl, content, id, createdAt, updatedAt, version) VALUES (58, 9, 'subscriber', '/static/img/user.png', 'mel agam pri ea blandit volutpat varius appareat ultricies metus eros dicat singulis nulla quod malesuada fabellas dictas conceptam ponderum eget.', 185, 1654080022000, 1654080022000, 0);
INSERT INTO replies (topicId, userId, userName, userImageUrl, content, id, createdAt, updatedAt, version) VALUES (58, 9, 'subscriber', '/static/img/user.png', 'percipit pericula harum conubia detraxit te saepe accommodare deseruisse posuere ipsum nunc sapien quot constituam eam fastidii duis vivendo magnis ullamcorper ceteros fames elementum.', 186, 1654199902000, 1654199902000, 0);
INSERT INTO replies (topicId, userId, userName, userImageUrl, content, id, createdAt, updatedAt, version) VALUES (58, 9, 'subscriber', '/static/img/user.png', 'melius interesset vestibulum epicurei dictum lacinia necessitatibus postea justo cu mattis mucius persius luptatum natoque nascetur duis ocurreret sodales viverra cursus praesent nisl possim eu luptatum sociosqu pulvinar nonumes fuisset libris causae adversarium nunc blandit prodesset tamquam quaeque libero nostra.', 187, 1654319782000, 1654319782000, 0);
INSERT INTO replies (topicId, userId, userName, userImageUrl, content, id, createdAt, updatedAt, version) VALUES (58, 9, 'subscriber', '/static/img/user.png', 'maiorum mel dicat latine nibh te adhuc utinam quis donec corrumpit novum utamur torquent dictum mi graeco electram te inani ullamcorper iriure mandamus sodales wisi discere veritus ex mel accumsan dolorem vidisse movet utinam convenire eripuit solet repudiandae inceptos.', 188, 1654439662000, 1654439662000, 0);
INSERT INTO topics (boardId, userId, userName, userImageUrl, refType, refId, replyNumber, locked, name, content, id, createdAt, updatedAt, version) VALUES (50, 9, 'subscriber', '/static/img/user.png', 'NONE', 0, 8, false, 'explicari.9', 'sanctus intellegat nonumes patrioque maiorum metus semper contentiones omnesque verear dui.', 59, 1654559542000, 1654559542000, 0);
INSERT INTO replies (topicId, userId, userName, userImageUrl, content, id, createdAt, updatedAt, version) VALUES (59, 9, 'subscriber', '/static/img/user.png', 'maximus veritus laoreet sollicitudin mollis tibique libero.', 189, 1654679422000, 1654679422000, 0);
INSERT INTO replies (topicId, userId, userName, userImageUrl, content, id, createdAt, updatedAt, version) VALUES (59, 9, 'subscriber', '/static/img/user.png', 'facilisis ei ponderum posse blandit autem morbi reprehendunt lobortis vivendo facilisi noluisse tacimates vituperatoribus eripuit dicunt tincidunt voluptaria at suavitate iriure dissentiunt tristique tractatos ultricies vocibus noluisse.', 190, 1654799302000, 1654799302000, 0);
INSERT INTO replies (topicId, userId, userName, userImageUrl, content, id, createdAt, updatedAt, version) VALUES (59, 9, 'subscriber', '/static/img/user.png', 'ornatus iriure mollis fastidii pellentesque elementum recteque sollicitudin aenean consetetur tantas errem ceteros sollicitudin voluptatum affert nisi ponderum varius tortor oratio tellus agam class.', 191, 1654919182000, 1654919182000, 0);
INSERT INTO replies (topicId, userId, userName, userImageUrl, content, id, createdAt, updatedAt, version) VALUES (59, 9, 'subscriber', '/static/img/user.png', 'nostrum civibus ferri salutatus dolorum tellus omnesque libero vituperatoribus gravida dolores deserunt putent per lorem.', 192, 1655039062000, 1655039062000, 0);
INSERT INTO replies (topicId, userId, userName, userImageUrl, content, id, createdAt, updatedAt, version) VALUES (59, 9, 'subscriber', '/static/img/user.png', 'ne menandri aptent suscipit risus integer vituperata saperet.', 193, 1655158942000, 1655158942000, 0);
INSERT INTO replies (topicId, userId, userName, userImageUrl, content, id, createdAt, updatedAt, version) VALUES (59, 9, 'subscriber', '/static/img/user.png', 'ubique eius conubia reformidans morbi neque discere iaculis ocurreret ex reprimique propriae autem nam eripuit salutatus pulvinar ludus non malorum utinam bibendum assueverit invenire pericula vehicula accommodare sententiae dicta ridens luctus pericula nostra voluptatibus invidunt id quam wisi.', 194, 1655278822000, 1655278822000, 0);
INSERT INTO replies (topicId, userId, userName, userImageUrl, content, id, createdAt, updatedAt, version) VALUES (59, 9, 'subscriber', '/static/img/user.png', 'an arcu facilisi indoctum reprehendunt tritani.', 195, 1655398702000, 1655398702000, 0);
INSERT INTO replies (topicId, userId, userName, userImageUrl, content, id, createdAt, updatedAt, version) VALUES (59, 9, 'subscriber', '/static/img/user.png', 'integer sociis mea ad dicunt populo suavitate atqui elitr oratio vim quaerendum hendrerit contentiones cubilia erroribus duo his suas purus adhuc curabitur gubergren vidisse integer esse non commodo volumus liber viderer interesset quidam diam ponderum percipit ridiculus doctus pellentesque numquam primis invenire class.', 196, 1655518582000, 1655518582000, 0);
INSERT INTO topics (boardId, userId, userName, userImageUrl, refType, refId, replyNumber, locked, name, content, id, createdAt, updatedAt, version) VALUES (50, 9, 'subscriber', '/static/img/user.png', 'NONE', 0, 9, false, 'affert expetenda autem.10', 'tota egestas unum graeci evertitur netus nonumes affert habeo cu pertinax iuvaret ius arcu aeque inani inceptos pretium te sollicitudin electram tation parturient veniam altera maecenas ultrices petentium.', 60, 1655638462000, 1655638462000, 0);
INSERT INTO replies (topicId, userId, userName, userImageUrl, content, id, createdAt, updatedAt, version) VALUES (60, 9, 'subscriber', '/static/img/user.png', 'populo regione semper suas.', 197, 1655758342000, 1655758342000, 0);
INSERT INTO replies (topicId, userId, userName, userImageUrl, content, id, createdAt, updatedAt, version) VALUES (60, 9, 'subscriber', '/static/img/user.png', 'sonet.', 198, 1655878222000, 1655878222000, 0);
INSERT INTO replies (topicId, userId, userName, userImageUrl, content, id, createdAt, updatedAt, version) VALUES (60, 9, 'subscriber', '/static/img/user.png', 'viris nobis mutat liber solum saperet ac debet ludus fastidii risus quam tale auctor sed ultrices voluptatibus intellegebat iisque etiam urna ius facilisis malesuada senectus postulant noluisse mutat interpretaris.', 199, 1655998102000, 1655998102000, 0);
INSERT INTO replies (topicId, userId, userName, userImageUrl, content, id, createdAt, updatedAt, version) VALUES (60, 9, 'subscriber', '/static/img/user.png', 'tota reque graeco iisque tincidunt accumsan montes utamur noluisse porttitor fusce lorem.', 200, 1656117982000, 1656117982000, 0);
INSERT INTO replies (topicId, userId, userName, userImageUrl, content, id, createdAt, updatedAt, version) VALUES (60, 9, 'subscriber', '/static/img/user.png', 'neque placerat elitr lectus et semper numquam voluptaria detracto vivendo platea libero erroribus platea eum dolorum suscipit posuere ne quaeque mollis omittantur volutpat consectetur deseruisse postea no adolescens iusto dicta feugiat nostra offendit doming te quam tellus ultrices sollicitudin tristique lacinia alienum atqui commune litora accusata metus.', 201, 1656237862000, 1656237862000, 0);
INSERT INTO replies (topicId, userId, userName, userImageUrl, content, id, createdAt, updatedAt, version) VALUES (60, 9, 'subscriber', '/static/img/user.png', 'appareat mauris eu saepe elaboraret ac interesset condimentum orci aptent postulant ornatus porttitor dolor volutpat finibus dolorem definiebas convenire bibendum dissentiunt augue sanctus dolores regione quo ultricies dicat cubilia partiendo appetere inceptos graece aliquip aperiri sumo affert reprimique qui expetenda fuisset maximus dicit eros possim suscipit nominavi evertitur efficitur.', 202, 1656357742000, 1656357742000, 0);
INSERT INTO replies (topicId, userId, userName, userImageUrl, content, id, createdAt, updatedAt, version) VALUES (60, 9, 'subscriber', '/static/img/user.png', 'aliquam posidonium iisque convallis aliquam nascetur.', 203, 1656477622000, 1656477622000, 0);
INSERT INTO replies (topicId, userId, userName, userImageUrl, content, id, createdAt, updatedAt, version) VALUES (60, 9, 'subscriber', '/static/img/user.png', 'pro graecis ea antiopam quisque tortor ligula voluptaria harum natum euismod etiam legimus nisi an honestatis tota labores persius ad est salutatus vituperatoribus splendide ridiculus quas labores habemus orci dico.', 204, 1656597502000, 1656597502000, 0);
INSERT INTO replies (topicId, userId, userName, userImageUrl, content, id, createdAt, updatedAt, version) VALUES (60, 9, 'subscriber', '/static/img/user.png', 'persecuti sale metus integer placerat tristique luctus.', 205, 1656717382000, 1656717382000, 0);
INSERT INTO topics (boardId, userId, userName, userImageUrl, refType, refId, replyNumber, locked, name, content, id, createdAt, updatedAt, version) VALUES (50, 9, 'subscriber', '/static/img/user.png', 'NONE', 0, 10, false, 'ex inceptos.11', 'mollis duo netus magna minim disputationi volumus delectus docendi assueverit dicant eloquentiam ancillae ante in ante malorum inceptos dapibus urbanitas delenit vitae maiestatis suscipiantur vix tempus varius vivamus habitasse honestatis viderer principes option venenatis animal.', 61, 1656837262000, 1656837262000, 0);
INSERT INTO replies (topicId, userId, userName, userImageUrl, content, id, createdAt, updatedAt, version) VALUES (61, 9, 'subscriber', '/static/img/user.png', 'sumo aeque dicit fermentum dolorum vis commodo eloquentiam per convenire elaboraret orci prodesset patrioque mollis ligula a pharetra sea agam saperet similique suavitate platea dolores phasellus praesent.', 206, 1656957142000, 1656957142000, 0);
INSERT INTO replies (topicId, userId, userName, userImageUrl, content, id, createdAt, updatedAt, version) VALUES (61, 9, 'subscriber', '/static/img/user.png', 'doming magnis perpetua pellentesque sea maiorum eum has porta populo vivamus lacinia postea possim nascetur doctus ceteros his inimicus ullamcorper quidam intellegat montes deseruisse inimicus scripserit consul an scripta causae.', 207, 1657077022000, 1657077022000, 0);
INSERT INTO replies (topicId, userId, userName, userImageUrl, content, id, createdAt, updatedAt, version) VALUES (61, 9, 'subscriber', '/static/img/user.png', 'curabitur dicam suavitate tempor euripidis mi.', 208, 1657196902000, 1657196902000, 0);
INSERT INTO replies (topicId, userId, userName, userImageUrl, content, id, createdAt, updatedAt, version) VALUES (61, 9, 'subscriber', '/static/img/user.png', 'cursus sed evertitur eruditi eruditi phasellus nullam tritani ponderum referrentur posidonium repudiandae vivendo causae fabulas vehicula novum posidonium adversarium brute epicuri maiestatis interpretaris nominavi sodales vivamus has salutatus prompta prodesset vidisse deserunt docendi vel veritus.', 209, 1657316782000, 1657316782000, 0);
INSERT INTO replies (topicId, userId, userName, userImageUrl, content, id, createdAt, updatedAt, version) VALUES (61, 9, 'subscriber', '/static/img/user.png', 'interesset verear disputationi detracto inani posse pro leo aliquip eirmod brute sanctus reformidans feugiat utamur option voluptaria scripta sed theophrastus possit sagittis saperet habitasse efficitur no ex.', 210, 1657436662000, 1657436662000, 0);
INSERT INTO replies (topicId, userId, userName, userImageUrl, content, id, createdAt, updatedAt, version) VALUES (61, 9, 'subscriber', '/static/img/user.png', 'affert sapien repudiandae quas metus latine suspendisse tritani noster placerat dictumst vocibus conceptam fames dapibus mediocrem vivamus signiferumque dis corrumpit definitiones pertinacia habitasse labores solum epicuri intellegat mollis.', 211, 1657556542000, 1657556542000, 0);
INSERT INTO replies (topicId, userId, userName, userImageUrl, content, id, createdAt, updatedAt, version) VALUES (61, 9, 'subscriber', '/static/img/user.png', 'finibus docendi antiopam qui minim litora tamquam posuere rhoncus voluptatibus vestibulum conceptam quo movet option tation utamur ad saepe mnesarchum ridiculus meliore orci primis honestatis cubilia porro expetendis periculis graece quisque aeque rutrum amet massa vivendo sagittis regione.', 212, 1657676422000, 1657676422000, 0);
INSERT INTO replies (topicId, userId, userName, userImageUrl, content, id, createdAt, updatedAt, version) VALUES (61, 9, 'subscriber', '/static/img/user.png', 'libris epicuri ocurreret himenaeos saperet persecuti ludus per appareat melius natoque consectetuer nihil sonet graeco molestie pri ac dapibus explicari postulant sadipscing graece ornare possim vitae molestie magnis quo moderatius dictum aliquet malorum postea iaculis interpretaris aperiri habemus volumus nonumes graeco vocibus.', 213, 1657796302000, 1657796302000, 0);
INSERT INTO replies (topicId, userId, userName, userImageUrl, content, id, createdAt, updatedAt, version) VALUES (61, 9, 'subscriber', '/static/img/user.png', 'maximus potenti aptent expetendis scripta platonem mediocrem utroque unum elitr ei malesuada autem tristique dolor petentium rhoncus vivendo an.', 214, 1657916182000, 1657916182000, 0);
INSERT INTO replies (topicId, userId, userName, userImageUrl, content, id, createdAt, updatedAt, version) VALUES (61, 9, 'subscriber', '/static/img/user.png', 'feugait necessitatibus dolor porro regione.', 215, 1658036062000, 1658036062000, 0);
INSERT INTO topics (boardId, userId, userName, userImageUrl, refType, refId, replyNumber, locked, name, content, id, createdAt, updatedAt, version) VALUES (50, 9, 'subscriber', '/static/img/user.png', 'NONE', 0, 11, false, 'ancillae ridiculus corrumpit.12', 'turpis ponderum a saepe dolore alterum persecuti utroque lobortis repudiandae inciderint docendi luptatum falli.', 62, 1658155942000, 1658155942000, 0);
INSERT INTO replies (topicId, userId, userName, userImageUrl, content, id, createdAt, updatedAt, version) VALUES (62, 9, 'subscriber', '/static/img/user.png', 'definitiones mi postea adipisci singulis cras tellus aeque sagittis iusto aptent a salutatus latine labores duo dis dolore comprehensam definiebas tamquam autem solet adversarium.', 216, 1658275822000, 1658275822000, 0);
INSERT INTO replies (topicId, userId, userName, userImageUrl, content, id, createdAt, updatedAt, version) VALUES (62, 9, 'subscriber', '/static/img/user.png', 'quas mauris indoctum luptatum audire audire dolorem mucius doctus nisl novum purus praesent nonumes definiebas atomorum vestibulum tractatos gloriatur atqui parturient deseruisse posidonium adolescens eleifend suavitate ancillae dis tale instructior ac tempus malesuada fabulas amet brute noluisse assueverit morbi cursus.', 217, 1658395702000, 1658395702000, 0);
INSERT INTO replies (topicId, userId, userName, userImageUrl, content, id, createdAt, updatedAt, version) VALUES (62, 9, 'subscriber', '/static/img/user.png', 'nec vivendo erat magnis numquam dictumst sadipscing tibique graece prodesset utroque consequat solum dicta explicari graece porttitor pharetra etiam et nobis nonumy feugait mutat quisque congue justo sollicitudin libero mauris no habemus.', 218, 1658515582000, 1658515582000, 0);
INSERT INTO replies (topicId, userId, userName, userImageUrl, content, id, createdAt, updatedAt, version) VALUES (62, 9, 'subscriber', '/static/img/user.png', 'tibique non alia.', 219, 1658635462000, 1658635462000, 0);
INSERT INTO replies (topicId, userId, userName, userImageUrl, content, id, createdAt, updatedAt, version) VALUES (62, 9, 'subscriber', '/static/img/user.png', 'saepe solum tincidunt maiorum theophrastus eruditi feugiat vidisse mucius atqui adversarium mediocritatem posuere dictumst sapientem fames instructior tellus utamur sed placerat massa saperet dui dolorum at nobis numquam donec veritus venenatis definiebas ubique sanctus.', 220, 1658755342000, 1658755342000, 0);
INSERT INTO replies (topicId, userId, userName, userImageUrl, content, id, createdAt, updatedAt, version) VALUES (62, 9, 'subscriber', '/static/img/user.png', 'quam vulputate vix possit vestibulum nobis potenti dis meliore invidunt risus sententiae et.', 221, 1658875222000, 1658875222000, 0);
INSERT INTO replies (topicId, userId, userName, userImageUrl, content, id, createdAt, updatedAt, version) VALUES (62, 9, 'subscriber', '/static/img/user.png', 'affert mnesarchum mei persius aliquam.', 222, 1658995102000, 1658995102000, 0);
INSERT INTO replies (topicId, userId, userName, userImageUrl, content, id, createdAt, updatedAt, version) VALUES (62, 9, 'subscriber', '/static/img/user.png', 'alterum intellegat invidunt numquam molestie sit latine iusto ne congue harum facilis minim euripidis torquent sanctus definiebas dicam suspendisse metus debet fastidii efficiantur scripta amet eos convallis feugait dicunt dicant.', 223, 1659114982000, 1659114982000, 0);
INSERT INTO replies (topicId, userId, userName, userImageUrl, content, id, createdAt, updatedAt, version) VALUES (62, 9, 'subscriber', '/static/img/user.png', 'integer sonet efficitur novum quis eripuit referrentur ea class fuisset diam definitiones dicit efficitur diam fugit alienum rutrum platea.', 224, 1659234862000, 1659234862000, 0);
INSERT INTO replies (topicId, userId, userName, userImageUrl, content, id, createdAt, updatedAt, version) VALUES (62, 9, 'subscriber', '/static/img/user.png', 'sale fabellas sodales pericula persecuti hinc sed quisque melius aliquid dapibus legere sapien mea dictumst elementum invidunt facilisi patrioque parturient rutrum similique.', 225, 1659354742000, 1659354742000, 0);
INSERT INTO replies (topicId, userId, userName, userImageUrl, content, id, createdAt, updatedAt, version) VALUES (62, 9, 'subscriber', '/static/img/user.png', 'netus natoque facilisi falli populo has felis nonumes regione parturient tritani ligula atqui finibus adhuc etiam elementum corrumpit tibique detraxit ancillae vulputate quod ludus penatibus meliore habeo iisque tritani aliquip mollis fames constituto voluptaria reformidans eripuit dictum mauris atqui laudem has netus mandamus an nec quot inani.', 226, 1659474622000, 1659474622000, 0);
INSERT INTO topics (boardId, userId, userName, userImageUrl, refType, refId, replyNumber, locked, name, content, id, createdAt, updatedAt, version) VALUES (50, 9, 'subscriber', '/static/img/user.png', 'NONE', 0, 12, false, 'maluisset.13', 'nostra reprehendunt expetenda pericula discere penatibus idque maluisset tacimates vitae ornatus cum splendide iriure primis quidam repudiandae deterruisset referrentur cum detraxit causae velit viderer mei deserunt hac epicuri repudiandae unum vivamus.', 63, 1659594502000, 1659594502000, 0);
INSERT INTO replies (topicId, userId, userName, userImageUrl, content, id, createdAt, updatedAt, version) VALUES (63, 9, 'subscriber', '/static/img/user.png', 'similique delectus auctor scelerisque quas nonumes delectus netus malesuada himenaeos an laudem adversarium per rhoncus prodesset nostra nihil graeci fabulas nihil graecis fuisset meliore placerat mollis magnis eirmod indoctum invenire postulant commodo moderatius adipisci suspendisse atomorum.', 227, 1659714382000, 1659714382000, 0);
INSERT INTO replies (topicId, userId, userName, userImageUrl, content, id, createdAt, updatedAt, version) VALUES (63, 9, 'subscriber', '/static/img/user.png', 'consectetur omittantur discere et invidunt aliquid iriure noluisse feugiat natoque agam sonet atomorum magnis ridiculus postulant cum corrumpit altera.', 228, 1659834262000, 1659834262000, 0);
INSERT INTO replies (topicId, userId, userName, userImageUrl, content, id, createdAt, updatedAt, version) VALUES (63, 9, 'subscriber', '/static/img/user.png', 'alia persius esse himenaeos natum ocurreret nihil sollicitudin dicant conceptam aenean volutpat orci consectetuer ad libero class vestibulum semper fames autem vix impetus reformidans fugit eirmod melius nullam tincidunt sem fastidii vivendo tibique nascetur mnesarchum gubergren ad dapibus alterum minim his consetetur vidisse primis mnesarchum fuisset consul verear netus expetendis.', 229, 1659954142000, 1659954142000, 0);
INSERT INTO replies (topicId, userId, userName, userImageUrl, content, id, createdAt, updatedAt, version) VALUES (63, 9, 'subscriber', '/static/img/user.png', 'feugait interesset quaestio mi voluptatum dictumst evertitur fastidii arcu laoreet sagittis luctus interesset ut discere nonumes scripta vitae repudiandae ocurreret arcu legere saepe sapientem libris putent himenaeos liber platea populo ancillae maximus quot sapientem dicat.', 230, 1660074022000, 1660074022000, 0);
INSERT INTO replies (topicId, userId, userName, userImageUrl, content, id, createdAt, updatedAt, version) VALUES (63, 9, 'subscriber', '/static/img/user.png', 'interesset inani quisque euripidis felis facilis urbanitas.', 231, 1660193902000, 1660193902000, 0);
INSERT INTO replies (topicId, userId, userName, userImageUrl, content, id, createdAt, updatedAt, version) VALUES (63, 9, 'subscriber', '/static/img/user.png', 'liber euripidis aliquid mnesarchum molestie minim ullamcorper aliquet ceteros vivendo nibh fastidii praesent possit discere sumo necessitatibus efficitur suspendisse constituam quidam graeci dictum repudiandae lacinia aliquid praesent.', 232, 1660313782000, 1660313782000, 0);
INSERT INTO replies (topicId, userId, userName, userImageUrl, content, id, createdAt, updatedAt, version) VALUES (63, 9, 'subscriber', '/static/img/user.png', 'minim epicuri rutrum delenit aliquam pellentesque tincidunt mi habemus definitiones liber conclusionemque eum autem pro molestie gubergren quidam persequeris graeci mnesarchum quaeque regione ac quas volumus invidunt dolorem evertitur tamquam detraxit adversarium dolorem erroribus evertitur possit.', 233, 1660433662000, 1660433662000, 0);
INSERT INTO replies (topicId, userId, userName, userImageUrl, content, id, createdAt, updatedAt, version) VALUES (63, 9, 'subscriber', '/static/img/user.png', 'fuisset definiebas quisque vituperata explicari purus metus inimicus partiendo quis lacus aliquam natum option sonet tale facilisi tellus repudiare vivendo pulvinar sea pellentesque referrentur disputationi delectus duis definiebas phasellus id fermentum.', 234, 1660553542000, 1660553542000, 0);
INSERT INTO replies (topicId, userId, userName, userImageUrl, content, id, createdAt, updatedAt, version) VALUES (63, 9, 'subscriber', '/static/img/user.png', 'atomorum dis lobortis arcu luctus intellegebat vestibulum mandamus nostrum epicuri.', 235, 1660673422000, 1660673422000, 0);
INSERT INTO replies (topicId, userId, userName, userImageUrl, content, id, createdAt, updatedAt, version) VALUES (63, 9, 'subscriber', '/static/img/user.png', 'iuvaret veri hendrerit veniam suscipiantur turpis maluisset voluptatibus donec finibus dolore iuvaret brute reprimique autem iriure lacinia magna causae neque nibh nominavi bibendum lorem reprimique has ante dis melius non tractatos alia delenit singulis elaboraret accommodare ornare penatibus inimicus appareat suscipiantur causae intellegebat altera corrumpit ante fugit penatibus.', 236, 1660793302000, 1660793302000, 0);
INSERT INTO replies (topicId, userId, userName, userImageUrl, content, id, createdAt, updatedAt, version) VALUES (63, 9, 'subscriber', '/static/img/user.png', 'debet reprimique adhuc reque tacimates latine persecuti epicuri habeo massa splendide convenire ridiculus nam duo maximus nostrum mutat molestie esse nonumes latine netus bibendum tacimates himenaeos congue signiferumque postea elementum suscipiantur felis fuisset purus ea repudiare erat ridiculus velit penatibus dissentiunt tincidunt aliquam.', 237, 1660913182000, 1660913182000, 0);
INSERT INTO replies (topicId, userId, userName, userImageUrl, content, id, createdAt, updatedAt, version) VALUES (63, 9, 'subscriber', '/static/img/user.png', 'aenean vis fames sapien natoque quem senectus dignissim omnesque fabellas scelerisque interesset mentitum orci vituperata sed ferri consectetur graeco torquent dignissim ultricies conclusionemque mel dolores quo fringilla civibus vocent omittam inimicus nascetur deseruisse fringilla enim.', 238, 1661033062000, 1661033062000, 0);
INSERT INTO topics (boardId, userId, userName, userImageUrl, refType, refId, replyNumber, locked, name, content, id, createdAt, updatedAt, version) VALUES (50, 9, 'subscriber', '/static/img/user.png', 'NONE', 0, 13, false, 'inceptos.14', 'purus rhoncus phasellus phasellus ocurreret nominavi interesset montes lectus aptent efficiantur hac luptatum nominavi etiam pharetra omittantur vis dolorem cursus ultrices vivamus iudicabit dui faucibus reprimique moderatius quaerendum qualisque ligula graeci eruditi sonet sapientem odio sanctus tantas convenire meliore.', 64, 1661152942000, 1661152942000, 0);
INSERT INTO replies (topicId, userId, userName, userImageUrl, content, id, createdAt, updatedAt, version) VALUES (64, 9, 'subscriber', '/static/img/user.png', 'quidam necessitatibus suspendisse hendrerit maluisset eleifend affert mandamus noster iusto invenire tantas varius rhoncus theophrastus partiendo feugait mea regione tritani pulvinar equidem pharetra appareat dissentiunt meliore sea mi theophrastus nostra neglegentur montes prompta prompta sit ad neglegentur dui contentiones persequeris pulvinar.', 239, 1661272822000, 1661272822000, 0);
INSERT INTO replies (topicId, userId, userName, userImageUrl, content, id, createdAt, updatedAt, version) VALUES (64, 9, 'subscriber', '/static/img/user.png', 'adipiscing vidisse mollis lobortis adipisci offendit tristique nulla torquent laoreet adolescens vero liber a nullam aliquip tincidunt aenean libris quis vestibulum urna delectus alienum deterruisset aeque deseruisse altera detraxit suas potenti.', 240, 1661392702000, 1661392702000, 0);
INSERT INTO replies (topicId, userId, userName, userImageUrl, content, id, createdAt, updatedAt, version) VALUES (64, 9, 'subscriber', '/static/img/user.png', 'nullam delicata detracto decore primis erat morbi iriure quem vivendo erroribus enim sagittis.', 241, 1661512582000, 1661512582000, 0);
INSERT INTO replies (topicId, userId, userName, userImageUrl, content, id, createdAt, updatedAt, version) VALUES (64, 9, 'subscriber', '/static/img/user.png', 'mandamus gubergren quod justo dicit honestatis tincidunt egestas mandamus maiestatis adipisci facilisi natoque appetere expetenda sale regione mauris postea noster doming debet tristique petentium comprehensam ornatus nascetur falli elaboraret nisi mentitum ponderum constituam duo principes partiendo suscipiantur torquent.', 242, 1661632462000, 1661632462000, 0);
INSERT INTO replies (topicId, userId, userName, userImageUrl, content, id, createdAt, updatedAt, version) VALUES (64, 9, 'subscriber', '/static/img/user.png', 'ludus natum consectetur curabitur sadipscing mediocrem tortor disputationi sanctus a potenti fames legimus erroribus vivamus salutatus ac ignota unum aliquip oratio possit perpetua corrumpit iriure nunc delicata has vis mucius non viris malorum platea eripuit laudem dico erroribus voluptaria vocent eum esse veritus honestatis doctus volumus curae porro.', 243, 1661752342000, 1661752342000, 0);
INSERT INTO replies (topicId, userId, userName, userImageUrl, content, id, createdAt, updatedAt, version) VALUES (64, 9, 'subscriber', '/static/img/user.png', 'condimentum aeque iuvaret saperet dissentiunt sea definitionem veri porttitor suas no cetero accusata epicuri his legere consectetur iuvaret potenti duo.', 244, 1661872222000, 1661872222000, 0);
INSERT INTO replies (topicId, userId, userName, userImageUrl, content, id, createdAt, updatedAt, version) VALUES (64, 9, 'subscriber', '/static/img/user.png', 'inceptos faucibus nulla nihil curabitur duo adhuc conubia has sodales vituperatoribus quis commodo adhuc duo altera in altera urbanitas inani quis offendit class integer tota taciti nonumy pri at luptatum ac atqui vituperata varius voluptatum fugit eius inciderint intellegebat atomorum vehicula quidam expetendis adhuc dictumst massa sententiae iaculis maximus.', 245, 1661992102000, 1661992102000, 0);
INSERT INTO replies (topicId, userId, userName, userImageUrl, content, id, createdAt, updatedAt, version) VALUES (64, 9, 'subscriber', '/static/img/user.png', 'legere eu venenatis no quod legimus.', 246, 1662111982000, 1662111982000, 0);
INSERT INTO replies (topicId, userId, userName, userImageUrl, content, id, createdAt, updatedAt, version) VALUES (64, 9, 'subscriber', '/static/img/user.png', 'conclusionemque delenit splendide qui libero morbi falli maximus blandit tempor epicuri quaerendum recteque ferri gloriatur error nec tritani dolorum augue cubilia eloquentiam saepe tortor suas accusata pri dolor conubia consul mel feugiat tincidunt ocurreret mucius.', 247, 1662231862000, 1662231862000, 0);
INSERT INTO replies (topicId, userId, userName, userImageUrl, content, id, createdAt, updatedAt, version) VALUES (64, 9, 'subscriber', '/static/img/user.png', 'ultrices risus quaestio mazim nonumy lobortis equidem feugait postulant curae netus vituperatoribus signiferumque atomorum dictumst eloquentiam ornare labores senserit dignissim legere ipsum iusto leo fabellas etiam doctus mi litora dapibus utamur epicurei hac neglegentur.', 248, 1662351742000, 1662351742000, 0);
INSERT INTO replies (topicId, userId, userName, userImageUrl, content, id, createdAt, updatedAt, version) VALUES (64, 9, 'subscriber', '/static/img/user.png', 'torquent vituperatoribus liber possit accumsan repudiandae dico mucius repudiandae idque adolescens elaboraret explicari patrioque evertitur antiopam his mutat mandamus mediocritatem erroribus suas maximus condimentum quaestio curabitur ferri sapientem consetetur principes conubia quam civibus prompta autem semper definitionem lacus invenire penatibus causae persius dictumst maecenas homero fabellas quaeque doctus.', 249, 1662471622000, 1662471622000, 0);
INSERT INTO replies (topicId, userId, userName, userImageUrl, content, id, createdAt, updatedAt, version) VALUES (64, 9, 'subscriber', '/static/img/user.png', 'eloquentiam maecenas gravida rutrum mazim lectus rhoncus dicant aliquid curae posse dapibus graece nullam urna imperdiet contentiones graeco melius delicata dicunt inciderint justo.', 250, 1662591502000, 1662591502000, 0);
INSERT INTO replies (topicId, userId, userName, userImageUrl, content, id, createdAt, updatedAt, version) VALUES (64, 9, 'subscriber', '/static/img/user.png', 'aperiri tincidunt faucibus aliquam deterruisset tritani percipit his intellegebat causae cetero repudiandae reformidans sed ancillae constituam eirmod cum tincidunt aliquam pretium an facilisis mentitum ad posse faucibus at.', 251, 1662711382000, 1662711382000, 0);
INSERT INTO topics (boardId, userId, userName, userImageUrl, refType, refId, replyNumber, locked, name, content, id, createdAt, updatedAt, version) VALUES (50, 9, 'subscriber', '/static/img/user.png', 'NONE', 0, 14, false, 'inani magnis.15', 'inceptos nonumy ubique pertinax arcu explicari dolore egestas posidonium aptent felis deterruisset neglegentur cursus aliquid quot augue iuvaret has cursus veniam urna suspendisse accommodare homero diam labores vituperatoribus nostrum mus natum ponderum theophrastus voluptatum eget etiam interesset consectetur.', 65, 1662831262000, 1662831262000, 0);
INSERT INTO replies (topicId, userId, userName, userImageUrl, content, id, createdAt, updatedAt, version) VALUES (65, 9, 'subscriber', '/static/img/user.png', 'bibendum persecuti dolor cras vocent leo noluisse agam bibendum vivendo verterem dicta blandit dicat varius penatibus ipsum qui.', 252, 1662951142000, 1662951142000, 0);
INSERT INTO replies (topicId, userId, userName, userImageUrl, content, id, createdAt, updatedAt, version) VALUES (65, 9, 'subscriber', '/static/img/user.png', 'sumo elementum eam diam blandit eleifend necessitatibus sanctus sollicitudin electram aeque definitiones tempor quas convallis tempor urna malorum consectetur turpis feugait ponderum periculis expetendis tortor omittam dolore ut placerat intellegebat taciti ea ullamcorper civibus euismod inciderint ne viderer.', 253, 1663071022000, 1663071022000, 0);
INSERT INTO replies (topicId, userId, userName, userImageUrl, content, id, createdAt, updatedAt, version) VALUES (65, 9, 'subscriber', '/static/img/user.png', 'posuere noluisse commodo reprimique est varius prompta consectetuer affert vix arcu sumo esse platonem ea urbanitas consequat discere habemus molestie ipsum aeque neglegentur minim cetero.', 254, 1663190902000, 1663190902000, 0);
INSERT INTO replies (topicId, userId, userName, userImageUrl, content, id, createdAt, updatedAt, version) VALUES (65, 9, 'subscriber', '/static/img/user.png', 'curae rhoncus potenti elaboraret molestiae bibendum dictas dicta euripidis sapien potenti faucibus tota adipisci quas voluptatibus atqui quaestio nam oporteat.', 255, 1663310782000, 1663310782000, 0);
INSERT INTO replies (topicId, userId, userName, userImageUrl, content, id, createdAt, updatedAt, version) VALUES (65, 9, 'subscriber', '/static/img/user.png', 'natum torquent omittam referrentur sonet litora neque class ridiculus consectetur dicam mucius convenire novum cursus montes graece utinam eleifend id auctor dolor iudicabit assueverit solum epicurei porttitor litora sea delectus reformidans no cras ex principes scripserit aenean hendrerit vivamus fabulas tantas splendide tristique rutrum.', 256, 1663430662000, 1663430662000, 0);
INSERT INTO replies (topicId, userId, userName, userImageUrl, content, id, createdAt, updatedAt, version) VALUES (65, 9, 'subscriber', '/static/img/user.png', 'recteque tritani docendi mi nascetur maiestatis solum.', 257, 1663550542000, 1663550542000, 0);
INSERT INTO replies (topicId, userId, userName, userImageUrl, content, id, createdAt, updatedAt, version) VALUES (65, 9, 'subscriber', '/static/img/user.png', 'ne feugiat persequeris esse moderatius voluptatum omittam nunc interpretaris possim eruditi persecuti contentiones vituperatoribus deserunt idque inimicus fuisset adolescens vel turpis netus congue vocibus splendide inani consectetur mei eum doming tellus corrumpit reprehendunt eos pri torquent dicat eripuit hac sed dicta evertitur vix scelerisque ius viris noster eos.', 258, 1663670422000, 1663670422000, 0);
INSERT INTO replies (topicId, userId, userName, userImageUrl, content, id, createdAt, updatedAt, version) VALUES (65, 9, 'subscriber', '/static/img/user.png', 'laudem accommodare suavitate ipsum oratio eum mutat saepe periculis cetero ne pulvinar dapibus luctus porro mei expetendis adversarium pertinacia noster appetere iriure definitiones mollis elaboraret fermentum dicit convenire saepe periculis nonumy dapibus viris utinam.', 259, 1663790302000, 1663790302000, 0);
INSERT INTO replies (topicId, userId, userName, userImageUrl, content, id, createdAt, updatedAt, version) VALUES (65, 9, 'subscriber', '/static/img/user.png', 'vestibulum consetetur periculis adhuc decore utamur fuisset equidem vero interesset principes lobortis volutpat fugit nonumes semper intellegebat sadipscing accommodare offendit vis putent ius.', 260, 1663910182000, 1663910182000, 0);
INSERT INTO replies (topicId, userId, userName, userImageUrl, content, id, createdAt, updatedAt, version) VALUES (65, 9, 'subscriber', '/static/img/user.png', 'netus quaerendum natum ancillae dicant ad harum scelerisque gloriatur delectus dui mediocritatem solet class sonet quo tacimates urna erroribus qualisque sapientem ei intellegebat reprimique consul vocibus netus tale molestiae maluisset scripta maecenas oratio cursus intellegat definitiones adipiscing altera detraxit adipiscing dicam propriae enim homero at facilisis.', 261, 1664030062000, 1664030062000, 0);
INSERT INTO replies (topicId, userId, userName, userImageUrl, content, id, createdAt, updatedAt, version) VALUES (65, 9, 'subscriber', '/static/img/user.png', 'decore signiferumque quo erat viverra expetendis euismod fermentum lacinia vero metus consequat ultricies novum ceteros percipit solet sit nulla no tincidunt posidonium tamquam vocibus vim delicata ne voluptatibus explicari libris tritani homero error invidunt congue elaboraret aliquet aliquet urbanitas eleifend repudiare arcu fusce finibus aliquam maximus ferri habeo posidonium taciti.', 262, 1664149942000, 1664149942000, 0);
INSERT INTO replies (topicId, userId, userName, userImageUrl, content, id, createdAt, updatedAt, version) VALUES (65, 9, 'subscriber', '/static/img/user.png', 'idque fugit dicunt accusata conceptam movet accommodare lacus molestiae viderer nullam inciderint deseruisse orci omnesque doming mediocritatem malesuada litora nibh.', 263, 1664269822000, 1664269822000, 0);
INSERT INTO replies (topicId, userId, userName, userImageUrl, content, id, createdAt, updatedAt, version) VALUES (65, 9, 'subscriber', '/static/img/user.png', 'lorem veritus dicant himenaeos viris placerat cras facilisi congue esse ancillae aenean quam reque dicta ne bibendum has option elit quaeque oporteat assueverit dolorum neque arcu praesent porro eum autem aenean dicit audire.', 264, 1664389702000, 1664389702000, 0);
INSERT INTO replies (topicId, userId, userName, userImageUrl, content, id, createdAt, updatedAt, version) VALUES (65, 9, 'subscriber', '/static/img/user.png', 'primis ocurreret facilisi venenatis.', 265, 1664509582000, 1664509582000, 0);
INSERT INTO topics (boardId, userId, userName, userImageUrl, refType, refId, replyNumber, locked, name, content, id, createdAt, updatedAt, version) VALUES (50, 9, 'subscriber', '/static/img/user.png', 'NONE', 0, 15, false, 'quisque definitiones.16', 'sumo fusce ligula has populo ponderum omnesque ei liber suspendisse eget neque cetero tempus detraxit habitant tristique sadipscing persius class lacus necessitatibus lobortis.', 66, 1664629462000, 1664629462000, 0);
INSERT INTO replies (topicId, userId, userName, userImageUrl, content, id, createdAt, updatedAt, version) VALUES (66, 9, 'subscriber', '/static/img/user.png', 'verterem risus eripuit at menandri neglegentur vestibulum suspendisse nascetur audire ocurreret praesent convenire massa delectus fuisset veri his quas nonumes voluptatibus ullamcorper accommodare maiestatis nec option repudiandae accumsan facilisis nullam ut facilisis quo feugiat ludus noster magna.', 266, 1664749342000, 1664749342000, 0);
INSERT INTO replies (topicId, userId, userName, userImageUrl, content, id, createdAt, updatedAt, version) VALUES (66, 9, 'subscriber', '/static/img/user.png', 'atomorum inceptos noluisse vocibus nonumes tritani elit sodales eruditi affert salutatus splendide felis idque tantas intellegat ut scripserit augue maecenas animal interdum definiebas singulis utinam oratio quod amet enim ultrices voluptatum inani aliquid error ubique elaboraret enim habeo arcu detracto amet.', 267, 1664869222000, 1664869222000, 0);
INSERT INTO replies (topicId, userId, userName, userImageUrl, content, id, createdAt, updatedAt, version) VALUES (66, 9, 'subscriber', '/static/img/user.png', 'civibus sagittis consectetuer tamquam persequeris libero litora lacus molestiae eget singulis.', 268, 1664989102000, 1664989102000, 0);
INSERT INTO replies (topicId, userId, userName, userImageUrl, content, id, createdAt, updatedAt, version) VALUES (66, 9, 'subscriber', '/static/img/user.png', 'signiferumque ante constituam morbi intellegat solum adhuc luctus erat quot dolor suas falli vel auctor deserunt semper aliquam feugiat platonem hendrerit nihil blandit conceptam eruditi nostra efficiantur his laudem te qualisque liber volutpat graecis class veritus hinc volutpat tempus maluisset interesset animal audire urbanitas dictas prodesset sapientem cursus.', 269, 1665108982000, 1665108982000, 0);
INSERT INTO replies (topicId, userId, userName, userImageUrl, content, id, createdAt, updatedAt, version) VALUES (66, 9, 'subscriber', '/static/img/user.png', 'hinc commune postulant salutatus ignota aptent brute solet quod decore necessitatibus orci discere per antiopam velit molestiae oratio sociis blandit feugiat quem percipit taciti quam menandri convallis sanctus noluisse eum amet cum labores iisque phasellus euismod.', 270, 1665228862000, 1665228862000, 0);
INSERT INTO replies (topicId, userId, userName, userImageUrl, content, id, createdAt, updatedAt, version) VALUES (66, 9, 'subscriber', '/static/img/user.png', 'ea dis reprehendunt iisque magnis appareat eos congue commodo postulant ne.', 271, 1665348742000, 1665348742000, 0);
INSERT INTO replies (topicId, userId, userName, userImageUrl, content, id, createdAt, updatedAt, version) VALUES (66, 9, 'subscriber', '/static/img/user.png', 'liber saepe nobis adipisci fabulas dico contentiones idque mazim qualisque aperiri quis interdum suspendisse evertitur repudiandae tamquam duo civibus vocibus vestibulum theophrastus diam tractatos assueverit eum dicit.', 272, 1665468622000, 1665468622000, 0);
INSERT INTO replies (topicId, userId, userName, userImageUrl, content, id, createdAt, updatedAt, version) VALUES (66, 9, 'subscriber', '/static/img/user.png', 'suavitate fusce nisl at et neglegentur pri duo.', 273, 1665588502000, 1665588502000, 0);
INSERT INTO replies (topicId, userId, userName, userImageUrl, content, id, createdAt, updatedAt, version) VALUES (66, 9, 'subscriber', '/static/img/user.png', 'dolore saperet offendit sea necessitatibus habeo sadipscing fringilla mediocritatem accusata nam fuisset luptatum inceptos donec sea netus maiestatis dis persequeris reformidans intellegebat ex sociosqu brute urbanitas posidonium aliquid aperiri ferri interesset.', 274, 1665708382000, 1665708382000, 0);
INSERT INTO replies (topicId, userId, userName, userImageUrl, content, id, createdAt, updatedAt, version) VALUES (66, 9, 'subscriber', '/static/img/user.png', 'errem tempor ignota deseruisse dolore signiferumque conclusionemque voluptaria pertinax prompta efficiantur quam nonumes labores parturient utinam theophrastus graeco petentium rutrum risus voluptatum aperiri dictum pharetra interdum velit iisque graece agam.', 275, 1665828262000, 1665828262000, 0);
INSERT INTO replies (topicId, userId, userName, userImageUrl, content, id, createdAt, updatedAt, version) VALUES (66, 9, 'subscriber', '/static/img/user.png', 'definitiones deterruisset dictumst mi ne maecenas omittantur nascetur saepe tamquam veri erat doming mei novum detracto ludus aliquam quaestio eripuit nominavi omittam tritani patrioque patrioque expetenda singulis quem noster eloquentiam tellus.', 276, 1665948142000, 1665948142000, 0);
INSERT INTO replies (topicId, userId, userName, userImageUrl, content, id, createdAt, updatedAt, version) VALUES (66, 9, 'subscriber', '/static/img/user.png', 'eos vitae dicat lorem tempor dicit populo ipsum pri veniam posse esse neque aliquid viris dicam mucius mentitum fabulas utroque comprehensam senectus maecenas per delicata neque verterem dolorum interesset tantas omnesque nam gravida graeci ultrices etiam per adipisci noster molestie interpretaris natoque ignota ferri tempor aliquam.', 277, 1666068022000, 1666068022000, 0);
INSERT INTO replies (topicId, userId, userName, userImageUrl, content, id, createdAt, updatedAt, version) VALUES (66, 9, 'subscriber', '/static/img/user.png', 'viris dapibus cubilia comprehensam deseruisse pellentesque sapientem tota recteque repudiandae quam atomorum meliore legere mazim vivendo tibique bibendum dis falli veniam dis scripserit rutrum praesent solum dictumst tritani mattis homero alterum maecenas lorem maluisset aeque fermentum accusata nunc pri turpis similique praesent donec porta convallis pellentesque suscipit dictum pretium.', 278, 1666187902000, 1666187902000, 0);
INSERT INTO replies (topicId, userId, userName, userImageUrl, content, id, createdAt, updatedAt, version) VALUES (66, 9, 'subscriber', '/static/img/user.png', 'fermentum quaerendum ridens verear aliquip tota homero suavitate dapibus.', 279, 1666307782000, 1666307782000, 0);
INSERT INTO replies (topicId, userId, userName, userImageUrl, content, id, createdAt, updatedAt, version) VALUES (66, 9, 'subscriber', '/static/img/user.png', 'quem periculis ad varius fastidii partiendo dicunt noster commune habitant ludus verterem definitionem quem fermentum lacus doming aliquip his volutpat vidisse novum omittantur nostrum gravida a laudem legimus novum etiam wisi delicata varius voluptaria facilisis sapientem vituperatoribus dico dolorum ea consectetur libris dissentiunt.', 280, 1666427662000, 1666427662000, 0);
INSERT INTO topics (boardId, userId, userName, userImageUrl, refType, refId, replyNumber, locked, name, content, id, createdAt, updatedAt, version) VALUES (50, 9, 'subscriber', '/static/img/user.png', 'NONE', 0, 16, false, 'civibus.17', 'alterum solet eu felis iudicabit sapientem vis non malorum delectus euripidis mel hinc voluptatum convallis sociosqu debet dictas detraxit viverra dicat.', 67, 1666547542000, 1666547542000, 0);
INSERT INTO replies (topicId, userId, userName, userImageUrl, content, id, createdAt, updatedAt, version) VALUES (67, 9, 'subscriber', '/static/img/user.png', 'dolores himenaeos consectetuer torquent harum curabitur postulant cu nibh vulputate ludus atqui sadipscing montes sed congue eripuit unum lorem libris ad.', 281, 1666667422000, 1666667422000, 0);
INSERT INTO replies (topicId, userId, userName, userImageUrl, content, id, createdAt, updatedAt, version) VALUES (67, 9, 'subscriber', '/static/img/user.png', 'nonumy fringilla vehicula epicuri suscipit nobis laudem parturient.', 282, 1666787302000, 1666787302000, 0);
INSERT INTO replies (topicId, userId, userName, userImageUrl, content, id, createdAt, updatedAt, version) VALUES (67, 9, 'subscriber', '/static/img/user.png', 'risus viverra interdum montes maximus quis vis his elit posuere fames ultricies tincidunt tibique reformidans pellentesque class partiendo eu accumsan feugiat fusce persequeris in pericula principes platea conclusionemque suscipit habeo dictas luctus voluptatum dissentiunt accumsan.', 283, 1666907182000, 1666907182000, 0);
INSERT INTO replies (topicId, userId, userName, userImageUrl, content, id, createdAt, updatedAt, version) VALUES (67, 9, 'subscriber', '/static/img/user.png', 'habitasse salutatus sociis facilis discere lobortis malesuada vulputate instructior habemus pertinacia alterum ius vocent docendi ludus.', 284, 1667027062000, 1667027062000, 0);
INSERT INTO replies (topicId, userId, userName, userImageUrl, content, id, createdAt, updatedAt, version) VALUES (67, 9, 'subscriber', '/static/img/user.png', 'eget dolore qualisque mediocritatem accusata voluptaria detraxit quaestio eleifend quidam veniam mei delicata commune unum maximus convenire docendi nihil vocent omittantur etiam meliore tantas noluisse detracto conubia latine molestiae libris omittam oratio elaboraret sociis.', 285, 1667146942000, 1667146942000, 0);
INSERT INTO replies (topicId, userId, userName, userImageUrl, content, id, createdAt, updatedAt, version) VALUES (67, 9, 'subscriber', '/static/img/user.png', 'nulla doctus iisque docendi ceteros mauris te sociis audire tibique amet omnesque graece atqui maecenas tacimates pulvinar gravida luctus veritus molestiae orci diam libris.', 286, 1667266822000, 1667266822000, 0);
INSERT INTO replies (topicId, userId, userName, userImageUrl, content, id, createdAt, updatedAt, version) VALUES (67, 9, 'subscriber', '/static/img/user.png', 'nihil maluisset regione habitant utroque agam expetenda pro blandit error atomorum.', 287, 1667386702000, 1667386702000, 0);
INSERT INTO replies (topicId, userId, userName, userImageUrl, content, id, createdAt, updatedAt, version) VALUES (67, 9, 'subscriber', '/static/img/user.png', 'delenit lectus senserit maluisset utinam scelerisque no nec mnesarchum sanctus est mandamus iaculis veri sententiae invenire ius class elaboraret cum ponderum duis primis idque fugit adolescens evertitur deserunt harum tamquam ligula ut porttitor taciti dictas aliquid explicari netus eos.', 288, 1667506582000, 1667506582000, 0);
INSERT INTO replies (topicId, userId, userName, userImageUrl, content, id, createdAt, updatedAt, version) VALUES (67, 9, 'subscriber', '/static/img/user.png', 'dictas urna mattis eu efficiantur aliquid odio dui est nostrum offendit tota.', 289, 1667626462000, 1667626462000, 0);
INSERT INTO replies (topicId, userId, userName, userImageUrl, content, id, createdAt, updatedAt, version) VALUES (67, 9, 'subscriber', '/static/img/user.png', 'erat reprimique inciderint simul inciderint mucius justo quod est gravida nihil consectetur graecis tincidunt referrentur sale menandri cu dicam saepe.', 290, 1667746342000, 1667746342000, 0);
INSERT INTO replies (topicId, userId, userName, userImageUrl, content, id, createdAt, updatedAt, version) VALUES (67, 9, 'subscriber', '/static/img/user.png', 'ante fermentum reformidans dicit pericula magnis mandamus possit integer iusto an his autem eu adipiscing wisi deterruisset decore accumsan quidam mazim legere esse possit.', 291, 1667866222000, 1667866222000, 0);
INSERT INTO replies (topicId, userId, userName, userImageUrl, content, id, createdAt, updatedAt, version) VALUES (67, 9, 'subscriber', '/static/img/user.png', 'habemus fusce tortor oporteat orci tation intellegebat ubique numquam ac rhoncus idque condimentum iaculis ut adhuc iisque tristique consectetuer cursus gravida amet sed ludus corrumpit has cetero iudicabit aeque mediocrem conceptam instructior appetere splendide enim expetendis conubia numquam quam hendrerit porttitor convenire erat.', 292, 1667986102000, 1667986102000, 0);
INSERT INTO replies (topicId, userId, userName, userImageUrl, content, id, createdAt, updatedAt, version) VALUES (67, 9, 'subscriber', '/static/img/user.png', 'viderer iuvaret ubique ludus pellentesque magnis pri populo suavitate curabitur metus melius tritani ferri legere libris salutatus graecis fastidii epicurei solet convallis convallis et ne viris inceptos decore praesent sodales mnesarchum pericula taciti sale definiebas ancillae dicit dolore harum periculis pulvinar graece vix quaestio expetenda interdum.', 293, 1668105982000, 1668105982000, 0);
INSERT INTO replies (topicId, userId, userName, userImageUrl, content, id, createdAt, updatedAt, version) VALUES (67, 9, 'subscriber', '/static/img/user.png', 'detraxit vix porro conclusionemque fabulas volumus conubia posse vestibulum platea ancillae neque periculis porta solum maiorum justo senectus usu.', 294, 1668225862000, 1668225862000, 0);
INSERT INTO replies (topicId, userId, userName, userImageUrl, content, id, createdAt, updatedAt, version) VALUES (67, 9, 'subscriber', '/static/img/user.png', 'persecuti dis.', 295, 1668345742000, 1668345742000, 0);
INSERT INTO replies (topicId, userId, userName, userImageUrl, content, id, createdAt, updatedAt, version) VALUES (67, 9, 'subscriber', '/static/img/user.png', 'nisl nisi nullam mollis ac vel interesset legere suscipiantur utroque dicat.', 296, 1668465622000, 1668465622000, 0);
INSERT INTO topics (boardId, userId, userName, userImageUrl, refType, refId, replyNumber, locked, name, content, id, createdAt, updatedAt, version) VALUES (50, 9, 'subscriber', '/static/img/user.png', 'NONE', 0, 17, false, 'varius splendide.18', 'reformidans animal possim.', 68, 1668585502000, 1668585502000, 0);
INSERT INTO replies (topicId, userId, userName, userImageUrl, content, id, createdAt, updatedAt, version) VALUES (68, 9, 'subscriber', '/static/img/user.png', 'sanctus arcu per assueverit pharetra vituperatoribus posuere has necessitatibus at vivendo lacinia interesset sumo congue conclusionemque porttitor movet mediocritatem quam veritus at simul necessitatibus eam delectus an deseruisse accommodare suscipiantur.', 297, 1668705382000, 1668705382000, 0);
INSERT INTO replies (topicId, userId, userName, userImageUrl, content, id, createdAt, updatedAt, version) VALUES (68, 9, 'subscriber', '/static/img/user.png', 'prodesset sumo altera appetere liber potenti sapien vocent habemus ac labores iudicabit sociis appareat omnesque sanctus eius habeo agam viderer mucius quaeque tota scelerisque decore antiopam reformidans quem putent consectetur convenire torquent verear ponderum a antiopam regione malorum egestas perpetua sociis his scelerisque quam eros aptent ius.', 298, 1668825262000, 1668825262000, 0);
INSERT INTO replies (topicId, userId, userName, userImageUrl, content, id, createdAt, updatedAt, version) VALUES (68, 9, 'subscriber', '/static/img/user.png', 'expetendis mediocrem scripserit lobortis omittam vidisse antiopam vix facilisis ligula contentiones mandamus.', 299, 1668945142000, 1668945142000, 0);
INSERT INTO replies (topicId, userId, userName, userImageUrl, content, id, createdAt, updatedAt, version) VALUES (68, 9, 'subscriber', '/static/img/user.png', 'oporteat sadipscing volumus ultricies vim viderer intellegebat gubergren euripidis maiorum ad epicurei mollis eius lectus reprimique aptent has elaboraret recteque lobortis.', 300, 1669065022000, 1669065022000, 0);
INSERT INTO replies (topicId, userId, userName, userImageUrl, content, id, createdAt, updatedAt, version) VALUES (68, 9, 'subscriber', '/static/img/user.png', 'arcu condimentum dicam elitr erroribus primis urna lacinia signiferumque.', 301, 1669184902000, 1669184902000, 0);
INSERT INTO replies (topicId, userId, userName, userImageUrl, content, id, createdAt, updatedAt, version) VALUES (68, 9, 'subscriber', '/static/img/user.png', 'libero harum sit quaerendum ea unum cras posidonium splendide pertinax habitant vitae turpis nisi venenatis rutrum justo purus nisl nascetur donec eos orci porta similique quo habeo.', 302, 1669304782000, 1669304782000, 0);
INSERT INTO replies (topicId, userId, userName, userImageUrl, content, id, createdAt, updatedAt, version) VALUES (68, 9, 'subscriber', '/static/img/user.png', 'sociis mucius vero sapientem ferri detraxit potenti sodales risus ne dictum aptent iuvaret singulis.', 303, 1669424662000, 1669424662000, 0);
INSERT INTO replies (topicId, userId, userName, userImageUrl, content, id, createdAt, updatedAt, version) VALUES (68, 9, 'subscriber', '/static/img/user.png', 'salutatus percipit tota leo simul pulvinar veniam oporteat orci tortor mucius montes aliquet te amet platea malorum mollis viverra nascetur metus porttitor sanctus tibique commodo sapientem eloquentiam pro option dicta in ex constituto efficiantur erroribus petentium.', 304, 1669544542000, 1669544542000, 0);
INSERT INTO replies (topicId, userId, userName, userImageUrl, content, id, createdAt, updatedAt, version) VALUES (68, 9, 'subscriber', '/static/img/user.png', 'dapibus quidam maluisset ornatus morbi felis eruditi ignota pulvinar solum taciti curabitur erroribus harum tincidunt adhuc.', 305, 1669664422000, 1669664422000, 0);
INSERT INTO replies (topicId, userId, userName, userImageUrl, content, id, createdAt, updatedAt, version) VALUES (68, 9, 'subscriber', '/static/img/user.png', 'accommodare.', 306, 1669784302000, 1669784302000, 0);
INSERT INTO replies (topicId, userId, userName, userImageUrl, content, id, createdAt, updatedAt, version) VALUES (68, 9, 'subscriber', '/static/img/user.png', 'dignissim putent dictum expetenda quidam nibh quam semper vis agam tempus diam numquam mediocrem pericula graece vivendo dico natoque invenire nihil.', 307, 1669904182000, 1669904182000, 0);
INSERT INTO replies (topicId, userId, userName, userImageUrl, content, id, createdAt, updatedAt, version) VALUES (68, 9, 'subscriber', '/static/img/user.png', 'ignota iaculis tristique morbi dictum vehicula explicari ei platonem usu euripidis utinam tation nobis legere est ante maecenas ludus etiam delectus.', 308, 1670024062000, 1670024062000, 0);
INSERT INTO replies (topicId, userId, userName, userImageUrl, content, id, createdAt, updatedAt, version) VALUES (68, 9, 'subscriber', '/static/img/user.png', 'maluisset graece natoque velit aenean voluptatum a tibique audire voluptaria tantas has morbi platonem melius adhuc eleifend molestie egestas voluptaria tritani moderatius sumo condimentum etiam.', 309, 1670143942000, 1670143942000, 0);
INSERT INTO replies (topicId, userId, userName, userImageUrl, content, id, createdAt, updatedAt, version) VALUES (68, 9, 'subscriber', '/static/img/user.png', 'iuvaret ocurreret per idque id dis percipit docendi quaeque integer.', 310, 1670263822000, 1670263822000, 0);
INSERT INTO replies (topicId, userId, userName, userImageUrl, content, id, createdAt, updatedAt, version) VALUES (68, 9, 'subscriber', '/static/img/user.png', 'suspendisse latine graece latine dui dico reprehendunt eirmod petentium euripidis minim nulla equidem cetero idque vis persecuti persecuti harum euripidis placerat fusce harum dis ea litora expetenda mus et verterem intellegat aliquid dico lectus.', 311, 1670383702000, 1670383702000, 0);
INSERT INTO replies (topicId, userId, userName, userImageUrl, content, id, createdAt, updatedAt, version) VALUES (68, 9, 'subscriber', '/static/img/user.png', 'autem.', 312, 1670503582000, 1670503582000, 0);
INSERT INTO replies (topicId, userId, userName, userImageUrl, content, id, createdAt, updatedAt, version) VALUES (68, 9, 'subscriber', '/static/img/user.png', 'utroque porttitor cetero eius oratio aperiri nominavi discere lobortis utamur et postulant ac eget graece dictum conceptam quaestio saperet vel varius veri neglegentur facilisis vel fusce mentitum.', 313, 1670623462000, 1670623462000, 0);
INSERT INTO topics (boardId, userId, userName, userImageUrl, refType, refId, replyNumber, locked, name, content, id, createdAt, updatedAt, version) VALUES (50, 9, 'subscriber', '/static/img/user.png', 'NONE', 0, 18, false, 'amet animal nisl.19', 'aliquip malesuada viris audire partiendo appetere veritus dictum mattis mandamus necessitatibus aeque mnesarchum elaboraret detraxit alterum duo libero persecuti aeque semper reque minim singulis deserunt eleifend facilisi oporteat ante veniam ante fuisset saperet deserunt vidisse equidem eum lacus mediocritatem utamur patrioque.', 69, 1670743342000, 1670743342000, 0);
INSERT INTO replies (topicId, userId, userName, userImageUrl, content, id, createdAt, updatedAt, version) VALUES (69, 9, 'subscriber', '/static/img/user.png', 'eleifend tibique auctor netus netus fugit mauris.', 314, 1670863222000, 1670863222000, 0);
INSERT INTO replies (topicId, userId, userName, userImageUrl, content, id, createdAt, updatedAt, version) VALUES (69, 9, 'subscriber', '/static/img/user.png', 'mutat per adversarium mentitum efficitur menandri discere.', 315, 1670983102000, 1670983102000, 0);
INSERT INTO replies (topicId, userId, userName, userImageUrl, content, id, createdAt, updatedAt, version) VALUES (69, 9, 'subscriber', '/static/img/user.png', 'maximus persecuti facilis magnis deserunt.', 316, 1671102982000, 1671102982000, 0);
INSERT INTO replies (topicId, userId, userName, userImageUrl, content, id, createdAt, updatedAt, version) VALUES (69, 9, 'subscriber', '/static/img/user.png', 'aliquam elitr periculis faucibus phasellus iaculis suscipiantur duis pertinacia sententiae periculis laudem mucius veniam nunc menandri invidunt regione antiopam verear magnis.', 317, 1671222862000, 1671222862000, 0);
INSERT INTO replies (topicId, userId, userName, userImageUrl, content, id, createdAt, updatedAt, version) VALUES (69, 9, 'subscriber', '/static/img/user.png', 'lectus tractatos aliquam suavitate noster per ornare sea nominavi mnesarchum convenire agam utroque scripserit mauris prodesset pri fusce habitasse sit iaculis faucibus efficiantur consectetuer quem persius principes vituperatoribus intellegebat sapien sea placerat ubique.', 318, 1671342742000, 1671342742000, 0);
INSERT INTO replies (topicId, userId, userName, userImageUrl, content, id, createdAt, updatedAt, version) VALUES (69, 9, 'subscriber', '/static/img/user.png', 'felis tamquam risus eget.', 319, 1671462622000, 1671462622000, 0);
INSERT INTO replies (topicId, userId, userName, userImageUrl, content, id, createdAt, updatedAt, version) VALUES (69, 9, 'subscriber', '/static/img/user.png', 'expetendis assueverit quem est autem ipsum penatibus vulputate cetero.', 320, 1671582502000, 1671582502000, 0);
INSERT INTO replies (topicId, userId, userName, userImageUrl, content, id, createdAt, updatedAt, version) VALUES (69, 9, 'subscriber', '/static/img/user.png', 'minim tacimates reformidans venenatis ceteros parturient interpretaris velit hac egestas netus putent signiferumque porro solet omnesque tale putent sapien mutat percipit quot dictas has legere autem instructior tantas morbi sapientem gravida a vocibus dui nam dicam efficiantur accumsan sonet ut signiferumque potenti mediocrem.', 321, 1671702382000, 1671702382000, 0);
INSERT INTO replies (topicId, userId, userName, userImageUrl, content, id, createdAt, updatedAt, version) VALUES (69, 9, 'subscriber', '/static/img/user.png', 'eum sapientem oporteat inceptos civibus omnesque dolorem veritus vel wisi dicant pro dicat possim sapientem te lorem nulla quaeque postulant ubique.', 322, 1671822262000, 1671822262000, 0);
INSERT INTO replies (topicId, userId, userName, userImageUrl, content, id, createdAt, updatedAt, version) VALUES (69, 9, 'subscriber', '/static/img/user.png', 'ultricies ludus esse dicam aperiri eos bibendum aperiri mattis delenit oratio orci discere novum voluptatibus fringilla nostrum erat porttitor sea eam feugiat has vis dicat mucius quam invidunt referrentur possim signiferumque sale viris constituto dis tincidunt quisque nullam necessitatibus aliquip blandit disputationi conclusionemque invidunt antiopam eripuit dicam natoque.', 323, 1671942142000, 1671942142000, 0);
INSERT INTO replies (topicId, userId, userName, userImageUrl, content, id, createdAt, updatedAt, version) VALUES (69, 9, 'subscriber', '/static/img/user.png', 'debet conubia fringilla maiestatis invidunt pertinax mnesarchum egestas fabulas evertitur facilis offendit persius adipisci scripserit doming suspendisse voluptatibus dicam faucibus eloquentiam viderer conceptam similique pertinax quo massa ut ligula quis agam deterruisset quam eruditi vero mauris fastidii eirmod.', 324, 1672062022000, 1672062022000, 0);
INSERT INTO replies (topicId, userId, userName, userImageUrl, content, id, createdAt, updatedAt, version) VALUES (69, 9, 'subscriber', '/static/img/user.png', 'faucibus veritus graecis duis ornatus dolore disputationi ornatus referrentur tractatos novum cetero ocurreret ut consectetuer mandamus tortor fastidii pellentesque quidam venenatis ubique.', 325, 1672181902000, 1672181902000, 0);
INSERT INTO replies (topicId, userId, userName, userImageUrl, content, id, createdAt, updatedAt, version) VALUES (69, 9, 'subscriber', '/static/img/user.png', 'intellegebat comprehensam eros netus nostrum potenti tempus mea putent nec utamur delicata dicit ceteros ceteros ornare augue pertinacia usu constituam pericula appareat reformidans legimus persequeris pri malorum epicurei inimicus adolescens quas delenit.', 326, 1672301782000, 1672301782000, 0);
INSERT INTO replies (topicId, userId, userName, userImageUrl, content, id, createdAt, updatedAt, version) VALUES (69, 9, 'subscriber', '/static/img/user.png', 'ignota repudiandae montes lectus comprehensam delectus antiopam nostrum donec vocent contentiones pericula dis persius eget tacimates phasellus moderatius alterum commune volumus pretium mei sagittis affert eros eget consectetuer mediocrem quaeque vitae.', 327, 1672421662000, 1672421662000, 0);
INSERT INTO replies (topicId, userId, userName, userImageUrl, content, id, createdAt, updatedAt, version) VALUES (69, 9, 'subscriber', '/static/img/user.png', 'ut causae suspendisse persequeris elit fabulas qualisque mei explicari urbanitas ceteros donec iuvaret penatibus consul quo definitiones turpis adipiscing eros ei vidisse persecuti quis comprehensam vero euripidis civibus delectus mollis atomorum dico class contentiones noster legimus mea reprimique dolores quem maiorum platea vidisse lacus assueverit audire ex sapien equidem.', 328, 1672541542000, 1672541542000, 0);
INSERT INTO replies (topicId, userId, userName, userImageUrl, content, id, createdAt, updatedAt, version) VALUES (69, 9, 'subscriber', '/static/img/user.png', 'petentium in altera quod dicit definitionem epicuri posse lectus ridens delenit habitasse eius cetero platea harum quidam mentitum laoreet pellentesque maximus commune dictas placerat lorem ante suavitate malesuada primis.', 329, 1672661422000, 1672661422000, 0);
INSERT INTO replies (topicId, userId, userName, userImageUrl, content, id, createdAt, updatedAt, version) VALUES (69, 9, 'subscriber', '/static/img/user.png', 'intellegat partiendo sanctus ad accommodare magnis noluisse quidam oratio minim ludus menandri parturient referrentur oporteat suscipit tantas periculis vivendo molestie non homero wisi ullamcorper veri feugiat gloriatur epicurei dico massa inani persecuti unum definitionem possim contentiones molestie turpis definiebas alienum ceteros mei necessitatibus ornare et quod mutat.', 330, 1672781302000, 1672781302000, 0);
INSERT INTO replies (topicId, userId, userName, userImageUrl, content, id, createdAt, updatedAt, version) VALUES (69, 9, 'subscriber', '/static/img/user.png', 'nonumy conubia nunc alia idque platonem meliore erroribus appetere vel mel mentitum errem inceptos aliquam facilisi utinam posidonium similique reprimique laoreet platonem ponderum bibendum.', 331, 1672901182000, 1672901182000, 0);
INSERT INTO topics (boardId, userId, userName, userImageUrl, refType, refId, replyNumber, locked, name, content, id, createdAt, updatedAt, version) VALUES (50, 9, 'subscriber', '/static/img/user.png', 'NONE', 0, 19, false, 'prodesset maiestatis.20', 'delenit fames oratio elaboraret dis posidonium felis atomorum mediocritatem volutpat inimicus interpretaris patrioque tempus nisi laoreet penatibus risus fuisset quaestio ea noluisse detraxit perpetua errem principes persecuti prodesset dolorem.', 70, 1673021062000, 1673021062000, 0);
INSERT INTO replies (topicId, userId, userName, userImageUrl, content, id, createdAt, updatedAt, version) VALUES (70, 9, 'subscriber', '/static/img/user.png', 'vehicula rutrum error fringilla habitasse egestas nisi pharetra.', 332, 1673140942000, 1673140942000, 0);
INSERT INTO replies (topicId, userId, userName, userImageUrl, content, id, createdAt, updatedAt, version) VALUES (70, 9, 'subscriber', '/static/img/user.png', 'inimicus tantas dolorem ipsum detracto salutatus tristique non iuvaret feugiat vel inimicus autem sadipscing maluisset at convenire parturient partiendo deserunt solum omittam eius omnesque tibique deserunt principes dissentiunt mucius odio erat dolorem nascetur eam sanctus alterum hinc tempor tibique curae deserunt aliquid theophrastus habitasse.', 333, 1673260822000, 1673260822000, 0);
INSERT INTO replies (topicId, userId, userName, userImageUrl, content, id, createdAt, updatedAt, version) VALUES (70, 9, 'subscriber', '/static/img/user.png', 'definitiones tibique definitiones hac delenit cu dapibus aptent vestibulum mutat id eleifend habemus.', 334, 1673380702000, 1673380702000, 0);
INSERT INTO replies (topicId, userId, userName, userImageUrl, content, id, createdAt, updatedAt, version) VALUES (70, 9, 'subscriber', '/static/img/user.png', 'vestibulum odio congue suas etiam augue erroribus doming eget risus eam.', 335, 1673500582000, 1673500582000, 0);
INSERT INTO replies (topicId, userId, userName, userImageUrl, content, id, createdAt, updatedAt, version) VALUES (70, 9, 'subscriber', '/static/img/user.png', 'platea cras eleifend nibh hac ferri platonem movet magna torquent iuvaret iusto ludus mea a turpis tortor adhuc tritani interpretaris nullam iudicabit adhuc.', 336, 1673620462000, 1673620462000, 0);
INSERT INTO replies (topicId, userId, userName, userImageUrl, content, id, createdAt, updatedAt, version) VALUES (70, 9, 'subscriber', '/static/img/user.png', 'senserit ut euismod sociosqu.', 337, 1673740342000, 1673740342000, 0);
INSERT INTO replies (topicId, userId, userName, userImageUrl, content, id, createdAt, updatedAt, version) VALUES (70, 9, 'subscriber', '/static/img/user.png', 'persius voluptatum ante commune congue intellegat odio commune pharetra nascetur antiopam persequeris doctus quaerendum percipit iisque animal eum minim posuere nostrum molestiae epicuri risus non constituto deseruisse natoque delectus mea accommodare pretium qui affert.', 338, 1673860222000, 1673860222000, 0);
INSERT INTO replies (topicId, userId, userName, userImageUrl, content, id, createdAt, updatedAt, version) VALUES (70, 9, 'subscriber', '/static/img/user.png', 'quis deterruisset putent velit viverra torquent pri mi mei sed latine eos.', 339, 1673980102000, 1673980102000, 0);
INSERT INTO replies (topicId, userId, userName, userImageUrl, content, id, createdAt, updatedAt, version) VALUES (70, 9, 'subscriber', '/static/img/user.png', 'mi delectus civibus quaeque non dicat sapientem eruditi latine cubilia ridens aliquip mediocrem suas perpetua ius dolorem fabulas adolescens minim civibus dicunt eloquentiam in porta ius consectetur melius honestatis mauris justo dolorum mazim partiendo recteque.', 340, 1674099982000, 1674099982000, 0);
INSERT INTO replies (topicId, userId, userName, userImageUrl, content, id, createdAt, updatedAt, version) VALUES (70, 9, 'subscriber', '/static/img/user.png', 'partiendo maiorum habitasse vix nascetur vis usu mus duo te fermentum reprimique urna neque tamquam docendi accommodare tibique sollicitudin eleifend theophrastus has magna indoctum eget unum neglegentur sed aliquet semper recteque epicurei sale suas theophrastus turpis feugait elit dissentiunt maiorum consul adipisci dolores tota theophrastus consetetur posse vim.', 341, 1674219862000, 1674219862000, 0);
INSERT INTO replies (topicId, userId, userName, userImageUrl, content, id, createdAt, updatedAt, version) VALUES (70, 9, 'subscriber', '/static/img/user.png', 'mauris latine netus proin pertinacia solet assueverit aliquip odio aliquip dolores repudiandae equidem accusata.', 342, 1674339742000, 1674339742000, 0);
INSERT INTO replies (topicId, userId, userName, userImageUrl, content, id, createdAt, updatedAt, version) VALUES (70, 9, 'subscriber', '/static/img/user.png', 'affert ligula malesuada ornare voluptatibus eos impetus rutrum vel accommodare ornare vehicula appareat vitae curae electram nulla cubilia natoque nunc invenire instructior vituperata periculis quas nostrum electram ignota ipsum senectus aliquip menandri vidisse scelerisque iaculis te possim suavitate delenit possit urna ornare ponderum suas.', 343, 1674459622000, 1674459622000, 0);
INSERT INTO replies (topicId, userId, userName, userImageUrl, content, id, createdAt, updatedAt, version) VALUES (70, 9, 'subscriber', '/static/img/user.png', 'electram dolor tellus non equidem sonet ac accumsan fusce offendit animal sonet dolorum viris.', 344, 1674579502000, 1674579502000, 0);
INSERT INTO replies (topicId, userId, userName, userImageUrl, content, id, createdAt, updatedAt, version) VALUES (70, 9, 'subscriber', '/static/img/user.png', 'euripidis mucius elementum id veniam dolorum turpis.', 345, 1674699382000, 1674699382000, 0);
INSERT INTO replies (topicId, userId, userName, userImageUrl, content, id, createdAt, updatedAt, version) VALUES (70, 9, 'subscriber', '/static/img/user.png', 'appareat suavitate alienum similique periculis prompta corrumpit pertinacia lorem sed ante fabulas diam conclusionemque ullamcorper electram eros.', 346, 1674819262000, 1674819262000, 0);
INSERT INTO replies (topicId, userId, userName, userImageUrl, content, id, createdAt, updatedAt, version) VALUES (70, 9, 'subscriber', '/static/img/user.png', 'dictum in scripta referrentur recteque pulvinar dapibus ancillae felis theophrastus errem suscipit tibique quem primis nisi porta id definitiones est nostra scripta explicari commodo agam electram oratio antiopam duis mea doming praesent movet commune recteque graeci ultrices dictum fugit.', 347, 1674939142000, 1674939142000, 0);
INSERT INTO replies (topicId, userId, userName, userImageUrl, content, id, createdAt, updatedAt, version) VALUES (70, 9, 'subscriber', '/static/img/user.png', 'turpis veniam reprehendunt suscipiantur error in fringilla pharetra maiorum posuere detraxit altera vocent sollicitudin proin ea alterum lectus proin mi inimicus mentitum ludus interesset dissentiunt solet lorem volumus fames himenaeos docendi fabulas mnesarchum invidunt lobortis porro vivendo no reprimique cubilia dictum viverra salutatus class.', 348, 1675059022000, 1675059022000, 0);
INSERT INTO replies (topicId, userId, userName, userImageUrl, content, id, createdAt, updatedAt, version) VALUES (70, 9, 'subscriber', '/static/img/user.png', 'graeco amet labores.', 349, 1675178902000, 1675178902000, 0);
INSERT INTO replies (topicId, userId, userName, userImageUrl, content, id, createdAt, updatedAt, version) VALUES (70, 9, 'subscriber', '/static/img/user.png', 'solet assueverit accommodare persius tamquam discere.', 350, 1675298782000, 1675298782000, 0);
INSERT INTO texts (hash, content, id, createdAt, updatedAt, version) VALUES ('13f0234233277241c90fb2fc52159f92f45032f7d01cd788e63f26a625c9fa61', '# percipit.\n\ntempor tristique oratio omnesque lacus tortor tation quaeque simul tota mea laudem.\n\nverear etiam euripidis vero laoreet convenire dictas placerat decore rhoncus rhoncus dissentiunt maiorum intellegebat.\n\nimpetus aliquip.\n\na consectetuer aliquip mollis utroque expetenda dicit idque iriure possit iaculis intellegat consul dico.\n\nultrices dictas platea sadipscing ne deterruisset invenire commodo platea indoctum quaestio postulant.\n\nmoderatius lorem accommodare.\n\npericula hinc integer accommodare volumus id sumo tractatos molestiae reformidans repudiandae usu.\n\npopulo consectetur qualisque natum integer ceteros habitant scelerisque ullamcorper delectus sem amet sea noster theophrastus.\n\nnibh sodales fermentum litora detraxit appetere lobortis ne lacus mutat morbi suscipit.\n\ndolorum numquam menandri enim legere cras possim at intellegebat invenire quidam iisque justo integer possit errem maecenas vitae errem curae.\n\n', 72, 1689084982000, 1689084982000, 0);
INSERT INTO wikis (imageId, textId, userId, tag, name, description, views, publishAt, id, createdAt, updatedAt, version) VALUES (15, 72, 1, 'sample', 'Sample Tutorial', 'A Sample Wiki', 0, 0, 71, 1689204862000, 1689204862000, 0);
INSERT INTO texts (hash, content, id, createdAt, updatedAt, version) VALUES ('0f854a4c71d1c1d6ae8a5ce49ef7562d265f8dea58e034e4bfec4b96a8d60fcc', '# delectus mi ante netus nobis accumsan laudem eum latine.\n\nsigniferumque verear quaeque invenire maiestatis tale suas elementum sodales.\n\nporttitor.\n\nquaestio vim adipisci tritani habitant etiam vituperatoribus penatibus blandit posuere nam epicuri quis tellus vocibus solum turpis offendit.\n\ndelicata adhuc euismod verterem ponderum elementum lacinia iaculis nec molestiae duis suspendisse sonet nobis reformidans cetero ultricies vehicula est molestie.\n\nverterem velit nunc nulla est suscipit pretium alterum proin debet viverra mel altera habeo dolores explicari maecenas.\n\nauctor aenean elaboraret ne risus netus odio sit petentium quis repudiare sem.\n\nadipisci.\n\nelaboraret auctor lobortis sumo facilisis equidem delenit morbi porta affert habemus veritus quo deterruisset.\n\nhas vestibulum pertinax propriae ubique vitae elaboraret fermentum commodo.\n\nmnesarchum cu te iusto dolore viris impetus te sapien duis ignota sodales dolorem appetere senectus cum instructior saepe no.\n\n', 74, 1689324742000, 1689324742000, 0);
INSERT INTO wiki_pages (parentId, textId, wikiId, name, views, publishAt, displayOrder, id, createdAt, updatedAt, version) VALUES (71, 74, 71, 'page 1', 0, 1675418662000, 0, 73, 1689444622000, 1689444622000, 0);
INSERT INTO texts (hash, content, id, createdAt, updatedAt, version) VALUES ('e17e0bccb23572fd2c9d6c5263333e814719b0831bab8cba88b08349ab1eb1b6', '# liber himenaeos nascetur eleifend risus vel ne tempor molestiae.\n\nquo cu euripidis fabulas suspendisse alterum pertinacia audire melius persius reformidans offendit option laoreet metus.\n\nnominavi dis.\n\nadhuc sonet.\n\nconvenire honestatis intellegat veri dicat neque recteque vituperatoribus feugiat sea.\n\nlobortis montes ei postulant nec novum conceptam eleifend dicam imperdiet solet menandri graeci splendide nulla montes per putent.\n\neripuit.\n\neam inceptos delenit.\n\nsaepe vim platea mucius ex inimicus causae euismod aliquam constituto justo potenti definitionem nostra noster maiorum tristique vocent fames.\n\nmaecenas legimus fuisset.\n\nan consul.\n\n', 76, 1689564502000, 1689564502000, 0);
INSERT INTO wiki_pages (parentId, textId, wikiId, name, views, publishAt, displayOrder, id, createdAt, updatedAt, version) VALUES (73, 76, 71, 'sub 1', 0, 1675538542000, 0, 75, 1689684382000, 1689684382000, 0);
INSERT INTO texts (hash, content, id, createdAt, updatedAt, version) VALUES ('76293f6c7058a42326dc0859c292bd3f869bed94403cb972ad1cc0e27027678b', '# eleifend semper dapibus pro errem.\n\nepicuri assueverit.\n\nante urbanitas iudicabit quisque dicam.\n\nviris eos quod adolescens omittam te sociosqu etiam gravida congue nibh tantas prompta non.\n\neros signiferumque unum class tation falli suscipiantur nulla torquent dui.\n\nlegimus.\n\nmalorum torquent debet nullam maiorum intellegat iudicabit ipsum suscipiantur fugit porta voluptatum amet singulis.\n\nmenandri epicuri elaboraret fabulas periculis regione.\n\nvivamus.\n\nante mutat no arcu dolores.\n\nposse blandit propriae.\n\neam pulvinar iuvaret sapientem blandit dui.\n\nnatum accommodare et mediocritatem qualisque tamquam id consequat equidem omnesque mel.\n\nsemper dui phasellus mutat ridiculus utinam commune intellegebat pellentesque impetus dissentiunt diam dolor felis solum iuvaret qui.\n\neruditi tacimates delicata mauris posse varius nisl quem posuere eros quaestio tale nisi possim latine sadipscing dolorum.\n\nmaluisset adversarium aptent iisque rhoncus instructior in blandit leo mandamus fabulas latine impetus.\n\n', 78, 1689804262000, 1689804262000, 0);
INSERT INTO wiki_pages (parentId, textId, wikiId, name, views, publishAt, displayOrder, id, createdAt, updatedAt, version) VALUES (73, 78, 71, 'sub 2', 0, 1675658422000, 1, 77, 1689924142000, 1689924142000, 0);
INSERT INTO texts (hash, content, id, createdAt, updatedAt, version) VALUES ('3a37bf01744f14e312a7508e600a0c2bab6d5178809a0a2b275854c7ca3efd2c', '# lacus gravida interpretaris maluisset tacimates sem senectus intellegebat mutat hinc.\n\ndicta nullam nullam.\n\nveniam justo.\n\nperpetua ubique corrumpit falli neglegentur pro mel netus primis luptatum.\n\npertinacia et convenire bibendum veniam finibus intellegat voluptatibus solet antiopam simul velit natum malesuada iaculis sodales dicunt.\n\nest urbanitas no efficiantur ut mei numquam.\n\nipsum fabellas himenaeos rutrum leo legimus in laudem dicat labores id elit vituperatoribus nullam lobortis consetetur.\n\nsollicitudin errem no feugiat principes consetetur sollicitudin necessitatibus referrentur.\n\nbrute himenaeos constituto.\n\nfacilisis tritani curabitur reformidans parturient civibus perpetua sit platea arcu dicta platea his interesset.\n\npulvinar fusce per dicta posidonium libero suspendisse repudiare fringilla curabitur quam egestas oporteat.\n\nlegimus consequat laudem invidunt ocurreret.\n\npurus quis delectus odio epicurei expetendis dolorem mei elitr ante minim equidem risus vero aeque dui quod pro fusce docendi.\n\n', 80, 1690044022000, 1690044022000, 0);
INSERT INTO wiki_pages (parentId, textId, wikiId, name, views, publishAt, displayOrder, id, createdAt, updatedAt, version) VALUES (73, 80, 71, 'sub 3', 0, 1675778302000, 2, 79, 1690163902000, 1690163902000, 0);
INSERT INTO texts (hash, content, id, createdAt, updatedAt, version) VALUES ('1c4fe9a22a8e3f80b1d4e72b5514eff45809b61c96992d484a8db08a62a49a26', '# omittantur idque ultrices.\n\nipsum nibh posse.\n\nmollis postea partiendo.\n\ntritani pellentesque vocent interpretaris possim patrioque praesent ex populo atomorum epicurei accommodare consectetur porro tractatos risus scripta mattis.\n\naccusata agam.\n\nvoluptatum cras ante vim movet efficitur possit agam reformidans audire pulvinar intellegat justo pulvinar brute interdum.\n\npotenti utinam singulis postulant dico scelerisque et deterruisset nisl eum interdum similique qualisque.\n\nmnesarchum wisi neque eget salutatus suas reprimique viderer nonumy appetere senectus docendi.\n\nquod per nisi fusce no has esse commune ex potenti quo.\n\npetentium fugit labores consul imperdiet sit class esse maecenas option.\n\nquis.\n\nlacus cras latine dicam noster errem graecis expetendis quidam.\n\nquis posuere electram ex populo veritus mattis amet mnesarchum discere.\n\nhis nunc porttitor scripta verear ea ocurreret delectus patrioque sapien rhoncus meliore felis nulla reprehendunt.\n\nquot vituperata principes fermentum noster epicuri adolescens pellentesque similique numquam integer placerat.\n\npostea curabitur at sanctus.\n\nfacilisi vocibus sumo singulis expetendis tamquam at reprehendunt sumo suscipiantur.\n\nvolumus ad mel auctor neque aliquid ferri mediocritatem menandri inciderint.\n\narcu.\n\n', 82, 1690283782000, 1690283782000, 0);
INSERT INTO wiki_pages (parentId, textId, wikiId, name, views, publishAt, displayOrder, id, createdAt, updatedAt, version) VALUES (79, 82, 71, 'leaf 1', 0, 1675898182000, 0, 81, 1690403662000, 1690403662000, 0);
INSERT INTO texts (hash, content, id, createdAt, updatedAt, version) VALUES ('8ff4ce1d1e02a89dc74dce09729a0f1e0b3cc87d62622f7b25d92a239a967256', '# urna dicant.\n\noporteat dis fastidii nostrum habeo venenatis nibh cursus posuere recteque nam aliquet error eirmod disputationi mnesarchum fringilla.\n\ndiscere adipiscing definitiones laoreet.\n\nconvenire prompta commune sodales fuisset scripserit reformidans eruditi.\n\nvidisse bibendum convallis.\n\nlibris fastidii nec gubergren ultricies quas pharetra mediocritatem periculis vestibulum sociis platea nam massa viderer.\n\nmeliore menandri ius sit atqui vim dolore felis novum dicunt finibus.\n\ndolores voluptatum.\n\niuvaret consequat sociis an platea venenatis neglegentur himenaeos vitae donec necessitatibus sem tincidunt ancillae ponderum ipsum.\n\nappareat detracto porro ancillae integer ridens dico maiestatis duo pellentesque vestibulum suscipit dolorem suspendisse facilisi discere dicit libero duis.\n\nvarius adipisci maluisset himenaeos postea assueverit dolor ornare.\n\nsuavitate quo platonem facilisi orci pretium magnis.\n\n', 84, 1690523542000, 1690523542000, 0);
INSERT INTO wiki_pages (parentId, textId, wikiId, name, views, publishAt, displayOrder, id, createdAt, updatedAt, version) VALUES (79, 84, 71, 'leaf 2', 0, 1676018062000, 1, 83, 1690643422000, 1690643422000, 0);
INSERT INTO texts (hash, content, id, createdAt, updatedAt, version) VALUES ('6eeeded0bca1d46ae5b58135a3cffcd4e140baeeae535601b56e77f94f5630bf', '# metus sapien iudicabit maiestatis iusto.\n\nnumquam ubique posse aperiri sadipscing agam suscipiantur constituto omittantur donec hendrerit saperet iuvaret blandit mutat mea reprimique.\n\nappareat primis vix vitae suas dignissim orci accusata justo hinc.\n\nvis dictumst cras gloriatur indoctum euismod tractatos felis taciti volumus non blandit laudem saepe esse repudiare mnesarchum veritus.\n\nsaepe porta posse an ligula graecis nominavi porttitor nostra constituto ferri referrentur labores.\n\nneque volutpat eripuit tempor sententiae tritani repudiandae verear urbanitas eum odio veritus convallis conubia per interpretaris ferri eos.\n\ndictum quo tibique vitae sagittis diam leo posse laudem habemus consul elaboraret libris platea quidam appareat harum invidunt deseruisse.\n\nad mus orci atqui assueverit saepe.\n\nmalesuada tempus conubia quod mentitum atqui reque vitae.\n\nveri mauris phasellus signiferumque ancillae corrumpit dicta percipit natoque nulla mea.\n\ncetero aliquet per suas cursus suspendisse elit dolor.\n\ntortor meliore fugit mauris ac perpetua iisque civibus propriae aliquet legimus elitr evertitur congue neque idque.\n\neos dictas dui corrumpit tation.\n\nduo veri has pharetra.\n\nornatus oporteat maluisset cursus dapibus nonumes docendi varius vocent constituam utinam.\n\nduis potenti eleifend has.\n\nhendrerit mel reprimique ridens solet massa auctor gravida viderer nostrum.\n\n', 86, 1690763302000, 1690763302000, 0);
INSERT INTO wiki_pages (parentId, textId, wikiId, name, views, publishAt, displayOrder, id, createdAt, updatedAt, version) VALUES (79, 86, 71, 'leaf 3', 0, 1676137942000, 2, 85, 1690883182000, 1690883182000, 0);
INSERT INTO texts (hash, content, id, createdAt, updatedAt, version) VALUES ('852a9e8f682ce0a022dd36ec609893aa4ad7ea6b2075828732703e9ea162d7a5', '# pulvinar.\n\ninvidunt menandri tincidunt.\n\nmolestiae.\n\nerroribus possim.\n\nquo metus faucibus bibendum aperiri mandamus dolores qualisque pertinax imperdiet sit referrentur erat.\n\nornare postulant pretium penatibus omnesque invidunt expetenda nobis necessitatibus ius.\n\ntritani repudiare mediocrem euripidis lorem tota.\n\neruditi iuvaret detracto iriure suavitate cu sit maiestatis iaculis brute contentiones amet mnesarchum saperet mandamus homero consetetur dicit felis aliquam.\n\nin vocibus adipisci fabulas numquam ac feugiat.\n\naeque luctus omittam ne populo delenit unum curabitur autem deterruisset.\n\ntibique evertitur maximus imperdiet condimentum conceptam oporteat voluptatum iuvaret solum esse neglegentur.\n\ndiscere convenire dignissim gubergren offendit adolescens pellentesque urna pertinacia class viverra reque repudiare delectus.\n\nmassa graeco mei deterruisset platea ceteros a ancillae praesent pri dicant dicta ea ancillae donec.\n\nmaiorum noster solum persecuti nostrum adversarium cursus gravida vim fusce vituperata atqui montes nam ligula.\n\nconsectetur nullam homero ea definitionem consectetuer alienum cubilia.\n\naccusata detracto tritani.\n\nmolestiae ultrices mi docendi nisl nonumy utinam te laudem vel semper erroribus patrioque.\n\noratio nascetur consequat himenaeos mattis interpretaris honestatis oratio laudem leo graecis graeci ne augue lectus wisi.\n\nmeliore accusata falli ut sententiae inciderint equidem tempus dico mazim nostrum duo omnesque mi similique iaculis hinc te tritani feugait.\n\n', 88, 1691003062000, 1691003062000, 0);
INSERT INTO wiki_pages (parentId, textId, wikiId, name, views, publishAt, displayOrder, id, createdAt, updatedAt, version) VALUES (73, 88, 71, 'sub 4', 0, 1676257822000, 3, 87, 1691122942000, 1691122942000, 0);
INSERT INTO texts (hash, content, id, createdAt, updatedAt, version) VALUES ('a74db749ac02e8180ac3b1dbe0a02545c4da04ef966485b9526c557ef2f939c8', '# posidonium verear his.\n\nconsectetuer accumsan saepe.\n\ndebet.\n\ndeseruisse quisque alterum parturient.\n\nridens eius montes libero efficitur rutrum error postea has falli option mauris at.\n\nveri postulant saperet ludus quis blandit delenit definitionem definitiones euismod sea eget erroribus platonem saperet tractatos fames.\n\neuripidis pri appetere omittantur accusata lorem conclusionemque ferri decore assueverit alterum proin euripidis amet autem dictum evertitur solum deserunt vulputate.\n\npetentium fuisset facilis sapientem egestas.\n\ncras consequat tritani similique maiestatis constituto duis venenatis recteque nonumes elementum ignota unum.\n\nex quas periculis mea vero consetetur per ignota elaboraret veritus libris referrentur ad eos facilis consequat vidisse posuere pharetra constituto.\n\nsumo eripuit tellus massa nominavi praesent mi quam.\n\naperiri putent taciti penatibus numquam class graecis est ridiculus laudem velit eros mollis quis qui adversarium rhoncus eros.\n\ndui affert massa fames risus parturient tincidunt mattis brute sadipscing percipit feugiat sea maluisset eripuit mediocrem ac.\n\nequidem lacus debet duis simul tractatos netus nisi arcu brute instructior referrentur theophrastus.\n\ndictas cursus dolorum dicit repudiare veniam mollis pulvinar conceptam senserit veritus delicata dicunt facilis ius neque dictas.\n\nreprimique cetero euripidis aliquip theophrastus ridens curabitur utinam sociosqu hendrerit massa porta latine sociosqu ignota dui qualisque omittantur.\n\nomittantur adhuc regione.\n\n', 90, 1691242822000, 1691242822000, 0);
INSERT INTO wiki_pages (parentId, textId, wikiId, name, views, publishAt, displayOrder, id, createdAt, updatedAt, version) VALUES (71, 90, 71, 'page 2', 0, 1676377702000, 1, 89, 1691362702000, 1691362702000, 0);
INSERT INTO texts (hash, content, id, createdAt, updatedAt, version) VALUES ('4956381249f6fe3f9b299803808b49daa8f73a2f99919ea22da186570016f4f7', '# impetus ornare est.\n\npertinacia sea sociis blandit pro fabulas.\n\ninterdum fabellas civibus accommodare rhoncus eam affert graeco.\n\nmenandri audire constituam sociosqu numquam referrentur similique perpetua.\n\ncum melius hendrerit.\n\ndignissim suspendisse nobis possit movet consequat mediocrem reformidans definitionem ea quaestio.\n\nnostra auctor graecis fermentum mediocritatem condimentum fusce an sapien ancillae invidunt dissentiunt molestie mattis.\n\nper facilis.\n\npericulis ne malorum.\n\nquaeque netus amet error volumus malesuada orci libris posidonium dolorum.\n\nmelius elaboraret.\n\nsigniferumque donec harum viderer indoctum ludus wisi propriae id.\n\ntritani nisl aptent felis dictumst porttitor tristique reprehendunt posuere.\n\nceteros mi definitionem audire at corrumpit sonet urbanitas deterruisset interesset bibendum fames vim atqui enim causae nonumes ridens.\n\nmazim.\n\nsuas deserunt vehicula.\n\nveniam eleifend tristique instructior sollicitudin honestatis dolor utinam assueverit delenit convallis nam periculis fusce repudiandae offendit nominavi idque ex sagittis.\n\n', 92, 1691482582000, 1691482582000, 0);
INSERT INTO wiki_pages (parentId, textId, wikiId, name, views, publishAt, displayOrder, id, createdAt, updatedAt, version) VALUES (89, 92, 71, 'sub 1', 0, 1676497582000, 0, 91, 1691602462000, 1691602462000, 0);
INSERT INTO texts (hash, content, id, createdAt, updatedAt, version) VALUES ('8327936272d580434fe10a8efd6ee73236006fc69f4c340081c3fe527f8b4b67', '# tritani eleifend tristique animal quas metus conceptam.\n\nnominavi evertitur omittam utroque noster singulis curabitur eius.\n\nfermentum habeo impetus ultrices senectus decore theophrastus hinc postea quod repudiandae sodales dolore referrentur mutat omittantur invidunt aptent mauris.\n\noporteat laudem velit mollis.\n\nquam.\n\ndicta iusto aenean eam dicit accommodare scripta oratio populo detraxit scripta vidisse praesent theophrastus urna eloquentiam utinam idque atomorum.\n\nfringilla tation magna molestiae donec numquam vituperatoribus euismod equidem.\n\nfugit ligula.\n\nvix porta vitae assueverit deterruisset lobortis est hendrerit senserit posidonium fastidii deterruisset rutrum volumus viderer mandamus iudicabit simul.\n\nhac quam fastidii te dolor laudem cursus reprimique.\n\nadhuc integer rhoncus proin solum honestatis cu dico magnis.\n\namet lectus instructior patrioque.\n\ntritani graecis parturient vel diam dictas ocurreret causae option suavitate nec morbi suscipiantur donec honestatis appetere.\n\nsapien idque gravida convallis nullam reformidans dicta habemus dapibus suscipiantur per congue rhoncus natum agam graece.\n\nmediocrem harum delicata ferri feugiat epicurei.\n\nconclusionemque dico appetere tortor aliquam lacinia ridens inciderint.\n\nultrices tellus dui pharetra natoque ea ornare efficiantur ante aliquet nominavi voluptatum suas brute ancillae quaeque mattis.\n\nmei qualisque minim dolores pertinax ius erroribus aperiri amet praesent mutat hinc appareat efficiantur sapien deseruisse semper eloquentiam mediocritatem.\n\n', 94, 1691722342000, 1691722342000, 0);
INSERT INTO wiki_pages (parentId, textId, wikiId, name, views, publishAt, displayOrder, id, createdAt, updatedAt, version) VALUES (89, 94, 71, 'sub 2', 0, 1676617462000, 1, 93, 1691842222000, 1691842222000, 0);
INSERT INTO texts (hash, content, id, createdAt, updatedAt, version) VALUES ('fb083266a6c5f72bb1d5738f7da7fcee385ecab8bdf05f780a8ead64426e0221', '# maiestatis has reque.\n\nnulla cursus nunc per duis lacus ipsum nibh ante vehicula oratio moderatius consul nam eum facilisi praesent quis discere.\n\nligula himenaeos laudem laudem orci mel fringilla graece nobis nostra porro quot elit eros proin eu suavitate vulputate.\n\npertinax mea dis patrioque sapien dolorum ad suscipit moderatius eius lorem sollicitudin graecis cras.\n\nut quaerendum natum an quaestio falli interpretaris utinam principes mediocritatem gloriatur mel ut brute pro postulant non at class.\n\ncongue.\n\ngloriatur singulis neglegentur comprehensam potenti justo saperet ius voluptatibus fuisset interdum unum.\n\nreprehendunt.\n\ndiam felis ne usu sapientem definitionem antiopam hac.\n\nnobis luctus quaestio docendi risus euripidis dapibus solet populo phasellus proin vix expetenda proin eripuit adipisci euripidis invidunt mel.\n\ndoctus molestie eget noluisse elementum nibh sodales appareat arcu pertinax graecis nullam suspendisse deseruisse reque.\n\nefficiantur solet vidisse.\n\ndictumst agam ad aeque voluptaria ceteros ex molestiae.\n\nsolet quis legere periculis malorum qualisque per mucius.\n\ntellus inciderint conceptam reprimique adolescens aliquam quam.\n\nlibris elit montes adhuc sociosqu potenti cu utamur prompta.\n\n', 96, 1691962102000, 1691962102000, 0);
INSERT INTO wiki_pages (parentId, textId, wikiId, name, views, publishAt, displayOrder, id, createdAt, updatedAt, version) VALUES (89, 96, 71, 'sub 3', 0, 1676737342000, 2, 95, 1692081982000, 1692081982000, 0);
INSERT INTO texts (hash, content, id, createdAt, updatedAt, version) VALUES ('4578036dc5862dbf81a33e045c8d92a6ac3968ec206073f17963d28f71593dbf', '# natoque offendit convenire aliquip lacinia.\n\nfaucibus sea magnis.\n\nnec cetero recteque consequat tellus quaerendum nobis fastidii scripserit.\n\ntacimates reprimique dissentiunt indoctum rutrum mattis prompta scripta urna elaboraret porttitor definitiones nascetur repudiandae.\n\nnibh noluisse tibique ac.\n\nqualisque quaerendum populo noster atomorum habeo quaerendum tincidunt parturient feugiat bibendum vivamus legimus efficiantur.\n\nindoctum consul nostra.\n\nnec eget.\n\nepicuri sapientem iisque vehicula sanctus contentiones accommodare mus leo suavitate reformidans magna posuere fuisset idque.\n\ndefiniebas dolore lorem pellentesque mediocritatem torquent corrumpit orci deseruisse ornare iaculis mentitum.\n\naliquid eleifend ultricies.\n\ninani donec alterum mediocrem dolores.\n\ndebet consequat omnesque.\n\nvix dictas vero vocent doming conceptam numquam orci cubilia pharetra platonem.\n\ntation aliquip mediocritatem duis liber assueverit numquam cu oporteat liber singulis fermentum persecuti.\n\nnoluisse deserunt prompta arcu nam sodales sapientem esse minim iuvaret interdum mandamus appareat tantas.\n\nmalesuada atomorum putent consectetuer contentiones ultricies mucius petentium elementum electram solet viris repudiare hinc at blandit mollis penatibus adipisci cras.\n\ndefinitiones ancillae rhoncus quaerendum consetetur habitant qui ocurreret mutat patrioque proin definitionem veri mauris cras.\n\n', 98, 1692201862000, 1692201862000, 0);
INSERT INTO wiki_pages (parentId, textId, wikiId, name, views, publishAt, displayOrder, id, createdAt, updatedAt, version) VALUES (95, 98, 71, 'leaf 1', 0, 1676857222000, 0, 97, 1692321742000, 1692321742000, 0);
INSERT INTO texts (hash, content, id, createdAt, updatedAt, version) VALUES ('086c305dcc1565eb5f002c793b8952eb59e8a53a38c907f08252ab5187784268', '# lacinia suas alienum suscipiantur inciderint est at.\n\nurna delicata potenti quot gloriatur alienum primis semper.\n\nassueverit commodo detraxit comprehensam petentium posidonium maiorum sed audire bibendum euismod antiopam affert adipiscing constituto prodesset singulis praesent fermentum.\n\nconstituto iuvaret consetetur tantas laudem quot senectus tincidunt convenire sanctus ceteros rutrum nonumes eam neque similique.\n\nsumo consectetuer patrioque.\n\nepicuri idque expetendis alia quidam constituam oratio.\n\niisque menandri postulant maximus fugit vulputate affert mucius ei autem sumo quam graeco civibus ante ridiculus atomorum pertinax.\n\neum equidem expetenda accusata maecenas sit dolore donec posidonium elementum vel accumsan noster persecuti metus mediocrem eruditi pertinax urbanitas.\n\nposse salutatus deseruisse quo mediocrem tortor eloquentiam pro.\n\nmutat persius inimicus regione maximus pertinacia solum maiorum.\n\ncras consequat eripuit cetero porttitor lacinia torquent wisi tempor tation solum convallis vitae alienum omnesque numquam ius.\n\nlatine tristique ex iisque purus veri elementum viderer.\n\nduis quaeque vero populo duo taciti ex fringilla invenire quaerendum fugit oratio maluisset id constituto utamur.\n\nerroribus.\n\npraesent commodo mediocrem ante dicat ut interesset intellegebat atqui.\n\nludus quo scripta aliquet molestiae.\n\nmelius feugiat penatibus accumsan possim reque magna nominavi tale affert odio venenatis quaestio simul eam adipisci eos risus.\n\n', 100, 1692441622000, 1692441622000, 0);
INSERT INTO wiki_pages (parentId, textId, wikiId, name, views, publishAt, displayOrder, id, createdAt, updatedAt, version) VALUES (95, 100, 71, 'leaf 2', 0, 1676977102000, 1, 99, 1692561502000, 1692561502000, 0);
INSERT INTO texts (hash, content, id, createdAt, updatedAt, version) VALUES ('9f5a8680fc5f75ac21f04ddb2ccc69a4cf236d13b3c183c5e7933a2db4b759ed', '# cubilia labores.\n\nerror euripidis varius tamquam vocibus lectus pellentesque iaculis cu noster elit pericula interpretaris maiestatis urbanitas mediocrem.\n\nautem maiestatis parturient feugiat maecenas tantas sapientem causae dicunt mucius aenean scripserit ubique quo.\n\nenim tacimates appareat sale.\n\nlabores evertitur tale senserit sodales principes.\n\ndiscere omittantur congue tincidunt velit potenti nam alterum sed affert interpretaris eros tamquam simul adipisci.\n\nancillae consetetur dolorem class his utamur graece commodo nihil voluptatum has definitionem.\n\nadipisci cras discere vidisse.\n\nnam regione class vix iuvaret convenire scripserit scripserit.\n\nceteros theophrastus ancillae dictum aliquam tacimates sale tortor solet mnesarchum reformidans rutrum vestibulum enim graece etiam mea novum intellegat tincidunt.\n\nei evertitur cum eget assueverit urna.\n\nmagna idque.\n\nomittantur aliquet mediocritatem.\n\nlorem mel tacimates habeo parturient aptent ultricies magna expetendis aeque fringilla porttitor pertinacia.\n\nvidisse vehicula urna.\n\nornare graeci facilisi inimicus vivamus pertinacia.\n\nporro dissentiunt melius conclusionemque omnesque turpis quis.\n\nalienum viderer pharetra constituam inceptos parturient ubique sagittis ridens contentiones consectetur posuere vivamus utamur dicant libris.\n\ncorrumpit est id quisque justo aenean verear eruditi periculis.\n\nmollis sagittis accumsan corrumpit vulputate prodesset habeo aliquid novum mus quaeque.\n\n', 102, 1692681382000, 1692681382000, 0);
INSERT INTO wiki_pages (parentId, textId, wikiId, name, views, publishAt, displayOrder, id, createdAt, updatedAt, version) VALUES (95, 102, 71, 'leaf 3', 0, 1677096982000, 2, 101, 1692801262000, 1692801262000, 0);
INSERT INTO texts (hash, content, id, createdAt, updatedAt, version) VALUES ('f279a01d81cf36f4dd608af0172e4ddcec200ba86c5e02a9f522fa62fae74008', '# feugait dicta voluptatibus accommodare sodales harum sed ancillae.\n\nquot etiam utroque porttitor definiebas dis aeque autem harum legimus tincidunt qualisque vestibulum sea.\n\nmediocritatem turpis lorem curabitur idque dolorem vocent posidonium mattis leo nostra partiendo.\n\nmaximus in instructior dapibus luptatum tantas.\n\niriure no vel has noster tale verterem habeo convenire phasellus.\n\nnon tota liber errem saepe ludus mollis patrioque appareat litora mucius sollicitudin veri conubia platonem.\n\npotenti dui.\n\naccumsan movet blandit conceptam propriae sententiae tation.\n\naperiri epicuri liber prodesset curabitur sodales verear reque posidonium erroribus rutrum.\n\noption affert partiendo eruditi integer elementum ullamcorper.\n\ncurabitur platea luctus postulant maecenas rutrum.\n\ndictumst inceptos scripta ignota posuere corrumpit vix reprimique habemus prompta enim pertinacia instructior a sanctus partiendo aliquam tristique sit adolescens.\n\n', 104, 1692921142000, 1692921142000, 0);
INSERT INTO wiki_pages (parentId, textId, wikiId, name, views, publishAt, displayOrder, id, createdAt, updatedAt, version) VALUES (89, 104, 71, 'sub 4', 0, 1677216862000, 3, 103, 1693041022000, 1693041022000, 0);
INSERT INTO texts (hash, content, id, createdAt, updatedAt, version) VALUES ('5f5a8ca82ae204c6cd573e134019f37a085ac8d322ebb3aa825db219d2814af9', '# autem iisque imperdiet eam equidem altera.\n\nomittantur labores dicunt ancillae.\n\nenim his fastidii qui ea liber vestibulum legimus ornare necessitatibus altera pulvinar conceptam vero magna tota tincidunt ullamcorper consequat.\n\nin pretium lectus nostra te dictas.\n\ncausae conceptam noluisse.\n\niisque posuere etiam intellegebat tortor partiendo moderatius.\n\ncomprehensam mei justo usu doming semper persecuti ac duis justo ceteros.\n\nsolum persecuti.\n\nappareat persecuti.\n\nvoluptatum consul ancillae noster porta curabitur.\n\nornatus minim delectus inimicus litora venenatis neglegentur putent imperdiet.\n\nporta fuisset auctor maiestatis constituam nec ornatus cras dicit.\n\nfabellas repudiare ridiculus no vel repudiare cursus.\n\neruditi consequat magna maiestatis cursus mattis adhuc principes pericula eam facilisi petentium.\n\nfinibus felis mnesarchum.\n\ntheophrastus natoque solet praesent ante vix.\n\n', 106, 1693160902000, 1693160902000, 0);
INSERT INTO wiki_pages (parentId, textId, wikiId, name, views, publishAt, displayOrder, id, createdAt, updatedAt, version) VALUES (71, 106, 71, 'page 3', 0, 1677336742000, 2, 105, 1693280782000, 1693280782000, 0);
INSERT INTO texts (hash, content, id, createdAt, updatedAt, version) VALUES ('4dc05ba2927b8093caf014cacbf50f80fca19e1e5fa8548bf23654fae63b19b7', '# tincidunt.\n\nomittantur metus postulant elaboraret euripidis integer detraxit oporteat assueverit quas sapientem dicit quaeque appareat mea tantas minim.\n\ndis labores aperiri dui dui hac oratio malesuada delectus neglegentur saperet duis habitant.\n\ntacimates quaeque his laudem eam utinam posidonium vestibulum facilisi meliore quidam fugit congue.\n\nmollis.\n\nodio quaeque atomorum regione ludus legimus euismod etiam sonet detracto doctus cras populo nisi habemus fusce docendi tibique feugait tempus.\n\nfinibus consectetur a nonumes maiorum consequat mentitum ornatus altera detraxit penatibus malesuada mandamus conceptam tortor mediocritatem sed affert ligula periculis.\n\nqui has curae at scripta.\n\nnostra sale pharetra.\n\naptent accumsan sea.\n\nvarius dignissim conubia graeco accumsan vocibus vivamus offendit tacimates mea splendide expetendis viderer elitr inani.\n\nornare putent quisque intellegat expetendis elaboraret unum venenatis.\n\nreformidans aliquet suavitate nunc menandri purus consequat scelerisque nisi prodesset lectus.\n\ndefiniebas dapibus gubergren platea ocurreret sit omittantur vituperatoribus vocent quot similique doctus sanctus malesuada.\n\nnecessitatibus causae interesset lacus quod unum quod referrentur ei mel diam sociosqu ei consul alterum dicant dicant.\n\npostea sententiae litora sociis feugiat consectetur numquam prodesset detraxit placerat euismod feugiat persecuti vocibus inciderint animal iudicabit gravida elit.\n\nfringilla option dapibus mediocritatem varius instructior antiopam definitionem delenit mazim legere legimus senectus etiam accumsan.\n\n', 108, 1693400662000, 1693400662000, 0);
INSERT INTO wiki_pages (parentId, textId, wikiId, name, views, publishAt, displayOrder, id, createdAt, updatedAt, version) VALUES (105, 108, 71, 'sub 1', 0, 1677456622000, 0, 107, 1693520542000, 1693520542000, 0);
INSERT INTO texts (hash, content, id, createdAt, updatedAt, version) VALUES ('57a62ec6814b2c54b69386158f08a509a970f80ea1f2724fa4b9bc89d0836576', '# ligula integer nonumy habitant dolor dictumst.\n\npropriae.\n\nlaoreet melius imperdiet sale malesuada sem commune purus mnesarchum discere nonumes.\n\ninciderint menandri consequat eum persecuti rutrum mollis ius assueverit.\n\nmaiestatis nonumy eu reprehendunt tristique consul adversarium noster nihil graeci senserit liber inani bibendum tristique atomorum congue leo elitr.\n\ndicat alterum ornatus iuvaret constituam persius aliquet adipisci pericula posuere oratio nobis graece harum voluptatum sit venenatis scelerisque.\n\neloquentiam in mea postea errem primis petentium nibh simul imperdiet eam pharetra.\n\nvehicula tempus elementum.\n\nbrute pro cras sumo similique tincidunt dolor mentitum maximus novum inciderint splendide.\n\nnumquam maluisset luctus reprehendunt.\n\ndapibus vitae moderatius integer facilisis morbi his natum sed risus iudicabit volutpat eleifend.\n\ngraece magnis eum liber assueverit a instructior fames accumsan.\n\nmaecenas bibendum.\n\n', 110, 1693640422000, 1693640422000, 0);
INSERT INTO wiki_pages (parentId, textId, wikiId, name, views, publishAt, displayOrder, id, createdAt, updatedAt, version) VALUES (105, 110, 71, 'sub 2', 0, 1677576502000, 1, 109, 1693760302000, 1693760302000, 0);
INSERT INTO texts (hash, content, id, createdAt, updatedAt, version) VALUES ('2bfbd8a5cb43c6db4d0e2d093bc2d4fee4176afd2e4de2d8afa2d48b80c5496f', '# neque conclusionemque viverra.\n\ndicta mentitum aptent accusata sale menandri mi maximus referrentur erroribus.\n\nconstituam periculis volutpat posuere constituto fastidii has euripidis felis sumo mei pulvinar melius gravida neque percipit facilis habitasse utroque vivendo.\n\nconvallis omittantur pretium porttitor bibendum volutpat fermentum elaboraret eruditi tamquam an etiam faucibus.\n\nnonumes expetendis invidunt scelerisque fuisset splendide eirmod gloriatur altera sanctus ornare.\n\nvituperata docendi massa malorum nonumes sociosqu.\n\nipsum pri etiam.\n\nhis ius voluptatibus pri magnis facilisi nisi vix.\n\npertinacia accusata justo discere alienum repudiandae proin ocurreret mediocritatem lobortis utroque his dictum reque natum mollis.\n\naliquet cetero senectus solet himenaeos tamquam vehicula cum.\n\ncongue placerat.\n\n', 112, 1693880182000, 1693880182000, 0);
INSERT INTO wiki_pages (parentId, textId, wikiId, name, views, publishAt, displayOrder, id, createdAt, updatedAt, version) VALUES (105, 112, 71, 'sub 3', 0, 1677696382000, 2, 111, 1694000062000, 1694000062000, 0);
INSERT INTO texts (hash, content, id, createdAt, updatedAt, version) VALUES ('839c3e4cc26e8983e2d9346c8f0cb3f0bc75f215e76f0f89ed5173de01251088', '# debet luptatum dicant ligula fuisset eos vidisse.\n\nmandamus ultricies atqui morbi nibh semper necessitatibus hinc id.\n\nin auctor neque quas libris repudiare eloquentiam iudicabit aeque interesset ocurreret rhoncus habitasse.\n\nius prompta maiestatis sumo nam lorem fermentum epicuri possim adipisci disputationi.\n\nposuere disputationi mentitum commodo quot eius graeci maximus facilis tamquam.\n\nerat usu falli ultrices assueverit cubilia intellegat ancillae commune ut nibh himenaeos torquent pri iudicabit morbi inceptos.\n\nnam nulla felis labores sociis theophrastus tractatos senectus explicari alterum.\n\npertinax malorum mnesarchum noluisse salutatus veri assueverit causae dicant dico cursus aliquet nam fames.\n\nfacilis alia est perpetua aliquam eloquentiam adolescens vitae maluisset luctus.\n\nfacilisi assueverit quo.\n\npopulo verterem maecenas populo indoctum oporteat harum curae no quisque alia nullam donec delicata senectus et intellegebat laudem deseruisse.\n\nnostrum.\n\nomnesque sale volumus eleifend ridens vocibus blandit.\n\npossit eloquentiam epicuri inciderint dicit percipit lacinia urbanitas tacimates altera curabitur tellus condimentum hac ea graecis montes.\n\nius eum tamquam euismod.\n\nomittam te quaestio quaerendum signiferumque penatibus verear volumus feugait tritani adipisci.\n\n', 114, 1694119942000, 1694119942000, 0);
INSERT INTO wiki_pages (parentId, textId, wikiId, name, views, publishAt, displayOrder, id, createdAt, updatedAt, version) VALUES (111, 114, 71, 'leaf 1', 0, 1677816262000, 0, 113, 1694239822000, 1694239822000, 0);
INSERT INTO texts (hash, content, id, createdAt, updatedAt, version) VALUES ('a0d4d17d9b32887510e58c3ed406cce5cc60253edcdfdd5179a766d0b63dd671', '# natum appetere.\n\nfringilla putent brute.\n\nlaoreet ornare quaestio contentiones affert recteque tritani eu usu tritani ludus nunc odio eruditi qui dolores porttitor veritus.\n\nneglegentur.\n\ndeserunt periculis utamur lorem tale qui vim cu in harum maximus melius mediocritatem eum platonem.\n\npostulant quis velit dictas ea instructior gubergren conclusionemque integer quaestio corrumpit adversarium oporteat ante pellentesque netus maiestatis feugait netus.\n\npharetra dictas.\n\nblandit elaboraret dictum adversarium fringilla.\n\ntractatos odio dapibus consul posuere dolor possim malorum amet suavitate.\n\nquo sapientem vivendo laoreet mauris labores utamur ornatus aeque rhoncus signiferumque ornare te nec vim.\n\nscripta.\n\naliquip pretium habemus tacimates usu mauris senserit at suspendisse vivamus principes liber mattis detracto molestie persecuti fastidii.\n\nelit splendide altera.\n\ndicam nisi quo ridens nisi nostra instructior laudem fabulas meliore vim patrioque voluptatum.\n\nintellegat viverra lobortis felis rutrum tincidunt donec eam unum imperdiet.\n\n', 116, 1694359702000, 1694359702000, 0);
INSERT INTO wiki_pages (parentId, textId, wikiId, name, views, publishAt, displayOrder, id, createdAt, updatedAt, version) VALUES (111, 116, 71, 'leaf 2', 0, 1677936142000, 1, 115, 1694479582000, 1694479582000, 0);
INSERT INTO texts (hash, content, id, createdAt, updatedAt, version) VALUES ('1570aa73c2ea943eebe5e7cdbf80067f31027841fb364cedf5f8e487cb1b4436', '# euismod invenire usu petentium evertitur qualisque legimus consequat pharetra.\n\ndefiniebas risus hinc referrentur gloriatur adipiscing auctor egestas.\n\nnisi percipit malesuada oporteat et mediocrem impetus sumo senserit alterum fugit cubilia urna volumus urna dicunt mollis.\n\npellentesque gubergren ante ex tortor altera mollis at.\n\ntortor sed accumsan sadipscing.\n\nputent vestibulum antiopam alia.\n\nvivamus iuvaret lacus lectus non praesent lacinia conubia dissentiunt.\n\npertinacia orci nonumes veritus quot.\n\nadolescens an splendide option congue has mentitum dictas idque dictumst periculis dolorem reprehendunt unum cum invidunt.\n\ndefiniebas magna causae pri civibus porro felis cursus utamur fusce.\n\nfabulas erroribus offendit epicurei nisl maximus possim reformidans sollicitudin dignissim usu convallis sodales mucius reformidans nonumy.\n\ndiscere vix eget ut eum bibendum.\n\nsingulis expetenda mattis iusto elaboraret hac deterruisset error varius ullamcorper debet periculis adipisci at.\n\nmnesarchum tacimates non montes placerat cetero cetero quisque iudicabit electram per condimentum voluptaria ipsum vocibus.\n\npraesent taciti adhuc pretium.\n\ndefiniebas pertinax elementum deseruisse sale scripta condimentum pertinax omnesque tacimates amet montes quo tempus porttitor maiorum.\n\nduo saperet dis animal petentium vitae invidunt veri mutat.\n\n', 118, 1694599462000, 1694599462000, 0);
INSERT INTO wiki_pages (parentId, textId, wikiId, name, views, publishAt, displayOrder, id, createdAt, updatedAt, version) VALUES (111, 118, 71, 'leaf 3', 0, 1678056022000, 2, 117, 1694719342000, 1694719342000, 0);
INSERT INTO texts (hash, content, id, createdAt, updatedAt, version) VALUES ('c94026b28879a0f8409cbf44f9addb13be15f7401714bc3431844f3218b305e1', '# adipisci non meliore tacimates etiam quot ius populo liber veniam.\n\nmnesarchum malesuada aliquip numquam sapien decore dicit persius oratio lectus aliquam iaculis mandamus atqui nostrum.\n\nno eripuit taciti mel posidonium fastidii vitae decore turpis.\n\nscripta mandamus dolorum adipisci facilisi venenatis elitr adversarium libero regione habitasse.\n\ndeterruisset.\n\nnostra urbanitas reprimique venenatis mutat et.\n\nlatine nascetur habitasse ornare bibendum luctus.\n\nmus legimus eros commodo possit volumus maiestatis mazim rhoncus petentium bibendum saperet ullamcorper platea eleifend constituam.\n\noratio.\n\nvero tale possim tibique consectetur singulis invenire platea sale dignissim saepe dolore eum elit.\n\nplatonem vim est cu quaestio eos senserit oratio eget sapientem elit dolor mus urna postea voluptatibus.\n\nmandamus vivendo tibique epicuri justo ornatus definiebas sodales luptatum.\n\nlabores nostra definitiones non reformidans dissentiunt perpetua saepe luctus.\n\nconsequat amet dicant vitae populo curae voluptatum tantas.\n\n', 120, 1694839222000, 1694839222000, 0);
INSERT INTO wiki_pages (parentId, textId, wikiId, name, views, publishAt, displayOrder, id, createdAt, updatedAt, version) VALUES (105, 120, 71, 'sub 4', 0, 1678175902000, 3, 119, 1694959102000, 1694959102000, 0);
INSERT INTO navigations (name, icon, url, blank, displayOrder, id, createdAt, updatedAt, version) VALUES ('Sample Tutorial', 'magic', '/wiki/71', false, 3, 351, 1695078982000, 1695078982000, 0);
INSERT INTO navigations (name, icon, url, blank, displayOrder, id, createdAt, updatedAt, version) VALUES ('Discuss', 'commenting-o', '/discuss', false, 5, 352, 1695198862000, 1695198862000, 0);
INSERT INTO navigations (name, icon, url, blank, displayOrder, id, createdAt, updatedAt, version) VALUES ('External', 'external-link', 'https://weibo.com/', true, 6, 353, 1695318742000, 1695318742000, 0);
INSERT INTO settings (settingGroup, settingKey, settingValue, id, createdAt, updatedAt, version) VALUES ('Website', 'name', 'iTranswarp', 354, 1695438622000, 1695438622000, 0);
