-- generated initial data

USE it;

INSERT INTO users (role, email, name, imageUrl, lockedUntil, id, createdAt, updatedAt, version) VALUES ('ADMIN', 'admin@itranswarp.com', 'admin', '/static/img/admin.png', 0, 1279672790810656, 1556880337564, 1556880337564, 0);
INSERT INTO local_auths (userId, passwd, salt, id, createdAt, updatedAt, version) VALUES (1279672790810656, '78d5e71030003ac42acb7940724587dac55bd39e69a35c5a3f9cb438f72c043e', 'e43c4c3d60e8646783a908538fda9b5cd6beb89f0aa7660b171f39d428a2dfe5', 1279672790810688, 1556880337569, 1556880337569, 0);
INSERT INTO users (role, email, name, imageUrl, lockedUntil, id, createdAt, updatedAt, version) VALUES ('EDITOR', 'editor@itranswarp.com', 'editor', '/static/img/user.png', 0, 1279672790810720, 1556880337569, 1556880337569, 0);
INSERT INTO local_auths (userId, passwd, salt, id, createdAt, updatedAt, version) VALUES (1279672790810720, 'bc20bc3521dab6114bec2ac80cc2812b2126246af4a0190e3c70c5518d0b92d0', 'dc0c1cfd21bf9d4a6319ba474f0e6471e8be1ce6384fe677ca45982ed87d695b', 1279672790810752, 1556880337570, 1556880337570, 0);
INSERT INTO users (role, email, name, imageUrl, lockedUntil, id, createdAt, updatedAt, version) VALUES ('CONTRIBUTOR', 'contributor@itranswarp.com', 'contributor', '/static/img/user.png', 0, 1279672790810784, 1556880337570, 1556880337570, 0);
INSERT INTO local_auths (userId, passwd, salt, id, createdAt, updatedAt, version) VALUES (1279672790810784, 'c9cf6446702a2efea92203a5ca560bd3315cb3ad68224714cdfec885f75bee28', 'c23e5f70a61bfd8db92bfd80e1827e9c546247b73b74357cb5bcb59211a0337c', 1279672790810816, 1556880337571, 1556880337571, 0);
INSERT INTO users (role, email, name, imageUrl, lockedUntil, id, createdAt, updatedAt, version) VALUES ('SPONSOR', 'sponsor@itranswarp.com', 'sponsor', '/static/img/user.png', 0, 1279672790810848, 1556880337571, 1556880337571, 0);
INSERT INTO local_auths (userId, passwd, salt, id, createdAt, updatedAt, version) VALUES (1279672790810848, '01bb07a13cf3b5353c1e476aa3cde29f827c4651651f653fa4626ad3d4cc4889', '0baebf6a1bdcbf32d8d0adb0dcbd34fcb55493628a28696e546a2357090797fd', 1279672790810880, 1556880337571, 1556880337571, 0);
INSERT INTO users (role, email, name, imageUrl, lockedUntil, id, createdAt, updatedAt, version) VALUES ('SUBSCRIBER', 'subscriber@itranswarp.com', 'subscriber', '/static/img/user.png', 0, 1279672790810912, 1556880337571, 1556880337571, 0);
INSERT INTO local_auths (userId, passwd, salt, id, createdAt, updatedAt, version) VALUES (1279672790810912, '58fb74bcbc792706e58e803d388dacf3a1802d30e35388b32492641d3d5fd4a2', 'c3f7067890a5d9f1147f2b207bd8951b7f1a1f3cf69fcf9dfb0050b7676a7875', 1279672790810944, 1556880337572, 1556880337572, 0);
INSERT INTO texts (hash, content, id, createdAt, updatedAt, version) VALUES ('b194ffc2ec1096efc1a45b24a975db0e8e0f3ce02c445efa4742f15ac0d0a4c8', '# accumsan inani.\n\nconubia equidem pellentesque sumo consetetur sale laudem vulputate ubique posidonium sale orci diam facilisis moderatius interesset errem dui amet meliore.\n\nadipisci dicit curabitur nostrum novum equidem pericula veri debet tantas dolore epicuri quas discere nibh debet placerat lectus pretium.\n\npertinacia rutrum laoreet diam definitionem ponderum mandamus dictum.\n\nmelius tractatos ad dis simul ut persequeris arcu adhuc nisi imperdiet mauris utamur neglegentur suscipit.\n\nlorem senserit mattis sodales euripidis percipit vocibus nascetur dolorem sanctus constituam.\n\nocurreret maluisset usu audire veritus dicta eget urbanitas minim facilis definitiones platonem posuere.\n\naliquip efficitur patrioque eloquentiam adolescens et.\n\nsociosqu enim an id feugiat pertinax amet movet moderatius recteque at atomorum reprimique mollis nascetur sed.\n\npopulo aliquam cubilia sollicitudin suscipiantur lorem.\n\ntota intellegebat affert intellegat fastidii.\n\nlobortis graece oratio libris sociis vidisse wisi ludus gravida partiendo.\n\npropriae voluptatibus metus usu repudiare varius simul amet.\n\ndefiniebas doctus iusto animal omittantur wisi commodo volumus gloriatur fugit aliquet primis doming vituperatoribus consul dis aliquip utinam.\n\nmagna arcu class mazim moderatius ullamcorper ea eripuit alterum nulla habitasse.\n\nwisi dicunt causae maiestatis percipit erroribus ludus pulvinar dico numquam facilisi litora vituperata sumo fermentum minim recteque.\n\ncondimentum nunc comprehensam verear voluptaria quot vivendo pharetra.\n\nperpetua solet eirmod duis patrioque convallis delectus.\n\ndetraxit postea placerat.\n\nagam wisi.\n\n', 1279672790810976, 1556880337572, 1556880337572, 0);
INSERT INTO single_pages (textId, tags, name, publishAt, id, createdAt, updatedAt, version) VALUES (1279672790810976, 'help,doc', 'Help', 1556880337546, 1279672790811008, 1556880337572, 1556880337572, 0);
INSERT INTO navigations (name, icon, url, blank, displayOrder, id, createdAt, updatedAt, version) VALUES ('Help', 'plane', '/single/1279672790811008', false, 2, 1279672790814496, 1556880337573, 1556880337573, 0);
INSERT INTO categories (name, tag, description, displayOrder, id, createdAt, updatedAt, version) VALUES ('Sample', 'sample', 'Java Series', 0, 1279672790811040, 1556880337574, 1556880337574, 0);
INSERT INTO navigations (name, icon, url, blank, displayOrder, id, createdAt, updatedAt, version) VALUES ('Sample', 'coffee', '/category/1279672790811040', false, 0, 1279672790814528, 1556880337575, 1556880337575, 0);
INSERT INTO resources (hash, encoding, content, id, createdAt, updatedAt, version) VALUES ('10cefe320c9e49a9a0ba13bf870c3b5dcd572ff0032ea941b2f659e9e712bfe4', 'BASE64', '/9j/4QAYRXhpZgAASUkqAAgAAAAAAAAAAAAAAP/sABFEdWNreQABAAQAAAAKAAD/4QMsaHR0cDovL25zLmFkb2JlLmNvbS94YXAvMS4wLwA8P3hwYWNrZXQgYmVnaW49Iu+7vyIgaWQ9Ilc1TTBNcENlaGlIenJlU3pOVGN6a2M5ZCI/PiA8eDp4bXBtZXRhIHhtbG5zOng9ImFkb2JlOm5zOm1ldGEvIiB4OnhtcHRrPSJBZG9iZSBYTVAgQ29yZSA1LjUtYzAxNCA3OS4xNTE0ODEsIDIwMTMvMDMvMTMtMTI6MDk6MTUgICAgICAgICI+IDxyZGY6UkRGIHhtbG5zOnJkZj0iaHR0cDovL3d3dy53My5vcmcvMTk5OS8wMi8yMi1yZGYtc3ludGF4LW5zIyI+IDxyZGY6RGVzY3JpcHRpb24gcmRmOmFib3V0PSIiIHhtbG5zOnhtcD0iaHR0cDovL25zLmFkb2JlLmNvbS94YXAvMS4wLyIgeG1sbnM6eG1wTU09Imh0dHA6Ly9ucy5hZG9iZS5jb20veGFwLzEuMC9tbS8iIHhtbG5zOnN0UmVmPSJodHRwOi8vbnMuYWRvYmUuY29tL3hhcC8xLjAvc1R5cGUvUmVzb3VyY2VSZWYjIiB4bXA6Q3JlYXRvclRvb2w9IkFkb2JlIFBob3Rvc2hvcCBDQyAoTWFjaW50b3NoKSIgeG1wTU06SW5zdGFuY2VJRD0ieG1wLmlpZDpCODQ5NDA1RTQyMDUxMUU5OTk4RkJCNjMyNTY5RTk2QSIgeG1wTU06RG9jdW1lbnRJRD0ieG1wLmRpZDpCODQ5NDA1RjQyMDUxMUU5OTk4RkJCNjMyNTY5RTk2QSI+IDx4bXBNTTpEZXJpdmVkRnJvbSBzdFJlZjppbnN0YW5jZUlEPSJ4bXAuaWlkOjEzOTcxQUQ1NDIwNTExRTk5OThGQkI2MzI1NjlFOTZBIiBzdFJlZjpkb2N1bWVudElEPSJ4bXAuZGlkOjEzOTcxQUQ2NDIwNTExRTk5OThGQkI2MzI1NjlFOTZBIi8+IDwvcmRmOkRlc2NyaXB0aW9uPiA8L3JkZjpSREY+IDwveDp4bXBtZXRhPiA8P3hwYWNrZXQgZW5kPSJyIj8+/+4ADkFkb2JlAGTAAAAAAf/bAIQAFBAQGRIZJxcXJzImHyYyLiYmJiYuPjU1NTU1PkRBQUFBQUFERERERERERERERERERERERERERERERERERERERAEVGRkgHCAmGBgmNiYgJjZENisrNkREREI1QkRERERERERERERERERERERERERERERERERERERERERERERERERE/8AAEQgBaAKAAwEiAAIRAQMRAf/EAI4AAQADAQEBAAAAAAAAAAAAAAACAwQFAQYBAQEAAwAAAAAAAAAAAAAAAAABAgMEEAEAAgADAwgDDQgDAAAAAAAAAQIRAwRREhMhMUFhUuJTk4HRkpGhscHhIkJicqLSFAXwcTIjM0NjJIKyoxEBAAEDAwQDAQAAAAAAAAAAAAERUQIxEiJhobED8EEycf/aAAwDAQACEQMRAD8A+jAdDlAAAAAAAAAAAAAAAAAAAAAAAAAAAAAAAAAAAAAAAAAAAAAAAAAAAAAAAAAAAAAAAAAAAAAAAAAAAAAAAAAAAAAAAAAAAAAAAAAAAAAAAAAAAAAAAAAAAAAAAAAAAAAAAAAAAAAAAAAAAAAAAAAAAAAAAAAAAAAAAAAAAAAAAAAAAAAAAAAAAAAAAAAAAAAAAAAAAAAAAAAAAAAAAAAAAAAAAAAAAAAAAAAAAAAAAAAAAAAAAAAAAAAAAAAAAAAAAAAAAAAAAAAAAAAAAAAAAAAAAAAAAAAAAAAAAAAAAAAAAAAAAAAAAAAAAAAAAAAAAAAAAAAAAAAAAAAAAAAAAAAAAAAAAAAAAAAAAAAAAAAAAAAAAAAAAAAAAAAAAAAAAAAAAAAAAAAAAAAAAAAAAAAAAAAAAAAAAAAAAAAAAAAAAAAAAAAAAAAAAAAAAAAAAAAAAAAAAAAAAAAAAAAAAAAAAAAAAAAAAAAAAAAAAAAAAAAAAAAAAAAAAAAAAAAAAAAAAAAAAAAAAAAAAAAAAAAAAAAAAAAAAAAAAAAAAAAAAAAAAAAAAAAAAAAAAAAAAAAAAAAAAAAAAAAAAAAAAAAAAAAAAAAAAAAAAAAAAAAAAAAAAAAAAAAAAAAAAAAAAAAAAAAAAAAAAAAAAAAAAAAAAAAAAAAAAAAAAAAAAAAAAAAAAAAAAAAAAAAAAAAAAAAUX1Na24dYm9+xSMZ9PRHpmErQiK6LxXGXq78sZdKfbvjP3Y+N7+W1e3K9y3rTdDPZKYhwNZHhT6bR8UozXV158qs/ZzPXEG6DZktFE596/wBTKzK/8d7/AKzKP57K6d7HZw7+pd0JtmzSM/5qd6sbl4red2LWjd5cJnmnl6NjQRNUmJjUAVAAAAAAAAAAAAAAAAAAAAAAAAAAAAAAAAAAAAAAAAAAAAAAAAAAAAAAAAAAAAAAAAAAAFefmxk5dsyeXCObbsgELb+ozOBlTu4cuZePoxsj60+9HLsdLI0+Xp67mXEVj9ufbLFp6W0mTM4b+ZhN7RH0r/tyR1L9PrJtlZeZn1nKvmTu7k7Z6GiZrLpjGkNYy8bP/M8Phxwd3Hib30tmDUigAAAMH6rH8mL9NL0tHtRHwS8S/VZ/kbvTa+XX70ItmDV7PoAbGoAAAAAAAAAAAAAAAAAAAAAAAAAAAAAAAAAAAAAAAAAAAAAAAAAAAAAAAAAAAAAAAAAAZdbaIjLrPTmZfJtws1MuoreM3KvlWit5mcvljGMJjGdnZ2sctGWH6h0VOdpsvUTE5sTO7/DhaYwnbHX1qorq6fTpf7VZr8EynWNXPLu5WH2rfhaXQ20mIiK444bedPFycjUZ+5FbZV7Z3LvYxu1iftTyYR1Yr4rrOzle3b8IroDn7us7OV7dvwqtR+epl2tWKYxHNXetPo5ubnEdV5NojpcyuuysIiJveY2ZdsZ95VqM3UTu4RwaXtuYzhN+WJ6OaObrnqBbqsyNRn1y68tcr595+th82PfmfcWK8rKrk13KRhHw9c9axuxikOfKayAMmIAAAAAAAAAAAAAAAAAAAAAAAAAAAAAAAAAAAAAAAAAAAAAAAAAAAAAAAAAAAAAAAAAAz5v9fJj61p+5LQz5vJn5E/WtHu0ljloyw/UNdf47fuhPT5k4UrtxRis70z0TEGXXCK489Wl0NghW8T+9MEL23cOucClpmbRPRL21d7DqnErXCZnaCHEmK2tsnBl/U/4cqf8ALT42uleeJ6Zlk/U+bKj/AC1+CZISdHgDocwAAAAAAAAAAAAAAAAAAAAAAAAAAAAAAAAAAAAAAAAAAAAAAAAAAAAAAAAAAAAAAAAAAAA5+qtmZudGXl2ivD3czHDGcZxw9GHO6DDn6fN4s5uVuzForExaZjmx6pP7oRX61e7+pn+77mXU3tR40+xVXw9T2K+Z3Xm5qexXzPkKYWK+y/hbvanxvuVexfUx/en2K+pTuanw48z5Dh6nsV8zulMLFfZfwu4mp8a3sU9RxNT41vZp6lPC1PYr5ndOHqexXzO6UwsV9l13E1PjW9inqV5tc/N3d7Omd2d6PmV58MNnWjwtT2K+Z3ThansV8zulMLFfZfwl/seL/wCcH+z4seXHrR4Wp7FfM7pwtT2K+Z3V4/Kpy6dksdT4tfL+Ux1PiV8vvI8PU9ivmd04ep7FfM7px+VOXTsnvarxKeX3je1Xbp5c/iQ4ep7FfM7puanw48yPUcTl07OkAigAAAAAAAAAAAAAAAAAAAAAAAAAAAAAAAAAAAAAAAAAAAAAAAAAAAAAAAAAAAAAAAAAAAAAAAAAAAAAAAAAAAAAAAAAAAAAAAAAAAAAAAAAAAAAAAAAAAAAAAAAAAAAAAAAAAAAAAAAAAAAAAAAAAAAAAAAAAAAAAAAAAAAAAAAAAAAAAAAAAAAAAAAAAAAAAAAAAAAAAAAAAAAAAAAAAAAAAAAAAAAAAAAAAAAAAAAAAAAAAAAAAAAAAAAAAAAAAAAAAAAAAAAAAAAAAAAAAAAAAAAAAAAAAAAAAAAAAAAAAAAAAAAAAAAAAAAAAAAAAAAAAAAAAAAAAAAAAAAAAAAAAAAAAAAAAAAAAAAAAAAAAAAAAAAAAAAAAAAAAAAAAAAAAAAAAAAAAAAAAAAAAAAAAAAAAAAAAAAAAAAAAAAAAAAAAAAAAAAAAAAAAAAAAAAAAAAAAAAAAAAAAAAAAAAAAAAAAAAAAAAAAAAAAAAAAAAAAAAAAAAAAAAAAAAAAAAAAAAAAAAAAAAAAAAAAAAAAAAAAAAAAAAAAAAAAAAAAAAAAAAAAAAAAAAAAAAAAAAAAAAAAAAAAAAAAAAAAAAAAAAAAAAAAAAAAAAAAAAAAAAAAAAAAAAAAAAAAAAAAAAAAAAAAAAAAAAAAAAAAAAAAAAAAAAAAAAAAAAAAAAAAAAAAAAAAAAAAAAAAAAAAAAAAAAAAAAAAAAAAAAAAAAAAAAAAAAAAAAAAAAAAAAAAAAAAAAAAAAAAAAAAAAAAAAAAAAAAAAAAAAAAAAAAAAAAAAAAAAP//Z', 1279672790811072, 1556880337575, 1556880337575, 0);
INSERT INTO attachments (userId, resourceId, size, width, height, name, mime, id, createdAt, updatedAt, version) VALUES (1279672790810656, 1279672790811072, 3468, 640, 360, 'img-0', 'image/jpeg', 1279672790811104, 1556880337575, 1556880337575, 0);
INSERT INTO resources (hash, encoding, content, id, createdAt, updatedAt, version) VALUES ('f1a7d878def8e70293eeb1d26ea20d4e47bc7e07edd0b142545df4bfd26d80c9', 'BASE64', '/9j/4AAQSkZJRgABAgAAZABkAAD/7AARRHVja3kAAQAEAAAACgAA/+EDLGh0dHA6Ly9ucy5hZG9iZS5jb20veGFwLzEuMC8APD94cGFja2V0IGJlZ2luPSLvu78iIGlkPSJXNU0wTXBDZWhpSHpyZVN6TlRjemtjOWQiPz4gPHg6eG1wbWV0YSB4bWxuczp4PSJhZG9iZTpuczptZXRhLyIgeDp4bXB0az0iQWRvYmUgWE1QIENvcmUgNS41LWMwMTQgNzkuMTUxNDgxLCAyMDEzLzAzLzEzLTEyOjA5OjE1ICAgICAgICAiPiA8cmRmOlJERiB4bWxuczpyZGY9Imh0dHA6Ly93d3cudzMub3JnLzE5OTkvMDIvMjItcmRmLXN5bnRheC1ucyMiPiA8cmRmOkRlc2NyaXB0aW9uIHJkZjphYm91dD0iIiB4bWxuczp4bXBNTT0iaHR0cDovL25zLmFkb2JlLmNvbS94YXAvMS4wL21tLyIgeG1sbnM6c3RSZWY9Imh0dHA6Ly9ucy5hZG9iZS5jb20veGFwLzEuMC9zVHlwZS9SZXNvdXJjZVJlZiMiIHhtbG5zOnhtcD0iaHR0cDovL25zLmFkb2JlLmNvbS94YXAvMS4wLyIgeG1wTU06RG9jdW1lbnRJRD0ieG1wLmRpZDowNUJDMkU1QTQyMDIxMUU5OTk4RkJCNjMyNTY5RTk2QSIgeG1wTU06SW5zdGFuY2VJRD0ieG1wLmlpZDowNUJDMkU1OTQyMDIxMUU5OTk4RkJCNjMyNTY5RTk2QSIgeG1wOkNyZWF0b3JUb29sPSJBZG9iZSBQaG90b3Nob3AgQ0MgKE1hY2ludG9zaCkiPiA8eG1wTU06RGVyaXZlZEZyb20gc3RSZWY6aW5zdGFuY2VJRD0ieG1wLmlpZDo3MEZERjI3OTJCRDgxMUU2OUIyREM0OUM4MTBDNDI3MyIgc3RSZWY6ZG9jdW1lbnRJRD0ieG1wLmRpZDo3MEZERjI3QTJCRDgxMUU2OUIyREM0OUM4MTBDNDI3MyIvPiA8L3JkZjpEZXNjcmlwdGlvbj4gPC9yZGY6UkRGPiA8L3g6eG1wbWV0YT4gPD94cGFja2V0IGVuZD0iciI/Pv/uAA5BZG9iZQBkwAAAAAH/2wCEABQQEBkSGScXFycyJh8mMi4mJiYmLj41NTU1NT5EQUFBQUFBREREREREREREREREREREREREREREREREREREREQBFRkZIBwgJhgYJjYmICY2RDYrKzZERERCNUJERERERERERERERERERERERERERERERERERERERERERERERERERP/AABEIAWgCgAMBIgACEQEDEQH/xACAAAEAAwEBAQAAAAAAAAAAAAAAAQMEAgUGAQEBAQEAAAAAAAAAAAAAAAAAAQIDEAEAAgIABAMEBwYFBAMAAAAAAQIRAyExEgRBUWFxgSITkaGxwTJyBdFCUoIjFPDhkqIz8bLCU6OzFREBAQEBAQEAAAAAAAAAAAAAAAERMSEC/9oADAMBAAIRAxEAPwD64BzbAFAAAAAAAAAAAAAAAAAAAAAAAAAAAAAAAAAAAAAAAAAAAAAAAAAAAAAAAAAAAAAAAAAAAAAAAAAAAAAAABAAAAAAAAAAAAAAAAAAAAAAAAAAAAAAAAAAAAAAAAAAAAAAAAAAAAAAAAAAAAAAAAAAAAAAAAUAAAAAEAAAAABQAAAAAAAAAAAQAFAAAAAAAAAAADmAAAAAByAA5AByEABQAAAAAAAQAFABAAUAAAAAAAAAAAAA5gAAAAACAAoAAAAASAAAAgAAAAAAAAAAAAAAcgAAAAAOYABzAAAAAAAAAAAAAAAAAAAAAAAAAAAAAA5AAAAAAcwAAUOYCAAoAIACgAAAAAAAgAKACAAoAIAAACgAgAKACAAoAIAAAAAAACgAAAgAAAAAKAAACAAoAIACgAgAKAAACAAAAAAoAAAIACgAgAKAAAAAAAAAAAAAAAAAAAAAAAAAAAAAAAAAAAAAAAAAAAAAAAAAAAAAAAAAAAAAAAAAAAAAAACAAAAoAAAAAIACgAgAKAAACABkAAAAAAAAAAAAAAAAAAAAAAAAAAAAAAAAAAAAAAAAAAAAAAAAAAABQAAAQAAAAAAAFABAAUAEABQAQAFAyAAAAAAAAAAAACAAoAAAAjORT3dbW1W6JmLdMzXHnhRo/UNdtfVe2LViOvh58p96DcKY7jXFIvNois8OPDitraLRmOMeaiQABR3Hd6u36Y2WiJtOI/x9/Jf7EAAABQAAAAAAAAAAAQAFABAAUAAAAAEABQAAAQAAAFABAAAAAAUAJQAFABAAAAAAUAAAEABQAQAAAFAGXdstW1aa8RNotOZ48sevqIv2bK64zeYiPWXzunVbdWuY6a2+HqrjjEZmOrOZz8MY98cnvae0pFvmTM2v/FM/sxDJ/Z7pts1xiuuJ6tVufGefj6zzLPDVOzt+nha02paLzETj8WJnMcPze9u7LZFtUVieNY6Z8+Dyuz32vsmmyOnptN8eMRMXmZn6Y+lr01jXsrujlaba/TE2tMT9kJFbtvc69M1recTbhVcw91+n07i8bJmYnlb1hX3P6lXVnXqxa/DEZ4fT9Pj4Kizv+wjuppbxrMZ/L+36Pa2xGOEPjtXf7J7uNl/gmZ5Y8Orly+t9fTZGysXrxiYiYB2Kb76UvWkzEWtn6oyuhFAFABAAUAEABQAAAQAFABAAAAAAAAUAEABQAAAAAAAQAAAFABAAAAAAUAEABQAAAQAAAFABAAAAAU9z29O4rNNnL0XCjLq7a+mvTrviI84jH7Svc7pvOvorMxHPqn7On72ll7aZt3W2P4Yr9cESuN/a111veIxs3TWl5iZ5cvsROiOiNVZ5RGJ9a8l/6jovv0TSnC3CY+lm7GJpqilpzaJtE+2MtSesfV8aO32/0p6541zW38v+XF4+f7ms7Lxib8PZEf4y095snTXbbGa3r0z6Ty+vMK448Y+ln6mVZdjFr7H5VpmLZ4cOHKfDx/x6vS/RZnGykzmK3wqwu/SY6LbYnHGY5e9Gl+79M17bzaZmIv8A8kefl7OLdERBnPLxSoDnrjOM8XSKAAAAAAAAAAAAAAAAAKAAAAACAAAAAAAAAAoSAAAgAAAAAAAAAAAKACAAAAAAAAoAIACgAgAKDP2dc32X/inH+nMNCrs5+CfPq2f99liVomHjWrsjuLbY4aovj3zEV+2XtMvfxadNopE2tOOmI88tMsUz8/bOivGIms7M+63vy1z+m9vac9ER+Xh9h2Pbzq15vGNluN5+yPXDYdOPOt+lauHRNq+fx25eX4mbs/0y2vudk7Yi2uYnp6vi/e4c+L2hMGPb2VZjOnGu/wDFWPu8WDf3t72/tKZjd+9MTw+n15+mfPg9t5f6j2fzb0vWei1p6JtjPDFp5e1LFlUf/mWnXPVaPmTx6sZ/6+2fat/T98zNtWzMTExiJnqxmOWfHz/mx4M99NuzmJnE+PXWOnOOM1mI9InzWbo6e6jb/D0f7pms/UxytPWEcktAAAAgAKAAACABKgAAAAAAAgAAAKGAEAAAAABQAQAAAAAAAAAAAFAAAAAAABAAUAAAAAEABQQlAE2iOc4YNXc11btlZtHROJrPhE+OZ9c8HXb0+fbZG6ZzW0xWMzHw+HJ1ns4iaz04mcT1Rzmvt8lZb44kvP1b4rurr13m9Ji0TmcxExyxPj4+MtHdXvXo+XOJm2OPH923sXUaEsVtvc1/ci3s+H75V/3fdf8Ao/8AkqauPRc7NldcZtOIedfvu4pNYtqivVPTGbZ4+5H6h86NM3tNcVmJxFZ9n8U+ao9Nm7mc2118erP1WaYnLFidnc2vn4aR0RHrzz9eEqsndzbbvinOkdNf5pnj/smTuJi+y2PxTOukR78z9EWynPGLz/7bZ+usfcjRpm/c26o/48W9vVXH3MfXcWPUj1SIlVSAgAAAAAAAKACAAoAAAIACgAAAgAAAKACAAoAIACgAASAACAAAAoAQgAAAAAKAAAAACAAoAAAAy77TpvXbEZicUt7Oefdx+lxfbPax18LaZmZzHh1cfDOeM+Tazbey1bPDE+PTEQIndMYpeOUWrx/N8P3uu5421fn/APGznuYiuqccq9M/6ZhF7dUabedon/ZYhWhICq92qNtZrPjDjVsr3NJpfhaMddfX9mV7NovG3be8cIr/AE/fnj9yxK77TdE1+VMx10jFo8fT6UdvOJvWecXt9fH72bt6RbbTd+9s6rz+Xw+2FsVm3d2vH4a06J9vC32HUZ+6xptNbf8AFsmc+mY4z9TmItWZ22nNtcxWZ/irP7Mzyd992eqbT3G29ojpxjMdM+nHz8mPse320mmq9omM9V+eYx+GPZw8fXCUe9AiEjSEggAAAKACAAAHIAAkAAAAABQAQDmCgAAHIQAAAFAAA5ggAKHqAgAAAAHIAAAOYCgAgAKACAAoAAAIACgAgAKKO8j+hs/Lb7FNJ/pdt/L/APXZZ3tojVMTwiZrE++0KtM/M3R0/wDHrr0x+b2eyRG4EZwKq7nfGiuedp+Gses8lG3RHRXtYnGYza3jiuOPtmcO9lqW2zN/w6q9U+2Z5+7plRN9lNdts8b7Jjojyrzx5cOIjrXeNU7O6vPwR8NY8sT0z9MxEtPb0mtM2/FaZtPtnjj3cvcoitbWr2/ONcZt5csR9ufc2g5tWt4xaMx5SU1V1x00iKx6Rh0CoSSIAcwABQAAAAAQAADkCgAgHIAAAAACQUAAAAAAAAAAAEAAABQAQAFAAAAAAAAABAAUAAAEABQAABAIveuuOq8xER4zwRXZW8dVZiYnxhh/VqdeqI48/CJnwnniJ+HzZJv3Ea6bKUmOqnT0UiYxOa/u+EcJwg9m8V2R0WiJjylzX5WqsxXFaxzxwiPN4Oie4tstWk3nbThabT8EfDMfTM9Ph6utXbdzauyL9fXMTExn4Z+KJ+zy4eCo93XtptjOu0WjOM1nLL/c7tm6aaoiddZiLzPPlnhx8pjwWdp29dWmKRHTMxGceeOLFTtNmj51tc3m/PXM28enHsmf8kV6GztdW23XaMzjznj7vFO7TG6IjM1ms5iazj0eZ2+zfF7xEbei1Z6J2Rx64+yJzHOPBN9fda61+XNptanxdU5xbNfo8Qelo1a9cT0cc855zPtWvDveadvM9t835kRXq6uvPrjq4Zzzx6tnZ9zPcbdk5noicViYx+7Xjjn4yD0REJUAAAEABQAQAFABAAUAAAAAAAAAEAAABQAQAFAAABAAUAAAAAAAEABQAQAAAADmCgAgAABIoAIAAACgACina012vsp+K8x1e5Z8WMOxBx8RGXeDmDj4nUZ8UmAROZjEcJUdr23yYmbW6r2t1Wnlx4R90NGRQAAAQAFABADkKAAACAAAAoAAAhBICgAgAKAAAAAAAAACAAAAoAAAAAIAAAAACgAgAKACAAAAAAoAIACgAAAAAAAAAAAAAgAAAAAKACAAoAIAAAAAAACgAAAAAgAAAAAKACAAoAAAIACgAgAKACAAAAoAIAAAAACgAgAAAAAKACAAoAAAAAAAAAIAAACgAAAAAgAAAAAKACAAAAoAIAAAAAAACgAAAAAgAKACAAoAAAIAAAAACgAgAAAKAAACAAoAAAAAIACgAgAKAAACAAAAAAoAIAAAAACgAAAgAAAKACAAAAAAoAAAIACgAgAKAAACAAAAAAoBzAAAIAQAgAAUAEADmAAoAIBgAAFAAABAAUAAAEDmAoAAAIACgAgAcgAAAFAAABAAUAEABQAQAFABAAUAAAAAEABQAAAAAQAFAAAAAAABAAUAAAAAEABQAAAQAFABAAUAAAAAEAAABQAQAAAFAAAAAAAAABAAUAAAAAAAAAEABQAAAAAQAFABAAAAUAEABQAAAAOQAAIAAACgAAAgAAAAAAAKAAACAAoAAAAAIACgAAAAAAAAAgAAAAAKACAAAAAAAAAAoAAAIGAAAAAAAFABAAUEAgkBQAQAAAFAAAAAADAAACAAAAAAoAIAAAAACgAgAKAAACAAAAoAA//Z', 1279672790811136, 1556880337576, 1556880337576, 0);
INSERT INTO attachments (userId, resourceId, size, width, height, name, mime, id, createdAt, updatedAt, version) VALUES (1279672790810656, 1279672790811136, 4554, 640, 360, 'img-1', 'image/jpeg', 1279672790811168, 1556880337577, 1556880337577, 0);
INSERT INTO resources (hash, encoding, content, id, createdAt, updatedAt, version) VALUES ('440392a23d56a425a41ade3c9e8cf9941179f05ac0dbe22f666f754c2050bfd3', 'BASE64', '/9j/4AAQSkZJRgABAgAAZABkAAD/7AARRHVja3kAAQAEAAAACgAA/+EDLGh0dHA6Ly9ucy5hZG9iZS5jb20veGFwLzEuMC8APD94cGFja2V0IGJlZ2luPSLvu78iIGlkPSJXNU0wTXBDZWhpSHpyZVN6TlRjemtjOWQiPz4gPHg6eG1wbWV0YSB4bWxuczp4PSJhZG9iZTpuczptZXRhLyIgeDp4bXB0az0iQWRvYmUgWE1QIENvcmUgNS41LWMwMTQgNzkuMTUxNDgxLCAyMDEzLzAzLzEzLTEyOjA5OjE1ICAgICAgICAiPiA8cmRmOlJERiB4bWxuczpyZGY9Imh0dHA6Ly93d3cudzMub3JnLzE5OTkvMDIvMjItcmRmLXN5bnRheC1ucyMiPiA8cmRmOkRlc2NyaXB0aW9uIHJkZjphYm91dD0iIiB4bWxuczp4bXBNTT0iaHR0cDovL25zLmFkb2JlLmNvbS94YXAvMS4wL21tLyIgeG1sbnM6c3RSZWY9Imh0dHA6Ly9ucy5hZG9iZS5jb20veGFwLzEuMC9zVHlwZS9SZXNvdXJjZVJlZiMiIHhtbG5zOnhtcD0iaHR0cDovL25zLmFkb2JlLmNvbS94YXAvMS4wLyIgeG1wTU06RG9jdW1lbnRJRD0ieG1wLmRpZDowNUJDMkU1RTQyMDIxMUU5OTk4RkJCNjMyNTY5RTk2QSIgeG1wTU06SW5zdGFuY2VJRD0ieG1wLmlpZDowNUJDMkU1RDQyMDIxMUU5OTk4RkJCNjMyNTY5RTk2QSIgeG1wOkNyZWF0b3JUb29sPSJBZG9iZSBQaG90b3Nob3AgQ0MgKE1hY2ludG9zaCkiPiA8eG1wTU06RGVyaXZlZEZyb20gc3RSZWY6aW5zdGFuY2VJRD0ieG1wLmlpZDo3MEZERjI3OTJCRDgxMUU2OUIyREM0OUM4MTBDNDI3MyIgc3RSZWY6ZG9jdW1lbnRJRD0ieG1wLmRpZDo3MEZERjI3QTJCRDgxMUU2OUIyREM0OUM4MTBDNDI3MyIvPiA8L3JkZjpEZXNjcmlwdGlvbj4gPC9yZGY6UkRGPiA8L3g6eG1wbWV0YT4gPD94cGFja2V0IGVuZD0iciI/Pv/uAA5BZG9iZQBkwAAAAAH/2wCEABQQEBkSGScXFycyJh8mMi4mJiYmLj41NTU1NT5EQUFBQUFBREREREREREREREREREREREREREREREREREREREQBFRkZIBwgJhgYJjYmICY2RDYrKzZERERCNUJERERERERERERERERERERERERERERERERERERERERERERERERERP/AABEIAWgCgAMBIgACEQEDEQH/xACOAAEAAgMBAQAAAAAAAAAAAAAABAUBAwYCBwEBAQEBAQEAAAAAAAAAAAAAAAEDAgQFEAEBAAECAwUFBQUHAwUBAAAAAQIRAyExBEFRcRIF8GGBwSKRobEyE9HhQnIGUmKCoiNDFDNTc/GSstIkNBEBAQACAgEFAQEAAAAAAAAAAAERAiExA0FRYRIyE1L/2gAMAwEAAhEDEQA/AOhAfPekAAAAAAAAAAAAAAAAAAAAAAAAAAAAAAAAAAAAAAAAAAAAAAAAAAAAAAAAAAAAAAAAAAAAAAAAAAAAAAAAAAAAAAAAAAAAAAAAAAAAAAAAAAAAAAAAAAAAAAAAAAAAAAAAAAAAAAAAAAAAAAAAAAAAAAAAAAAAAAAAAAAAAAAAAAClAClAAAAAAAAAAAAAClAClAClAClAAAAgAQgAQgAQgAQ7gA7juADuAAAAAAAAIAEIAEAAAAAAAApQApQAAAAAAAhAAhAAAAAAAAAApQApQAAAAAAAAA7zvADvO8AKUAKUAKUAKUAAACABCABCABCABAAAAAAAAAAAACABCABAAAAAAAAAAAAAAAAACEACEAAAAAAAAAClAClAAAAAAAAAAAAAClAClAAAAAAAAAAAAAAAAAAAAAAAAAAAAAAAAAAAAAAAAAAAAAAAAAAAAAAAAAAAAAAAAAAAAAAAAAAAAAAAAAAAAAAAAAAAAgAQgAQAAAAAAAAAAAAgAQgAQAAAAAAAClAClAAAAAAAAIQAIQAAAAAAAAAKUAKUAAAAAAAAAO87wA7zvAClAClAClAClAAAAgAQgAQgAQgAQAAAAAAAAAAAAgAQgAQAAAAAAAAAAAAAAAAAAAAAAAAAAAAAClAClAAAAAAAAAAAAAClAClAClAClAAAAgAQgAQgAQgAQ7gA7juADuAAAAAAAAIAEIAEAAAAAAAApQApQAAAAAAAAAAAAAAAAAAAAAAAAAAAAAAAAAAAAAAAAAAAAAAAAAAAAAAAAAAAAAAAAAAAAAAAAAAAAAAAAAAAAAAPE8QA8TxAD29vbwPb29vAAPb29vA8AA8DwADwPAAPA8AA8DwAAAAAAAAAAAAADwPAAPA8AAAAAAAAAAAAAAAAAAAAAAAAAAAAAAAAAAAAAAAAAAAA8TxADxPEAAAAAAAAAAAAAAAApQApQAAAAAAAAAAAAApQApQApQApQAAAIAEIAeJCAeJ4kIB4hDuADuO4AO4AAAAAAAPEIB4niQgHieJADxPEAPE9vb28QA9vb28T29vbxADwPApQPA8ClAAAAAAACEACEAAAAAAAAAClAClAAAAAAAAADvO8AO87wApQApQApQApQAAAIAEIAEIAEIAEAAAAAAAAAAAAIAEIAEAAAAAAAAAAAAAAAAAAAAAAAAAAAAAAAAAAAAAAAAAAAAAAAAAAAAAAAAAAAAAAAAAAAAAAAAAAAAAAAAAAAAAAAAAAAAAAAAAAAAAAAAAAAAAA5nMAOZzAAAAAAAAAAAAADmcwA5nMAAAAAAAAAAAgAQgAQAAAAAAAAAAAADmAR4y3cJfLxuXbMZrZr+HxPNuc/wBLP/L/APZ1NbUzHsjXN/DXy5a4ZXszmn2dn2Vs5JZZ2uQ5AgcgAAecsvL2a23SQnI9HGsTHHbtu9uzXhLjNMZLfv8AvbP+L090zy4y6aebLKy68uFung2nivrXH3jwc+TdOh6e/wC3j/7Y8zoely444Y8O3Hs+xf4/Kff4a6N2PRbeP5PNL/NlfutsRc8c9iee5Tc2u3L+Ke/hw0nby041zfFZ8rN5WwBk7AAAhAAhAAAAAAAAAApQApQAAAAAAAAA7zvADvO8AKUAKUAKUAKUAAACABCABCABCABAAAAAAAAAAAB43crjjbrpymvdr+x70YsmUsvGXhYTi8jZ1Ny6fbn6Okty7bx48eGtmt92vLkiY+qZXDK2ayeaTKTTjjh5vy34+3Fst3MZcNMdzbv8GfOfHjr7pp8Xr/lY4Y657NxxnP8AJZpy7+7uevXfW9VjZUnC49TjcdyS8csfLePCWxF28bjrhzmOVxxvu/dy1+L3ubuWedx2tMZ5ZbnONsy7uz8WMcZjNJ7e338XHls/Pq60l7ZPE0QOq9V2untww+vOcLJynjf2MJLemluO0/mKPDHr+uvmxtwxvKz6Z+2pm50d6Xbuee9uZZ8seNv1Xl9Pb8exp/P55cfZYaPGcylm5t6XLHXhe2ds93Z+DMx3s+OO3p/Plp+Gqs6j1TPYz8uU287/AHMrw8eBrptLmLdosMsem63c45aZWaXDLhdey8e7Wzhw4t2PQTG53zX6pZ4a/jp2dyjx6jq+vsmG3j5LeFuOsnxy4fZFlt/rbV/T3rLPL5r+n5sbLPC9vZppyvBt9sds8Z6S8OgmGeOcyumMnDw17dffre9ien+XLzTL+PLc0s/tfOacL2d1R9vHcyxn6mWWM5yTO68ePHLn7tNbJ72ybdxusyz4d+5lfml8uq/Sk9O8s1y3LNLjlbppxmvHu1uv3PG3lMcLtbGXmxty+rT6Z5rrz7dOXDn2tmeGOf55L48XrTg4vl/zFmnuxjjMZMZyk0jIMGgAAAAAAAAAAAAAAHM5gBzOYAAAAAAAAAfM+YAfM+YAczmAHM5gBzOYAczmAAAByADkcgA5HIAORyADkfIAPkfIAPkAAAAAAAHMIAACPNnLb3P1McpNvTTLHTSSe6/t76r+p9a8tuOxjrp/Fly+E/el+qzXp7PNMe3jefu9v3ofoW3sZ+bzyXclnl83d3xvpJZ9tuXFuLiM7HQ9Z1f1b+dxwy5468/8PKe2sWnT+ndPsSTHCWz+LLjdUrKZWaY3S96L0HUXdmeOX+3ncJe+Tlr73aM9TuYbWWP6m7cJlwxnDTh79Pmreu9awymmxLbLMvNeE4fej+uXLLenO4SaTu17fj3rXofTtnZwxysmed0vm5/YvE5c98K7Z6fr+r+rczywxvfdP8s0+9ZbHpPTbE/L5r358f3fcmbmVxxtxmt7J7djz0+eO7t45bd82NnC95m1cSPWW5jhpLdNeEiFvdJeo387hnlhnMcLjljf5uc7Wd/Z3d3qNrc2L9OOsz46Sz5+3JM/4OOW7N/PXzyaTS6TT5/EkS1Wzd6npfp6rDXH/u4cv8X7UzGzKTLG6zss5LCzXheMQOr6PHb2rudPPJlhrn5ceEy91nK6/a528WeYs39wa+m35v7eO7jNJlOTY81mK1AAAAApQApQAAAIAEIAEIAEIAEIAAAAAAAAAAAAAEIAEIAAAAAAAAAAAAAAAAAAAAAAAAAAAADGsk1vCTtapN7qeGxpht3/AHMuOv8ALPnfhrwrZsdP+tnnnuaZbc+nHHs4c7e+69/LRY6dz0ePx+tZ7bekQZ0fTdNhM97TK4/7m7xv235Oe9NzmXXTKcdbn+Fddnt47k8ucmU7rNUXD0zpsN2b2GExyndwn2cm2PZnl682vCcb7jY6PHa1vblbldOWt/H4pGX0TXGa6dkcp6j6h1uWdmXm2sZdJJrP83b+CSSdrblYeu9VszZ/4+Nnn1x+nHs09uR6Fncunst10y0n2RT9H6bv9bfNjNMbzzy9uLqej9O2ulw8mOt15+bj93JbMkuGeOfDGazvvJnpuhw6bbm1jrcZ3pQTWRLcsaaMg6QYvGIHqfW7fT7Vnm0z4aYy/VzVuz/UG5u7+OHkkwysx07eN011Bv8ATtcdvLDswz3MZ8KlonRc973buaW8O/6r0a9AMuVYAAAAAAAAAAAAAAAAAAAAAAAAAAAAAAAAAAAAAAAAAAAAAAAAAAAAAAAAAAAAJzOwBTdfv5Y9Nj5LZ/q7nK6crWvpvXuo2ZMdzTcnv4X7Wvrbr0+3f7+9/wDJXPdr0897df03rnTb/DK+TLuz/asplLNY+fPW3u57N823lcb3yukfQDSOY6X+odzDTHfx80/tY8L+/wC50HTdVt9Vh59q6z8EG/QBQAAAByPqPSbm71m55MbZrjreyayLXofQ9vYym7uXz5zjj2Sfv+Kx62T9HL4fjEhyqk6Lnv8A/mzS0Xovzb//AJc0p5N/1W+vQGgzUAUAAAAAAAAAAAAAAAAAAAAAAAAAAAAAAAAAAAAAAAAAAAPEAPE8QA8QAAAAAAAAAADsCMzmDnOqn/5drScJnuzv7e9XrHqpJ0uEknDd3J7e18Vc92vTz0AdIOj/AKa/JufzT8HOOk/pr8m5/NPwQXwCgADR1PUTp8ZnZbNZLp2a9t907Vdh61s7+/ht43KTzc9OGWvCTv58mz1jek6bcwxv1SY6z3W6OX6THXf25354/ig7TrP+jl8Pxje0buzrtfp7c05SeEbsspjLlldJONtBUdJNLu3v3c0lq2LLjcpyyyzynhcrp9vNteLf9V6J0UByoAAAAAAAAeAAeB4AB4HgAAAAAAAAAAAAAAAAAHgeBzOYHgeBzOYAAAAAAAAAAAAAAAAAAAAAAAAAAB2gCl6/buPTXXs3sv8ANNVOv+svn/U6fPTGZ3HPbzv5dZJwt+Cj3NrPb/NNNeV7L4Xt+D2aXiMNpy8ANHI6X+mv+lufzfJzTp/6bn+jnf7/AMoguwFAAGvd2sd3DLDKcMppUDpfSen6K3e1tsn5s7OHt3vXUeq7OEuO1/q7nZjt/V9tQLsdT1t16vLy4f8Aaw+ftfg422mvbqS3pP3/AFXbxlx2J+rn3YcZx5a5ckPLpuo6nKZdTufTLrdrCfT4e/4xL29vHbxmGE0xnZHvm8+3kt64jSaSdsEBk7CAAAAAAAAAAAAAAABSgBSgAAAAAAAAAAAABSgBSgBSgBSgAAAQAIQAIQIBCEIBDuIAdx3AB3AAAAAAAADLAMxG3ulm5LJw83PG8cb8OGnjLOPPVIFzZ0Yc71Hp9w82WM007MrwnLlneGU+y9+qBlhljp5pZrNZq7G8EPe6DHKWbfCc/JnPNhr+OP8Ahsba+X02Z3T2czydT/Ts06fL+e/hFXv+lzHG563b07Mp5sfhcdbp/NNe9eej7U2enmPmmWtuWuN1nFvNpemeMLEQ8/UtjHK7eN82c/hwmv7p8ar9ydV1nDdy/S2/7GF+q+OSXeTsktT9/wBU2Nrhjl+pn2Ybf1X7lbubXV9b/wD0Zfpbf/bw5/G/+s9yXtbOGzj5duTGe5sYbeW3rhrNJ6te1s4bOPk25MZ7mzQGLsAAoABPkAAAAAAAAAAAAAAAAAAAAAAAAAAAAAAAAAAAAQgAQgAAAAAAAFAClACgAAAAAAAAAAAAAAAACv3/AEna38/1JbjbePl9vbmsOQstnM4LMtXT9Nh02H6e3NJ2++tpBLzyAAFDsAAEAKKAAAAAAAAAAAAAAAAAAAAAAAAAAAAAAAAAAAAAAAAAAAAAAAAAAAAAAAAAAAAAAAAACAAoAAAAAAAAAIACgAAAD//Z', 1279672790811200, 1556880337578, 1556880337578, 0);
INSERT INTO attachments (userId, resourceId, size, width, height, name, mime, id, createdAt, updatedAt, version) VALUES (1279672790810656, 1279672790811200, 5082, 640, 360, 'img-2', 'image/jpeg', 1279672790811232, 1556880337578, 1556880337578, 0);
INSERT INTO resources (hash, encoding, content, id, createdAt, updatedAt, version) VALUES ('a1b2369523a030c91bda13dcf872c04b29542589ac2f920a91fee34dfe00a5c4', 'BASE64', '/9j/4QAYRXhpZgAASUkqAAgAAAAAAAAAAAAAAP/sABFEdWNreQABAAQAAAAKAAD/4QMsaHR0cDovL25zLmFkb2JlLmNvbS94YXAvMS4wLwA8P3hwYWNrZXQgYmVnaW49Iu+7vyIgaWQ9Ilc1TTBNcENlaGlIenJlU3pOVGN6a2M5ZCI/PiA8eDp4bXBtZXRhIHhtbG5zOng9ImFkb2JlOm5zOm1ldGEvIiB4OnhtcHRrPSJBZG9iZSBYTVAgQ29yZSA1LjUtYzAxNCA3OS4xNTE0ODEsIDIwMTMvMDMvMTMtMTI6MDk6MTUgICAgICAgICI+IDxyZGY6UkRGIHhtbG5zOnJkZj0iaHR0cDovL3d3dy53My5vcmcvMTk5OS8wMi8yMi1yZGYtc3ludGF4LW5zIyI+IDxyZGY6RGVzY3JpcHRpb24gcmRmOmFib3V0PSIiIHhtbG5zOnhtcD0iaHR0cDovL25zLmFkb2JlLmNvbS94YXAvMS4wLyIgeG1sbnM6eG1wTU09Imh0dHA6Ly9ucy5hZG9iZS5jb20veGFwLzEuMC9tbS8iIHhtbG5zOnN0UmVmPSJodHRwOi8vbnMuYWRvYmUuY29tL3hhcC8xLjAvc1R5cGUvUmVzb3VyY2VSZWYjIiB4bXA6Q3JlYXRvclRvb2w9IkFkb2JlIFBob3Rvc2hvcCBDQyAoTWFjaW50b3NoKSIgeG1wTU06SW5zdGFuY2VJRD0ieG1wLmlpZDpDRDQ2NTJFMjQyMDQxMUU5OTk4RkJCNjMyNTY5RTk2QSIgeG1wTU06RG9jdW1lbnRJRD0ieG1wLmRpZDpDRDQ2NTJFMzQyMDQxMUU5OTk4RkJCNjMyNTY5RTk2QSI+IDx4bXBNTTpEZXJpdmVkRnJvbSBzdFJlZjppbnN0YW5jZUlEPSJ4bXAuaWlkOkNENDY1MkUwNDIwNDExRTk5OThGQkI2MzI1NjlFOTZBIiBzdFJlZjpkb2N1bWVudElEPSJ4bXAuZGlkOkNENDY1MkUxNDIwNDExRTk5OThGQkI2MzI1NjlFOTZBIi8+IDwvcmRmOkRlc2NyaXB0aW9uPiA8L3JkZjpSREY+IDwveDp4bXBtZXRhPiA8P3hwYWNrZXQgZW5kPSJyIj8+/+4ADkFkb2JlAGTAAAAAAf/bAIQAFBAQGRIZJxcXJzImHyYyLiYmJiYuPjU1NTU1PkRBQUFBQUFERERERERERERERERERERERERERERERERERERERAEVGRkgHCAmGBgmNiYgJjZENisrNkREREI1QkRERERERERERERERERERERERERERERERERERERERERERERERERE/8AAEQgBaAKAAwEiAAIRAQMRAf/EAHQAAQADAQEAAAAAAAAAAAAAAAABAwQCBQEBAQEBAQEAAAAAAAAAAAAAAAECBAMFEAEAAgIAAwgDAQEAAAAAAAAAAQIRA1GRBCExQXESUjMU0TITYUIRAQEAAgICAgMAAAAAAAAAAAABEQIhEjEDQVFhMhP/2gAMAwEAAhEDEQA/APYAafSAAAAAAAAAAAAAAAAAAAAAAAAAAAAAAAAAAAAAAAAAAAAAAAAAAAAAAAAAAAAAAAAAAAAAAAAAAAAAAAAAAAAAAAAAAAAAAAAAAAAAAAAAAAAAAAAAAAAAAAAAAAAAAAAAAAAAAAAAAAAAAAAAAAAAAAAAAAAAAAAAAAAAAAAAAAAAAAAAAAAAAAAAAAAAAAAAAAAAAAAAAAAAAAAAAAAAAAAAAAAAAAAAAAAAAAAAAAAAAAAAAAAAAAAAAAAAAAAAAAAAAAAAAAAAAAAAAAAAAAAAAAAAAAAAAAAAAAAAAAAAAAAAAAAAAAAAAAAAAAAAAAAAAAAAAAAAAAAAAAAAAAAAAAAAAAAAAAAAAAAAAAAAAAAAAAAAAAAAAAAAAAAAAAAAAAAAAAAAAAAAAAAAAAAAAAAAAAAAAAAAAAAAAAAAAAAAAAAAAAAAAAAAAAAAAAAAAAAAAAAAAAAAAAAAAAAAAAAAAAAAAAAAAAAAAAAAAAAAAAAAAAAAAAAAAAAAAAAAAAAAAAAAAAAAAAAAAAAAAAAAAAAAAAAAAAAAAAAAAAAAAAAAAAAAAAAAAAAAAAAAAAAAAAAAAAAAAAAAAAAAAAAAAAAAAAAAAAAAAAAAAAAAAAAAAAAAAAAAAAAAAAAAAAAAAAAAAAAAAAAAAAAAAAAAAAAAAAABMW9M55u7a5zivbHgjPbF5Vi6OmvPgi3T3jwVO+v2qFlY9GbT4d3mr7xqXIAKAAAAAAAAAAAAAAAAAAAAAAAAAAAAAAAAAAAAAAAAAAAAAAAAAAAAAAAAAAAAAAAAAAAAAAA71U9dogS3Eyt6fp/X227m+tYrGI7iIxGIZ9Oi2u82m0zlHFtt25y0gIw4vrrsjEvP3aZ1T/jVXReNs7JtOOGVu2nrrMK9NN+t/DywmMTgV2gAAAAAAAAAAAAAAAAAAAAAAAAAAAAAAAAAAAAAAAAAAAAAAAAAAAAAAAAAAAAAAAAAAACEu9VPXaIEtxy4W9Nsprtm8xEY8W/+FMYwzatVY2zWYiYiEeF9k21sXfc0e+vM+5o99ebv+NPbHI/jr9schz8K/uaPfXmfc0e+vNZ/HX7Y5H8dftjkhwr+5o99eZ9zR7683f8AHXH/ADHJzOqntjkpww7Ji1pms5iXDTXVFtk8I8F9tVLRjA6v6TXEeeExjsFewAAAAAAAAAAAAAAAAAAAAAAAAAAAAAAAAAAAAAAAAAAAAAAAAAAAAAAAAAAAAAAAAAAu6b5IUrum+SBnf9a9Jmp89vL8NLLT57eX4Rxa/LUgRM4RlKJthzNuDkEzOUQhMAp1/JZdCjX8ll8De3mPOt3z5oTbvnzQ07Z4ABQAAAAAAAAAAAAAAAAAAAAAAAAAAAAAAAAAAAAAAAAAAAAAAAAAAAAAAAAAAAAAAABd03yQpMzHbE4niJtMzD2GWnz28vwo+9sxj0xnjnsT0kzN5mZzOEck0sltbpthxM5Jco8koAEJhBAKtfyWXQxbL217JtXlxTbq72j01r6Z45V7XS2yq7d8+aAV1zwAAAAAAAAAAAAAAAAAAAAAAAAAAAAAAAAAAAAAAAAAAAAAAAAAAAAAAAAAAAAAAAAAAAAOte2dU+qIzxhyCWZmGyvV6tkxWJ7Z8FrFp/ePNtZce+s1qvZvpqxF5xlNNldkeqk5juU9T3x5O+m/SfMLpOvZZPYpnrNUfrOZ4RErp7pYBfXpNibTacz3yA07JMcAAAAAAAAAAAAAAAAAAAAAAAAAAAAAAAAAAAAAAAAAAAAAAAAAAAAAAAAAAAAAAAAAAAAAACEgO9U4vGeLdMdrzp4Oo37qxiLRj/Y7Uw8PZpdvC7qpj1RHCHXTfrMeOWSI4zmeMpi1qz6qTiRbpevX5b7dkTM8GAtfZs/eezhEYBfXpdfIAr1AAAAAAAAAAAAAAAAAAAAAAAAAAAAAAAAAAAAAAAAAAAAAAAAAAAAAAAAAAAAAAAAAAAAAAAAAAAAAAAAAAAAAAAAAAAAAAAAAAAAAAAAAAAAAAAAAAAAAAAAAAAAAAAAAAAAAAAAAAAAAAAAAAAAAAAAAAAAAAAAAAAAAAAAAAAAAAAAAAAAAAAAAAAAAAAAAAAAAAAAAAAAAAAAAAAAAAAAAAAAAAAAAAAAAAAAAAAAAAAAAAAAAAAAAAAAAAAAAAAAAAAAAAAAAAAAAAAAAAAAAAAAAAAAAAAAAAAAAAAAAAAAAAAAAAAAAAAAAAAAAAAAAAAAAAAAAAAAAAAAAAAAAAAAAAAAAAAAAAAAAAAAAAAAAAAAAAAAAAAAAAAAAAAAAAAAAAAAAAAAAAAAAAAAAAAAAAAAAAAAAAAAAAAAAAAAAAAAAAAAAAAAAAAAAAAAAAAAAAAAAAAAAAAAAAAAAAAAAAAAAAAAAAAAAAAAAAAAAAAAAAAAAAAAAAAAAAAAAAAAAAAAAAAAAAAAAAAAAAAAAAAAAAAAAAAAAAAAAAAAAAAAAAAAAAAAAAAAAAAAAAAAAAAAAAAAAAAAAAAAAAAAAAAAAAAAAAAAAAAAAAAAAAAAAAAAAAAAAAAAAAAAAAAAAAAAAAAAAAAAAAAAAAAAAAAAAAf/Z', 1279672790811264, 1556880337579, 1556880337579, 0);
INSERT INTO attachments (userId, resourceId, size, width, height, name, mime, id, createdAt, updatedAt, version) VALUES (1279672790810656, 1279672790811264, 3102, 640, 360, 'img-3', 'image/jpeg', 1279672790811296, 1556880337579, 1556880337579, 0);
INSERT INTO resources (hash, encoding, content, id, createdAt, updatedAt, version) VALUES ('0f184778fdd4273749c379b248de0413607a81930ecf71521b715cf700fb9c6d', 'BASE64', '/9j/4QAYRXhpZgAASUkqAAgAAAAAAAAAAAAAAP/sABFEdWNreQABAAQAAAAKAAD/4QMsaHR0cDovL25zLmFkb2JlLmNvbS94YXAvMS4wLwA8P3hwYWNrZXQgYmVnaW49Iu+7vyIgaWQ9Ilc1TTBNcENlaGlIenJlU3pOVGN6a2M5ZCI/PiA8eDp4bXBtZXRhIHhtbG5zOng9ImFkb2JlOm5zOm1ldGEvIiB4OnhtcHRrPSJBZG9iZSBYTVAgQ29yZSA1LjUtYzAxNCA3OS4xNTE0ODEsIDIwMTMvMDMvMTMtMTI6MDk6MTUgICAgICAgICI+IDxyZGY6UkRGIHhtbG5zOnJkZj0iaHR0cDovL3d3dy53My5vcmcvMTk5OS8wMi8yMi1yZGYtc3ludGF4LW5zIyI+IDxyZGY6RGVzY3JpcHRpb24gcmRmOmFib3V0PSIiIHhtbG5zOnhtcD0iaHR0cDovL25zLmFkb2JlLmNvbS94YXAvMS4wLyIgeG1sbnM6eG1wTU09Imh0dHA6Ly9ucy5hZG9iZS5jb20veGFwLzEuMC9tbS8iIHhtbG5zOnN0UmVmPSJodHRwOi8vbnMuYWRvYmUuY29tL3hhcC8xLjAvc1R5cGUvUmVzb3VyY2VSZWYjIiB4bXA6Q3JlYXRvclRvb2w9IkFkb2JlIFBob3Rvc2hvcCBDQyAoTWFjaW50b3NoKSIgeG1wTU06SW5zdGFuY2VJRD0ieG1wLmlpZDowRjdGRjEzMzQyMDYxMUU5OTk4RkJCNjMyNTY5RTk2QSIgeG1wTU06RG9jdW1lbnRJRD0ieG1wLmRpZDowRjdGRjEzNDQyMDYxMUU5OTk4RkJCNjMyNTY5RTk2QSI+IDx4bXBNTTpEZXJpdmVkRnJvbSBzdFJlZjppbnN0YW5jZUlEPSJ4bXAuaWlkOjBGN0ZGMTMxNDIwNjExRTk5OThGQkI2MzI1NjlFOTZBIiBzdFJlZjpkb2N1bWVudElEPSJ4bXAuZGlkOjBGN0ZGMTMyNDIwNjExRTk5OThGQkI2MzI1NjlFOTZBIi8+IDwvcmRmOkRlc2NyaXB0aW9uPiA8L3JkZjpSREY+IDwveDp4bXBtZXRhPiA8P3hwYWNrZXQgZW5kPSJyIj8+/+4ADkFkb2JlAGTAAAAAAf/bAIQAFBAQGRIZJxcXJzImHyYyLiYmJiYuPjU1NTU1PkRBQUFBQUFERERERERERERERERERERERERERERERERERERERAEVGRkgHCAmGBgmNiYgJjZENisrNkREREI1QkRERERERERERERERERERERERERERERERERERERERERERERERERE/8AAEQgBaAKAAwEiAAIRAQMRAf/EAIoAAQACAwEAAAAAAAAAAAAAAAAEBQEDBgIBAQADAQEBAAAAAAAAAAAAAAABAgMEBQYQAQACAQIEBAMGBgIDAAAAAAABAgMRBCExEgVBUSITYXEy8IGRobFC0VJyIzMUwZIVBhYRAQACAgICAQMEAwAAAAAAAAABAhEDIRIxBEFRIhPwYcFC0TIj/9oADAMBAAIRAxEAPwC4AVYAAAAAAAAAAAAAAAAAAAAAAAAAAAAAAAAAAAAAAAAAAAAAAAAAAAAAAAAAAAAAAAAAAAAAAAAAAAAAAAAAAAAAAAAAAAAAAAAAAAAAAAAAAAAAAAAAAAAAAAAAAAAAAAAAAAAAAAAAAAAAAAAAAAAAAAAAAAAAAAAAAAAAAAAAAAAAAAAAAAAAAAAAAAAAAAAAAAAAAAAAAAAAAAAAAAAAAAAAAAAAAAAAAAAAAAAAAAAAAAAAAAAAAAAAAAAAAAAAAAAAAAAAAAAAAAAAAAAAAAAAAAAAAAAAAAAAAAAAAAAAAAAAAAAAAAAAAAAAAAAAAAAAAAAAAAAAAAAAAAAAAAAAAAAAAAAAAAAAAAAAAAAAAAAAAAAAAAAAAAAAAAAAAAAAAAAAAAAAAAAAAAAAAAAAAAAAAAAAAAAAAAAAAAAAAAAAAAAAAAAAAAAAAAAAAAAAAAAAAAAAAAAAAAAAAAAAAAAAAAAAAAAAAAAAAAAAAAAAAAAAAAAAAAAAAAAAAAAAAAAAAAAAAAAAAAAAAAAAAAAAAAAAAAAAAAAAAAAAAAAAAAAAAAAAAAAAAAAAAAAAAAAAAAAAAAAAAAAAAAAAAAAAAAAAAAAAAAAAAAAAAAAAAAAAAAAAAAAAAAAAAAAAAAAAAAAAAAAAAAAAAAAAAAAAAAAAAAAAAAAAAAAAAAAAAAAAAAAAAAAAAAAAAAAAAAAAAAAAAAAAAAAAAAAAAAAAAAAAAAAAAAAAAAAAAAAAAAAAAAAAAAAAAAAAAAAAAAAAAAAAAAAAAAAAAAAAAAAAAAAAAAAAAAAAAAAAAAAAAAAAAAAAAAAAAAAAAAAAAAAAAAAAAAAAAAAAAAAAAAAAAAAAAAAAAAAAAAAAAAAAAAAAAAAAAAAAAAAAAAAAAAAAAAAAAAAAAAAAAAAAAAAAAAAAAAAAAAAAAAAAAAAAAAAAAAAAAAAAAAAAAAAAAAAAAAAAAAAAAAAAAAAAAAAAAAAAAAAAAAAAAAAAAAAAAAAAAAAAAAAAAAAAAAAAAAAAAAAAAAAAAAAAAAAAAAAAAAAAAAAAAAAAAAAAAAAAAAAAAAAAAAAAAAAAAAAAAAAAAAAAAAAAAAAAAAAAAAAAAAAAAAAAAAAAAAAAAAAAAAAAAAAAAAAAAAAAAAAAAAAAAAAAAAAAAAAAAAAAAAAAAAAAAAAAAAAAAAAAAAAAAAAAAAAAAAAAAAAAAAAAAAAAAAAAAAAAAAAAAAAAAAAAAAAAAAAAAAAAAAAAAAMXvFIm1p0iBOM8Mivnu2OJ0iszHmm4stcteuk6xKZiY8tb6dmuO164iXsBDEAAAAAAAAAAAAAAAAAAAAAAAAAAAAAAAAAAAAAAAAAAAAAAAAAAAAAAAAAAAAAABB3ncIwz0UjW3j8ExEz4aa9dtlutIzKcK7ab7Jmv0TXq/p5wsSYmPKdmq2qet/IAhkAAAATOjRXeYbW6ItGrbTd7fHlnHuNNJrrx5OczTSb2nH9Gs9PyXrXPl6Hrep+WJ75rxmsulbdjucNr5MdpiLV/m8ldhy5ce39zLWdYj0zMfV5KO0zadZ4zPFNa+VtHqd5vFp/14iYb957fv39r6Oqel72Oe2HJpGs1n6oj9UV0v/rnt+1fT/J1cfl4NLcQ9P2JimmYtHaPD2Nm6mlM3RE8Zjq0a3O+bmJjyACAAAAAAAAAAAAAAAAAAAAAAAAAAAAAAAAAAAAAAAAAAAAAAAAAAAAAAAAAAAAHnJ7nTPtVm19OEQ5vJS9LTXJExbx15uv7Xlx5q3tSdZiemVD3zNTNuf7fHpiKzPxa044ev6MzS065r58z9GOz7zFtslve+m0aa+Sdi3tdxltFPp/b8fNz6Vsa5LZI9qNbRxWtXPLp9r1q2i23+2F8Hzb9vrrM1jW0RwYPAaBti2XLGu4p0erSJ84es05otFIxx7fHqn+UThoZrWbTERzlhjFvsO3zdOWdPTrEkRlNKTecVjKl7ptr7fPMZJi029UTHkj222WtPcmlop/NMcErfb6u63MZtPRWYiInxiJ/5X+77ngnbWvjtW0zGkV+fwdGZiIe9O3Zrrqr0zM8SlbLLO4xVzTHTrHJyPcYrG5yRTl1TyWv/wBBFcEUpWfdiOnX9sfFQTMzOs8ZlFYxKvq6bUte9o6x4iHvFivltFMcTa0+EPdb5tnk9OtLxzS+z7ym0zTbJ9No6dfJju+7x7rP14vpiIrr5rfOPh0za07PxTT/AJ48o9cufcZovEzbLMxo6K1LY56b8/HRzODLbDkrkp9VZ1hdbfuV97knriI0jhopeHD72qZiLViOtISgGLxQAAAAAAAAAAAAAAAAAAAAAAAAAAAAAAAAAAAAAAAAAAAAAAAAAAAAAAAAAB5z7XJuMN/anSY/P4PSJXcbrNnvtMFois85mOUacVqxy6NFJtbtGI6fdOVJXJan0zMa89J0WPZNlTdZp9yNa0jXTzmUffduy7G0RfSaz9Noe+27rJsrzmrWbY/pv5fi3nmOHv7J76rW0zzbxK67z2/D7E5aVitqeXDgruwZKxntjt++ukfcdy7zO8p7WOs1rztrzlVUm1bRNNeqOMaKxE4xLHVpvOi2vbxM+P2dZuMfRLVFprOscJU+bu2fcVit9I6eOsRpM6Lenr008dPzZWjDx92m2qY7fKXk1vniJ5cGnJlveZiZnTXkmzj/AL9beEQrrc5+arGWELLsYz7mlr/454W+7+KaJicLa9ltU9qecYVve9rhwXrXBXSdPVEcvgq4pPHhP4O6vaa9No0ikcbzPlp4FZ9ydY0nHMcNOerSLvRp7k1pFJjMx85UPZO24c9Jy5o6p16YrPgr+7bfHt9zamL6dInTy+DrK44pk0rw1jih5+2bLriMkaXvM6eqdZki3OTX7WNk7L56z/VyJETadIjWZ8IdZfsmypHVaNI85s34O2bfaWjJjiYty1181u8Oqfepj7YnKn7Jmwbabxn9OXWIjq/Rp3N7bDd3maxpf1aRPhK17vtYtivkxVjriNb3nnpHk5e2Sb21vM2n4z4Ec8q6qxvm2yfFoxav+HSUvGSsWrxiXppnfbW1qY9vGkTHLTTSfJuYzGHjbKTScTEx9MgCGQAAAAAAAAAAAAAAAAAAAAAAAAAAAAAAAAAAAAAAAAAAAAAAAAAAAAAAAA0UmdruP9msTato6bxHP5w3sxE2nSOMpicNKXmk8fPEwjdy3f8A5KsYNrWbTX12mY0/Vo2vcse32l9tkrPX6o0056+fydLjw1rWImI10YnbYpnWaVmf6YXz8O2u+vWNc0+2Jz55y4KIlc9jyVxXtHDrtEdM/q6WNvijlSv/AFh7ila8oiEzbLXb7c7KzTriJc9v9pbcZazSOM/XOn24rTa7WaR1TwmI9MSnMqOK1ptERPivhBjPn4zetYrHjE6oSXvM3VPRXlHP5oissLDzkiZjSvN6BV6xb+2Ont5adURwbKdzx446a0mI+5pDK3aW/Dv/AHc8cNInhzT8lIn+5MazWJmvDkocmK2vVVIp3HPjjS0RPzhOVot9UzbWjfYZjPWJjVM6OGk8dFVXus1jSKR+LzbuuWfpiI/MyntCHuN5utzTNhx01rEz1W+Hl9vB6wZdj/o9N+nq6Z1j93V8EradWT3YtEz1xrMR6dZ5c2Y7HtJtpEW0059f5NImHdTdrmvWYmkROY6/yrdjtLYNvO/i0dVYtpWY1jy4/FPpMzWJnnMQ3bjYYcNa9NeXD7fH4tSlpy5vY2/knP6x9ABVygAAAAAAAAAAAAAAAAAAAAAAAAAAAAAAAAAAAAAAAAAAAAAAAAAAAAAAANWXLNJ0hO2m+w6RW3pt+U/eizWLcJa5wVnlwExOF/ExMaxxhlz9KZMf0WmG339zH7/t+Ccr9l2KSNzuo/dH5E7ncz+6I+RlPaF1a0VjWZ0hWbnuUR6cXHzt/BCvTJk43tr8yNvHjJlWbNtbRaNYZYrEVjSGUKAAAAAAGgAMRN6W66Tx5aTye6bjJjnWlKRM+UPIJyxlvlzzE5JiIjlEMgAAIAAAAAAAAAAAAAAAAAAAAAAAAAAAAAAAAAAAAAAAAAAAAAAAAAAAAAAAAAAAAAAAAAAAAAAAAAAAAAAAAAAAAAAAAAAAAAAAAAAAAAAAAAAAAAAAAAAAAAAAAAAAAAAAAAAAAAAAAAAAAAAAAAAAAAAAAAAAAAAAAAAAAAAf/9k=', 1279672790811328, 1556880337579, 1556880337579, 0);
INSERT INTO attachments (userId, resourceId, size, width, height, name, mime, id, createdAt, updatedAt, version) VALUES (1279672790810656, 1279672790811328, 4338, 640, 360, 'img-4', 'image/jpeg', 1279672790811360, 1556880337579, 1556880337579, 0);
INSERT INTO resources (hash, encoding, content, id, createdAt, updatedAt, version) VALUES ('74320ce02334225a6b65279fe6714f2b12b65dfb5650de0102b2428288176119', 'BASE64', '/9j/4QAYRXhpZgAASUkqAAgAAAAAAAAAAAAAAP/sABFEdWNreQABAAQAAAAKAAD/4QMsaHR0cDovL25zLmFkb2JlLmNvbS94YXAvMS4wLwA8P3hwYWNrZXQgYmVnaW49Iu+7vyIgaWQ9Ilc1TTBNcENlaGlIenJlU3pOVGN6a2M5ZCI/PiA8eDp4bXBtZXRhIHhtbG5zOng9ImFkb2JlOm5zOm1ldGEvIiB4OnhtcHRrPSJBZG9iZSBYTVAgQ29yZSA1LjUtYzAxNCA3OS4xNTE0ODEsIDIwMTMvMDMvMTMtMTI6MDk6MTUgICAgICAgICI+IDxyZGY6UkRGIHhtbG5zOnJkZj0iaHR0cDovL3d3dy53My5vcmcvMTk5OS8wMi8yMi1yZGYtc3ludGF4LW5zIyI+IDxyZGY6RGVzY3JpcHRpb24gcmRmOmFib3V0PSIiIHhtbG5zOnhtcD0iaHR0cDovL25zLmFkb2JlLmNvbS94YXAvMS4wLyIgeG1sbnM6eG1wTU09Imh0dHA6Ly9ucy5hZG9iZS5jb20veGFwLzEuMC9tbS8iIHhtbG5zOnN0UmVmPSJodHRwOi8vbnMuYWRvYmUuY29tL3hhcC8xLjAvc1R5cGUvUmVzb3VyY2VSZWYjIiB4bXA6Q3JlYXRvclRvb2w9IkFkb2JlIFBob3Rvc2hvcCBDQyAoTWFjaW50b3NoKSIgeG1wTU06SW5zdGFuY2VJRD0ieG1wLmlpZDpCODQ5NDA2MjQyMDUxMUU5OTk4RkJCNjMyNTY5RTk2QSIgeG1wTU06RG9jdW1lbnRJRD0ieG1wLmRpZDpCODQ5NDA2MzQyMDUxMUU5OTk4RkJCNjMyNTY5RTk2QSI+IDx4bXBNTTpEZXJpdmVkRnJvbSBzdFJlZjppbnN0YW5jZUlEPSJ4bXAuaWlkOkI4NDk0MDYwNDIwNTExRTk5OThGQkI2MzI1NjlFOTZBIiBzdFJlZjpkb2N1bWVudElEPSJ4bXAuZGlkOkI4NDk0MDYxNDIwNTExRTk5OThGQkI2MzI1NjlFOTZBIi8+IDwvcmRmOkRlc2NyaXB0aW9uPiA8L3JkZjpSREY+IDwveDp4bXBtZXRhPiA8P3hwYWNrZXQgZW5kPSJyIj8+/+4ADkFkb2JlAGTAAAAAAf/bAIQAFBAQGRIZJxcXJzImHyYyLiYmJiYuPjU1NTU1PkRBQUFBQUFERERERERERERERERERERERERERERERERERERERAEVGRkgHCAmGBgmNiYgJjZENisrNkREREI1QkRERERERERERERERERERERERERERERERERERERERERERERERERE/8AAEQgBaAKAAwEiAAIRAQMRAf/EAHkAAQACAwEAAAAAAAAAAAAAAAADBAECBQYBAQEBAQAAAAAAAAAAAAAAAAACAQMQAQACAQIEAwYFBAEFAAAAAAABAgMRMSFBEgRRYdFxgZEiMlLwoUITBbHB4RTSYnIjM0MRAQEBAQEBAAAAAAAAAAAAAAABEQJRMf/aAAwDAQACEQMRAD8A7ADq4gAAAAAAAAAAAAAAAAAAAAAAAAAAAAAAAAAAAAAAAAAAAAAAAAAAAAAAAAAAAAAAAAAAAAAAAAAAAAAAAAAAAAAAAAAAAAAAAAAAAAAAAAAAAAAAAAAAAAAAAAAAAAAAAAAAAAAAAAAAAAAAAAAAAAAAAAAAAAAAAAAAAAAAAAAAAAAAAAAAAAAAAAAAAAAAAAAAAAAAAAAAAAAAAAAAAAAAAAAAAAAAAAAAAAAAAAAAAAAAAAAAAAAAAAAAAAAAAAAAAAAAAAAAAAAAAAAAAAAAAAAAAAAAAAAAAAAAAAAAAAAAAAAAAAAAAAAAAAAAAAAAAAAAAAAAAAAAAAAAAAAAAAAAAAAAAAAAAAAAAAAAAAAAAAAAAAAAAAAAAAAAAAAAAAAAAAAAAAAAAAAAAAAAAAAAAAAAAAAAAAAAAAAAAAAAAAAAAAAAAAAAAAAAAAAAAAAAAAAAAAAAAAAAAAAAAAAAAAAAAAAAAAAAAAAAAAAAAAAAAAAAAAAAAAAAAAAAAAAAAAAAAAAAAAAAAAAAAAAAAAAAAAAAAAAAAAAAAAAAAAAAAAAAAAAAAAAAAAAAAAAAAAAAAAAAAAAAAAAAAAAAAAAAAAAAAAAAAAAAAAAAAAAAAAAAAAAAAAAAAAAAAAAAAAAAAAAAAAAAAAAAAAAAAAAAAAAAAAAAAAAAAAAAAAAAAAAAAAAAAAAAAAAAAAAAAAAAAAAAAAAAAAAAAAAAAAAAAAAAAAAAAAAAAAAAAAAAAAAAAAAAAAAAAAAAAAAAAAAAAAAAAAAAAAAAAAAAAAAAAAAAAAAAAAAAAAAAAAAAAAAAAAAAAAAAAAAAAAAAAAAAAAAAAAAAAAAAAAAAAAAAAAAAAAAAAAAAAAAAAAAAAAAAAAAAAAAAAAAAAAAAAAAAAAAAAAAAAAAAAAAAAAAAAAAAAAAAAAAAAAAAAAAAAAAAAAAAAAAAAAAAAAAAAAAAAAAAAAAAAAAAAAAAAAAAAAAAAAAAAAAAAAAAAAAAAAAAAAAAAAAAAAAAAAAAAAAAAAAAAAAAAAAAAAAAAAAAAAAAAAAAAAAAAAAAAAAAAAAAAAAAAAAAAAAAAAAAAAAAAAAAAAAAAAAAAAAAAAAAAAAAAAAAAAAAAAAAAAAAAAAAAAAAAAAAAAAAAAAAAAAAAAAAAAAAAAAAAAAA3x47ZJ0ruzjwze0VmJ6ZmeMbcPNmtxGl/wBfJx4cYjWPP3+qzHZ14RbWdJjTlPv8U2TNSs9MfNb7a8Z/x703pU59R/6tZpFZ4eOnP3+jl2yaW/brW1sn2RHH38ojzdfoyZPrnoj7a7/H0+KSlK446axoyVVkcz/U7itYvMRM86Ry9k8/yRRbX2xvE8nb0mVHvsP/ANq8vq84/wAf0bKm8+KYC0AAAAAAAAAAAAAAAAAAAAAAAAAAAAAAAAAAAAAAAAAAAAAAAAAAAAAAAAAAAAAAAAAAAEVte3RTTXTqmZ5R+OTAnhxlZwYK5MfXvM/Tx0hJh7HFpF5n9yd4mfp90bf1T/v1i0468bR+nx9nJNq5z607Xt/2tdbazPlpo3vmrS3TGtrfbX8cPex+3fJxvPTE/pp/y9NElKVxx00jSPCErR9GTL9c9MfbXf329PikpSuOOmkaR5N+MkRoBxk00ZY1BliZNNdwHI7jBPbTMxGuLxj9PlPl4S0iYmNY2dqY1c/P/H6TN8HCedJ+mfSVSovPiqNYtrM1mJraN6zu2WgAAAAAAAAAAAAAAAAAAAAAAAAAAAAAAAAAAAAAAAAAAAAAAAAAAAAAAAAAAAAAAAAX+xxdNOufqvx93L8ebk581YpaI4zpL0FLdVYtHONUdL5Q2xTSevFwmd68p9J8/iY8HXj0yRxtM2nyn2+SwJWr47Wrb9q868628Y9YTxGiPNj668OFo41nz/G7OLJGSvVt4x4SCRiZ0NzQDdjbZsA1teKRrM6HUq0pW2S3XxvG2v28tPxulzWmtJtExExGoJxrSeqsTtrDYEHcdrTuI+beNrRvDl5sd+2/9nGvK8f38P6O2xMRMaS2XGWa4osZ+wnH83b7c8c7e7w/oq1vFtY2mN4neFy652Y2AawAAAAAAAAAAAAAAAAAAAAAAAAAAAAAAAAAAAAAAAAAAAAAAAAAAAAAAAAABFly9HCN1e1ptvKXLinXqjigYExrweh7C/X2+Of+mHnlnte+ydrHRp1UjltMeyfX4ssVzcehFbt+9xdx9E/NzrPC3wWUOggvitWZyY9/1Vna3pPn8U4CPHmrkjhvG8TvCRDlw9c9VZ6bxtb+0+MGLNrPReOm/h4+cfjgCYAGmTFXJ9Ua6bI/9am86zp91plOAAAAAKH8jirpXJ+qLRGvlPJfc/v81bTGKJ1tE9VvLhzbGX4qAOjkAAAAAAAAAAAAAAAAAAAAAAAAAAAAAAAAAAAAAAAAAAAAAAAAAAAAAAAAAAIcmHXjXdMAoTw3F6axbeNUVu3ifpnRgqzETx5xtPNdwfyeXFwyf+Svwt6T+StbFau8NDGy49H2/d4u4jXHbWY3jnHthO8ppxi0cJjaY4TC/wBv/KZcXDNHXX7o+r0n8k2LnTuI8mKuSNLe6ecT5NcHc4+4jqx2ifHxj2wmSpXjJbFMUy7T9N/H2+E/lP5LDFqxaNLRrE8lf5u38bY/jNfWPzjzBZGK2i0axOsSyAAAxro0y5a4qze86RDlZ89+54T8uP7ec/8Ad6fFsmstxN3HfTk+TBOleeT/AI+u3hqrVrFY0hkXJjnboA1gAAAAAAAAAAAAAAAAAAAAAAAAAAAAAAAAAAAAAAAAAAAAAAAAAAAAAAAAAAAAAA1tjrbeGwCvbt5/TKK1ZrvC6MHP2t1VmYtG1o4S6GD+WyY/lzx1R99d/fHp8EdsNbeSG2C0bcSxsuPQYc+PPXqx2i0eSR5aItS3VWZrfxjhP+fe6OD+XtT5e4jWPvp/ePRFi506M47Ypm2Lad6ePs8J/KfzS48lcka19/l7WMWWmavXjmLRPOGnCM/DnXj7pYpOrdz3de3jTe8/TWN5Qdz3+kzjw8bc7cq/jwUq10mZmdbTvad5VIm9M2m2W37mWdbco5V9nqyC3MAAAAAAAAAAAAAAAAAAAAAAAAAAAAAAAAAAAAAAAAAAAAAAAAAAAAAAAAAAAAAAAAAAAAAAABiaxbhPFFbt4nbgmAVaYcmO3Vjnot91f7xzWb5c+WYi0xXh0zavP0ZGY3WK1isaVjSGQawAAAAAAAAAAAAAAAAAAAAAAAAAAAAAAAAAAAAAAAAAAAAAAAAAAAAAAAAAAAAAAAAAAAAAAAAAAAAAAAAAAAAAAAAAAAAAAAAAAAAAAAAAAAAAAAAAAAAAAAAAAAAAAAAAAAAAAAAAAAAAAAAAAAAAAAAAAAAAAAAAAAAAAAAAB//Z', 1279672790811392, 1556880337579, 1556880337579, 0);
INSERT INTO attachments (userId, resourceId, size, width, height, name, mime, id, createdAt, updatedAt, version) VALUES (1279672790810656, 1279672790811392, 3726, 640, 360, 'img-5', 'image/jpeg', 1279672790811424, 1556880337580, 1556880337580, 0);
INSERT INTO resources (hash, encoding, content, id, createdAt, updatedAt, version) VALUES ('ee0de76026f84c9c54b070530fc0f19134b4e2381f3af1a11b1af1e6565bab1b', 'BASE64', '/9j/4QAYRXhpZgAASUkqAAgAAAAAAAAAAAAAAP/sABFEdWNreQABAAQAAAAKAAD/4QMsaHR0cDovL25zLmFkb2JlLmNvbS94YXAvMS4wLwA8P3hwYWNrZXQgYmVnaW49Iu+7vyIgaWQ9Ilc1TTBNcENlaGlIenJlU3pOVGN6a2M5ZCI/PiA8eDp4bXBtZXRhIHhtbG5zOng9ImFkb2JlOm5zOm1ldGEvIiB4OnhtcHRrPSJBZG9iZSBYTVAgQ29yZSA1LjUtYzAxNCA3OS4xNTE0ODEsIDIwMTMvMDMvMTMtMTI6MDk6MTUgICAgICAgICI+IDxyZGY6UkRGIHhtbG5zOnJkZj0iaHR0cDovL3d3dy53My5vcmcvMTk5OS8wMi8yMi1yZGYtc3ludGF4LW5zIyI+IDxyZGY6RGVzY3JpcHRpb24gcmRmOmFib3V0PSIiIHhtbG5zOnhtcD0iaHR0cDovL25zLmFkb2JlLmNvbS94YXAvMS4wLyIgeG1sbnM6eG1wTU09Imh0dHA6Ly9ucy5hZG9iZS5jb20veGFwLzEuMC9tbS8iIHhtbG5zOnN0UmVmPSJodHRwOi8vbnMuYWRvYmUuY29tL3hhcC8xLjAvc1R5cGUvUmVzb3VyY2VSZWYjIiB4bXA6Q3JlYXRvclRvb2w9IkFkb2JlIFBob3Rvc2hvcCBDQyAoTWFjaW50b3NoKSIgeG1wTU06SW5zdGFuY2VJRD0ieG1wLmlpZDpDRDQ2NTJFNjQyMDQxMUU5OTk4RkJCNjMyNTY5RTk2QSIgeG1wTU06RG9jdW1lbnRJRD0ieG1wLmRpZDpDRDQ2NTJFNzQyMDQxMUU5OTk4RkJCNjMyNTY5RTk2QSI+IDx4bXBNTTpEZXJpdmVkRnJvbSBzdFJlZjppbnN0YW5jZUlEPSJ4bXAuaWlkOkNENDY1MkU0NDIwNDExRTk5OThGQkI2MzI1NjlFOTZBIiBzdFJlZjpkb2N1bWVudElEPSJ4bXAuZGlkOkNENDY1MkU1NDIwNDExRTk5OThGQkI2MzI1NjlFOTZBIi8+IDwvcmRmOkRlc2NyaXB0aW9uPiA8L3JkZjpSREY+IDwveDp4bXBtZXRhPiA8P3hwYWNrZXQgZW5kPSJyIj8+/+4ADkFkb2JlAGTAAAAAAf/bAIQAFBAQGRIZJxcXJzImHyYyLiYmJiYuPjU1NTU1PkRBQUFBQUFERERERERERERERERERERERERERERERERERERERAEVGRkgHCAmGBgmNiYgJjZENisrNkREREI1QkRERERERERERERERERERERERERERERERERERERERERERERERERE/8AAEQgBaAKAAwEiAAIRAQMRAf/EAIgAAQACAwEAAAAAAAAAAAAAAAAEBQECAwYBAQADAQEAAAAAAAAAAAAAAAACAwQBBRABAAIBAwIEBQEHBQAAAAAAAAECAxESBCExQVETBWFxkSIyUoGhscFCYhXR4TMUBhEBAAICAQIGAgEFAAAAAAAAAAECEQMSITFBUWEiMhORBHGx0eFScv/aAAwDAQACEQMRAD8A9CAwtgAAAAAAAAAAAAAAAAAAAAAAAAAAAAAAAAAAAAAAAAAAAAAAAAAAAAAAAAAAAAAAAAAAAAAAAAAAAAAAAAAAAAAAAAAAAAAAAAAAAAAAAAAAAAAAAAAAAAAAAAAAAAAAAAAAAAAAAAAAAAAAAAAAAAAAAAAAAAAAAAAAAAAAAAAAAAAAAAAAAAAAAAAAAAAAAAAAAAAAAAAAAAAAAAAAAAAAAAAAAAAAAAAAAAAAAAAAAAAAAAAAAAAAAAAAAAAAAAAAAAAAAAAAAAAAAAAAAAAAAAAAAAAAAAAAAAAAAAAAAAAAAAAAAAAAAAAAAAAAAAAAAAAAAAAAAAAAAAAAAAAAAAAAAAAAAAAAAAAAAAAAAAAAAAAAAAAAAAAAAAAAAAAAAAAAAAAAAAAAAAAAAAAAAAAAAAAAAAAAAAAAAAAAAAAAAAAAAAAAAAAAAAAAAAAAAAAAAAAAAAAAAAAAAAAAAAAAAAAAAAAAAAAAAAAAAAAAAAAAAAAAAAAAAAAAAAAAAAAAAAAAAAAAAAAAAAAAAAAAAAAAAAAAAAAAAAAAAAAAAAAAAAAAAAAAAAAAAAAAAAAAAAAAAAAAAAAAAAAAAAAAAAAAAAAAAAAAAAAAAAAAAAAAAAAAAAAAAAAAAAAAAAAAAAAAAAAAAAAAAAAAAAAAAAAAAAAAAAAAAAAAAAAAAAAAAAAAAAAAAAAAAAAAAAAAAAAAAAAAAAAAAAAAAAAAAAAAAAAAAAAAAAAAAAAAAAAAAAAAAAAAAAAAAAAAAAAAAAAAAAAAAAAAAAAAAAAAAAAAAAAAAAAAAAAAAAAAAAAAAAAAAAAAAAAAAAAAAAAAAAAAAAAAAAAAAAAAAAAAAAAAAAAAAAAAAAAAAAAAAAAAAAAAAAAAAAAAAAAAAAAAAAAAAAAAAAAAAAAAAAAAAAAAAAAAAAAAAAAAAAAAAAAAAAAAAAAAAAAAAAAAAAAAAAAAAAAAAAAAAAAAAAAAAAAAAAAAAAAAAAAAAAAAAAAAAAAAAAAAAAAAAAAAAAAAAAAAAAAAAAAAAAAAAAAAAAAAAAAAAAAAAAAAAAAAAAAAAAj5+XTDO2dZt5Q25Ob0qax+U9KotqVpWIjreetrI2nC2lYnrbszPuUV70tCRh5mLN0rPXylXRlreZqiZ8Xp21jsri8tP00t0+MvRikwe45MXS33V/es8XOw5e1tJ8pWRaJZ76b08Mx5wkBSYvMViYnV3vx9I1iU4rMxmGeZiJxLgA4kAAAAAAAAAAAAAAAAAAAAAAAAAAAAAAAAAAAAAAAAAAAAAAAAAAAAAAAAAAAAAAAAAAAyDBMjG2bzpCF7TWuYjM+ECr5eXJlzenhrN5r5N49r5l41vemOPqn0tnvE0xaY6xPXJPWZ+Ufzlv8A4vDm65ptln+60/wjos164vWLzGZt1WTv44rGK49Mz/ZV/wCDyd6ZqTPy/wB0bmcXlYK7s1daR/VWdY/avZ9l4desY+vwmf8AVFnBM78PGy6TEaWx3tviNfOJ6wsnTHl+Ha/tzmM2z/1GP6Kbj4LZ9Zp4NL45rbb4wsPaONfj5L4MsaTrCzrirS0zpG7XuwRFvsmk9mq37HG0xHWPBV8Hh5q3rl/HTr1X1s+saRHdxYaq5rGI8WLZb7LcreHYAEQAAAAAAAAAAAAAAAAAAAAAAAAAAAAAAAAAAAAAAAAAAAAAAAAAAAAAAAAAAAAAAAAAGL22Vm0+Cp5HLyY5id07vLwW1qxaJie0qLmxMXiLR90d/irvlp/XiJtiVhHuMTFZ2zpPSfmk3yWrbSI7wqa0mcdZ0/Cd1o8dPNdxbdEWjtKOPsjjlHbWtfjHmZ75cfDtfDGuWI+2J81f/wCY9x5HMw5LcqddltIv2+f0WODnUm3pX6ddIme0psUrWNsRER5Q9DXNZrEU8OjzrZz1Q8XueHPkjDXWJtE7Z81X7Z7Ry8XOvy+VbdP4xaJj7q6aR00S+Pw+Nxs3qY4vN46VrMW0r8un8VnfLFK7rTER8Uq5x7k9kVzH1xOPVF5NJnSY8JccMWiPv7k82mS8UrrMT2t4OjHeK22Tsr18FtMxSIly5Gb0KTeY10Rb+5RSmtq/f5NudFssen2rGkzaeyr5Vt2RVa3XENunXW0Ry791vxuVOWYi0R1jpolK/hYtNunWK9Zn4rBOucdVGyIi2KgCSsAAAAAAAAAAAAAAAAAAAAAAAAAAAAAAAAAAAAAAAAAAAAAAAAAAAAAAAAAAAAAAAAcORx4zRE/1R1iXccmMuxMxOYRMfHtuiZ6RHb4a94+SdSms6T4NdNejrWtotp4Oa6cbZxM1nuhtvOPV5/NMUnZljxnX4O9c2TTZW9tvwlb8n2/HyY++Pu/VHdUZsMcfJNNdZrEfRXt1W1daz7fR2NkTSta8omuZtiM9/L8sY+TyMesVyTMT+rro0yX3xM5bTf5ouSta1mYt38Fnwfa4y4t1rRtt+lCsX2RxiZldPGNf2TPe0dePGcZhy4URkvXZHSJ/dC3vTrpDbFx6ceNtI0hmcdZnWW6NFq040xNpnLFbbHObRmK9UPPi9TTbPbxlFjgxktuydo+Osz85WNo2zo1Zo1xE9e7VXZaI9ssViKxpWNIZZYWIgAAAAAAAAAAAAAAAAAAAAAAAAAAAAAAAAAAAAAAAAAAAAAAAAAAAAAAAAAAAAAAAAAAAN6fklY48UWnSyXj7NWr4z/LNt+UN3nefes5smvaNKz9F7n5GPj1nJlttrDyuTnYs02m2sRa0+DP+18YiPNdopac3itrRH+vdvhpjmN0R9W/F92/62SaxE2x/2umbgVngzmprExrb5w7+3YsN8FaxEbvNRr12raLz49vRqrFONtmybbIzxxbvX/K043Lxcym7FPbvHjDZT8KPT50Vp2mJ3Lme709dsx1YP2Nca7e3tMZhxy93N0yz1c2S/wApW0+MACCYAAAAAAAAAAAAAAAAAAAAAAAAAAAAAAAAAAAAAAAAAAAAAAAAAAAAAAAAAAAAAAAAAAADKTjv4oraltsrdd+M9e0q9leUdO8K73WYyc3HTJ/x1jdp56t+bw8XpzasRpKTzeFHLitqzpev4z/KUX/H8jN9uW9a08dvVK1J5TMRnLRr21409/Dh0mE72ufU4lYtGsaTX9kdES3s+XHMxx8kRSfC0dvlK1w1phpGOnStY0htOTyW8MxiWX75re1qdrTnCHw+DXia2md2S3eyRM+JM+bje+vSHbTGuPVV7ttuVurWZ1nVgGLu1gAAAAAAAAAAAAAAAAAAAAAAAAAAAAAAAAAAAAAAAAAAAAAAAAAAAAAAAAAAAAAAAAAAAAAAAMxaY7OkZfNyEq3tXtKE0ie7t6sMTl8nIT+2yP1VbWtNu7DArmc91kRjsAOOgAAAAAAAAAAAAAAAAAAAAAAAAAAAAAAAAAAAAAAAAAAAAAAAAAAAAAAAAAAAAAAAAAAAAAAAAAAAAAAAAAAAAAAAAAAAAAAAAAAAAAAAAAAAAAAAAAAAAAAAAAAAAAAAAAAAAAAAAAAAAAAAAAAAAAAAAAAAAAAAAAAAAAAAAAAAAAAAAAAAAAAAAAAAAAAAAAAAAAAAAAAAAAAAAAAAAAAAAAAAAAAAAAAAAAAAAAAAAAAAAAAAAAAAAAAAAAAAAAAAAAAAAAAAAAAAAAP/2Q==', 1279672790811456, 1556880337580, 1556880337580, 0);
INSERT INTO attachments (userId, resourceId, size, width, height, name, mime, id, createdAt, updatedAt, version) VALUES (1279672790810656, 1279672790811456, 3933, 640, 360, 'img-6', 'image/jpeg', 1279672790811488, 1556880337581, 1556880337581, 0);
INSERT INTO resources (hash, encoding, content, id, createdAt, updatedAt, version) VALUES ('a6a5439c996ea2fefbc3055398e25eb290dbf49a5e8727369e5d504e69be1e38', 'BASE64', '/9j/4QAYRXhpZgAASUkqAAgAAAAAAAAAAAAAAP/sABFEdWNreQABAAQAAAAKAAD/4QMsaHR0cDovL25zLmFkb2JlLmNvbS94YXAvMS4wLwA8P3hwYWNrZXQgYmVnaW49Iu+7vyIgaWQ9Ilc1TTBNcENlaGlIenJlU3pOVGN6a2M5ZCI/PiA8eDp4bXBtZXRhIHhtbG5zOng9ImFkb2JlOm5zOm1ldGEvIiB4OnhtcHRrPSJBZG9iZSBYTVAgQ29yZSA1LjUtYzAxNCA3OS4xNTE0ODEsIDIwMTMvMDMvMTMtMTI6MDk6MTUgICAgICAgICI+IDxyZGY6UkRGIHhtbG5zOnJkZj0iaHR0cDovL3d3dy53My5vcmcvMTk5OS8wMi8yMi1yZGYtc3ludGF4LW5zIyI+IDxyZGY6RGVzY3JpcHRpb24gcmRmOmFib3V0PSIiIHhtbG5zOnhtcD0iaHR0cDovL25zLmFkb2JlLmNvbS94YXAvMS4wLyIgeG1sbnM6eG1wTU09Imh0dHA6Ly9ucy5hZG9iZS5jb20veGFwLzEuMC9tbS8iIHhtbG5zOnN0UmVmPSJodHRwOi8vbnMuYWRvYmUuY29tL3hhcC8xLjAvc1R5cGUvUmVzb3VyY2VSZWYjIiB4bXA6Q3JlYXRvclRvb2w9IkFkb2JlIFBob3Rvc2hvcCBDQyAoTWFjaW50b3NoKSIgeG1wTU06SW5zdGFuY2VJRD0ieG1wLmlpZDpCODQ5NDA2NjQyMDUxMUU5OTk4RkJCNjMyNTY5RTk2QSIgeG1wTU06RG9jdW1lbnRJRD0ieG1wLmRpZDpCODQ5NDA2NzQyMDUxMUU5OTk4RkJCNjMyNTY5RTk2QSI+IDx4bXBNTTpEZXJpdmVkRnJvbSBzdFJlZjppbnN0YW5jZUlEPSJ4bXAuaWlkOkI4NDk0MDY0NDIwNTExRTk5OThGQkI2MzI1NjlFOTZBIiBzdFJlZjpkb2N1bWVudElEPSJ4bXAuZGlkOkI4NDk0MDY1NDIwNTExRTk5OThGQkI2MzI1NjlFOTZBIi8+IDwvcmRmOkRlc2NyaXB0aW9uPiA8L3JkZjpSREY+IDwveDp4bXBtZXRhPiA8P3hwYWNrZXQgZW5kPSJyIj8+/+4ADkFkb2JlAGTAAAAAAf/bAIQAFBAQGRIZJxcXJzImHyYyLiYmJiYuPjU1NTU1PkRBQUFBQUFERERERERERERERERERERERERERERERERERERERAEVGRkgHCAmGBgmNiYgJjZENisrNkREREI1QkRERERERERERERERERERERERERERERERERERERERERERERERERE/8AAEQgBaAKAAwEiAAIRAQMRAf/EAHkAAQACAwEAAAAAAAAAAAAAAAABBAMFBgIBAQEBAQAAAAAAAAAAAAAAAAABBAUQAQACAQIEAQoFBQAAAAAAAAABAgMRBCExEgVBUWFxgZEiMnITBsHRQjM0seFSgjURAQEBAAIDAQAAAAAAAAAAAAABESESMQIEA//aAAwDAQACEQMRAD8A6UAAAAAAAAAAAAAAAAAAAAAAAAAAAAAAAAAAAAAAAAAAAAAAAAAAAAAAAAAAAAAAAAAAAAAAAAAAAAAAAAAAAAAAAAAAAAAAAAAAAAAAAAAAAAAAAAAAAAAAAAAAAAAAAAAAAAAAAAAAAAAAAAAAAAAAAAAAAAAAAAAAAAAAAAAAAAAAAAAAAAAAAAAAAAAAAAAAAAAAAAAAAAAAAAAAAAAAAAAAAAAAAAAAAAAAAAAAAAAAAAAAAAAAAAAAAAAAAAAAAAAAAAAAAAAAAAAAAAAAAAAAAAAAAAAAAAAAAAAAAAAAAAAAAAAAAAAAAAAAAAAAAAAAAAAAAAAAAAAAAAAAAAAAAAAAAAAAAAAAAAAAAAAAAAAAAAAAAAAAAAAAAAAAAAAAAAAAAAAAAAAAAAAAAAAAAAAAAAAAAAAAAAAAAAAAAAAAAAAAAAAAAAAAAAAAAAAAAAAAAAAAAAAAAAAAAAAAAAAAAAAAAAAAAAAAAAAAAAAAAAAAAAAAAAAAAAAAAAAAAAAAAAAAAAAAAAAAAAAAAAAAAAAAAAAAAAAAAAAAAAAAAAAAAAAAAAAAAAAAAAAAAAAAAAAAAAAAAAAAAAAAAAAAAAAAAAAAAAAAAAAAAAAAAAAAAAAAAAAAAAAAAAAAAAAAAAAAAAAAAAAAAAAAAAAAAAAAAAAAAAAAAAAAAAAAAAAAAAAAAAAAAAAAAAAAAAAAAAAAAAAAAAAAAAAAAAAAAAAAAAAAEWtFI6rTpEeMgkY8WambjjtFtP8AGdWQARExPI10FypEa6pEAAAAAAAAAAAAAAAAAAAAAAAAAAAAAAAAAAAAAAAAAAAAAAAAAAAAAAAAAAAAAAAAAAAAAAAAFbfUjJgvW09MTGnVKyp9z/i5PlBX7NgpgpeKZIyazHwsm8yzNuiOUKf25+3k+aFve45rbq8JGj8JO/KvW01nWJ0l7y5rZZ1ljEdDrPOMmHLOK0T4eMLm932PZRFskTMW4e6pYsc5LRVn7xg+ttbac6+/Hq/srF9GbMZsG+x58M5669Ea668+DFtO64t5f6eOLa6a8Yj83P7XdfT2mbF4zNdPXzXOz1nDt8258dJivq4jI2O771g29ppxvaOfTyh62fd8G6t0RrW3kt4+hz/adrTd5+nLxrETafO8dwwxs91auLhETW1QdJu+64dpf6eSLTOmvCI/Nly77HiwRuLRPROnp4ud73frz1t5aVn26r+//wCZj9GMGy2W/wAe9i044mOnTXq8620P238OT01/FvgAAAAAAAAAAAAAAAAAAAAAAAAAAAAAAAAAAAAAAAAAAAAAAAAAAAAAAAAAAAAAAAAFPuf8XJ8q483pXJWa2jWs84Bpftz9vJ80f0bq9IvHTbk8YdvjwRMY6xWJ56MosuNVmwWxTx4x5XimO2SdK823mImNJ5IpStI0rGkDVPovXLOWPDgjFHn8rLasXiazxieHtSqdyplvt7Rh16+GmnPmMt9r7Xa47PinDktjn9MzX2S67ZbWK7SuG36q+9/tzaTadm3GXLFs9dK662m083UiONpObtWfqmvGOHHlMJrjzd03E20+KfenwiHYTEW4TGsERERpEaQDm+/7a1b0yVj3Onp4eWFG+6z59vGKf28fjEfi7KYieEoisRGkRGgNH9t/Dl9Nfxb5GiQAAAAAAAAAAAAAAAAAAAAAAAAAAAAAAAAAAAAAAAAAAAAAAAAAAAAAAAAAAAAAAAAAAAAAAAAAAAAAAAAAAAAAAAAAAAAAAAAAAAAAAAAAAAAAAAAAAAAAAAAAAAAAAAAAAAAAAAAAAAAAAAAAAAAAAAAAAAAAAAAAAAAAAAAAAAAAAAAAAAAAAAAAAAAAAAAAAAAAAAAAAAAAAAAAAAAAAAAAAAAAAAAAAAAAAAAAAAAAAAAAAAAAAAAAAAAAAAAAAAAAAAAAAAAAAAAAAAAAAAAAAAAAAAAAAAAAAAAAAAAAAAAAAAAAAAAAAAAAAAAAAAAAAAAAAAAAAAAAAAAAAAAAAAAAAAAAAAAAAAAAAAAAAAAAAAAAAAAAAAAAAAAAAAAAAAAAAAAAAAAAAAAAAAAAAAAAAAAAAAAAAAAAAAAAAAAAAAAAAAAAAAAAAAAAAAAAAAAAAAAAAAAAAAAAAAAAAAAAAAAAAAAAAAAAAAAAAAAAAAAAAAAAAAAAAAAAAAAAAAAAAAAAAAAAAAAAAAAAAAAAAAAAAAAAAAAAAAAAAAAAAAAAAAAAAAAAAAAAAAAAAAAAAAAAAAAAAAAAAAAAAAAAAAAAAAAAAAAAAAAAAAAAAAAAAAAAAAAAAAAAAAAAAAAAAAAAAAAAAAAAAAAAAAAAAAAAAAAAAAAAAAAAAAAAAAAAAAAAAAAAAAAAAAAAAAAAAAAAAAAAAAAAAAAAAAAAAAAAAAAAAAAAAAAAAAAAAAAAAAAAAAAAAAAAAAAAAAAAAAAAAAAAAAAAAAAAAAAAAAAAAAAAAAAAAAAAAAAAAAAAAAAAAAAAAAAAAAAAAAAAAAAAAAAAAAAAAAAAAAAAAAAAAAAAAAAAAAAAAAAAAAAAAAAAAAAAAAAAAAAAAAAAAAAAAAAAAAAAAAAAAf/Z', 1279672790811520, 1556880337581, 1556880337581, 0);
INSERT INTO attachments (userId, resourceId, size, width, height, name, mime, id, createdAt, updatedAt, version) VALUES (1279672790810656, 1279672790811520, 3111, 640, 360, 'img-7', 'image/jpeg', 1279672790811552, 1556880337581, 1556880337581, 0);
INSERT INTO resources (hash, encoding, content, id, createdAt, updatedAt, version) VALUES ('dbeb0261edacb7695b33fd85f14a34dc80bc3589b18ee1ba83a2a120798659c4', 'BASE64', '/9j/4QAYRXhpZgAASUkqAAgAAAAAAAAAAAAAAP/sABFEdWNreQABAAQAAAAKAAD/4QMsaHR0cDovL25zLmFkb2JlLmNvbS94YXAvMS4wLwA8P3hwYWNrZXQgYmVnaW49Iu+7vyIgaWQ9Ilc1TTBNcENlaGlIenJlU3pOVGN6a2M5ZCI/PiA8eDp4bXBtZXRhIHhtbG5zOng9ImFkb2JlOm5zOm1ldGEvIiB4OnhtcHRrPSJBZG9iZSBYTVAgQ29yZSA1LjUtYzAxNCA3OS4xNTE0ODEsIDIwMTMvMDMvMTMtMTI6MDk6MTUgICAgICAgICI+IDxyZGY6UkRGIHhtbG5zOnJkZj0iaHR0cDovL3d3dy53My5vcmcvMTk5OS8wMi8yMi1yZGYtc3ludGF4LW5zIyI+IDxyZGY6RGVzY3JpcHRpb24gcmRmOmFib3V0PSIiIHhtbG5zOnhtcD0iaHR0cDovL25zLmFkb2JlLmNvbS94YXAvMS4wLyIgeG1sbnM6eG1wTU09Imh0dHA6Ly9ucy5hZG9iZS5jb20veGFwLzEuMC9tbS8iIHhtbG5zOnN0UmVmPSJodHRwOi8vbnMuYWRvYmUuY29tL3hhcC8xLjAvc1R5cGUvUmVzb3VyY2VSZWYjIiB4bXA6Q3JlYXRvclRvb2w9IkFkb2JlIFBob3Rvc2hvcCBDQyAoTWFjaW50b3NoKSIgeG1wTU06SW5zdGFuY2VJRD0ieG1wLmlpZDowRjdGRjEyRjQyMDYxMUU5OTk4RkJCNjMyNTY5RTk2QSIgeG1wTU06RG9jdW1lbnRJRD0ieG1wLmRpZDowRjdGRjEzMDQyMDYxMUU5OTk4RkJCNjMyNTY5RTk2QSI+IDx4bXBNTTpEZXJpdmVkRnJvbSBzdFJlZjppbnN0YW5jZUlEPSJ4bXAuaWlkOkI4NDk0MDY4NDIwNTExRTk5OThGQkI2MzI1NjlFOTZBIiBzdFJlZjpkb2N1bWVudElEPSJ4bXAuZGlkOjBGN0ZGMTJFNDIwNjExRTk5OThGQkI2MzI1NjlFOTZBIi8+IDwvcmRmOkRlc2NyaXB0aW9uPiA8L3JkZjpSREY+IDwveDp4bXBtZXRhPiA8P3hwYWNrZXQgZW5kPSJyIj8+/+4ADkFkb2JlAGTAAAAAAf/bAIQAFBAQGRIZJxcXJzImHyYyLiYmJiYuPjU1NTU1PkRBQUFBQUFERERERERERERERERERERERERERERERERERERERAEVGRkgHCAmGBgmNiYgJjZENisrNkREREI1QkRERERERERERERERERERERERERERERERERERERERERERERERERE/8AAEQgBaAKAAwEiAAIRAQMRAf/EAJMAAQADAQEBAQAAAAAAAAAAAAABBAUDAgYHAQEAAwEBAAAAAAAAAAAAAAAAAQIDBAUQAQACAQIDBAYHBQYHAAAAAAABAgMRBCESBTFBUWFxgZGxMlKhwSJCEzMU0WKSFQZygrIjQ1Pw4cJjc4OTEQEAAgEDAgUFAAAAAAAAAAAAAQIRITEDEgRBkSIyE1FhcVIU/9oADAMBAAIRAxEAPwD7EBmkAAAAAAAAAAAAAAAAAAAAAAAAAAAAAAAAAAAAAAAAAAAAAAAAAAEicCBKAAAEohIIAVABICRIjiJDAAJxAgSIwIEgIEgIEhiBAlBiAAQAAAAAAAAAAAAAAAAAAAAAAAAAAAAAAAAAAAAAAAAAAAAAAAAAAAAAAAAAAAAAAAAAAAAAAAAAAAAAAAAAAAAAAAAAAAAAAAAAAAAAAAAAAAAAAAAAAAAAAAAAAAAAAAAAAAAAAAAAAAAAAAAAAAAAAAAAAAAAAAAAAAAAAAAAAAAAAAAAAAAAAAAAAAAAAAAAAAAAAAAAAAAAAAAAAAAAAAAAAAAAAAAAAAAAAAAAAAAAAAAAAAAAAAAAAAAAAAAAAAAAAAAAAAAAAAAAAAAAAAAAAAAAAAAAAAAAAAAAAAAAAAAAAAAAAAAAAAAAAAAAAAAAAAAAAAAAAAAAAAAAAAAAAAAAAAAAAAAAAAAAAAAAAAAAAAAAAAAAAAAAAAAAAAAAAAAAAAAAAAAAAAAAAAAAAAAAAAAAAAAAAAAAAAAAAAAAAAAAAAAAAAAAAAAAAAAAAAAAAAAAAAAAAAAAAAAAAAAAAAAAAAAAAAAAAAAAAAAAAAAAAAAAAAAAAAAAAAAAAAAAAAAAAAAAAAAAAAAAAAAAAAAAAAAAAAAAAAAAAAAAAAAAAAAAAAAAAAAAAAAAAAAAAAOeXPjw158lorXxtOgOg81vF41rOsT3w9AAAATOgAzc/XNrhy1w83NabcluXspP73g626rt6567Wbf5loiY07OPZx8+5IumsMuvX9lfLGCl9b2nljSJ019LP3W1vuOo1pk4zFvxKzFuFcdNO75rX7ZMD6QIEAAAAAAAAAAAAAAAAAAAAAAAAAAAAAAAAAAAAAAAAAAAAAAAAAAAAAAAAAAAAAAAAAAAzOtbH9Zt5isa3pPPSPGY7vXDQyZK4qze3ZWJmfRD5nJ/Uua082DFXk7ue3GfZ2JVtMRHqZnTepW6bki0TM7e86Xp8s+MfW+7raLRE14xMaxL86327i2Sc34U05/zKxOtdfGJ8+9p9N3O43O2jBXJNcVJmvNHx2jujXu07OHFF7RWOq2kI44mfTu+pz9Q2+3nTNkrWfCZ4+xyjrOynszU9rHw7HBh+Cka/NPGfbLvbHW3CYifU5J7qudKzLrjgnxlu0y1yRzUmLR4xOqtuN/TBkphnW2TJP2a18PGfKGFGz/Bt+JtbThv+78M+mvY1um7+NzaaZqxTcUj7UeMeNZ8Jb05a8mzK9JruoYugxmtuIz8K3zRkjT71Y46eji97foV8dsVrXj/AC7azER21rMzSPVr7G/2jXMqPn7dBjHSJxcv41c34sWn5ebXl9jWyYpi8ZccRzzpS02+Tt9vgtMXrW6z4r48OKZpS8Wm+StOe0cvhBuNibxWNbTER5q9+pbWnxZqR/fhh48fSLaWz5fxb9857W906R9C/iz9Jx/BOCP4TAsX6xs6RrOamnlOvueP57sf92PZb9j3/NNjXsy4/VaD+b7S3CuSLeVIm3ugHvD1TaZ5iuPLSbT3a8fYuQzM+Om+pNIwaxP3steWI/6vd6XH+nqZMeDJjyTM8uS9a2mddYidAbICAAAAAAAAAAAAAAAAAAAAAAAAAAAAAAAAAAAAAAAAAAAAAAAAAAAAAAAAAAAAAmNWFm/pvBa02x3vjiePLXTl+mG68ZLxjpa9uysTafUImInd8puOlbeuaMFZteaaXyTa3j8NdI0jj2+j0r1axWIrWIiI7IhT6ba2altzf4s1rX9Xd9C88zuLza818Id3FSK1AHM2FbcxbHy7nF+Zi+1HnX71fXH0rIvS01tFoVtETGJbWDLXNSuSnGtoi0et0ZfQraYLYZ/0r2pHo7Y97UezE5jLz5jGgy+p25NztLf9y1f4qy1GT12eSmHL8mbHPvhKGpNKz2xHseZwY57a1n+7ClbqFu6IeP1+SfBzT3FGscVpXo22KOylf4YdYrFezgy/1uXxj2Eb7L5exH9NE/DZqKHS+EZq+GbJ9M6/W5/r8nk89HyWvfca/wC5r7aw0py1vpVS1JrrLWAaqAAAAAAAAAAAAAAAAAAAAAAAAAAAAAAAAAAAAAAAAAAAAAAAAAAAAAAAAAAAACvvcU5tvkx17bUtWPXCwiQfNbG0X2+OY4Ryxw9Cw5ZMP6LcWxT+XkmcmOfP71frjye70rkrNbcYnhLyeWvTec7bvQpOa6JS8zpWvlEKkY8+5+1e04qd1K/F657vRCsVidc4haZ8114tSLTEzM/ZnXt97xi22PDxpHHxnjLxuJvmtG1wfmX7Z+Svfafq800r1XitPNFpxGbNDoP26Zc3dfJPL6KxFfqbDhtNvTbYq4cfw1jSHZ68RiMPPmczkZfX667S0/LalvZaGqz+tV5tlmj9yZ9nERG6gIidY1S8Sd3pwAIB16Jxybn+3X/BDksdErGme3jln6Ih2dr7rfhhz+2GsA9BxgAAAAAAAAAAAAAAAAAAAAAAAAAAAAAAAAAAAAAAAAAAAAAAAAAAAAAAAAAAAAAK+72mPd4/w8nZ2xMdsT4wwctsuynl3UTNY7M1Y+zP9r5Z+h9NJp3KXpW8YtC9bzXZ89jy0yxrS0WjynVN71pGtpiI85aOXo+zzTzXxV18Y+z7tHrB0ra4J5qYq6+M/an6dXN/LH7aNvn+zMxUy7nhhjSs/wCpaOHqj73u82ts9jj2lZinG1uN7z8Vp/47u5aHRTjrSPT5sbXm25EaANFBV6jXm22WP3L+5actxhjPjtimZiLRNZmPMGFgtzY6T41ifodHP+X7zaV5KRXPSOFZ15b6eevCXOc2Wn5mDLX0V5vdLzL8F4mcRmHdXkrjdYFb9ZXvpkj/ANVv2H62ny5P/lb9jP4r/rK3yV+qysdBnXHm/wDNf6lKmTJk+DDkn005f8WjQ6Jgvgw2/FjltbJktMev/k7O347VmeqMMOa0TEYlpiUOtzAAAAAAAAAAAAAAAAAAAAAAAAAAAAAAAAAAAAAAAAAAAAAAAAAAAAAAAAAAAAAAAAAAAAAAAAAABoAGhEaAAAAAAAAAAAAAAAAAAAAAAAAAAAAAAAAAAAAAAAAAAAAAAAAAAAAAAAAAAAAAAAAAAAAAAAAAAAAAAAAAAAAAAAAAAAAAAAAAAAAAAAAAAAAAAAAAAAAAAAAAAAAAAAAAAAAAAAAAAAAAAAAAAAAAAAAAAAAAAAAAAAAAAAAAAAAAAAAAAAAAAAAAAAAAAAAAAAAAAAAAAAAAAAAAAAAAAAAAAAAAAAAAAAAAAAAAAAAAAAAAAAAAAAAAAAAAAAAAAAAAAAAAAAAAAAAAAAAAAAAAAAAAAAAAAAAAAAAAAAAAAAAAAAAAAAAAAAAAAAAAAAAAAAAAAAAAAAAAAAAAAAAAAAAAAAAAAAAAAAAAAAAAAAAAAAAAAAAAAAAAAAAAAAAAAAAAAAAAAAAAAAAAAAAAAAAAAAAAAAAAAAAAAAAAAAAAAAAAAAAAAAAAAAAAAAAAAAAAAAAAAAAAAAAAAAAAAAAAAAAAAAAAAAAAAAAAAAAAAAAAAAAAAAAAAAAAAAAAAAAAAAAAAAAAAAAAAAAAAAAAAAAAAAAAAAAAAAAAAAAAAAAAAAAAAAAAAAAAAAAAAAAAAAAAAAAAAAAAAAAAAAAAAAAAAAAAAAAAAAAAAAAAAAAAAAAAAAAAAAAAAAAAAAAAAAAAAAAAAAAAAAAAAAAAAAAAAAAAAAAAAAAAAAAAAAAAAAAAAAAAAAAAAAAAAAAAAAAAAAAAAAAAAAAAAAAAAAAAAAAAAAAAAAAAAAAAAAD/2Q==', 1279672790811584, 1556880337583, 1556880337583, 0);
INSERT INTO attachments (userId, resourceId, size, width, height, name, mime, id, createdAt, updatedAt, version) VALUES (1279672790810656, 1279672790811584, 4056, 640, 360, 'img-8', 'image/jpeg', 1279672790811616, 1556880337583, 1556880337583, 0);
INSERT INTO resources (hash, encoding, content, id, createdAt, updatedAt, version) VALUES ('a891495b4634473a1c6e6b4ca23c805f64a5b62006d4f11efd8e682c624a9211', 'BASE64', '/9j/4QAYRXhpZgAASUkqAAgAAAAAAAAAAAAAAP/sABFEdWNreQABAAQAAAAKAAD/4QMsaHR0cDovL25zLmFkb2JlLmNvbS94YXAvMS4wLwA8P3hwYWNrZXQgYmVnaW49Iu+7vyIgaWQ9Ilc1TTBNcENlaGlIenJlU3pOVGN6a2M5ZCI/PiA8eDp4bXBtZXRhIHhtbG5zOng9ImFkb2JlOm5zOm1ldGEvIiB4OnhtcHRrPSJBZG9iZSBYTVAgQ29yZSA1LjUtYzAxNCA3OS4xNTE0ODEsIDIwMTMvMDMvMTMtMTI6MDk6MTUgICAgICAgICI+IDxyZGY6UkRGIHhtbG5zOnJkZj0iaHR0cDovL3d3dy53My5vcmcvMTk5OS8wMi8yMi1yZGYtc3ludGF4LW5zIyI+IDxyZGY6RGVzY3JpcHRpb24gcmRmOmFib3V0PSIiIHhtbG5zOnhtcD0iaHR0cDovL25zLmFkb2JlLmNvbS94YXAvMS4wLyIgeG1sbnM6eG1wTU09Imh0dHA6Ly9ucy5hZG9iZS5jb20veGFwLzEuMC9tbS8iIHhtbG5zOnN0UmVmPSJodHRwOi8vbnMuYWRvYmUuY29tL3hhcC8xLjAvc1R5cGUvUmVzb3VyY2VSZWYjIiB4bXA6Q3JlYXRvclRvb2w9IkFkb2JlIFBob3Rvc2hvcCBDQyAoTWFjaW50b3NoKSIgeG1wTU06SW5zdGFuY2VJRD0ieG1wLmlpZDpDRDQ2NTJFQTQyMDQxMUU5OTk4RkJCNjMyNTY5RTk2QSIgeG1wTU06RG9jdW1lbnRJRD0ieG1wLmRpZDoxMzk3MUFDQzQyMDUxMUU5OTk4RkJCNjMyNTY5RTk2QSI+IDx4bXBNTTpEZXJpdmVkRnJvbSBzdFJlZjppbnN0YW5jZUlEPSJ4bXAuaWlkOkNENDY1MkU4NDIwNDExRTk5OThGQkI2MzI1NjlFOTZBIiBzdFJlZjpkb2N1bWVudElEPSJ4bXAuZGlkOkNENDY1MkU5NDIwNDExRTk5OThGQkI2MzI1NjlFOTZBIi8+IDwvcmRmOkRlc2NyaXB0aW9uPiA8L3JkZjpSREY+IDwveDp4bXBtZXRhPiA8P3hwYWNrZXQgZW5kPSJyIj8+/+4ADkFkb2JlAGTAAAAAAf/bAIQAFBAQGRIZJxcXJzImHyYyLiYmJiYuPjU1NTU1PkRBQUFBQUFERERERERERERERERERERERERERERERERERERERAEVGRkgHCAmGBgmNiYgJjZENisrNkREREI1QkRERERERERERERERERERERERERERERERERERERERERERERERERE/8AAEQgBaAKAAwEiAAIRAQMRAf/EAHQAAQADAQEAAAAAAAAAAAAAAAACAwQBBQEBAQEBAQAAAAAAAAAAAAAAAAEDAgUQAQACAgAEBQMCBwAAAAAAAAABAhEDITESBEFRcSIyYaGxExSBkdFCYnIFEQEBAQEAAwEBAAAAAAAAAAAAARECITESQTL/2gAMAwEAAhEDEQA/APMAec6AAAAAAAAAAAAAAAAAAAAAAAAAAAAAAAAAAAAAAAAAAAAAAAAAAAAAAAAAAAAAAAAAAAAAAAAAAAAAAAAAAAAAAAAAAAAAAAAAAAAAAAAAAAAAAAAAAAAAAAAAAAAAAAAAAAAAAAAAAAAAAAAAAAAAAAAAAAAAAAAAAAAAAAAAAAAAAAAAAAAAAAAAAAAAAAAAAAAAAAAAAAAAAAAAAAAAAAAAAAAAAAAAAAAAAAAAAAAAAAAAAAAAAAAAAAAAAAAAAAAAAAAAAAAAAAAAAAAAAAAAAAAAAAAAAAAAAAAAAAAAAAAAAAAAAAAAAAAAAAAAAAAAAAAAAAAAAAAAAAAAAAAAAAAAAAAAAAAAAAAAAAAAAAAAAAAAAAAAAAAAAAAAAAAAAAAAAAAAAAAAAAAAAAAAAAAAAAAAAAAAAAAAAAAAAAAAAAAAAAAAAAAAAAAAAAAAAAAAAAAAAAAAAAAAAAAAAAAAAAAAAAAAAAAAAAAAAAAAAAAAAAAAAAAAAAAAAAAAAAAAAAAAAAAAAAAAAAAAAAAAAAAAAAAAAAAAAAAAAAAAAAAAAAAAAAAAAAAAAAAAAAAAAAAAAAAAAAAAAAAAAAAAAAAAAAAAAAAAAAAAAAAAAAAAAAAAAAAAAAAAAAAAAAAAAAAAAAAAAAAAAAAAAAAAAAAAAAAAAAAAAAAAAAAAAAAAAAAAAAAAAAAAAAAAAAAAAAAAAAAAAAAAAAAAAAAAAAAAAAAAAAAAAAAAAAAAAAAAAAAAAAAAAAAAAAAAAAAAAAAAAAAAAAAAAAAAAAAAAAAAAAAAAAAAAAAAAAAAAAAAAAAAAAAAAAAAAAAAAAAAAAAAAAAAAAAAAAAAAAAAAAAAAAAAAAAAAAAAAAAAAAAAAAAAAAAAAAAAAAAAAAAAAAAAAAAAAAAAAAAAAAAAAAAAAAAAAAAAAAAAAAAAAAAAAAAAAAAAAAAAAAAAAAAAAAAAAAAAAAAAAAAAAAAAAAAAAAAAAAAAAAAAAAAAAAAAAAAAAAAAAAAAAAAAAAAAAAAAAAAAAAAAAAAAAAAAAAAAAAAAAAAAAAAAAAAAAAAAAAAAAAAAAAAAAAAAAAAAAAAAAAAAAAAAAAAAAAAAAAAAAAAAAAAAAAAAAAAAAAAAAAAAAAAAAAAAAAAAAAAAAAAAAAAAAAAAAAAAAAAAAAAAAAAAAAAAAAAAAAAAAAAAAAAAAAAAAAAAAAAAAAAAAAAAAAAAAAAAAAAAAAAAAAAAAAAAAAAAAAAAAAAAAAAAAAAAAAAAAAAAAAAAAAAAAAAAAAAAAAAAAAAAAAAAAAAAAAAAAAAAAAAAAAAAAAAAAAAAAAAAAAAAAAAAAAAAAAAAAAAAAAAAAAAAAAAAAAAAAAAAAAAAAAAAAAAAAAAAAAAAAAAAAAAAW9vqjbfE/GOMiyalp7adnutOKtfRqp8K5nzsTOZGkmNZMSi0eNazHojbtdW74ey32DOOMKrBs1W1W6bxxQett1x3OvH90fF5LOzGXXOegBHIAAAAAAAAAAAAAAAAAAAAAAAAAAAAAAAAAAAAAAAAAAAAAAAAAAAAAAAAAAAAAAAAAAAAAA3djX22t5zj+UMLf/z5ia2rPn+YwvPt1x7SicuoVjEzE84lNo1HHXAW6JxZ5/dVim28Ryy9DRGbPO7m/XttaOUynXpz3/MVAM2QAAAAAAAAAAAAAAAAAAAAAAAAAAAAAAAAAAAAAAAAAAAAAAAAAAAAAAAAAAAAAAAAAAAAAAs0bf0rRM8uUqwWXPL1ttYv745+OPyqZNPczr9s8a+X9Gqu3XflaI/24NJdayyuuxGeSWKRzvXHqjs77XrjGuOqfPwXwvj9T27P22v/ADtyeUls2W226rTmUWdusurtAEcgAAAAAAAAAAAAAAAAAAAAAAAAAAAAAAAAAAAAAAAAAAAAAAAAAAAAAAAAAAAAAAANOrt69MbNvKfjWPFb0a+XRGPWc/lZtn3Y8I4R6K2mNsjNu0/p8YnNZ5Km7ZGdNpnzrhhcVn1MoAjkAAAAAAAAAAAAAAAAAAAAAAAAAAAAAAAAAAAAAAAAAAAAAAAAAAAAAAAAAAAAAAAAAAAAE9Wm+2emkZX/ALKeU3jP8VyrlZRdt7W+qOqeNfOFKGWAAjZp3UvWK3nExwifCV068cbWrEerzR19O/to7nfF8Up8Y+7ODm3XNu3QAQAAAAAAAAAAAAAAAAAAAAAAAAAAAAAAAAAAAAAAAAAAAAAAAAAAAAAAAAAAAAAAAAAAdpWb2isc5nABHo4ikdFfjH3+rgNY3TpeaT9PGGPu9Mar+3424wDnpz1meWcBwyAAAAAAAAAAAAAAAAAAAAcdAUAEAAAAAAAAAAAAf//Z', 1279672790811648, 1556880337584, 1556880337584, 0);
INSERT INTO attachments (userId, resourceId, size, width, height, name, mime, id, createdAt, updatedAt, version) VALUES (1279672790810656, 1279672790811648, 2940, 640, 360, 'img-9', 'image/jpeg', 1279672790811680, 1556880337585, 1556880337585, 0);
INSERT INTO resources (hash, encoding, content, id, createdAt, updatedAt, version) VALUES ('887ce4f6c44816b7f8d3dc046e3ffa03c9ce8ed2dfb8d16e8f732890eca32b45', 'BASE64', '/9j/4QAYRXhpZgAASUkqAAgAAAAAAAAAAAAAAP/sABFEdWNreQABAAQAAAAKAAD/4QMsaHR0cDovL25zLmFkb2JlLmNvbS94YXAvMS4wLwA8P3hwYWNrZXQgYmVnaW49Iu+7vyIgaWQ9Ilc1TTBNcENlaGlIenJlU3pOVGN6a2M5ZCI/PiA8eDp4bXBtZXRhIHhtbG5zOng9ImFkb2JlOm5zOm1ldGEvIiB4OnhtcHRrPSJBZG9iZSBYTVAgQ29yZSA1LjUtYzAxNCA3OS4xNTE0ODEsIDIwMTMvMDMvMTMtMTI6MDk6MTUgICAgICAgICI+IDxyZGY6UkRGIHhtbG5zOnJkZj0iaHR0cDovL3d3dy53My5vcmcvMTk5OS8wMi8yMi1yZGYtc3ludGF4LW5zIyI+IDxyZGY6RGVzY3JpcHRpb24gcmRmOmFib3V0PSIiIHhtbG5zOnhtcD0iaHR0cDovL25zLmFkb2JlLmNvbS94YXAvMS4wLyIgeG1sbnM6eG1wTU09Imh0dHA6Ly9ucy5hZG9iZS5jb20veGFwLzEuMC9tbS8iIHhtbG5zOnN0UmVmPSJodHRwOi8vbnMuYWRvYmUuY29tL3hhcC8xLjAvc1R5cGUvUmVzb3VyY2VSZWYjIiB4bXA6Q3JlYXRvclRvb2w9IkFkb2JlIFBob3Rvc2hvcCBDQyAoTWFjaW50b3NoKSIgeG1wTU06SW5zdGFuY2VJRD0ieG1wLmlpZDoxMzk3MUFEMzQyMDUxMUU5OTk4RkJCNjMyNTY5RTk2QSIgeG1wTU06RG9jdW1lbnRJRD0ieG1wLmRpZDoxMzk3MUFENDQyMDUxMUU5OTk4RkJCNjMyNTY5RTk2QSI+IDx4bXBNTTpEZXJpdmVkRnJvbSBzdFJlZjppbnN0YW5jZUlEPSJ4bXAuaWlkOjEzOTcxQUQxNDIwNTExRTk5OThGQkI2MzI1NjlFOTZBIiBzdFJlZjpkb2N1bWVudElEPSJ4bXAuZGlkOjEzOTcxQUQyNDIwNTExRTk5OThGQkI2MzI1NjlFOTZBIi8+IDwvcmRmOkRlc2NyaXB0aW9uPiA8L3JkZjpSREY+IDwveDp4bXBtZXRhPiA8P3hwYWNrZXQgZW5kPSJyIj8+/+4ADkFkb2JlAGTAAAAAAf/bAIQAFBAQGRIZJxcXJzImHyYyLiYmJiYuPjU1NTU1PkRBQUFBQUFERERERERERERERERERERERERERERERERERERERAEVGRkgHCAmGBgmNiYgJjZENisrNkREREI1QkRERERERERERERERERERERERERERERERERERERERERERERERERE/8AAEQgBaAKAAwEiAAIRAQMRAf/EAH0AAQADAQEBAAAAAAAAAAAAAAABBAUDAgYBAQEAAwEAAAAAAAAAAAAAAAABAgMEBRABAAICAAQCBwYHAAAAAAAAAAECEQMhEgQFMUFRYdEiQmIT8IEyUnIzcZGhweFTFREBAQACAgIDAAAAAAAAAAAAAAERAhIDIUExcUL/2gAMAwEAAhEDEQA/AOgDteMAAAAAAAAAAAAAAACAAoAAAAAAAAAAAAAAAAAAAAAAAAAAAAAAAAAIACgAAAAAAAAAAAAAAAAAAAAAAAAAAAAAAAAAAAAAgAKAAACAAoAAAAAAAAAAAAAAAAAAAAAAAIACgAAAAAAAAAAAAAAAAAAAAAAAAAAAAAAAAAAAAAAAAAAAAAAAAAAAgAKAAAAAAAAAAAAAAAAAAAAAAAAAAAAAAAAAAAAAAAAAAAAAAAAAAAAAAAAAAAAAAAAAAAAAAAAAAAAAAAAACAAoAAAAAAAAAAAAAAAAAAAAAAAAAAAAAAAIACgAAAAAAAAAAAAAAAAAAAAAAAAAAAAAAAAAAAAAAAAAAAAAAAAAAAAAgAKAAAAAAAAAAAAAAAAAAAAAAAAAAAAAAAAAAAAAAAAAAAAAAAAAAAAAAAAAAAAAAAAAAAAAAAAAAAAAAAAAAAAAAAAAAAAACAAoAAAIACgAAAAAAAAAAAgAKAAAAACAAAAoAIACgAgAKAAAAAAAAAAAAAAAAAAAAAAAAACAAoAAAAAAAAAAAAAAAAAAAIACgAAAAAAAAAAAAAAAAAAAAAAAAAAAAAAAAAAAAAAAAAAAAAAAAAAAAAAAAAAAAAAAAAAAAAAAAAAAAAAAAAAAAAAAAAAAAAAAAAAAAAgAKAAAAAAAAAAAAAAAAAAAAAAAAAAAAAAAAAAAAAAACAAoAAAAAAAAAAAAAAAAAAAAAAAAAAAAAAAAAAAAAAAAAAAAAAAAAAAAAAAAAAAAAAAAAAAAAAAAAAAIACgAAAAAAAAAAAAAAAAAAAAAAAAAAAAAAAAAAAAAAAAAAAAAAAAAAAAAAAAAAAAAAAAAAAAAAAAAAAAAAAAAAAAAAAAAAAAAAAAAAAAAAAAAAAAAAAAAAAAAAAAAAAAAAAAAAAAAAAAAAAAAAAAAAAAAAAgAKAAAAAAAAAAACAAoAAAAAAAAAAAAAAAAAAAAAAAIACgAAAAAAAAAAAAAAAAAAAAAAAAAAAAAAAAAAAAAAAAAAAAAgAKAAAAAAAAAAAAAAAAAAAAAAAAAAAAAAAAAAAAAAAAACAAoAAAAAAAAAAAAAAAAAAAAAAAAAAAAAAAAAAAAAAAAAAAAAAAIACgAAAAAAAAAAAAAAAAAAAAAAAAAAAAAAAAAAAAAAAAAAAAAAAAAAAAAAAAAAAAAAAAAAAAAAAAAAAAAAAAAAAAAAAgAKAAAAAAAAAAAAAAAAAAAAAAAAAAAAAAAAAAAAAAAAAAAAAAAAAAAAAAAAAAAAAAAAAAAAAAAAAAAAAAAAAAAAACAAoAAAAAAAAAAAAAAAAAAAAAAAAAAAAAAAAAAAAAAAAAAAIACgAAAAAAAAAAAAAAAAAAAAAAAAAAAAAgItaKxmeEGcTNbRi0eMJlli/KQFYgAoAIACgAAAAAAAAAAAgAAAAAKAAAAAAAAAAAAAAAAAAAAAAAAAAAAAAAAAAAAACAAoAAAAAIACgAgiZxGZ8ErPb+np1O2fqcYpi3L5TPr/gxtxGemvPbi7du6Kdkxv2xiscaVnz+b2OneOkiIjqK4ry55oxxt/lr+DO7zfGmIj4rVhzy27ZehdJrpYxgHS80AVAAUAAAAAAAAAAAAAAAAAAAAAAAAAAAAAAAAAAAAAAAAAAAEABQAAAAAAAAAAAAAAAAAQAQBGfKImZ9EIm3LPLaJrPotGEzGXG4zh6AVBe7P+/sn5YUJ4cZ4NbsumYpbdbh9T8P6Ya+y+HR0a27Zayh3bVzdNbHw+/8AyaGVbuF4p0+yflmGiO+zMfNRsrM4iXpb6/ZomldGJjbSK+9WPCceH3+anGZjM+Lp1uXm9unG+EgM2kAFABAAUAAAAAAAEABQAAAAAAAAAAAAAAAAAAAQAFAAAAAAAAAAAAAAAAAAABAAUAAAAAARMZjCQR61b92nhrtGI8pr9uLtPcN14xurTZX1xhXGF1jbOzaOk36a2ZtW+qZ/LPNDpq6TXu/b3xM+i0YV3m1K28YTjfVZTsn6ka+nstImLbbTsiPh8K/b72jt0xenJmYj5OD5inNqnOu1q49ftaGnvGzX7u6vNH5qexr21rp07dPpe+h1Wvjr2xb5dlf7wq9dv3Tq5d2qaxmszas80Yj+rrTu/TW/FM0/VV3/AOl03+yuGGK3cpYwJ2zutbdPxznHq8ho779t2zNuaK285rmGZstWlois80TOPHMt2u3pw9nXc8pXoBtc4AKAAAAAAAAAAAAAAAAACAAoAAAAAAAAAAAAAAAAAAAAAAAAAAAAAAAAAAAAAAAAAAAAAAAAAIACk8fFHLHohImDNRMR6IRFYjwh6DBmgCoACgAAAAAAAgAKAAAAAAAAAAAAAAAAAAAAAAAAAAAAACAAoAAAAAAAAAAAAAAAAAAAAAAAAAAAAAAAAAAAIACgAgAKAAAAAAAAACAAoAAAAAAAAAAAAAAAAAIACgAAAAAAAAAAAgAKAAAAAAAAAAAAAAAAAAAAAAAAAAACP//Z', 1279672790811712, 1556880337585, 1556880337585, 0);
INSERT INTO attachments (userId, resourceId, size, width, height, name, mime, id, createdAt, updatedAt, version) VALUES (1279672790810656, 1279672790811712, 3042, 640, 360, 'img-10', 'image/jpeg', 1279672790811744, 1556880337585, 1556880337585, 0);
INSERT INTO resources (hash, encoding, content, id, createdAt, updatedAt, version) VALUES ('e33578ea5812325eb83016a79bd29346f098ac5e74ec258aeacbf2bfc90fa3db', 'BASE64', '/9j/4QAYRXhpZgAASUkqAAgAAAAAAAAAAAAAAP/sABFEdWNreQABAAQAAAAKAAD/4QMsaHR0cDovL25zLmFkb2JlLmNvbS94YXAvMS4wLwA8P3hwYWNrZXQgYmVnaW49Iu+7vyIgaWQ9Ilc1TTBNcENlaGlIenJlU3pOVGN6a2M5ZCI/PiA8eDp4bXBtZXRhIHhtbG5zOng9ImFkb2JlOm5zOm1ldGEvIiB4OnhtcHRrPSJBZG9iZSBYTVAgQ29yZSA1LjUtYzAxNCA3OS4xNTE0ODEsIDIwMTMvMDMvMTMtMTI6MDk6MTUgICAgICAgICI+IDxyZGY6UkRGIHhtbG5zOnJkZj0iaHR0cDovL3d3dy53My5vcmcvMTk5OS8wMi8yMi1yZGYtc3ludGF4LW5zIyI+IDxyZGY6RGVzY3JpcHRpb24gcmRmOmFib3V0PSIiIHhtbG5zOnhtcD0iaHR0cDovL25zLmFkb2JlLmNvbS94YXAvMS4wLyIgeG1sbnM6eG1wTU09Imh0dHA6Ly9ucy5hZG9iZS5jb20veGFwLzEuMC9tbS8iIHhtbG5zOnN0UmVmPSJodHRwOi8vbnMuYWRvYmUuY29tL3hhcC8xLjAvc1R5cGUvUmVzb3VyY2VSZWYjIiB4bXA6Q3JlYXRvclRvb2w9IkFkb2JlIFBob3Rvc2hvcCBDQyAoTWFjaW50b3NoKSIgeG1wTU06SW5zdGFuY2VJRD0ieG1wLmlpZDoxMzk3MUFDRjQyMDUxMUU5OTk4RkJCNjMyNTY5RTk2QSIgeG1wTU06RG9jdW1lbnRJRD0ieG1wLmRpZDoxMzk3MUFEMDQyMDUxMUU5OTk4RkJCNjMyNTY5RTk2QSI+IDx4bXBNTTpEZXJpdmVkRnJvbSBzdFJlZjppbnN0YW5jZUlEPSJ4bXAuaWlkOjEzOTcxQUNENDIwNTExRTk5OThGQkI2MzI1NjlFOTZBIiBzdFJlZjpkb2N1bWVudElEPSJ4bXAuZGlkOjEzOTcxQUNFNDIwNTExRTk5OThGQkI2MzI1NjlFOTZBIi8+IDwvcmRmOkRlc2NyaXB0aW9uPiA8L3JkZjpSREY+IDwveDp4bXBtZXRhPiA8P3hwYWNrZXQgZW5kPSJyIj8+/+4ADkFkb2JlAGTAAAAAAf/bAIQAFBAQGRIZJxcXJzImHyYyLiYmJiYuPjU1NTU1PkRBQUFBQUFERERERERERERERERERERERERERERERERERERERAEVGRkgHCAmGBgmNiYgJjZENisrNkREREI1QkRERERERERERERERERERERERERERERERERERERERERERERERERE/8AAEQgBaAKAAwEiAAIRAQMRAf/EAHgAAQACAwEAAAAAAAAAAAAAAAAFBgEDBAIBAQEAAAAAAAAAAAAAAAAAAAABEAEAAgECBAIGBgkEAwAAAAAAAQIDEQQhMRIFQVFhcdEiMhORobHBFQaB4UJSYnKCkhTxIzNDU2MWEQEAAAAAAAAAAAAAAAAAAAAA/9oADAMBAAIRAxEAPwCfZBQAAAAAAAAAAAAAAAAAAAAAAAAAAAAAAAAAAAAAAAAAAAAAAAAAAAAAAAAAAAAAAAAAAAAAAAAAAAAAAAAAAAAAAAAAAAAAAAAAAAAAAAAAAAAAAAAAAAAAAAAAAAAAAAAAAAAAAAAAAAAAAAAAAAAAAAAAAAAAAAAAAAAAAAAAAAAAAAAAAAAAAAAAAAAAAAAAAAAAAAAAAAAAAAAAAAAAAAAAAAAAAAAAAAAAAAAAAAAAAAAAAAAAAAAAAAAAAAAAAAAAAAAAAAAAAAAAAAAAAAAAAAAAAAAAAAAAAAAAAAAAAAAAAAAAAAAAAAAAAAAAAAAAAAAAAAAAAAAAAAAAAAAAAAAAAAAAAAAAAAAAAAAAAAAAAAAAAAAAAAAAAAAAAAAAAAAAAAAAAAAAAAAAAAAAAAAAAAAAAAAAAAAAAAAAAAAAAAAAAAAAAAAAAAAAAAAAAAAAAAAAAAAAAAAAAAAAAAAAAAAAAAAAAAAAAAAAAAAAAAAAAAAAAAAAAAAAAAAAAAAAAAAAAAAAAAAAAAAAAAAAAAAAAAAAAAAAAAAAAAAAAAAAAAAAAAAAAAAAAAAAAAAAAAAAAAAAAAAAAAAAAAAAAAAAAAAAAAAAAAAAAAAAAAAAAAAAAAAAAAAAAAAAAAAAAAAAAAAAAAAAAAAAAAAAAAAAAAABry5aYazfJMVrHOZBsEDm/MVdZjb45tH71vdhor+Ydxr7+Okx6LSIso4dj3PDveFJ6bxzpbn+t3AACgNWfPTb0nJknSsCNorOfv2fJP8AsVrSv8cazLXj75vKTrbovHlp0yC1CP7f3bDvvdr7uSOdLc/0eaQFAAAAAAAAAAAAAAAAAAAAAAAAAAAAAAAAAAAAAAAAAAAAAAAAAAAAAAAAAAAAAAAAAAaN3use0xzlyTwj6/QqG73WXf3683CsfDj8I9fpdHdd5/mbia1n/axTpX028ZcYgDfstrbe5vk1t0xEdU25g5rRMaXrOl68ayuXb91/l7embxtHH1+Ko5cc4ct8UzrNLdOseKe/LczO1mJ5RewJoAVhVe87mdxuZxRPuYuHrt4ytahTkm0XyeM2vb6wex173b7bDhxZdvk6r206o111/R4aOQRiYmLRek9N68a2ha+1dxjfY9Z4ZK8L19Pn6lVesG5tss1dxXlHC8edQXgeaWi9YtWdYmNYl6FAAAAAAAAAAAAAAAAAAAAAAAAAAAAAAAAAAAAAAAAAAAAAAAAAAAAAAAAAAAAAAHL3DPO32+TLHOtZ09bqRvfI12OXTyj7QVTHXSsRPPxeyAQIma2i9Zmto5TWdJBRjhWJmePOZmfFZ+w4px7KkzztNr/TKtY8Ft3lrtqc7fFPlXxXbHSMdYpXlWIiP0IPYApzUOkTSbVnnW1o+tfFQ7ttp226tP7GX36z6fGBHHFaxOsRESyADEx1RpPiyxa0ViZnwBZvy/ltk2dYtzpM0+hKo7smCcGzpFudtbz/AFJEUAAAAAAAAAAAAAAAAAAAAAAAAAAAAAAAAAAAAAAAAAAAAAAAAAAAAAAAAAAAAAAadzhjPivin9qs1bmBFFrE11pbhas9Mx6mVm7j2em7n5lJ6Mv73hPrhCX7VvaTp8uL+mlo+8HIaTa0UpHVe3CKw7sfZd5lnSYrjjzmdZ+iE727tmPY11r72SfivPP9UA8dq7ZGyrNr8ct/in7od+TJXHWb3nSsRrMy9tebFXNS2O8a1tGkiuCO+bW0zFJtbSNZ6aWnh9DX/wDQbaeNYvMfyo/P2LcYNZwW668tNem2nl5S4Me3y3vOKmO03r8VdOXrBZNv3nb58kYo6q2ty6o5uje7Km9xTiyeuJ8p80Z2/sl6Xrn3ExrWda0ry19Mp0FJ3W2y7G3Tnjh4ZI+GWmL1nlML3asWjS0ax5S4rdo2dp1nDXX1AqFstK85d/be2X3t4yZazXBWdePOyyYu37bDOuPFWJ9TqBiGQAAAAAAAAAAAAAAAAAAAAAAAAAAAAAAAAAAAAAAAAAAAAAAAAAAAAAAAAAAAAAAAABhkYmdOMgNebcY8EdWW0Uj+KdETbu3+Xn/xdtaKRPD5tvH0Vjzbs+023bsN9zePmZIj4snvTNgbZ7ztI+G/V/JE2+w/E4v/AMWLLf8Ao0+3RAdr7jbt95+Z72K/G2nOtvOPQmO6d3xVwTXBeL3yRpXpnlE85lA2+/3Hcon/ABYrjrE9NrWnW0f0x7Wz8MvtZ+btba3n/ljJ+36fRP1K3s9xfYZIy4ePDS1P3o9qT3/fJ3OP5WCtqdXx2tziPKAdm271bPFunDe00npt8uYtH3N2Tus4qTe+DLFYjWZmscPrV/t27/D88X0n5do6LxH1S6O69znfT8vHExhjjOvCbT7AS2Du1txSMmLBktWfH3fa2R3bFSdM9b4p/wDZXh9Mawi+wb2MGS22vOlbz1UmfPxh39z7zjwxOHFpkyTz8a19fsBJ1tFo6qzrE8ph6UzZ77LsJ6qz1Umdb08PXXy9S34c1c9K5KTrW0awo2AAAAAAAAAAAAAAAAAAAAAAAAAAAAAAAAAAAAAAAAAAAAAAAAAAAAAAAAAAAAAAAAAAIP8AMO7tSldtSdJyazaf4Y9qcVb8wTNd3SbfD0Tp9IIyccadPl9Tdl3GfcVrTNeb1pxrE/fPi922e4rgnczTTHHHj8Wnno0c+IgxFYjjEaMfMrPiza0VjWQZG/Psdzt8UZ8tNKTz0njXXzc8zpp4zPCIjxBkbdztM+0its9YiLeMTrpPlLXFbXtFKRra06VgHm1YtGklaxWNIjRv3ezzbKYjPEaW5Wry18paqY7Zr1xY/ivPTHtBhOflvLM0yYZ5UtrX1W/0c3c+zTs8fz8NrWrX/ki3l5w6Py1jmaZc3he0RX+n/UVPMgAAAAAAAAAAAAAAAAAAAAAAAAAAAAAAAAAAAAAAAAAAAAAAAAAAAAAAAAAAAAAAAAAj+57KdzWt6RE5cU9dItyn+GfWkAHFg7hg3tLYrT0XmOm+O/CY9qudr7dbeZZxX1+VimYvb97SeEe1Z9zsdvup1zUi0x4+Lk/AtpHw1tX+W9o+9B073t2PcbadvWIrpHueiY5K52bBXNn69xMVrh8LTzv+pNfge0njMWn15LPdeybKv/VE+vWQbt1udpmx2xXy00tEx8UK52KcEZpy7i9Y+V7tNZ5z+8sVe2bSvLDT+2Hr8P23/ip/aDn3262W7w2w2y096OHvcp8EX+XvkVmc+e9YyfBWJtHLxn9P2JyNhto5Yqf2w8z23aW54af2iPe7pg32G2GbVmLRwmJjhPhKvdhpFdxfJnmK/Jjo4zp70z7I+tM27Lsp/wCqI9WsfY807Fsqzr8vX+aZkVr3G+t3DXbbKOqs8L5pj3ax46ecpHbbem2x1w4/hrGjZSlaR00iIrHhD0oAAAAAAAAAAAAAAAAAAAAAAAAAAAAAAAAAAAAAAAAAAAAAAAAAAAAAAAAAAAAAAAAAAAAAAAAAAAAAAAAAAAAAAAAAAAAAAAAAAAAAAAAAAAAAAAAAAAAAAAAAAAAAAAAAAAAAAAAAAAAAAAAAAAAAAAAAAAAAAAAAAAAAAAAAAAAAAAAAAAAAAAAAAAAAAAAAAAAAAAAAAAAAAAAAAAAAAAAAAAAAAAAAAAAAAAAAAAAAAAAAAAAAAAAAAAAAAAAAAAAAAAAAAAAAAAAAAAAAAAAAAAAAAAAAAAAAAAAAAAAAAAAAAAAAAAAAAAAAAAAAAAAAAAAAAAAAAAAAAAAAAAAAAAAAAAAAAAAAAAAAAAAAAAAAAAAAAAAAAAAAAAAAAAAAAAAAAAAAAAAAAAAAAAAAAAAAAAAAAAAAAAAAAAAAAAAAAAAAAAAAAAAAAAAAAAAAAAAAAAAAAAAAAAAAAAAAAAAAAAAAAAAAAAAAAAAAAAAAAAAAAAAAAAAAAAAAAAAAAAAAAAAAAAAAAAAAAAAAAAAAAAAAAAAAAAAAAAAAAAAAAAAAAAAAAAAAAAAAAAAAAAAAAAAAAAAAAAAAAAAAAAAAAAAAAAAAAAAAAAAAAAAAAAAAAAAAAAAAAAAAAAAAAAAAAAAAAAAAAAAAAAAAAAA//9k=', 1279672790811776, 1556880337585, 1556880337585, 0);
INSERT INTO attachments (userId, resourceId, size, width, height, name, mime, id, createdAt, updatedAt, version) VALUES (1279672790810656, 1279672790811776, 4233, 640, 360, 'img-11', 'image/jpeg', 1279672790811808, 1556880337585, 1556880337585, 0);
INSERT INTO texts (hash, content, id, createdAt, updatedAt, version) VALUES ('acedff3073adb35faa7ea60423dcf5c4068c7fc68d8e025db671d25fe1633f8b', '# himenaeos laudem tation mnesarchum appetere.\n\nfalli mucius facilis nostra eleifend ridiculus.\n\nnoster usu has idque hinc legere nullam habitasse aliquip dicta erat ac vestibulum.\n\ndeserunt torquent nascetur magnis eu odio definitionem consequat referrentur.\n\nexplicari mei eirmod nisl vivamus curabitur minim sapien parturient scelerisque arcu metus hac te ignota interesset vis suas.\n\norci simul dicant euripidis montes dicam utamur iaculis scripta natoque et iuvaret at atomorum varius viris.\n\ntamquam harum eruditi volumus adipiscing adversarium cras.\n\ndiam his noluisse eam saepe putent dicit vocibus.\n\nevertitur ullamcorper feugait lectus ultricies partiendo propriae debet adipiscing audire doctus ludus.\n\nlacinia leo voluptatum erroribus quo potenti parturient vituperatoribus omnesque donec cu ornare consetetur.\n\ninterdum deserunt sagittis laoreet primis condimentum aeque simul scripta sadipscing aenean quot potenti conclusionemque malorum.\n\n', 1279672790811840, 1556880337586, 1556880337586, 0);
INSERT INTO articles (userId, categoryId, imageId, textId, views, tags, name, description, publishAt, id, createdAt, updatedAt, version) VALUES (1279672790810656, 1279672790811040, 1279672790811104, 1279672790811840, 0, 'abc,xyz,hello', 'scripta. 0', 'sea nascetur mnesarchum vis ex periculis autem facilisis.', 1556880337551, 1279672790814560, 1556880337586, 1556880337586, 0);
INSERT INTO texts (hash, content, id, createdAt, updatedAt, version) VALUES ('486cc85459198b3fe91f9de4dd6cfaef5f14ebfa01fc0a9bde85181f319be698', '# gravida dictum suas referrentur.\n\nfringilla vocent netus novum condimentum fringilla dicta consectetuer prompta.\n\ndelectus melius.\n\nmi dicit himenaeos percipit.\n\nfeugiat auctor putent assueverit.\n\neloquentiam possit malesuada.\n\nprodesset sapien liber ridens sit natoque animal.\n\nluctus noster mus proin parturient mucius posse harum graeco praesent fugit non nec doctus montes ponderum.\n\nsolet impetus parturient orci porttitor rutrum iisque periculis civibus repudiandae vocent.\n\nsenserit erat luctus minim menandri tempus reque feugait ullamcorper idque.\n\nornatus mutat aperiri pretium consectetuer platea affert sollicitudin lacinia interesset nominavi contentiones laoreet arcu mea.\n\n', 1279672790811872, 1556880337586, 1556880337586, 0);
INSERT INTO articles (userId, categoryId, imageId, textId, views, tags, name, description, publishAt, id, createdAt, updatedAt, version) VALUES (1279672790810656, 1279672790811040, 1279672790811168, 1279672790811872, 0, 'abc,xyz,hello', 'semper. 1', 'novum tale condimentum nisi dapibus graeco hendrerit.', 1556880337552, 1279672790814592, 1556880337586, 1556880337586, 0);
INSERT INTO texts (hash, content, id, createdAt, updatedAt, version) VALUES ('6bde7b39f69b8ace5bb17393e21cde4a6f6b021c3c193d856d36e608f179be65', '# tibique salutatus definitiones nec interpretaris delicata.\n\nodio dolorem mutat mediocrem corrumpit suas persequeris populo quis unum.\n\nenim bibendum maiestatis minim nisl eget nominavi.\n\nsigniferumque usu vidisse pharetra dolor melius.\n\nsollicitudin brute malesuada novum tractatos brute viderer venenatis augue natoque melius dolorum velit himenaeos.\n\ngraece.\n\ncursus porta senserit.\n\nancillae mucius doming accommodare habeo habemus ludus audire tristique laudem.\n\nsonet numquam nascetur constituam quo viris errem adipiscing.\n\nluctus suavitate sumo autem massa verear legere utroque vitae.\n\noratio sapien option melius altera conceptam habitasse.\n\ntation hac est nonumy qualisque mediocrem arcu utroque nulla an atqui quisque eros elaboraret inceptos velit ex.\n\nelementum elitr utinam iriure nostra.\n\ndissentiunt iudicabit sociosqu vituperatoribus commune invenire dicit habitant consectetur utamur noster velit nobis minim inimicus nisi purus sea id graece.\n\nmollis tractatos convallis constituam gravida donec pulvinar fabulas mediocrem assueverit voluptatibus semper quaerendum splendide menandri vocibus necessitatibus gubergren nec.\n\nfabellas urna nec commodo pericula habeo ridens vivamus iudicabit scelerisque vidisse lacinia lectus cetero ac non.\n\nsumo habitant mnesarchum.\n\ndignissim.\n\naffert fames molestiae varius sit propriae vix alia sodales elitr quaerendum alienum fusce nostra diam tincidunt altera mus elementum quas.\n\nequidem consequat dui praesent ullamcorper diam splendide nibh tale porta numquam comprehensam dicit quem legere.\n\n', 1279672790811904, 1556880337586, 1556880337586, 0);
INSERT INTO articles (userId, categoryId, imageId, textId, views, tags, name, description, publishAt, id, createdAt, updatedAt, version) VALUES (1279672790810656, 1279672790811040, 1279672790811232, 1279672790811904, 0, 'abc,xyz,hello', 'sententiae. 2', 'malorum sed.', 1556880337553, 1279672790814624, 1556880337587, 1556880337587, 0);
INSERT INTO texts (hash, content, id, createdAt, updatedAt, version) VALUES ('7eaa12b4d7dc030b029f169d8b33728c56c74c98cb047ad30c028a4ecdddb050', '# sem sea dolore ex regione lectus malesuada feugiat.\n\nmaximus persequeris saepe purus error vocent posse dolorum leo fusce expetenda ullamcorper splendide aenean reque propriae suscipiantur.\n\ntantas diam vituperatoribus periculis elementum duo interpretaris explicari constituam neglegentur oratio utamur risus adolescens aenean efficiantur mollis conceptam interdum.\n\npersecuti ridiculus libris possim.\n\npersequeris no suavitate disputationi option vis suscipit amet.\n\nutinam a salutatus impetus.\n\nmattis senectus iudicabit nisi dico quis consetetur tellus eirmod nascetur dolorem ei pri magna fermentum nostrum velit lorem dicta.\n\ntortor sociis oporteat prodesset audire quas inceptos malorum.\n\nlacinia offendit maecenas appetere accumsan.\n\nprimis phasellus mentitum cum esse.\n\nea definitiones quot ancillae leo minim felis urna moderatius eleifend mea novum alterum.\n\nhabemus sanctus simul integer propriae.\n\n', 1279672790811936, 1556880337587, 1556880337587, 0);
INSERT INTO articles (userId, categoryId, imageId, textId, views, tags, name, description, publishAt, id, createdAt, updatedAt, version) VALUES (1279672790810656, 1279672790811040, 1279672790811296, 1279672790811936, 0, 'abc,xyz,hello', 'errem. 3', 'maecenas nominavi his assueverit ei te delicata volutpat his.', 1556880337554, 1279672790814656, 1556880337587, 1556880337587, 0);
INSERT INTO texts (hash, content, id, createdAt, updatedAt, version) VALUES ('84a13e3c87c9b7b4599d6f1d74d76ce5e55650e001a99a6611d556431cc77f8d', '# sapien habeo constituam.\n\npellentesque mea petentium vidisse explicari gravida conceptam discere platea contentiones ius postea sodales discere veritus.\n\npericula causae phasellus pertinax non consequat petentium solet facilisis verear magna.\n\nagam a utamur homero intellegebat pharetra vestibulum.\n\nviderer eius pretium.\n\natomorum altera dicam fusce sonet offendit mea sociis alienum meliore libero.\n\nfeugait convallis arcu saperet.\n\neos saperet sociosqu prodesset facilisis consectetur convenire ex interesset autem dicunt offendit repudiandae sumo.\n\nlegere viris.\n\npericulis utamur odio salutatus aliquam ut purus potenti nascetur offendit facilis definitiones laoreet quam ferri vidisse primis fringilla.\n\ndolorem repudiandae sonet dolorem.\n\naenean.\n\nfacilis dapibus viris laoreet suscipiantur dolor vitae tibique scelerisque dolore putent posse.\n\nte dignissim placerat ne.\n\n', 1279672790811968, 1556880337587, 1556880337587, 0);
INSERT INTO articles (userId, categoryId, imageId, textId, views, tags, name, description, publishAt, id, createdAt, updatedAt, version) VALUES (1279672790810656, 1279672790811040, 1279672790811360, 1279672790811968, 0, 'abc,xyz,hello', 'repudiandae. 4', 'efficiantur decore interesset.', 1556880337555, 1279672790814688, 1556880337587, 1556880337587, 0);
INSERT INTO texts (hash, content, id, createdAt, updatedAt, version) VALUES ('42740c99081d8802b02393197e1dea010c762ff43ded7cc4bba0a23b575a4561', '# arcu suas explicari.\n\nnonumy indoctum ceteros quem prodesset utroque.\n\nfugit antiopam sociosqu dicta consequat dolorem natum veniam tractatos platea enim vim massa alterum vituperata harum sadipscing nibh.\n\nmolestiae dolore malesuada at conceptam tota explicari oporteat velit.\n\ntamquam conclusionemque tamquam ius commune debet inani facilis vivamus ius.\n\na postulant maiestatis proin novum suscipit felis intellegebat maiorum deterruisset eruditi.\n\niisque eam dicant tempus sadipscing tempor congue blandit offendit te ad wisi option quis ferri animal tibique eos curae veniam.\n\nignota adversarium.\n\nnobis detraxit integer purus patrioque noluisse dolores option sapientem similique eum condimentum ut maiorum ipsum pericula per constituto.\n\nsigniferumque cursus errem vocibus morbi aliquip pertinax detracto ridens cursus eget lacinia commune alienum adipisci indoctum mea.\n\nmetus partiendo conclusionemque electram agam metus consul instructior aperiri nonumy delectus wisi intellegat tempor porro liber.\n\nnoster neglegentur alia vis.\n\norci quisque dolor eripuit audire eam oratio ridiculus pharetra erat dicta detracto vivendo nobis amet perpetua efficiantur.\n\nrepudiandae lobortis utinam consequat periculis mea nonumy cursus quaeque posidonium mediocrem quas repudiare intellegebat blandit errem.\n\niudicabit dis himenaeos eloquentiam dicant utinam fringilla alia quod in.\n\n', 1279672790812000, 1556880337587, 1556880337587, 0);
INSERT INTO articles (userId, categoryId, imageId, textId, views, tags, name, description, publishAt, id, createdAt, updatedAt, version) VALUES (1279672790810656, 1279672790811040, 1279672790811424, 1279672790812000, 0, 'abc,xyz,hello', 'inimicus. 5', 'tempor iriure accumsan mus sodales qualisque.', 1556880337556, 1279672790814720, 1556880337587, 1556880337587, 0);
INSERT INTO texts (hash, content, id, createdAt, updatedAt, version) VALUES ('2cc627c4e4d4a89a376709b4a287e782fddd16a4f8a8e77aebcfa40bd88b62a6', '# vix natoque sapien consectetur alia est mediocrem.\n\naenean mnesarchum fabellas.\n\nfusce tempor adversarium moderatius detraxit.\n\nsanctus convenire appetere.\n\na adolescens atomorum.\n\nerrem utroque evertitur hendrerit class quisque aliquip.\n\nelitr dignissim ferri definitionem nunc magna dolores patrioque graeco.\n\nvocibus aenean dictas mi consectetuer atqui scelerisque.\n\nei prompta erat leo aliquet vivendo persius mel inimicus ancillae.\n\ncivibus pertinax veniam intellegebat invenire.\n\net quaestio quas contentiones commune accusata esse lobortis saperet porttitor delicata conclusionemque praesent ignota epicurei ex sapientem tempus interdum.\n\nporta facilisis nominavi ligula.\n\ncubilia propriae falli te quaerendum nunc.\n\nut persecuti adversarium usu consequat constituto aenean prompta convallis sale pertinax expetenda ius.\n\npartiendo eruditi sem invidunt scelerisque fabellas aenean expetendis laudem petentium ipsum quam veniam erroribus molestiae.\n\nocurreret dolor ei.\n\n', 1279672790812032, 1556880337587, 1556880337587, 0);
INSERT INTO articles (userId, categoryId, imageId, textId, views, tags, name, description, publishAt, id, createdAt, updatedAt, version) VALUES (1279672790810656, 1279672790811040, 1279672790811488, 1279672790812032, 0, 'abc,xyz,hello', 'verear. 6', 'egestas voluptatum pro viris consetetur consectetur phasellus affert quaestio.', 1556880337557, 1279672790814752, 1556880337587, 1556880337587, 0);
INSERT INTO texts (hash, content, id, createdAt, updatedAt, version) VALUES ('f0ccd4f34de3de8a7013ff20e6a210932b06be183becdfc0a7de8dcb7776d93e', '# ocurreret semper dicant mandamus porttitor vidisse legere platea.\n\nat tincidunt.\n\nrepudiandae dolore iudicabit sea ligula porttitor scripserit massa per dico mattis vituperata sociosqu recteque salutatus netus faucibus.\n\nmelius suspendisse esse invenire vivendo eam curabitur legere sale elementum quaeque sapien.\n\nponderum possim posidonium sagittis tristique ponderum eros deterruisset comprehensam nullam utinam ornare augue sanctus.\n\natqui dico veri an postea numquam dis platonem metus torquent esse nulla tibique duo gubergren euismod corrumpit.\n\nocurreret condimentum.\n\nvel aliquid convenire pertinax taciti hac.\n\ncommune.\n\nomittantur tantas tractatos nostra fugit et eius semper taciti eu malorum tibique homero convallis tincidunt.\n\nsed lectus urbanitas laoreet adolescens turpis.\n\noption interesset fastidii utroque eros gubergren facilisi eum reprimique eu sapientem accusata iisque corrumpit pericula maiorum.\n\neu senectus signiferumque tortor iusto nec mandamus sem dictumst ac nisi saperet referrentur.\n\nconvenire urna maiestatis veri.\n\nveritus faucibus nibh mutat iuvaret aptent feugait augue vim per comprehensam id tortor explicari discere invenire ac.\n\n', 1279672790812064, 1556880337587, 1556880337587, 0);
INSERT INTO articles (userId, categoryId, imageId, textId, views, tags, name, description, publishAt, id, createdAt, updatedAt, version) VALUES (1279672790810656, 1279672790811040, 1279672790811552, 1279672790812064, 0, 'abc,xyz,hello', 'scelerisque. 7', 'vehicula a cum sonet tincidunt tritani.', 1556880337558, 1279672790814784, 1556880337588, 1556880337588, 0);
INSERT INTO texts (hash, content, id, createdAt, updatedAt, version) VALUES ('c72abd7785a4fc58c8ab324bbd9c5e13da46bcedb3adf6184bd67807cec4502f', '# mazim pulvinar.\n\nvehicula pulvinar cum sagittis mnesarchum numquam sale veri.\n\ndeseruisse tacimates sociis accumsan honestatis a.\n\nporro tristique saperet eius.\n\nverear nullam ornatus dolore debet non aliquet auctor.\n\nquem varius.\n\namet sociis intellegat veri.\n\nnihil volumus suspendisse eloquentiam liber epicurei equidem porta facilis aliquet.\n\nhas meliore est arcu conclusionemque adolescens.\n\nsapien.\n\nimperdiet veniam saperet doming noluisse morbi perpetua iuvaret vidisse voluptatum leo falli melius aperiri.\n\nad ei congue aliquet quo agam lacinia curae.\n\npercipit aptent aenean nonumes propriae deterruisset maiorum luptatum quas est porta lobortis doming voluptaria appareat laudem assueverit viris vivendo ridens.\n\nornare option at possit senectus eos natoque scripserit reque torquent vituperata iriure hendrerit oporteat repudiandae ancillae tation eirmod.\n\nplatonem elitr.\n\nquod antiopam.\n\nreque.\n\nnecessitatibus sed viverra atomorum fastidii vituperata habemus patrioque vehicula equidem nostrum aeque postea iriure.\n\nnatum vituperata vivendo pri omittantur.\n\n', 1279672790812096, 1556880337588, 1556880337588, 0);
INSERT INTO articles (userId, categoryId, imageId, textId, views, tags, name, description, publishAt, id, createdAt, updatedAt, version) VALUES (1279672790810656, 1279672790811040, 1279672790811616, 1279672790812096, 0, 'abc,xyz,hello', 'ante. 8', 'altera tantas nulla graeci qui option definitionem rhoncus.', 1556880337559, 1279672790814816, 1556880337588, 1556880337588, 0);
INSERT INTO texts (hash, content, id, createdAt, updatedAt, version) VALUES ('ec49eadf1eac92299241e45c54da836b4b2bf7e9a25d2a09ecf024335d5c4571', '# sanctus.\n\nomittantur ornare dapibus tacimates idque quaestio novum.\n\ndefiniebas praesent nominavi.\n\nhac graecis verterem graece menandri luptatum tacimates augue gravida solet porttitor quaeque detracto instructior duis ipsum invenire.\n\nmazim aperiri ad lacus mollis adipisci.\n\nvoluptatibus laoreet ei meliore putent convenire ex at detraxit mei vituperatoribus.\n\nindoctum est dignissim inciderint legimus.\n\nmalorum fugit ridens periculis porttitor nonumy eleifend quot scelerisque viris hinc inciderint laoreet epicuri efficiantur.\n\ndeserunt ubique potenti saperet mollis his.\n\nvis pellentesque atomorum.\n\nsapientem urna nobis posidonium inani facilisi vivendo facilisis platonem mediocrem comprehensam nullam pericula appareat saperet.\n\nputent convallis iisque nonumes cu ea disputationi ac.\n\nelementum ex viris solet posuere magnis laudem legimus platonem cetero nisl metus tritani dis feugiat.\n\nmnesarchum platonem sem verear torquent aliquam dicunt in vim egestas tale intellegebat pulvinar odio appareat veritus primis mea postulant.\n\nmazim quod vel bibendum ignota te mediocritatem dignissim tincidunt ubique per.\n\n', 1279672790812128, 1556880337588, 1556880337588, 0);
INSERT INTO articles (userId, categoryId, imageId, textId, views, tags, name, description, publishAt, id, createdAt, updatedAt, version) VALUES (1279672790810656, 1279672790811040, 1279672790811680, 1279672790812128, 0, 'abc,xyz,hello', 'vitae. 9', 'eros docendi vocent deserunt legimus mutat solum quas tincidunt.', 1556880337560, 1279672790814848, 1556880337588, 1556880337588, 0);
INSERT INTO texts (hash, content, id, createdAt, updatedAt, version) VALUES ('4fa1f8e42bd58c99486568731bb5d8e90b06d35bc2c9f89057e51173714d486d', '# usu commodo.\n\nsuas congue aliquip proin natoque veri proin regione mea ac porttitor vocibus.\n\nelectram noster nisl quidam sonet tale proin proin tincidunt moderatius duis ubique unum delectus invenire eros vitae fugit scripserit mea.\n\naccommodare ridens saperet deseruisse splendide porro indoctum appetere tamquam maximus error.\n\nfermentum ridiculus affert idque ridens minim quam hinc vitae dictum.\n\nintellegat posuere sonet a theophrastus eget integer ad scripta ut noster dicta at equidem aliquam vivamus aenean honestatis eget.\n\nviderer.\n\nnon principes fusce mi sed montes venenatis.\n\nconsul.\n\nmaluisset dolor.\n\nreformidans adversarium erroribus laoreet torquent voluptatibus noster eget mazim natoque mus est iriure dictum.\n\nludus gubergren lorem comprehensam sadipscing metus cu ex.\n\nmagnis sit neque viderer veniam constituam hac tation referrentur invenire.\n\ndiam aliquam sea purus offendit magnis senectus theophrastus quas meliore mei dolorem populo mus senectus ignota deseruisse.\n\n', 1279672790812160, 1556880337588, 1556880337588, 0);
INSERT INTO articles (userId, categoryId, imageId, textId, views, tags, name, description, publishAt, id, createdAt, updatedAt, version) VALUES (1279672790810656, 1279672790811040, 1279672790811744, 1279672790812160, 0, 'abc,xyz,hello', 'non. 10', 'tibique vis iusto deterruisset mattis.', 1556880337561, 1279672790814880, 1556880337588, 1556880337588, 0);
INSERT INTO texts (hash, content, id, createdAt, updatedAt, version) VALUES ('707dd881a7020e12a61233f58a8178d8f9ef84eee1221c43695c48f505f3264c', '# faucibus mei mazim ut rutrum ludus egestas sumo.\n\nmaiorum appareat maiorum eirmod duis reprimique class indoctum vivamus feugiat meliore est.\n\nduis audire ius efficiantur sociosqu nam fugit habitant pretium vehicula maiestatis lacinia ipsum error laoreet cras veri.\n\nveritus periculis.\n\ndissentiunt tellus consectetuer curabitur tritani iuvaret unum morbi vestibulum rutrum sonet vehicula putent persius nominavi dictas at efficiantur adipisci volutpat.\n\nqui efficitur mattis regione ei tamquam recteque massa.\n\ninteresset molestie error alia natoque suscipit.\n\naudire neque alienum nibh nulla usu voluptatibus definiebas wisi petentium dictumst quem inceptos dicam lectus tale putent equidem.\n\nefficiantur melius utroque qui postea disputationi fusce tortor.\n\nsuas appetere morbi congue singulis rutrum purus mutat dico natoque epicuri curae dictum novum habeo intellegat.\n\nmaluisset aliquip scelerisque massa dis nonumy ius facilis interesset netus habitasse ceteros dicit autem mutat posidonium condimentum mollis ius repudiandae.\n\ncu maiorum venenatis himenaeos cubilia signiferumque referrentur brute wisi etiam sagittis hinc cubilia id.\n\nnihil lobortis sonet finibus neque praesent iisque augue consetetur quod autem maecenas.\n\nmelius deserunt iusto litora sumo maximus.\n\nnumquam comprehensam vocibus adipisci pericula sententiae nec fames consetetur indoctum mei consul sagittis tortor sed praesent habitasse.\n\nfermentum discere duo adversarium.\n\nmattis ius graece bibendum convallis magnis mollis metus brute volumus propriae noluisse facilisi graeco alienum falli dictum.\n\npretium verear dicat dicunt eum voluptatum.\n\n', 1279672790812192, 1556880337588, 1556880337588, 0);
INSERT INTO articles (userId, categoryId, imageId, textId, views, tags, name, description, publishAt, id, createdAt, updatedAt, version) VALUES (1279672790810656, 1279672790811040, 1279672790811808, 1279672790812192, 0, 'abc,xyz,hello', 'mauris. 11', 'atqui solum dolorem iisque invenire facilis elitr.', 1556880337562, 1279672790814912, 1556880337588, 1556880337588, 0);
INSERT INTO boards (topicNumber, locked, tag, name, description, displayOrder, id, createdAt, updatedAt, version) VALUES (0, false, 'sample', 'Discuss Sample', 'Discuss Sample.', 0, 1279672790812224, 1556880337589, 1556880337589, 0);
INSERT INTO topics (boardId, userId, userName, userImageUrl, refType, refId, replyNumber, locked, name, content, id, createdAt, updatedAt, version) VALUES (1279672790812224, 1279672790810912, 'subscriber', '/static/img/user.png', 'NONE', 0, 0, false, 'moderatius has nisi.1', 'pulvinar hac lectus adhuc solum erroribus propriae sem pretium.', 1279672790812256, 1556880337553, 1556880337553, 0);
INSERT INTO topics (boardId, userId, userName, userImageUrl, refType, refId, replyNumber, locked, name, content, id, createdAt, updatedAt, version) VALUES (1279672790812224, 1279672790810912, 'subscriber', '/static/img/user.png', 'NONE', 0, 1, false, 'netus vel sea.2', 'euismod facilisis ornatus iusto mauris vim voluptaria lacus nostrum numquam sententiae invidunt gravida eos utinam vix viris repudiare veri porttitor aliquip nonumes.', 1279672790812288, 1556876737553, 1556876737553, 0);
INSERT INTO replies (topicId, userId, userName, userImageUrl, content, id, createdAt, updatedAt, version) VALUES (1279672790812288, 1279672790810912, 'subscriber', '/static/img/user.png', 'repudiandae viverra posse propriae pulvinar iriure ipsum lobortis aeque mediocritatem ligula fastidii erat nulla cras fastidii explicari quidam fringilla dicit mediocritatem facilis disputationi nobis nihil nobis.', 1279672790814944, 1556876677553, 1556876677553, 0);
INSERT INTO topics (boardId, userId, userName, userImageUrl, refType, refId, replyNumber, locked, name, content, id, createdAt, updatedAt, version) VALUES (1279672790812224, 1279672790810912, 'subscriber', '/static/img/user.png', 'NONE', 0, 2, false, 'accumsan.3', 'ferri elaboraret civibus legere ornatus iuvaret dico necessitatibus appetere cras sed tempus brute nonumes veniam mentitum nulla himenaeos mandamus instructior eos voluptatibus quidam mucius perpetua parturient ubique necessitatibus nonumes recteque efficiantur gubergren et legimus ullamcorper purus referrentur nisi ante et porro referrentur sodales.', 1279672790812320, 1556873137553, 1556873137553, 0);
INSERT INTO replies (topicId, userId, userName, userImageUrl, content, id, createdAt, updatedAt, version) VALUES (1279672790812320, 1279672790810912, 'subscriber', '/static/img/user.png', 'nonumy utamur urbanitas enim efficitur vis adipisci mel principes class iisque posse ocurreret dolorum doming periculis consectetuer varius vitae ex harum voluptatibus iudicabit inceptos pellentesque aeque ornatus vocent sed lacinia augue salutatus simul salutatus malesuada ut urna solet mucius eam viverra.', 1279672790814976, 1556873077553, 1556873077553, 0);
INSERT INTO replies (topicId, userId, userName, userImageUrl, content, id, createdAt, updatedAt, version) VALUES (1279672790812320, 1279672790810912, 'subscriber', '/static/img/user.png', 'eget suscipit iaculis adversarium mucius definitionem ullamcorper vehicula idque aperiri autem homero decore fabellas graece eruditi dolor persius semper leo commodo dictas cursus detracto porttitor eu elementum efficiantur pulvinar nostrum agam imperdiet feugait patrioque donec ac ex.', 1279672790815008, 1556869477553, 1556869477553, 0);
INSERT INTO topics (boardId, userId, userName, userImageUrl, refType, refId, replyNumber, locked, name, content, id, createdAt, updatedAt, version) VALUES (1279672790812224, 1279672790810912, 'subscriber', '/static/img/user.png', 'NONE', 0, 3, false, 'volumus scripta possim.4', 'pharetra vim mazim posuere referrentur nascetur placerat utamur deterruisset oratio netus tacimates singulis sociosqu ponderum conceptam constituam placerat conceptam tation efficiantur dis parturient maiestatis aliquet adolescens sumo neglegentur interesset dis.', 1279672790812352, 1556869537553, 1556869537553, 0);
INSERT INTO replies (topicId, userId, userName, userImageUrl, content, id, createdAt, updatedAt, version) VALUES (1279672790812352, 1279672790810912, 'subscriber', '/static/img/user.png', 'qualisque definiebas mentitum patrioque intellegat fugit novum persecuti nisi consetetur eloquentiam justo nibh nam nominavi adipiscing parturient audire quaestio imperdiet melius mentitum mnesarchum.', 1279672790815040, 1556869477553, 1556869477553, 0);
INSERT INTO replies (topicId, userId, userName, userImageUrl, content, id, createdAt, updatedAt, version) VALUES (1279672790812352, 1279672790810912, 'subscriber', '/static/img/user.png', 'definitiones.', 1279672790815072, 1556865877553, 1556865877553, 0);
INSERT INTO replies (topicId, userId, userName, userImageUrl, content, id, createdAt, updatedAt, version) VALUES (1279672790812352, 1279672790810912, 'subscriber', '/static/img/user.png', 'reformidans eos montes ignota augue aptent.', 1279672790815104, 1556862277553, 1556862277553, 0);
INSERT INTO topics (boardId, userId, userName, userImageUrl, refType, refId, replyNumber, locked, name, content, id, createdAt, updatedAt, version) VALUES (1279672790812224, 1279672790810912, 'subscriber', '/static/img/user.png', 'NONE', 0, 4, false, 'gloriatur dictumst utinam.5', 'ac solum habitasse atomorum dicunt utroque efficiantur theophrastus signiferumque.', 1279672790812384, 1556865937553, 1556865937553, 0);
INSERT INTO replies (topicId, userId, userName, userImageUrl, content, id, createdAt, updatedAt, version) VALUES (1279672790812384, 1279672790810912, 'subscriber', '/static/img/user.png', 'atomorum dictas ignota blandit amet.', 1279672790815136, 1556865877553, 1556865877553, 0);
INSERT INTO replies (topicId, userId, userName, userImageUrl, content, id, createdAt, updatedAt, version) VALUES (1279672790812384, 1279672790810912, 'subscriber', '/static/img/user.png', 'iisque expetendis dolore comprehensam viris expetendis fastidii invidunt phasellus oporteat quis quo in ancillae utamur ancillae dolore venenatis est eget urbanitas pulvinar hinc tritani vivamus purus dictum convallis pharetra dolores quot tale augue nonumy petentium reprimique doctus magnis saepe porta tantas decore.', 1279672790815168, 1556862277553, 1556862277553, 0);
INSERT INTO replies (topicId, userId, userName, userImageUrl, content, id, createdAt, updatedAt, version) VALUES (1279672790812384, 1279672790810912, 'subscriber', '/static/img/user.png', 'omittantur honestatis equidem lorem luptatum inceptos expetenda oporteat ceteros donec nisi intellegebat dicit parturient electram quo qualisque utamur porta graece reprimique altera lectus aliquip unum ultrices turpis.', 1279672790815200, 1556858677553, 1556858677553, 0);
INSERT INTO replies (topicId, userId, userName, userImageUrl, content, id, createdAt, updatedAt, version) VALUES (1279672790812384, 1279672790810912, 'subscriber', '/static/img/user.png', 'mucius doming nam donec vis possim doming tempor risus tota vituperata quod potenti tempor saepe iisque iaculis eos molestie agam tempus ornare orci unum omittam mauris referrentur intellegat noluisse interpretaris debet id ultricies doming.', 1279672790815232, 1556855077553, 1556855077553, 0);
INSERT INTO topics (boardId, userId, userName, userImageUrl, refType, refId, replyNumber, locked, name, content, id, createdAt, updatedAt, version) VALUES (1279672790812224, 1279672790810912, 'subscriber', '/static/img/user.png', 'NONE', 0, 5, false, 'ligula.6', 'detraxit at suscipit.', 1279672790812416, 1556862337553, 1556862337553, 0);
INSERT INTO replies (topicId, userId, userName, userImageUrl, content, id, createdAt, updatedAt, version) VALUES (1279672790812416, 1279672790810912, 'subscriber', '/static/img/user.png', 'quo falli vituperata epicurei utroque nobis phasellus harum urna.', 1279672790815264, 1556862277553, 1556862277553, 0);
INSERT INTO replies (topicId, userId, userName, userImageUrl, content, id, createdAt, updatedAt, version) VALUES (1279672790812416, 1279672790810912, 'subscriber', '/static/img/user.png', 'risus convallis vivendo brute scelerisque dolores iusto movet omnesque interesset dictum dissentiunt inciderint animal disputationi legimus tota omittantur melius an dicit lorem constituam porro posse dictum dicit fuisset possim graeco constituam principes fastidii delenit dico lorem sumo vitae prompta nisl penatibus aliquip porttitor adversarium torquent parturient class utinam.', 1279672790815296, 1556858677553, 1556858677553, 0);
INSERT INTO replies (topicId, userId, userName, userImageUrl, content, id, createdAt, updatedAt, version) VALUES (1279672790812416, 1279672790810912, 'subscriber', '/static/img/user.png', 'eius vulputate quod sociosqu ei malorum voluptaria delectus pulvinar hendrerit eum.', 1279672790815328, 1556855077553, 1556855077553, 0);
INSERT INTO replies (topicId, userId, userName, userImageUrl, content, id, createdAt, updatedAt, version) VALUES (1279672790812416, 1279672790810912, 'subscriber', '/static/img/user.png', 'ancillae posuere semper movet ius fermentum luptatum sapientem causae persequeris dicit honestatis referrentur quam gubergren reformidans affert iuvaret quaerendum lorem dolore ancillae liber repudiare vocent instructior populo dicunt sapientem meliore minim praesent a affert usu laudem cetero dignissim aenean adversarium aliquam porttitor eripuit ornatus.', 1279672790815360, 1556851477553, 1556851477553, 0);
INSERT INTO replies (topicId, userId, userName, userImageUrl, content, id, createdAt, updatedAt, version) VALUES (1279672790812416, 1279672790810912, 'subscriber', '/static/img/user.png', 'vivamus veritus vulputate option prompta malesuada duis mediocritatem adversarium appetere oporteat qualisque dolorem aenean harum commune movet dolorum eirmod efficitur eum pellentesque recteque amet ludus molestiae interesset deseruisse fringilla quaerendum fugit nam nec.', 1279672790815392, 1556847877553, 1556847877553, 0);
INSERT INTO topics (boardId, userId, userName, userImageUrl, refType, refId, replyNumber, locked, name, content, id, createdAt, updatedAt, version) VALUES (1279672790812224, 1279672790810912, 'subscriber', '/static/img/user.png', 'NONE', 0, 6, false, 'mediocritatem vocent iaculis.7', 'at salutatus splendide maecenas tamquam decore civibus postea iuvaret veniam dicam in habitant hac dicam appetere oratio cum fastidii condimentum sumo lectus elementum noster quo posuere lobortis vituperatoribus aperiri scripserit expetenda percipit rutrum primis vituperata facilisis scripserit non.', 1279672790812448, 1556858737553, 1556858737553, 0);
INSERT INTO replies (topicId, userId, userName, userImageUrl, content, id, createdAt, updatedAt, version) VALUES (1279672790812448, 1279672790810912, 'subscriber', '/static/img/user.png', 'definitiones movet audire agam an blandit menandri graecis offendit vivamus gravida nunc offendit vituperatoribus tibique quaestio porro platonem pro referrentur electram euismod ponderum liber saperet postulant oporteat duis magnis expetenda nulla persius iriure tamquam deserunt adipiscing intellegebat viris appetere elitr reprimique nibh melius.', 1279672790815424, 1556858677553, 1556858677553, 0);
INSERT INTO replies (topicId, userId, userName, userImageUrl, content, id, createdAt, updatedAt, version) VALUES (1279672790812448, 1279672790810912, 'subscriber', '/static/img/user.png', 'velit verterem inciderint et aliquet ludus percipit splendide vulputate expetendis nulla eum causae alia fermentum equidem oratio orci iaculis quidam interesset vero donec viverra ut dolorum semper vehicula oporteat conclusionemque pericula persecuti cetero maiestatis.', 1279672790815456, 1556855077553, 1556855077553, 0);
INSERT INTO replies (topicId, userId, userName, userImageUrl, content, id, createdAt, updatedAt, version) VALUES (1279672790812448, 1279672790810912, 'subscriber', '/static/img/user.png', 'regione suavitate eruditi dolore mollis mauris.', 1279672790815488, 1556851477553, 1556851477553, 0);
INSERT INTO replies (topicId, userId, userName, userImageUrl, content, id, createdAt, updatedAt, version) VALUES (1279672790812448, 1279672790810912, 'subscriber', '/static/img/user.png', 'quem lobortis alterum suspendisse habitant recteque imperdiet his nobis appareat salutatus iudicabit quam metus eget adipisci duis viris erat scripserit quot maiestatis gravida litora suspendisse maximus falli vocent posuere tota efficitur alienum porta.', 1279672790815520, 1556847877553, 1556847877553, 0);
INSERT INTO replies (topicId, userId, userName, userImageUrl, content, id, createdAt, updatedAt, version) VALUES (1279672790812448, 1279672790810912, 'subscriber', '/static/img/user.png', 'tincidunt vis massa option graeci mazim dis placerat inciderint penatibus recteque ea quis no consetetur mazim molestiae accommodare sea ferri neque feugait solum agam potenti elementum splendide erroribus eius altera nullam eos condimentum alia imperdiet sagittis brute congue oratio leo duo imperdiet platea tritani mauris.', 1279672790815552, 1556844277553, 1556844277553, 0);
INSERT INTO replies (topicId, userId, userName, userImageUrl, content, id, createdAt, updatedAt, version) VALUES (1279672790812448, 1279672790810912, 'subscriber', '/static/img/user.png', 'contentiones mediocrem arcu integer per nonumy cras recteque theophrastus potenti lorem nihil quas tristique habeo interpretaris referrentur natum mel eos nostra dolores habeo dis.', 1279672790815584, 1556840677553, 1556840677553, 0);
INSERT INTO topics (boardId, userId, userName, userImageUrl, refType, refId, replyNumber, locked, name, content, id, createdAt, updatedAt, version) VALUES (1279672790812224, 1279672790810912, 'subscriber', '/static/img/user.png', 'NONE', 0, 7, false, 'offendit lacinia audire.8', 'suavitate morbi contentiones fringilla evertitur lacinia quem evertitur animal ludus vehicula consul curabitur et pericula deseruisse.', 1279672790812480, 1556855137553, 1556855137553, 0);
INSERT INTO replies (topicId, userId, userName, userImageUrl, content, id, createdAt, updatedAt, version) VALUES (1279672790812480, 1279672790810912, 'subscriber', '/static/img/user.png', 'mel omittantur dui interdum quaerendum dictas sumo ea nihil splendide instructior vocibus ius eam hinc vocent tibique taciti volutpat wisi ad legimus lobortis pertinacia pri fastidii delicata.', 1279672790815616, 1556855077553, 1556855077553, 0);
INSERT INTO replies (topicId, userId, userName, userImageUrl, content, id, createdAt, updatedAt, version) VALUES (1279672790812480, 1279672790810912, 'subscriber', '/static/img/user.png', 'discere sonet natum mei fuisset maluisset tale vidisse quaestio persius noster comprehensam hinc maiorum aeque a integer purus scripserit impetus efficitur impetus varius vivamus conubia curae alterum iusto eos vestibulum sit dissentiunt dicta adversarium pro.', 1279672790815648, 1556851477553, 1556851477553, 0);
INSERT INTO replies (topicId, userId, userName, userImageUrl, content, id, createdAt, updatedAt, version) VALUES (1279672790812480, 1279672790810912, 'subscriber', '/static/img/user.png', 'alia has parturient saperet.', 1279672790815680, 1556847877553, 1556847877553, 0);
INSERT INTO replies (topicId, userId, userName, userImageUrl, content, id, createdAt, updatedAt, version) VALUES (1279672790812480, 1279672790810912, 'subscriber', '/static/img/user.png', 'disputationi quis sententiae nominavi ludus fames porttitor interdum autem solum finibus voluptaria ea oratio legimus penatibus quidam cetero dui alterum esse altera mediocritatem melius iisque quis penatibus inani euripidis aliquid in mollis mazim quaestio doming inani veritus electram faucibus wisi.', 1279672790815712, 1556844277553, 1556844277553, 0);
INSERT INTO replies (topicId, userId, userName, userImageUrl, content, id, createdAt, updatedAt, version) VALUES (1279672790812480, 1279672790810912, 'subscriber', '/static/img/user.png', 'aenean ludus ut vero accommodare eirmod vim has accusata laoreet periculis noster disputationi aeque liber.', 1279672790815744, 1556840677553, 1556840677553, 0);
INSERT INTO replies (topicId, userId, userName, userImageUrl, content, id, createdAt, updatedAt, version) VALUES (1279672790812480, 1279672790810912, 'subscriber', '/static/img/user.png', 'sem tibique fusce nam senectus mentitum luptatum euripidis quisque dolore quod suscipiantur efficiantur propriae prompta eripuit libero fames omittantur ludus dictum aliquam mandamus gloriatur porro porta scripserit ultrices eruditi mus consul inimicus libris iuvaret falli latine audire atomorum magna explicari expetendis indoctum aliquet hendrerit esse oporteat.', 1279672790815776, 1556837077553, 1556837077553, 0);
INSERT INTO replies (topicId, userId, userName, userImageUrl, content, id, createdAt, updatedAt, version) VALUES (1279672790812480, 1279672790810912, 'subscriber', '/static/img/user.png', 'menandri nibh eripuit dicat accumsan quaerendum his neglegentur inceptos dictum euripidis aliquip ignota utamur turpis eu justo habitasse facilisi epicuri expetenda his ancillae quisque omnesque viverra utamur veniam imperdiet et errem prodesset tristique rutrum aperiri definitiones ancillae usu tantas fabulas conubia offendit iisque reprehendunt cum tortor luptatum morbi docendi.', 1279672790815808, 1556833477553, 1556833477553, 0);
INSERT INTO topics (boardId, userId, userName, userImageUrl, refType, refId, replyNumber, locked, name, content, id, createdAt, updatedAt, version) VALUES (1279672790812224, 1279672790810912, 'subscriber', '/static/img/user.png', 'NONE', 0, 8, false, 'quas pharetra evertitur.9', 'gloriatur posse pro habitant utinam utamur eam ipsum interdum pretium integer necessitatibus epicurei.', 1279672790812512, 1556851537553, 1556851537553, 0);
INSERT INTO replies (topicId, userId, userName, userImageUrl, content, id, createdAt, updatedAt, version) VALUES (1279672790812512, 1279672790810912, 'subscriber', '/static/img/user.png', 'utamur himenaeos magna vim neque euripidis aliquet ornatus appetere regione feugiat molestiae sapien consequat vim altera constituam inani corrumpit leo rhoncus quaestio justo maluisset nibh porttitor option ullamcorper esse euripidis libero posuere graecis volumus errem gubergren equidem debet omittam volutpat constituam suavitate feugiat.', 1279672790815840, 1556851477553, 1556851477553, 0);
INSERT INTO replies (topicId, userId, userName, userImageUrl, content, id, createdAt, updatedAt, version) VALUES (1279672790812512, 1279672790810912, 'subscriber', '/static/img/user.png', 'purus quaerendum dapibus eius magna orci senserit ex pertinax solum vituperata animal aliquid massa doctus tincidunt dolores sanctus varius debet graecis veritus errem quidam fabulas fusce persecuti platonem risus.', 1279672790815872, 1556847877553, 1556847877553, 0);
INSERT INTO replies (topicId, userId, userName, userImageUrl, content, id, createdAt, updatedAt, version) VALUES (1279672790812512, 1279672790810912, 'subscriber', '/static/img/user.png', 'petentium instructior nominavi felis quo percipit integer discere veritus pro faucibus honestatis dolores non maiestatis liber doctus diam nascetur doming.', 1279672790815904, 1556844277553, 1556844277553, 0);
INSERT INTO replies (topicId, userId, userName, userImageUrl, content, id, createdAt, updatedAt, version) VALUES (1279672790812512, 1279672790810912, 'subscriber', '/static/img/user.png', 'libero iaculis dolor percipit purus sociis duis oporteat cubilia purus veniam molestiae impetus consequat mentitum vituperata audire finibus purus.', 1279672790815936, 1556840677553, 1556840677553, 0);
INSERT INTO replies (topicId, userId, userName, userImageUrl, content, id, createdAt, updatedAt, version) VALUES (1279672790812512, 1279672790810912, 'subscriber', '/static/img/user.png', 'lectus quod ponderum quaeque assueverit atomorum dicunt bibendum dolorem sagittis nobis himenaeos autem quidam alterum consetetur montes placerat interpretaris disputationi odio ridens consequat delectus prodesset.', 1279672790815968, 1556837077553, 1556837077553, 0);
INSERT INTO replies (topicId, userId, userName, userImageUrl, content, id, createdAt, updatedAt, version) VALUES (1279672790812512, 1279672790810912, 'subscriber', '/static/img/user.png', 'nostrum aliquip debet atqui conceptam antiopam curabitur gloriatur aliquip porttitor justo graecis eos nisl causae dicit eros impetus.', 1279672790816000, 1556833477553, 1556833477553, 0);
INSERT INTO replies (topicId, userId, userName, userImageUrl, content, id, createdAt, updatedAt, version) VALUES (1279672790812512, 1279672790810912, 'subscriber', '/static/img/user.png', 'dolor.', 1279672790816032, 1556829877553, 1556829877553, 0);
INSERT INTO replies (topicId, userId, userName, userImageUrl, content, id, createdAt, updatedAt, version) VALUES (1279672790812512, 1279672790810912, 'subscriber', '/static/img/user.png', 'neglegentur nominavi error etiam platonem repudiare cras libris venenatis adipisci dictum ultricies fames vidisse mus inciderint nisi tation ubique ei iuvaret magna quisque epicurei deterruisset dico integer nam reque nibh turpis nostra animal detracto theophrastus mazim populo iriure ridiculus pri voluptatibus delectus causae odio mel suscipit.', 1279672790816064, 1556826277553, 1556826277553, 0);
INSERT INTO topics (boardId, userId, userName, userImageUrl, refType, refId, replyNumber, locked, name, content, id, createdAt, updatedAt, version) VALUES (1279672790812224, 1279672790810912, 'subscriber', '/static/img/user.png', 'NONE', 0, 9, false, 'luptatum propriae sententiae.10', 'efficiantur lacus definitiones vitae hac graeci nulla appetere consul menandri detracto laudem luctus detracto luctus luctus nunc scripta maiestatis vidisse amet cetero oratio epicuri consetetur sea ignota aliquip percipit deseruisse omittam persecuti consetetur posuere voluptaria fames ridiculus solum animal epicuri offendit lorem deseruisse patrioque ultricies detraxit.', 1279672790812544, 1556847937553, 1556847937553, 0);
INSERT INTO replies (topicId, userId, userName, userImageUrl, content, id, createdAt, updatedAt, version) VALUES (1279672790812544, 1279672790810912, 'subscriber', '/static/img/user.png', 'sociis dui discere usu no dis expetenda non senectus utinam hendrerit quaeque esse expetenda nullam eos sumo intellegebat quas est porro elementum aliquet dicunt autem unum dictumst adipisci ad turpis habitant nunc porttitor dolores dui theophrastus interesset persius verear tacimates malorum risus te alterum vidisse quot justo invidunt.', 1279672790816096, 1556847877553, 1556847877553, 0);
INSERT INTO replies (topicId, userId, userName, userImageUrl, content, id, createdAt, updatedAt, version) VALUES (1279672790812544, 1279672790810912, 'subscriber', '/static/img/user.png', 'explicari saepe prompta ei egestas qui tortor dignissim expetenda neglegentur rutrum natoque in viderer adhuc perpetua nunc utinam viris nobis nisi eos graece consetetur quaerendum ea netus netus his.', 1279672790816128, 1556844277553, 1556844277553, 0);
INSERT INTO replies (topicId, userId, userName, userImageUrl, content, id, createdAt, updatedAt, version) VALUES (1279672790812544, 1279672790810912, 'subscriber', '/static/img/user.png', 'fermentum signiferumque fusce mauris nihil arcu sodales feugait labores persequeris mazim vivamus tempor eloquentiam cursus maiestatis civibus eu hendrerit netus iuvaret qualisque scripta nonumy falli prodesset.', 1279672790816160, 1556840677553, 1556840677553, 0);
INSERT INTO replies (topicId, userId, userName, userImageUrl, content, id, createdAt, updatedAt, version) VALUES (1279672790812544, 1279672790810912, 'subscriber', '/static/img/user.png', 'feugiat populo amet mea inciderint habitant aliquet fermentum duis atomorum expetenda velit maecenas ridens liber parturient vix tristique definitionem faucibus.', 1279672790816192, 1556837077553, 1556837077553, 0);
INSERT INTO replies (topicId, userId, userName, userImageUrl, content, id, createdAt, updatedAt, version) VALUES (1279672790812544, 1279672790810912, 'subscriber', '/static/img/user.png', 'moderatius donec viderer definitionem sapien facilis ponderum aliquet lorem nisi possim dissentiunt graeco qualisque platea omittantur suspendisse euismod dolorum inimicus saepe electram salutatus vivendo affert error sociis accusata tacimates ut euripidis pulvinar electram blandit posse referrentur.', 1279672790816224, 1556833477553, 1556833477553, 0);
INSERT INTO replies (topicId, userId, userName, userImageUrl, content, id, createdAt, updatedAt, version) VALUES (1279672790812544, 1279672790810912, 'subscriber', '/static/img/user.png', 'quisque velit numquam minim ponderum himenaeos utroque sit gloriatur neque elaboraret prompta.', 1279672790816256, 1556829877553, 1556829877553, 0);
INSERT INTO replies (topicId, userId, userName, userImageUrl, content, id, createdAt, updatedAt, version) VALUES (1279672790812544, 1279672790810912, 'subscriber', '/static/img/user.png', 'persius eget iuvaret numquam deterruisset ac diam auctor solum impetus vis putent pharetra convallis class platonem maluisset feugait habemus veritus tibique solet amet labores petentium viderer luctus sententiae fames.', 1279672790816288, 1556826277553, 1556826277553, 0);
INSERT INTO replies (topicId, userId, userName, userImageUrl, content, id, createdAt, updatedAt, version) VALUES (1279672790812544, 1279672790810912, 'subscriber', '/static/img/user.png', 'eu sonet sadipscing.', 1279672790816320, 1556822677553, 1556822677553, 0);
INSERT INTO replies (topicId, userId, userName, userImageUrl, content, id, createdAt, updatedAt, version) VALUES (1279672790812544, 1279672790810912, 'subscriber', '/static/img/user.png', 'populo convallis mutat ridiculus ceteros vivamus tamquam sociis magnis impetus possim verear utroque interpretaris prodesset natoque iudicabit utroque te hinc.', 1279672790816352, 1556819077553, 1556819077553, 0);
INSERT INTO topics (boardId, userId, userName, userImageUrl, refType, refId, replyNumber, locked, name, content, id, createdAt, updatedAt, version) VALUES (1279672790812224, 1279672790810912, 'subscriber', '/static/img/user.png', 'NONE', 0, 10, false, 'accusata euripidis commodo.11', 'purus enim netus sonet populo vestibulum posidonium mandamus tation dolor conceptam finibus himenaeos salutatus interesset partiendo habitasse pellentesque usu consetetur repudiandae tamquam delectus.', 1279672790812576, 1556844337553, 1556844337553, 0);
INSERT INTO replies (topicId, userId, userName, userImageUrl, content, id, createdAt, updatedAt, version) VALUES (1279672790812576, 1279672790810912, 'subscriber', '/static/img/user.png', 'splendide venenatis aeque imperdiet appareat mei posidonium auctor mediocrem decore ignota elementum reque eum mi ridiculus tellus sumo vituperata dictumst eu ridiculus blandit fames.', 1279672790816384, 1556844277553, 1556844277553, 0);
INSERT INTO replies (topicId, userId, userName, userImageUrl, content, id, createdAt, updatedAt, version) VALUES (1279672790812576, 1279672790810912, 'subscriber', '/static/img/user.png', 'sed fuisset propriae error dicam viris tantas dicam purus turpis iaculis comprehensam vero sale iudicabit quas elementum nibh animal.', 1279672790816416, 1556840677553, 1556840677553, 0);
INSERT INTO replies (topicId, userId, userName, userImageUrl, content, id, createdAt, updatedAt, version) VALUES (1279672790812576, 1279672790810912, 'subscriber', '/static/img/user.png', 'proin erroribus orci impetus tempus reformidans epicuri accumsan graeci porta detracto.', 1279672790816448, 1556837077553, 1556837077553, 0);
INSERT INTO replies (topicId, userId, userName, userImageUrl, content, id, createdAt, updatedAt, version) VALUES (1279672790812576, 1279672790810912, 'subscriber', '/static/img/user.png', 'id natum urna maluisset veri erat dictumst convenire pro accumsan magnis intellegat torquent eam elementum.', 1279672790816480, 1556833477553, 1556833477553, 0);
INSERT INTO replies (topicId, userId, userName, userImageUrl, content, id, createdAt, updatedAt, version) VALUES (1279672790812576, 1279672790810912, 'subscriber', '/static/img/user.png', 'maecenas vocent taciti nominavi doming disputationi penatibus movet mediocritatem causae mediocritatem splendide prompta iusto elaboraret ex assueverit minim fabulas possim purus definitiones dicant inani nullam semper libris lacus mazim posse viderer pericula legere tincidunt.', 1279672790816512, 1556829877553, 1556829877553, 0);
INSERT INTO replies (topicId, userId, userName, userImageUrl, content, id, createdAt, updatedAt, version) VALUES (1279672790812576, 1279672790810912, 'subscriber', '/static/img/user.png', 'quaerendum nulla magna torquent nostra lacus utamur unum inimicus pellentesque vix ultrices faucibus melius alia nisi habemus.', 1279672790816544, 1556826277553, 1556826277553, 0);
INSERT INTO replies (topicId, userId, userName, userImageUrl, content, id, createdAt, updatedAt, version) VALUES (1279672790812576, 1279672790810912, 'subscriber', '/static/img/user.png', 'vero atomorum contentiones aliquid his consectetuer quaerendum voluptatum wisi iudicabit rutrum urna prodesset alienum natoque bibendum vivendo definitionem neglegentur.', 1279672790816576, 1556822677553, 1556822677553, 0);
INSERT INTO replies (topicId, userId, userName, userImageUrl, content, id, createdAt, updatedAt, version) VALUES (1279672790812576, 1279672790810912, 'subscriber', '/static/img/user.png', 'contentiones dico senectus non quo quo wisi nascetur mel populo hendrerit ridens.', 1279672790816608, 1556819077553, 1556819077553, 0);
INSERT INTO replies (topicId, userId, userName, userImageUrl, content, id, createdAt, updatedAt, version) VALUES (1279672790812576, 1279672790810912, 'subscriber', '/static/img/user.png', 'conubia aliquet laoreet ius quot indoctum voluptaria alienum platea massa primis regione dolorum dis possim posse odio mus est primis mediocrem idque graeci dignissim graeci ne deterruisset cum omittantur dicit orci luptatum.', 1279672790816640, 1556815477553, 1556815477553, 0);
INSERT INTO replies (topicId, userId, userName, userImageUrl, content, id, createdAt, updatedAt, version) VALUES (1279672790812576, 1279672790810912, 'subscriber', '/static/img/user.png', 'vis himenaeos veniam dicta venenatis graeco arcu nisl phasellus bibendum eius pertinacia eleifend dissentiunt pri reprimique etiam expetenda mandamus maximus luptatum solet.', 1279672790816672, 1556811877553, 1556811877553, 0);
INSERT INTO topics (boardId, userId, userName, userImageUrl, refType, refId, replyNumber, locked, name, content, id, createdAt, updatedAt, version) VALUES (1279672790812224, 1279672790810912, 'subscriber', '/static/img/user.png', 'NONE', 0, 11, false, 'recteque leo dignissim.12', 'doming commodo.', 1279672790812608, 1556840737553, 1556840737553, 0);
INSERT INTO replies (topicId, userId, userName, userImageUrl, content, id, createdAt, updatedAt, version) VALUES (1279672790812608, 1279672790810912, 'subscriber', '/static/img/user.png', 'consequat unum menandri reprimique quot ocurreret civibus convallis dolore civibus suspendisse class necessitatibus.', 1279672790816704, 1556840677553, 1556840677553, 0);
INSERT INTO replies (topicId, userId, userName, userImageUrl, content, id, createdAt, updatedAt, version) VALUES (1279672790812608, 1279672790810912, 'subscriber', '/static/img/user.png', 'hac aeque detraxit necessitatibus adipiscing pretium urna gravida noster duo veri ancillae ridens noster libris nibh maiestatis possim molestie persecuti civibus qualisque persius bibendum dis pharetra dissentiunt mea sociosqu ius tortor arcu altera melius nulla suavitate maluisset mediocritatem consetetur fabulas quot.', 1279672790816736, 1556837077553, 1556837077553, 0);
INSERT INTO replies (topicId, userId, userName, userImageUrl, content, id, createdAt, updatedAt, version) VALUES (1279672790812608, 1279672790810912, 'subscriber', '/static/img/user.png', 'laoreet diam penatibus amet dico detracto prompta ex pretium iusto verterem legimus.', 1279672790816768, 1556833477553, 1556833477553, 0);
INSERT INTO replies (topicId, userId, userName, userImageUrl, content, id, createdAt, updatedAt, version) VALUES (1279672790812608, 1279672790810912, 'subscriber', '/static/img/user.png', 'viris ocurreret dolorem hac definitiones finibus idque tempus non ocurreret non melius aenean ius habeo ex gravida conceptam quaerendum affert fermentum inimicus epicurei netus affert euismod dignissim.', 1279672790816800, 1556829877553, 1556829877553, 0);
INSERT INTO replies (topicId, userId, userName, userImageUrl, content, id, createdAt, updatedAt, version) VALUES (1279672790812608, 1279672790810912, 'subscriber', '/static/img/user.png', 'maiorum saperet habitant sagittis sit ludus maximus.', 1279672790816832, 1556826277553, 1556826277553, 0);
INSERT INTO replies (topicId, userId, userName, userImageUrl, content, id, createdAt, updatedAt, version) VALUES (1279672790812608, 1279672790810912, 'subscriber', '/static/img/user.png', 'delectus civibus auctor quo causae pericula graecis dictum unum vivendo signiferumque graeco dicant quaestio offendit justo nonumy omittantur suas ea mattis reque electram solet nisi latine ne duis mollis placerat senserit gravida nostra bibendum urbanitas mutat ultrices interdum dolorum primis aliquet montes volumus percipit finibus tibique.', 1279672790816864, 1556822677553, 1556822677553, 0);
INSERT INTO replies (topicId, userId, userName, userImageUrl, content, id, createdAt, updatedAt, version) VALUES (1279672790812608, 1279672790810912, 'subscriber', '/static/img/user.png', 'libris penatibus bibendum movet altera solum nominavi efficiantur nulla eripuit referrentur molestie sodales malorum augue cu iisque suspendisse appetere iuvaret postea mediocrem prodesset definitiones gravida tritani volutpat dictum delicata quam doctus quo placerat docendi iudicabit dapibus tantas orci varius docendi ferri luctus suas.', 1279672790816896, 1556819077553, 1556819077553, 0);
INSERT INTO replies (topicId, userId, userName, userImageUrl, content, id, createdAt, updatedAt, version) VALUES (1279672790812608, 1279672790810912, 'subscriber', '/static/img/user.png', 'definiebas eloquentiam aliquet nostra.', 1279672790816928, 1556815477553, 1556815477553, 0);
INSERT INTO replies (topicId, userId, userName, userImageUrl, content, id, createdAt, updatedAt, version) VALUES (1279672790812608, 1279672790810912, 'subscriber', '/static/img/user.png', 'dolor facilisis eget quam arcu usu duis comprehensam regione signiferumque dicant saperet fames interesset quisque noster sale conubia nibh maecenas natoque usu delicata quo eleifend mucius iaculis oporteat habeo condimentum errem porro persecuti primis dignissim instructior eum epicurei feugiat invidunt.', 1279672790816960, 1556811877553, 1556811877553, 0);
INSERT INTO replies (topicId, userId, userName, userImageUrl, content, id, createdAt, updatedAt, version) VALUES (1279672790812608, 1279672790810912, 'subscriber', '/static/img/user.png', 'tellus felis alienum voluptaria dico animal consectetur praesent luctus facilisi persequeris liber appetere veniam inceptos scripta conubia persecuti intellegat id aptent assueverit brute brute unum adipiscing.', 1279672790816992, 1556808277553, 1556808277553, 0);
INSERT INTO replies (topicId, userId, userName, userImageUrl, content, id, createdAt, updatedAt, version) VALUES (1279672790812608, 1279672790810912, 'subscriber', '/static/img/user.png', 'posidonium interdum et lacus quas augue efficitur petentium sapien deterruisset repudiare aliquet duo cum viverra ornatus mucius tantas graeco reprimique sumo dictas omittam facilisi error brute ut nonumes montes utinam utinam intellegebat simul epicuri aliquet definitiones has mnesarchum mei animal luptatum lacus fusce agam consequat petentium.', 1279672790817024, 1556804677553, 1556804677553, 0);
INSERT INTO topics (boardId, userId, userName, userImageUrl, refType, refId, replyNumber, locked, name, content, id, createdAt, updatedAt, version) VALUES (1279672790812224, 1279672790810912, 'subscriber', '/static/img/user.png', 'NONE', 0, 12, false, 'esse gloriatur leo.13', 'qui velit suscipiantur oporteat qui ceteros vidisse minim vulputate.', 1279672790812640, 1556837137554, 1556837137554, 0);
INSERT INTO replies (topicId, userId, userName, userImageUrl, content, id, createdAt, updatedAt, version) VALUES (1279672790812640, 1279672790810912, 'subscriber', '/static/img/user.png', 'suscipit prodesset tristique altera vestibulum dictumst adipisci contentiones urna tantas et aliquip congue aenean potenti falli magna penatibus feugait harum parturient accumsan falli ac periculis graeco iusto urbanitas interpretaris augue rutrum reque viris vis consul eloquentiam dicit suspendisse quo massa vituperatoribus harum veritus purus blandit purus amet wisi.', 1279672790817056, 1556837077554, 1556837077554, 0);
INSERT INTO replies (topicId, userId, userName, userImageUrl, content, id, createdAt, updatedAt, version) VALUES (1279672790812640, 1279672790810912, 'subscriber', '/static/img/user.png', 'petentium ullamcorper esse inani periculis maximus urna epicuri deterruisset prompta quod ultrices aliquet altera has sodales luptatum vel docendi reque numquam magnis vulputate habeo aliquip signiferumque ex est dolore veri pertinax suavitate nonumes mucius aeque morbi taciti mutat explicari lacinia taciti vehicula antiopam accusata nascetur salutatus cras aliquip debet.', 1279672790817088, 1556833477554, 1556833477554, 0);
INSERT INTO replies (topicId, userId, userName, userImageUrl, content, id, createdAt, updatedAt, version) VALUES (1279672790812640, 1279672790810912, 'subscriber', '/static/img/user.png', 'putent libris quod vim integer sapien numquam condimentum honestatis vix et diam repudiare ubique repudiare no fugit partiendo his habemus eum quisque cetero id convallis finibus tempus reque dicam qualisque senserit perpetua ligula veri tritani convenire pellentesque facilisi pertinax partiendo dolores fugit.', 1279672790817120, 1556829877554, 1556829877554, 0);
INSERT INTO replies (topicId, userId, userName, userImageUrl, content, id, createdAt, updatedAt, version) VALUES (1279672790812640, 1279672790810912, 'subscriber', '/static/img/user.png', 'lacus graece referrentur perpetua legimus donec natoque commune detracto libero civibus homero definitiones suas partiendo salutatus arcu disputationi sodales oratio reformidans pretium cubilia posse adolescens.', 1279672790817152, 1556826277554, 1556826277554, 0);
INSERT INTO replies (topicId, userId, userName, userImageUrl, content, id, createdAt, updatedAt, version) VALUES (1279672790812640, 1279672790810912, 'subscriber', '/static/img/user.png', 'suas suscipit nonumy necessitatibus id torquent sit affert convallis deserunt utroque scelerisque verterem utroque mazim tractatos inceptos persius pretium propriae pro perpetua nominavi necessitatibus dicta.', 1279672790817184, 1556822677554, 1556822677554, 0);
INSERT INTO replies (topicId, userId, userName, userImageUrl, content, id, createdAt, updatedAt, version) VALUES (1279672790812640, 1279672790810912, 'subscriber', '/static/img/user.png', 'diam molestiae sadipscing tacimates pri tamquam consequat mazim eruditi vocent aliquip detracto habemus duo consectetur expetenda ipsum pro sonet voluptatibus idque latine pertinax.', 1279672790817216, 1556819077554, 1556819077554, 0);
INSERT INTO replies (topicId, userId, userName, userImageUrl, content, id, createdAt, updatedAt, version) VALUES (1279672790812640, 1279672790810912, 'subscriber', '/static/img/user.png', 'vero deseruisse porro neglegentur vestibulum placerat blandit ornatus deterruisset duo electram maluisset quem efficitur ocurreret indoctum duis debet libero volumus tota posuere unum animal sadipscing mentitum perpetua viderer quaeque ferri animal tortor his class libero tation fermentum menandri bibendum animal assueverit solum massa movet.', 1279672790817248, 1556815477554, 1556815477554, 0);
INSERT INTO replies (topicId, userId, userName, userImageUrl, content, id, createdAt, updatedAt, version) VALUES (1279672790812640, 1279672790810912, 'subscriber', '/static/img/user.png', 'doming ante taciti mollis platea reprimique mediocrem eros doctus posidonium invidunt bibendum molestiae est quo appetere sodales has sadipscing option reformidans mea simul scelerisque odio voluptaria electram eget dicant magnis oratio.', 1279672790817280, 1556811877554, 1556811877554, 0);
INSERT INTO replies (topicId, userId, userName, userImageUrl, content, id, createdAt, updatedAt, version) VALUES (1279672790812640, 1279672790810912, 'subscriber', '/static/img/user.png', 'ne senserit aeque mi accommodare reprehendunt graeci ponderum maiestatis pro venenatis sanctus rutrum nisi labores integer lacinia suavitate diam consul sociosqu saperet nostra similique agam consul ancillae interesset senectus.', 1279672790817312, 1556808277554, 1556808277554, 0);
INSERT INTO replies (topicId, userId, userName, userImageUrl, content, id, createdAt, updatedAt, version) VALUES (1279672790812640, 1279672790810912, 'subscriber', '/static/img/user.png', 'alia rhoncus euismod ut homero malesuada natum debet moderatius eripuit moderatius quidam constituam et etiam adhuc graecis nostra atqui aenean usu assueverit populo at lectus vivendo qui suavitate dictumst donec noster persequeris viris.', 1279672790817344, 1556804677554, 1556804677554, 0);
INSERT INTO replies (topicId, userId, userName, userImageUrl, content, id, createdAt, updatedAt, version) VALUES (1279672790812640, 1279672790810912, 'subscriber', '/static/img/user.png', 'comprehensam vituperata placerat sumo fabellas sapientem vehicula ancillae aliquip possim ius habitant neque mus malesuada necessitatibus nostra ultricies causae placerat vituperata eripuit eam velit feugiat graeci inciderint.', 1279672790817376, 1556801077554, 1556801077554, 0);
INSERT INTO replies (topicId, userId, userName, userImageUrl, content, id, createdAt, updatedAt, version) VALUES (1279672790812640, 1279672790810912, 'subscriber', '/static/img/user.png', 'dicat option cursus sumo aliquid morbi solum malesuada feugait lobortis repudiare vituperata civibus magna invenire elit interesset utinam dolorem convenire purus nec commune pericula laudem himenaeos animal sapien prodesset noster numquam intellegat vis ei minim felis inimicus senserit in fusce suas necessitatibus mucius graecis eam efficitur.', 1279672790817408, 1556797477554, 1556797477554, 0);
INSERT INTO topics (boardId, userId, userName, userImageUrl, refType, refId, replyNumber, locked, name, content, id, createdAt, updatedAt, version) VALUES (1279672790812224, 1279672790810912, 'subscriber', '/static/img/user.png', 'NONE', 0, 13, false, 'blandit tempor verterem.14', 'prompta tempus.', 1279672790812672, 1556833537554, 1556833537554, 0);
INSERT INTO replies (topicId, userId, userName, userImageUrl, content, id, createdAt, updatedAt, version) VALUES (1279672790812672, 1279672790810912, 'subscriber', '/static/img/user.png', 'dicam tempor consetetur eu epicurei moderatius fastidii placerat integer primis dissentiunt hendrerit gravida convallis voluptatibus fabulas vero ei impetus explicari assueverit mauris odio nulla dictas mauris mentitum epicuri animal indoctum sumo possim affert inciderint inceptos convenire.', 1279672790817440, 1556833477554, 1556833477554, 0);
INSERT INTO replies (topicId, userId, userName, userImageUrl, content, id, createdAt, updatedAt, version) VALUES (1279672790812672, 1279672790810912, 'subscriber', '/static/img/user.png', 'quaeque inimicus elitr taciti ea interesset tractatos id gloriatur fugit ad adhuc accumsan eos atomorum quo natoque melius magna sapien vidisse vivendo efficiantur sodales prompta praesent prodesset qualisque pertinacia tamquam pharetra civibus numquam postea idque justo.', 1279672790817472, 1556829877554, 1556829877554, 0);
INSERT INTO replies (topicId, userId, userName, userImageUrl, content, id, createdAt, updatedAt, version) VALUES (1279672790812672, 1279672790810912, 'subscriber', '/static/img/user.png', 'aeque potenti litora nihil nominavi phasellus auctor rutrum dictas voluptatibus fastidii partiendo auctor sollicitudin quot veniam numquam condimentum omittam venenatis dictum error aliquet vero veritus curae salutatus erroribus discere mel eu dicam debet alienum expetenda postulant.', 1279672790817504, 1556826277554, 1556826277554, 0);
INSERT INTO replies (topicId, userId, userName, userImageUrl, content, id, createdAt, updatedAt, version) VALUES (1279672790812672, 1279672790810912, 'subscriber', '/static/img/user.png', 'libero tota posse falli sodales molestie dolore dico tristique feugiat affert persequeris leo tantas.', 1279672790817536, 1556822677554, 1556822677554, 0);
INSERT INTO replies (topicId, userId, userName, userImageUrl, content, id, createdAt, updatedAt, version) VALUES (1279672790812672, 1279672790810912, 'subscriber', '/static/img/user.png', 'liber tantas nostrum condimentum aliquip debet repudiandae ea fames putent quaerendum.', 1279672790817568, 1556819077554, 1556819077554, 0);
INSERT INTO replies (topicId, userId, userName, userImageUrl, content, id, createdAt, updatedAt, version) VALUES (1279672790812672, 1279672790810912, 'subscriber', '/static/img/user.png', 'tation viris iuvaret viderer lorem proin audire noluisse inceptos debet graece prompta sonet maiestatis sententiae solet his.', 1279672790817600, 1556815477554, 1556815477554, 0);
INSERT INTO replies (topicId, userId, userName, userImageUrl, content, id, createdAt, updatedAt, version) VALUES (1279672790812672, 1279672790810912, 'subscriber', '/static/img/user.png', 'movet veri libero vidisse tellus molestiae sit vero repudiare brute egestas est ac venenatis movet eruditi non electram habemus aptent signiferumque dolores efficitur mei dico luctus nec quas honestatis saperet nullam suas maiorum dissentiunt ius cubilia tristique interpretaris turpis unum signiferumque noster libero his disputationi.', 1279672790817632, 1556811877554, 1556811877554, 0);
INSERT INTO replies (topicId, userId, userName, userImageUrl, content, id, createdAt, updatedAt, version) VALUES (1279672790812672, 1279672790810912, 'subscriber', '/static/img/user.png', 'ius maiestatis cum quas pro posidonium auctor melius feugiat erroribus neque quot conclusionemque velit diam verear mediocrem vidisse arcu ipsum praesent parturient mel definitionem luctus esse ut vel quem detracto omnesque himenaeos novum consectetuer torquent ornare utroque aliquip.', 1279672790817664, 1556808277554, 1556808277554, 0);
INSERT INTO replies (topicId, userId, userName, userImageUrl, content, id, createdAt, updatedAt, version) VALUES (1279672790812672, 1279672790810912, 'subscriber', '/static/img/user.png', 'et utroque felis volumus disputationi invidunt pericula postulant consul nonumy eruditi altera habemus quod aenean solum audire mus dapibus accommodare consequat constituto agam dicta repudiandae aptent dolorum curae elaboraret convenire massa dolorem utroque congue eget taciti.', 1279672790817696, 1556804677554, 1556804677554, 0);
INSERT INTO replies (topicId, userId, userName, userImageUrl, content, id, createdAt, updatedAt, version) VALUES (1279672790812672, 1279672790810912, 'subscriber', '/static/img/user.png', 'ac dicta ligula integer viris consetetur ridens doming magna autem tristique laoreet disputationi perpetua curae scripta etiam animal detracto nisi constituam eripuit.', 1279672790817728, 1556801077554, 1556801077554, 0);
INSERT INTO replies (topicId, userId, userName, userImageUrl, content, id, createdAt, updatedAt, version) VALUES (1279672790812672, 1279672790810912, 'subscriber', '/static/img/user.png', 'facilisis offendit nulla id numquam expetenda orci appetere ultricies dicam definiebas semper reque sanctus sociis omnesque delicata reformidans consectetur morbi potenti convenire mucius antiopam fuisset eget suas eleifend agam appareat cubilia melius nobis molestie est libris ocurreret vix ridiculus evertitur consetetur adipisci inciderint aptent verear dictumst consul.', 1279672790817760, 1556797477554, 1556797477554, 0);
INSERT INTO replies (topicId, userId, userName, userImageUrl, content, id, createdAt, updatedAt, version) VALUES (1279672790812672, 1279672790810912, 'subscriber', '/static/img/user.png', 'viris doming finibus praesent sumo mel suavitate qui urbanitas appetere neque principes tempus volutpat iaculis eu noster reprehendunt libris impetus tortor montes ligula cu suscipiantur deterruisset dicant.', 1279672790817792, 1556793877554, 1556793877554, 0);
INSERT INTO replies (topicId, userId, userName, userImageUrl, content, id, createdAt, updatedAt, version) VALUES (1279672790812672, 1279672790810912, 'subscriber', '/static/img/user.png', 'nibh autem feugait vis venenatis eripuit ocurreret quidam elitr conclusionemque tempus molestiae constituam arcu cras vituperata sententiae accusata tacimates omittantur quot comprehensam usu in venenatis ocurreret congue veri vestibulum dis laoreet pri primis mel efficiantur augue deterruisset ius iaculis dicunt nascetur lacus.', 1279672790817824, 1556790277554, 1556790277554, 0);
INSERT INTO topics (boardId, userId, userName, userImageUrl, refType, refId, replyNumber, locked, name, content, id, createdAt, updatedAt, version) VALUES (1279672790812224, 1279672790810912, 'subscriber', '/static/img/user.png', 'NONE', 0, 14, false, 'sumo theophrastus orci.15', 'eget porro curabitur qualisque eleifend tota minim legere equidem persecuti partiendo fabellas reque tacimates id autem facilisis aptent voluptatum omittantur cubilia hac elaboraret suscipit civibus.', 1279672790812704, 1556829937554, 1556829937554, 0);
INSERT INTO replies (topicId, userId, userName, userImageUrl, content, id, createdAt, updatedAt, version) VALUES (1279672790812704, 1279672790810912, 'subscriber', '/static/img/user.png', 'nibh lorem novum massa habemus posse phasellus fames adipiscing detracto similique ornare mazim mus vis reque idque habeo oratio sociis maiestatis iaculis labores maecenas gravida quem veritus epicuri cetero noluisse utinam ne quo litora causae solum senserit hac invidunt molestie purus impetus mus no prompta himenaeos signiferumque feugait.', 1279672790817856, 1556829877554, 1556829877554, 0);
INSERT INTO replies (topicId, userId, userName, userImageUrl, content, id, createdAt, updatedAt, version) VALUES (1279672790812704, 1279672790810912, 'subscriber', '/static/img/user.png', 'indoctum tellus expetenda prompta tamquam euripidis atqui hinc ex disputationi dictumst curae velit nostrum explicari nec ridens quam tempus quidam malorum.', 1279672790817888, 1556826277554, 1556826277554, 0);
INSERT INTO replies (topicId, userId, userName, userImageUrl, content, id, createdAt, updatedAt, version) VALUES (1279672790812704, 1279672790810912, 'subscriber', '/static/img/user.png', 'maecenas ac maluisset graeco alia habeo definitionem electram numquam pellentesque dolorem referrentur litora vivamus aliquid.', 1279672790817920, 1556822677554, 1556822677554, 0);
INSERT INTO replies (topicId, userId, userName, userImageUrl, content, id, createdAt, updatedAt, version) VALUES (1279672790812704, 1279672790810912, 'subscriber', '/static/img/user.png', 'non malesuada mediocrem dictum novum ridiculus elit nibh pro elementum platonem malorum invidunt sumo platea.', 1279672790817952, 1556819077554, 1556819077554, 0);
INSERT INTO replies (topicId, userId, userName, userImageUrl, content, id, createdAt, updatedAt, version) VALUES (1279672790812704, 1279672790810912, 'subscriber', '/static/img/user.png', 'conceptam mauris nec brute inceptos adipiscing volumus turpis dis enim postulant aliquid dolorem epicurei expetenda quidam porro atqui tacimates.', 1279672790817984, 1556815477554, 1556815477554, 0);
INSERT INTO replies (topicId, userId, userName, userImageUrl, content, id, createdAt, updatedAt, version) VALUES (1279672790812704, 1279672790810912, 'subscriber', '/static/img/user.png', 'tellus atomorum wisi appetere eleifend enim tortor nibh vestibulum verear dapibus autem curabitur volumus maximus alterum platonem homero adolescens falli menandri.', 1279672790818016, 1556811877554, 1556811877554, 0);
INSERT INTO replies (topicId, userId, userName, userImageUrl, content, id, createdAt, updatedAt, version) VALUES (1279672790812704, 1279672790810912, 'subscriber', '/static/img/user.png', 'finibus at ignota cu ludus adipisci a idque maiorum delicata mandamus consul delectus prodesset propriae causae feugait duo scelerisque quam rutrum inceptos docendi an explicari repudiandae consequat erroribus aliquip dignissim maecenas antiopam vocent pri electram mus suscipit nunc has praesent omnesque malesuada alienum dictas agam deseruisse appareat facilisis brute.', 1279672790818048, 1556808277554, 1556808277554, 0);
INSERT INTO replies (topicId, userId, userName, userImageUrl, content, id, createdAt, updatedAt, version) VALUES (1279672790812704, 1279672790810912, 'subscriber', '/static/img/user.png', 'referrentur amet instructior inani ad graeco noster comprehensam fuisset proin euripidis veritus eleifend massa vocibus hinc accusata disputationi parturient aliquam esse lectus elementum expetendis eloquentiam utinam brute netus docendi ac omittam fermentum pulvinar adipiscing.', 1279672790818080, 1556804677554, 1556804677554, 0);
INSERT INTO replies (topicId, userId, userName, userImageUrl, content, id, createdAt, updatedAt, version) VALUES (1279672790812704, 1279672790810912, 'subscriber', '/static/img/user.png', 'ultricies ultrices aenean legimus graeci potenti hinc non mauris iaculis melius neque habitant quis.', 1279672790818112, 1556801077554, 1556801077554, 0);
INSERT INTO replies (topicId, userId, userName, userImageUrl, content, id, createdAt, updatedAt, version) VALUES (1279672790812704, 1279672790810912, 'subscriber', '/static/img/user.png', 'mutat litora labores sadipscing animal recteque possim velit elit persius interesset debet felis erroribus reformidans signiferumque salutatus ne prodesset dicam laoreet venenatis ridens efficitur nisl in dictumst dictumst libris lacus nominavi homero regione assueverit qui fastidii mentitum veri dolore nascetur fugit sit posuere oporteat discere vis.', 1279672790818144, 1556797477554, 1556797477554, 0);
INSERT INTO replies (topicId, userId, userName, userImageUrl, content, id, createdAt, updatedAt, version) VALUES (1279672790812704, 1279672790810912, 'subscriber', '/static/img/user.png', 'maximus persius ancillae postulant utamur urna class doming maluisset hinc altera eruditi in postulant pulvinar voluptaria eget adipisci.', 1279672790818176, 1556793877554, 1556793877554, 0);
INSERT INTO replies (topicId, userId, userName, userImageUrl, content, id, createdAt, updatedAt, version) VALUES (1279672790812704, 1279672790810912, 'subscriber', '/static/img/user.png', 'inciderint deserunt maximus quem ac ut proin oratio maximus.', 1279672790818208, 1556790277554, 1556790277554, 0);
INSERT INTO replies (topicId, userId, userName, userImageUrl, content, id, createdAt, updatedAt, version) VALUES (1279672790812704, 1279672790810912, 'subscriber', '/static/img/user.png', 'solum curae senectus aliquid agam montes te invidunt moderatius ultrices.', 1279672790818240, 1556786677554, 1556786677554, 0);
INSERT INTO replies (topicId, userId, userName, userImageUrl, content, id, createdAt, updatedAt, version) VALUES (1279672790812704, 1279672790810912, 'subscriber', '/static/img/user.png', 'repudiandae hac elitr lectus cetero recteque possit iaculis delicata vocibus volumus hendrerit cursus quam altera quem discere facilisi inciderint quaerendum rutrum pulvinar curabitur eam phasellus alienum montes moderatius faucibus corrumpit offendit quem leo expetenda delenit repudiandae ornatus veritus noster curabitur intellegat.', 1279672790818272, 1556783077554, 1556783077554, 0);
INSERT INTO topics (boardId, userId, userName, userImageUrl, refType, refId, replyNumber, locked, name, content, id, createdAt, updatedAt, version) VALUES (1279672790812224, 1279672790810912, 'subscriber', '/static/img/user.png', 'NONE', 0, 15, false, 'persecuti.16', 'maximus a fugit suavitate aliquip condimentum dicunt risus epicurei verear dicit oporteat epicurei elaboraret omittam non rutrum antiopam feugait platonem consectetur est lacus odio curae turpis offendit vituperata ad necessitatibus neglegentur scelerisque natoque tritani solum mentitum voluptaria fringilla comprehensam voluptaria duis sapientem putent inani morbi lacus senectus iusto mediocritatem tamquam.', 1279672790812736, 1556826337555, 1556826337555, 0);
INSERT INTO replies (topicId, userId, userName, userImageUrl, content, id, createdAt, updatedAt, version) VALUES (1279672790812736, 1279672790810912, 'subscriber', '/static/img/user.png', 'litora accusata adversarium dolor principes pretium scripta ornatus idque ludus tractatos dictumst dignissim quot ultricies aliquip evertitur molestiae pertinacia pertinacia suscipit lobortis vis possim sit blandit falli volutpat sit noster nascetur decore eirmod venenatis etiam minim.', 1279672790818304, 1556826277555, 1556826277555, 0);
INSERT INTO replies (topicId, userId, userName, userImageUrl, content, id, createdAt, updatedAt, version) VALUES (1279672790812736, 1279672790810912, 'subscriber', '/static/img/user.png', 'torquent tale magnis facilis maiorum principes est simul.', 1279672790818336, 1556822677555, 1556822677555, 0);
INSERT INTO replies (topicId, userId, userName, userImageUrl, content, id, createdAt, updatedAt, version) VALUES (1279672790812736, 1279672790810912, 'subscriber', '/static/img/user.png', 'esse impetus nobis tibique justo ad lacus latine maiestatis expetenda montes interdum natoque discere porro volumus postea vocent prompta amet intellegat enim electram.', 1279672790818368, 1556819077555, 1556819077555, 0);
INSERT INTO replies (topicId, userId, userName, userImageUrl, content, id, createdAt, updatedAt, version) VALUES (1279672790812736, 1279672790810912, 'subscriber', '/static/img/user.png', 'enim convenire utamur viderer iisque lacinia et atomorum adipiscing quod ad quot voluptatibus offendit vidisse error vituperata facilisis tractatos populo sociis tempus tacimates purus eos veniam scripserit purus tamquam movet nonumes vehicula luctus euripidis scripserit ultricies ornare consectetuer lobortis expetendis platonem tota efficitur sonet leo ancillae.', 1279672790818400, 1556815477555, 1556815477555, 0);
INSERT INTO replies (topicId, userId, userName, userImageUrl, content, id, createdAt, updatedAt, version) VALUES (1279672790812736, 1279672790810912, 'subscriber', '/static/img/user.png', 'vim suas quas noster hinc definitiones quod mi euripidis novum senserit vituperatoribus viverra dolore.', 1279672790818432, 1556811877555, 1556811877555, 0);
INSERT INTO replies (topicId, userId, userName, userImageUrl, content, id, createdAt, updatedAt, version) VALUES (1279672790812736, 1279672790810912, 'subscriber', '/static/img/user.png', 'similique neglegentur eam reformidans veritus consequat sociosqu torquent te indoctum montes nulla sagittis veniam errem his luptatum viris convenire nunc et sadipscing definitionem adversarium suscipiantur eruditi saperet ligula evertitur justo turpis potenti mediocritatem adhuc mucius his ex dolores mandamus eget volumus interdum discere suas doctus dissentiunt.', 1279672790818464, 1556808277555, 1556808277555, 0);
INSERT INTO replies (topicId, userId, userName, userImageUrl, content, id, createdAt, updatedAt, version) VALUES (1279672790812736, 1279672790810912, 'subscriber', '/static/img/user.png', 'ac utinam molestiae ludus discere electram fames noster assueverit mucius scripserit ipsum aptent tale vestibulum inimicus altera eloquentiam lectus detraxit labores quam errem suavitate error ultricies praesent luptatum debet lacus quam molestie labores expetendis facilisis signiferumque leo ius constituam detraxit mel partiendo deterruisset penatibus nostra eget cetero mediocritatem prodesset aeque.', 1279672790818496, 1556804677555, 1556804677555, 0);
INSERT INTO replies (topicId, userId, userName, userImageUrl, content, id, createdAt, updatedAt, version) VALUES (1279672790812736, 1279672790810912, 'subscriber', '/static/img/user.png', 'constituam erat conubia lobortis reprehendunt velit gravida potenti pharetra dolorum partiendo himenaeos postulant percipit eget causae alienum risus proin tellus latine libero maximus possit lectus quot fabulas delectus tristique ornare proin vehicula netus alterum possim ceteros tantas expetenda prodesset verear tota tortor vix porta reformidans.', 1279672790818528, 1556801077555, 1556801077555, 0);
INSERT INTO replies (topicId, userId, userName, userImageUrl, content, id, createdAt, updatedAt, version) VALUES (1279672790812736, 1279672790810912, 'subscriber', '/static/img/user.png', 'varius tellus tantas ultricies his aenean duis utamur diam ut errem simul himenaeos fringilla vituperata errem congue consul.', 1279672790818560, 1556797477555, 1556797477555, 0);
INSERT INTO replies (topicId, userId, userName, userImageUrl, content, id, createdAt, updatedAt, version) VALUES (1279672790812736, 1279672790810912, 'subscriber', '/static/img/user.png', 'taciti.', 1279672790818592, 1556793877555, 1556793877555, 0);
INSERT INTO replies (topicId, userId, userName, userImageUrl, content, id, createdAt, updatedAt, version) VALUES (1279672790812736, 1279672790810912, 'subscriber', '/static/img/user.png', 'proin vitae eripuit mei eripuit sapientem equidem usu ex meliore proin delicata facilisi feugait dicant tale vim viris nonumes senserit ut proin animal iriure conceptam varius montes scelerisque eum mediocritatem deterruisset falli risus partiendo hendrerit appareat interdum.', 1279672790818624, 1556790277555, 1556790277555, 0);
INSERT INTO replies (topicId, userId, userName, userImageUrl, content, id, createdAt, updatedAt, version) VALUES (1279672790812736, 1279672790810912, 'subscriber', '/static/img/user.png', 'ceteros ornatus iudicabit lacinia inciderint mea definitiones aliquam viris salutatus reprimique nostra tincidunt non voluptatum pharetra brute quam sonet dapibus senectus primis feugait interdum dolores pertinacia.', 1279672790818656, 1556786677555, 1556786677555, 0);
INSERT INTO replies (topicId, userId, userName, userImageUrl, content, id, createdAt, updatedAt, version) VALUES (1279672790812736, 1279672790810912, 'subscriber', '/static/img/user.png', 'dis varius expetendis pretium pretium inciderint possit ponderum delicata nunc similique constituam.', 1279672790818688, 1556783077555, 1556783077555, 0);
INSERT INTO replies (topicId, userId, userName, userImageUrl, content, id, createdAt, updatedAt, version) VALUES (1279672790812736, 1279672790810912, 'subscriber', '/static/img/user.png', 'ignota disputationi alia nisl consul novum ludus mucius sodales penatibus tantas platonem elit movet auctor deserunt accommodare et malesuada reformidans honestatis conclusionemque causae dignissim magna a appetere cubilia necessitatibus vehicula verterem montes finibus aliquet tacimates ceteros aliquid eirmod a tibique ludus penatibus magna cursus ferri quaeque mattis iisque eu.', 1279672790818720, 1556779477555, 1556779477555, 0);
INSERT INTO replies (topicId, userId, userName, userImageUrl, content, id, createdAt, updatedAt, version) VALUES (1279672790812736, 1279672790810912, 'subscriber', '/static/img/user.png', 'ridiculus praesent vituperata mediocritatem habitant ius verear veritus error patrioque donec non reprehendunt quot nibh ubique iisque nam mi populo pri comprehensam phasellus posidonium laudem repudiandae placerat laudem elit feugiat adolescens libris mandamus elementum mauris mi reformidans natoque.', 1279672790818752, 1556775877555, 1556775877555, 0);
INSERT INTO topics (boardId, userId, userName, userImageUrl, refType, refId, replyNumber, locked, name, content, id, createdAt, updatedAt, version) VALUES (1279672790812224, 1279672790810912, 'subscriber', '/static/img/user.png', 'NONE', 0, 16, false, 'eos.17', 'utamur fastidii vituperatoribus cras repudiandae nunc postulant eum.', 1279672790812768, 1556822737556, 1556822737556, 0);
INSERT INTO replies (topicId, userId, userName, userImageUrl, content, id, createdAt, updatedAt, version) VALUES (1279672790812768, 1279672790810912, 'subscriber', '/static/img/user.png', 'populo porttitor aperiri mucius debet quisque periculis quod congue amet efficitur id risus utinam ac id nulla veritus orci mattis splendide vidisse discere sodales posse.', 1279672790818784, 1556822677556, 1556822677556, 0);
INSERT INTO replies (topicId, userId, userName, userImageUrl, content, id, createdAt, updatedAt, version) VALUES (1279672790812768, 1279672790810912, 'subscriber', '/static/img/user.png', 'eripuit expetendis rhoncus torquent.', 1279672790818816, 1556819077556, 1556819077556, 0);
INSERT INTO replies (topicId, userId, userName, userImageUrl, content, id, createdAt, updatedAt, version) VALUES (1279672790812768, 1279672790810912, 'subscriber', '/static/img/user.png', 'iisque vero oratio mus suscipiantur lacinia parturient volutpat sem velit mentitum omittantur adipisci salutatus vidisse moderatius aenean vivendo mel luctus iudicabit delenit percipit wisi dicat molestie inani.', 1279672790818848, 1556815477556, 1556815477556, 0);
INSERT INTO replies (topicId, userId, userName, userImageUrl, content, id, createdAt, updatedAt, version) VALUES (1279672790812768, 1279672790810912, 'subscriber', '/static/img/user.png', 'facilisis himenaeos splendide possit debet phasellus repudiandae adversarium intellegebat vivamus atomorum mucius aliquet mnesarchum metus an sagittis tamquam.', 1279672790818880, 1556811877556, 1556811877556, 0);
INSERT INTO replies (topicId, userId, userName, userImageUrl, content, id, createdAt, updatedAt, version) VALUES (1279672790812768, 1279672790810912, 'subscriber', '/static/img/user.png', 'morbi falli aliquid inceptos duis iriure noluisse impetus deseruisse ad egestas commodo nostra mnesarchum purus sea donec invenire suscipit scelerisque suas donec.', 1279672790818912, 1556808277556, 1556808277556, 0);
INSERT INTO replies (topicId, userId, userName, userImageUrl, content, id, createdAt, updatedAt, version) VALUES (1279672790812768, 1279672790810912, 'subscriber', '/static/img/user.png', 'vestibulum aperiri ut cursus facilisi adipisci suspendisse sed ceteros auctor invenire sit.', 1279672790818944, 1556804677556, 1556804677556, 0);
INSERT INTO replies (topicId, userId, userName, userImageUrl, content, id, createdAt, updatedAt, version) VALUES (1279672790812768, 1279672790810912, 'subscriber', '/static/img/user.png', 'praesent indoctum mentitum sanctus blandit persequeris dicunt vivamus maecenas ex docendi recteque vero mel contentiones option reprehendunt tincidunt hendrerit wisi legimus repudiare tritani definitiones oratio legimus accumsan propriae malorum euismod curabitur reprehendunt laudem errem suavitate graeci sapien esse tale theophrastus.', 1279672790818976, 1556801077556, 1556801077556, 0);
INSERT INTO replies (topicId, userId, userName, userImageUrl, content, id, createdAt, updatedAt, version) VALUES (1279672790812768, 1279672790810912, 'subscriber', '/static/img/user.png', 'duis.', 1279672790819008, 1556797477556, 1556797477556, 0);
INSERT INTO replies (topicId, userId, userName, userImageUrl, content, id, createdAt, updatedAt, version) VALUES (1279672790812768, 1279672790810912, 'subscriber', '/static/img/user.png', 'congue antiopam finibus vestibulum his numquam voluptaria adipisci luctus verterem eget dico utamur ne sea dis mauris nam solet rutrum nonumes phasellus hendrerit suas iisque curae lorem dictas iuvaret qualisque dicam elitr dicta.', 1279672790819040, 1556793877556, 1556793877556, 0);
INSERT INTO replies (topicId, userId, userName, userImageUrl, content, id, createdAt, updatedAt, version) VALUES (1279672790812768, 1279672790810912, 'subscriber', '/static/img/user.png', 'persius disputationi prodesset mel molestiae curae graeco.', 1279672790819072, 1556790277556, 1556790277556, 0);
INSERT INTO replies (topicId, userId, userName, userImageUrl, content, id, createdAt, updatedAt, version) VALUES (1279672790812768, 1279672790810912, 'subscriber', '/static/img/user.png', 'conubia cu.', 1279672790819104, 1556786677556, 1556786677556, 0);
INSERT INTO replies (topicId, userId, userName, userImageUrl, content, id, createdAt, updatedAt, version) VALUES (1279672790812768, 1279672790810912, 'subscriber', '/static/img/user.png', 'dignissim eirmod phasellus omittam molestiae gravida feugiat vulputate menandri dapibus habemus expetendis varius esse donec viderer ei mel veri adolescens mattis posidonium solet habeo ex tibique meliore mentitum voluptaria mandamus magnis aptent brute metus mediocritatem delicata reformidans convenire ultricies sonet oporteat aperiri deseruisse ut natum id conubia pericula.', 1279672790819136, 1556783077556, 1556783077556, 0);
INSERT INTO replies (topicId, userId, userName, userImageUrl, content, id, createdAt, updatedAt, version) VALUES (1279672790812768, 1279672790810912, 'subscriber', '/static/img/user.png', 'nostrum per esse vehicula reque veniam tacimates auctor pertinax curabitur iuvaret minim aliquid ocurreret alia pertinax mel eam efficiantur facilis feugait faucibus curae scelerisque quisque parturient eam.', 1279672790819168, 1556779477556, 1556779477556, 0);
INSERT INTO replies (topicId, userId, userName, userImageUrl, content, id, createdAt, updatedAt, version) VALUES (1279672790812768, 1279672790810912, 'subscriber', '/static/img/user.png', 'neglegentur fabellas dictumst verterem magnis cum offendit finibus liber tritani patrioque convallis delenit ac tantas quidam molestiae simul appetere dui voluptatibus neglegentur graeci adversarium dis leo arcu conubia meliore populo faucibus sit inani theophrastus fames efficiantur vel utroque autem vulputate qui.', 1279672790819200, 1556775877556, 1556775877556, 0);
INSERT INTO replies (topicId, userId, userName, userImageUrl, content, id, createdAt, updatedAt, version) VALUES (1279672790812768, 1279672790810912, 'subscriber', '/static/img/user.png', 'errem commodo sapientem cursus aenean docendi sociosqu verterem possit aliquet putent oporteat ante perpetua gubergren tellus iusto consequat vehicula sem nibh luctus dolorum fastidii tractatos singulis oratio mea tibique similique nisi ad aenean ex aliquam veritus ridens inciderint senectus civibus ultricies solet vituperatoribus detracto quot maecenas moderatius phasellus inceptos expetenda.', 1279672790819232, 1556772277556, 1556772277556, 0);
INSERT INTO replies (topicId, userId, userName, userImageUrl, content, id, createdAt, updatedAt, version) VALUES (1279672790812768, 1279672790810912, 'subscriber', '/static/img/user.png', 'offendit brute signiferumque etiam inciderint autem luctus praesent signiferumque libero autem persius his no interesset enim nostra habeo laudem reque quaestio intellegebat netus turpis doming verterem ultrices inimicus odio est voluptaria diam hac feugait vocibus fastidii impetus salutatus adipisci.', 1279672790819264, 1556768677556, 1556768677556, 0);
INSERT INTO topics (boardId, userId, userName, userImageUrl, refType, refId, replyNumber, locked, name, content, id, createdAt, updatedAt, version) VALUES (1279672790812224, 1279672790810912, 'subscriber', '/static/img/user.png', 'NONE', 0, 17, false, 'definiebas.18', 'vidisse pharetra blandit ius ferri doctus graece enim verear arcu vis vocibus ancillae explicari elit omittam turpis lorem maiestatis quo mazim reformidans.', 1279672790812800, 1556819137556, 1556819137556, 0);
INSERT INTO replies (topicId, userId, userName, userImageUrl, content, id, createdAt, updatedAt, version) VALUES (1279672790812800, 1279672790810912, 'subscriber', '/static/img/user.png', 'dictum ceteros contentiones lobortis maluisset interpretaris donec blandit esse interdum habemus idque tempor feugiat penatibus intellegebat fames disputationi mazim himenaeos suscipiantur docendi dictas metus eirmod diam solet sapien eu vivendo definitiones veritus aliquip pertinacia natoque inceptos cetero eius taciti proin reque eros iriure curae usu harum postulant instructior.', 1279672790819296, 1556819077556, 1556819077556, 0);
INSERT INTO replies (topicId, userId, userName, userImageUrl, content, id, createdAt, updatedAt, version) VALUES (1279672790812800, 1279672790810912, 'subscriber', '/static/img/user.png', 'montes fuisset debet pericula mauris.', 1279672790819328, 1556815477556, 1556815477556, 0);
INSERT INTO replies (topicId, userId, userName, userImageUrl, content, id, createdAt, updatedAt, version) VALUES (1279672790812800, 1279672790810912, 'subscriber', '/static/img/user.png', 'venenatis ancillae quo brute liber qualisque utroque aperiri decore eam consectetuer salutatus magna definitionem alterum aliquam dicam expetenda a vero donec pulvinar sententiae intellegat quaerendum euripidis consul pharetra singulis usu porttitor honestatis aptent posuere odio ullamcorper congue explicari utinam erroribus consequat sapien maiestatis postea proin laoreet eros viris efficiantur vitae.', 1279672790819360, 1556811877556, 1556811877556, 0);
INSERT INTO replies (topicId, userId, userName, userImageUrl, content, id, createdAt, updatedAt, version) VALUES (1279672790812800, 1279672790810912, 'subscriber', '/static/img/user.png', 'mea morbi sollicitudin fastidii sagittis instructior saperet pretium luctus fabulas consequat phasellus melius ridiculus leo postulant utinam feugait porro convenire etiam brute homero nullam nihil electram nullam himenaeos maiorum debet eruditi repudiare faucibus sit dolores tincidunt iaculis pretium fames veri homero inciderint repudiare vivendo magna aliquid noluisse qualisque euripidis ignota.', 1279672790819392, 1556808277556, 1556808277556, 0);
INSERT INTO replies (topicId, userId, userName, userImageUrl, content, id, createdAt, updatedAt, version) VALUES (1279672790812800, 1279672790810912, 'subscriber', '/static/img/user.png', 'elitr dis definitiones iaculis eripuit cras alia consectetuer aptent etiam sociis volutpat intellegebat ponderum facilis prodesset facilis consequat in senectus porta posuere posse omnesque.', 1279672790819424, 1556804677556, 1556804677556, 0);
INSERT INTO replies (topicId, userId, userName, userImageUrl, content, id, createdAt, updatedAt, version) VALUES (1279672790812800, 1279672790810912, 'subscriber', '/static/img/user.png', 'oporteat civibus elitr pulvinar iisque adhuc quisque.', 1279672790819456, 1556801077556, 1556801077556, 0);
INSERT INTO replies (topicId, userId, userName, userImageUrl, content, id, createdAt, updatedAt, version) VALUES (1279672790812800, 1279672790810912, 'subscriber', '/static/img/user.png', 'principes pharetra liber simul option quis.', 1279672790819488, 1556797477556, 1556797477556, 0);
INSERT INTO replies (topicId, userId, userName, userImageUrl, content, id, createdAt, updatedAt, version) VALUES (1279672790812800, 1279672790810912, 'subscriber', '/static/img/user.png', 'tation explicari gubergren a animal quam quaerendum vivamus scelerisque errem ex appetere quaeque salutatus montes turpis ipsum dignissim docendi platea periculis placerat mediocrem detracto ei.', 1279672790819520, 1556793877556, 1556793877556, 0);
INSERT INTO replies (topicId, userId, userName, userImageUrl, content, id, createdAt, updatedAt, version) VALUES (1279672790812800, 1279672790810912, 'subscriber', '/static/img/user.png', 'suscipit dicat voluptaria inceptos at similique auctor montes nulla penatibus qui movet odio felis taciti tractatos aliquid honestatis.', 1279672790819552, 1556790277556, 1556790277556, 0);
INSERT INTO replies (topicId, userId, userName, userImageUrl, content, id, createdAt, updatedAt, version) VALUES (1279672790812800, 1279672790810912, 'subscriber', '/static/img/user.png', 'oratio legimus viris sit dicta integer lobortis magnis sit efficiantur ultrices corrumpit pulvinar quas vidisse salutatus menandri viderer litora offendit aliquam est eleifend persius expetenda putent disputationi interesset eam aperiri sociosqu detracto offendit nonumes consectetuer.', 1279672790819584, 1556786677556, 1556786677556, 0);
INSERT INTO replies (topicId, userId, userName, userImageUrl, content, id, createdAt, updatedAt, version) VALUES (1279672790812800, 1279672790810912, 'subscriber', '/static/img/user.png', 'lectus partiendo ex homero dis autem doctus error ius esse.', 1279672790819616, 1556783077556, 1556783077556, 0);
INSERT INTO replies (topicId, userId, userName, userImageUrl, content, id, createdAt, updatedAt, version) VALUES (1279672790812800, 1279672790810912, 'subscriber', '/static/img/user.png', 'alia reformidans lacinia volumus nibh amet consetetur saepe fusce suspendisse solum nam dolorum nisl.', 1279672790819648, 1556779477556, 1556779477556, 0);
INSERT INTO replies (topicId, userId, userName, userImageUrl, content, id, createdAt, updatedAt, version) VALUES (1279672790812800, 1279672790810912, 'subscriber', '/static/img/user.png', 'ipsum dicit possim noluisse pro nunc commodo aenean quaerendum dicat graecis intellegat viverra scripserit salutatus risus aliquet numquam sapientem mucius habemus oratio novum et vestibulum gloriatur mei pulvinar purus ipsum gubergren tacimates pro semper penatibus nostrum nam fames accusata luctus hinc constituam aperiri donec posuere dicunt commune.', 1279672790819680, 1556775877556, 1556775877556, 0);
INSERT INTO replies (topicId, userId, userName, userImageUrl, content, id, createdAt, updatedAt, version) VALUES (1279672790812800, 1279672790810912, 'subscriber', '/static/img/user.png', 'in mei platea intellegebat molestie vehicula eirmod dissentiunt graeco ceteros aeque has intellegebat nihil fugit libris odio delectus porttitor ornatus ignota iusto saepe ocurreret enim sed graece ignota.', 1279672790819712, 1556772277556, 1556772277556, 0);
INSERT INTO replies (topicId, userId, userName, userImageUrl, content, id, createdAt, updatedAt, version) VALUES (1279672790812800, 1279672790810912, 'subscriber', '/static/img/user.png', 'erat adipiscing quaeque nonumy quaeque magnis risus cetero definitionem utamur impetus ceteros viderer senectus mazim adipiscing pellentesque eos ridiculus litora ipsum eum causae senectus epicurei taciti quaeque iusto mauris vulputate intellegat dictas massa.', 1279672790819744, 1556768677556, 1556768677556, 0);
INSERT INTO replies (topicId, userId, userName, userImageUrl, content, id, createdAt, updatedAt, version) VALUES (1279672790812800, 1279672790810912, 'subscriber', '/static/img/user.png', 'no definiebas nisi graeco patrioque definitionem simul fames rutrum inimicus ornare odio feugiat augue.', 1279672790819776, 1556765077556, 1556765077556, 0);
INSERT INTO replies (topicId, userId, userName, userImageUrl, content, id, createdAt, updatedAt, version) VALUES (1279672790812800, 1279672790810912, 'subscriber', '/static/img/user.png', 'nobis natoque graeco ius eruditi menandri hinc praesent salutatus docendi tractatos mazim appareat doctus mnesarchum maecenas non quod fastidii elit offendit dictum qualisque.', 1279672790819808, 1556761477556, 1556761477556, 0);
INSERT INTO topics (boardId, userId, userName, userImageUrl, refType, refId, replyNumber, locked, name, content, id, createdAt, updatedAt, version) VALUES (1279672790812224, 1279672790810912, 'subscriber', '/static/img/user.png', 'NONE', 0, 18, false, 'eam scelerisque.19', 'explicari condimentum sanctus quot conclusionemque mediocrem diam eu nec ridiculus penatibus dolor cras scripserit tempus vocent utroque aptent periculis viris splendide egestas nunc postulant sociosqu a scripserit nulla evertitur voluptatibus cras offendit pertinacia offendit detraxit pretium voluptaria intellegebat tation splendide mnesarchum iudicabit sociosqu vehicula necessitatibus fastidii aeque.', 1279672790812832, 1556815537556, 1556815537556, 0);
INSERT INTO replies (topicId, userId, userName, userImageUrl, content, id, createdAt, updatedAt, version) VALUES (1279672790812832, 1279672790810912, 'subscriber', '/static/img/user.png', 'reprimique appareat tractatos dolorem molestie labores aliquid persequeris dictumst.', 1279672790819840, 1556815477556, 1556815477556, 0);
INSERT INTO replies (topicId, userId, userName, userImageUrl, content, id, createdAt, updatedAt, version) VALUES (1279672790812832, 1279672790810912, 'subscriber', '/static/img/user.png', 'impetus omnesque lacus class constituto iisque quis electram omittam antiopam etiam laudem moderatius nominavi comprehensam inani no dictumst eripuit invidunt molestie tibique torquent conceptam corrumpit inciderint movet condimentum quam magnis morbi signiferumque est maximus nascetur intellegat brute amet hendrerit posidonium.', 1279672790819872, 1556811877556, 1556811877556, 0);
INSERT INTO replies (topicId, userId, userName, userImageUrl, content, id, createdAt, updatedAt, version) VALUES (1279672790812832, 1279672790810912, 'subscriber', '/static/img/user.png', 'idque perpetua prodesset integer auctor vel noluisse alia ocurreret accusata graece epicurei electram quo sententiae error dolor venenatis pertinax mentitum tincidunt quis phasellus usu epicuri facilisis consetetur dicant hinc tristique pertinacia varius doctus.', 1279672790819904, 1556808277556, 1556808277556, 0);
INSERT INTO replies (topicId, userId, userName, userImageUrl, content, id, createdAt, updatedAt, version) VALUES (1279672790812832, 1279672790810912, 'subscriber', '/static/img/user.png', 'dicunt dolorum luctus appetere neglegentur ancillae placerat condimentum mentitum luctus posidonium aliquam gravida dolorum litora fuisset fuisset voluptatum curae dignissim non delenit at constituam adipisci viderer ornatus.', 1279672790819936, 1556804677556, 1556804677556, 0);
INSERT INTO replies (topicId, userId, userName, userImageUrl, content, id, createdAt, updatedAt, version) VALUES (1279672790812832, 1279672790810912, 'subscriber', '/static/img/user.png', 'consequat conubia labores solet mel postea turpis ignota suscipit felis maiestatis malorum brute alia commune neque eos.', 1279672790819968, 1556801077556, 1556801077556, 0);
INSERT INTO replies (topicId, userId, userName, userImageUrl, content, id, createdAt, updatedAt, version) VALUES (1279672790812832, 1279672790810912, 'subscriber', '/static/img/user.png', 'at solet conceptam saepe curabitur oratio morbi ubique latine labores eros scripserit malesuada ipsum sed mi vocent conubia persius electram fusce gloriatur sonet inani sadipscing simul scripserit delenit hendrerit porro vehicula assueverit electram dissentiunt fringilla suas nisl.', 1279672790820000, 1556797477556, 1556797477556, 0);
INSERT INTO replies (topicId, userId, userName, userImageUrl, content, id, createdAt, updatedAt, version) VALUES (1279672790812832, 1279672790810912, 'subscriber', '/static/img/user.png', 'cursus quisque graecis eam platonem docendi singulis debet varius theophrastus cu rhoncus pretium definiebas atomorum dolor ultrices invidunt volutpat velit mutat ultrices his natum.', 1279672790820032, 1556793877556, 1556793877556, 0);
INSERT INTO replies (topicId, userId, userName, userImageUrl, content, id, createdAt, updatedAt, version) VALUES (1279672790812832, 1279672790810912, 'subscriber', '/static/img/user.png', 'ut habeo ignota sodales principes interesset eruditi solet vestibulum epicuri hendrerit aperiri.', 1279672790820064, 1556790277556, 1556790277556, 0);
INSERT INTO replies (topicId, userId, userName, userImageUrl, content, id, createdAt, updatedAt, version) VALUES (1279672790812832, 1279672790810912, 'subscriber', '/static/img/user.png', 'quam cras quaestio facilisi maecenas reprimique ubique.', 1279672790820096, 1556786677556, 1556786677556, 0);
INSERT INTO replies (topicId, userId, userName, userImageUrl, content, id, createdAt, updatedAt, version) VALUES (1279672790812832, 1279672790810912, 'subscriber', '/static/img/user.png', 'contentiones semper pri erat moderatius maximus senserit.', 1279672790820128, 1556783077556, 1556783077556, 0);
INSERT INTO replies (topicId, userId, userName, userImageUrl, content, id, createdAt, updatedAt, version) VALUES (1279672790812832, 1279672790810912, 'subscriber', '/static/img/user.png', 'adipiscing ancillae fugit legere prodesset graece turpis doctus minim pertinacia intellegebat morbi quas nunc aliquam repudiare regione orci platea odio tamquam mauris vivamus audire dignissim maiorum scelerisque sadipscing meliore augue oporteat ultricies nihil.', 1279672790820160, 1556779477556, 1556779477556, 0);
INSERT INTO replies (topicId, userId, userName, userImageUrl, content, id, createdAt, updatedAt, version) VALUES (1279672790812832, 1279672790810912, 'subscriber', '/static/img/user.png', 'agam principes quod vix sagittis feugait phasellus docendi persecuti suscipit consequat mutat altera nibh intellegat nostrum nonumes propriae porro vestibulum oporteat dapibus pericula dicant latine indoctum mattis deserunt ocurreret.', 1279672790820192, 1556775877556, 1556775877556, 0);
INSERT INTO replies (topicId, userId, userName, userImageUrl, content, id, createdAt, updatedAt, version) VALUES (1279672790812832, 1279672790810912, 'subscriber', '/static/img/user.png', 'ligula invenire tacimates dolor legere iisque inani justo penatibus sapien facilis convenire iudicabit alia menandri graeci turpis alterum error liber inimicus alienum invenire voluptaria tacimates taciti possit ut.', 1279672790820224, 1556772277556, 1556772277556, 0);
INSERT INTO replies (topicId, userId, userName, userImageUrl, content, id, createdAt, updatedAt, version) VALUES (1279672790812832, 1279672790810912, 'subscriber', '/static/img/user.png', 'risus intellegat vitae volumus donec aeque senserit accommodare magna dictas nostra regione dolorum expetenda lacinia quem ocurreret liber risus dapibus neglegentur discere morbi iisque ei recteque electram quisque eripuit postulant metus.', 1279672790820256, 1556768677556, 1556768677556, 0);
INSERT INTO replies (topicId, userId, userName, userImageUrl, content, id, createdAt, updatedAt, version) VALUES (1279672790812832, 1279672790810912, 'subscriber', '/static/img/user.png', 'civibus epicurei sapien libero nonumes antiopam ubique periculis nunc facilis epicurei metus sociosqu dicit vitae mandamus mnesarchum arcu definiebas aliquet gravida mutat scripserit tincidunt neglegentur dictum indoctum omittam quaerendum faucibus detraxit theophrastus fringilla sociosqu proin pro dui comprehensam penatibus viverra per consectetur deseruisse nascetur qui.', 1279672790820288, 1556765077556, 1556765077556, 0);
INSERT INTO replies (topicId, userId, userName, userImageUrl, content, id, createdAt, updatedAt, version) VALUES (1279672790812832, 1279672790810912, 'subscriber', '/static/img/user.png', 'et facilisi periculis quisque epicuri ubique curae mentitum postea facilisis noster vivendo quisque dolorem id vidisse assueverit mel conceptam in malorum neglegentur aeque eloquentiam potenti definitionem duo prompta legimus saepe voluptatum homero dicunt ut solet laudem postulant faucibus oratio sadipscing an sit.', 1279672790820320, 1556761477556, 1556761477556, 0);
INSERT INTO replies (topicId, userId, userName, userImageUrl, content, id, createdAt, updatedAt, version) VALUES (1279672790812832, 1279672790810912, 'subscriber', '/static/img/user.png', 'tale pertinacia adversarium neque netus mattis definiebas ponderum cu gravida scripserit option eam aptent pulvinar eloquentiam ancillae decore urna consequat mei menandri iaculis melius alia electram at commodo erroribus ad blandit per discere definitiones sociosqu maximus consequat veri vehicula sociosqu quo nisi eloquentiam delectus discere corrumpit.', 1279672790820352, 1556757877556, 1556757877556, 0);
INSERT INTO replies (topicId, userId, userName, userImageUrl, content, id, createdAt, updatedAt, version) VALUES (1279672790812832, 1279672790810912, 'subscriber', '/static/img/user.png', 'porro theophrastus possim at vocibus sed indoctum noster mel adipiscing omnesque gubergren docendi duis habemus duo mucius conubia omittantur offendit discere ac eros impetus.', 1279672790820384, 1556754277556, 1556754277556, 0);
INSERT INTO topics (boardId, userId, userName, userImageUrl, refType, refId, replyNumber, locked, name, content, id, createdAt, updatedAt, version) VALUES (1279672790812224, 1279672790810912, 'subscriber', '/static/img/user.png', 'NONE', 0, 19, false, 'sed verterem quaeque.20', 'id faucibus dictum cras vulputate delicata maximus magna idque verterem quam rutrum mazim percipit viverra conceptam orci labores inimicus delenit idque viverra eloquentiam verear dis tritani magnis novum ad iisque feugiat ante petentium posuere utamur quas lacus.', 1279672790812864, 1556811937556, 1556811937556, 0);
INSERT INTO replies (topicId, userId, userName, userImageUrl, content, id, createdAt, updatedAt, version) VALUES (1279672790812864, 1279672790810912, 'subscriber', '/static/img/user.png', 'aliquet habitant iusto iusto instructior facilis aliquam intellegebat curae aeque odio moderatius mattis detraxit diam.', 1279672790820416, 1556811877556, 1556811877556, 0);
INSERT INTO replies (topicId, userId, userName, userImageUrl, content, id, createdAt, updatedAt, version) VALUES (1279672790812864, 1279672790810912, 'subscriber', '/static/img/user.png', 'brute arcu feugait aenean solet non commodo dapibus prompta faucibus commodo commodo ridiculus definitiones adipiscing vulputate adversarium pri eget epicurei nascetur natum principes similique dicta fabellas.', 1279672790820448, 1556808277556, 1556808277556, 0);
INSERT INTO replies (topicId, userId, userName, userImageUrl, content, id, createdAt, updatedAt, version) VALUES (1279672790812864, 1279672790810912, 'subscriber', '/static/img/user.png', 'no intellegat elit ancillae dicta condimentum utroque varius pretium possit sonet pellentesque vitae usu auctor a graeco dicat reformidans ipsum vim libris ridiculus scelerisque consequat efficiantur interesset graece efficiantur.', 1279672790820480, 1556804677556, 1556804677556, 0);
INSERT INTO replies (topicId, userId, userName, userImageUrl, content, id, createdAt, updatedAt, version) VALUES (1279672790812864, 1279672790810912, 'subscriber', '/static/img/user.png', 'tibique referrentur pri nulla quem fusce pertinax curae.', 1279672790820512, 1556801077556, 1556801077556, 0);
INSERT INTO replies (topicId, userId, userName, userImageUrl, content, id, createdAt, updatedAt, version) VALUES (1279672790812864, 1279672790810912, 'subscriber', '/static/img/user.png', 'assueverit donec vero vocibus pellentesque dignissim epicuri adversarium utinam sagittis eruditi adversarium qualisque metus scripta molestiae adhuc tellus delenit postulant postea interpretaris condimentum aliquam sententiae autem cu.', 1279672790820544, 1556797477556, 1556797477556, 0);
INSERT INTO replies (topicId, userId, userName, userImageUrl, content, id, createdAt, updatedAt, version) VALUES (1279672790812864, 1279672790810912, 'subscriber', '/static/img/user.png', 'possim pri purus eos detracto alia qui agam taciti possit nominavi enim quidam voluptatum euripidis vituperata tempus porta eripuit egestas novum assueverit vestibulum reque tempor pericula graece risus affert definiebas adolescens ultricies nostra habeo persequeris contentiones ut contentiones leo finibus tortor luctus pertinacia libero.', 1279672790820576, 1556793877556, 1556793877556, 0);
INSERT INTO replies (topicId, userId, userName, userImageUrl, content, id, createdAt, updatedAt, version) VALUES (1279672790812864, 1279672790810912, 'subscriber', '/static/img/user.png', 'sadipscing aeque aliquet veniam.', 1279672790820608, 1556790277556, 1556790277556, 0);
INSERT INTO replies (topicId, userId, userName, userImageUrl, content, id, createdAt, updatedAt, version) VALUES (1279672790812864, 1279672790810912, 'subscriber', '/static/img/user.png', 'graece viderer maximus porro fabulas deseruisse splendide brute inani non ad praesent aliquet sollicitudin massa magnis nam eirmod montes congue adversarium euripidis.', 1279672790820640, 1556786677556, 1556786677556, 0);
INSERT INTO replies (topicId, userId, userName, userImageUrl, content, id, createdAt, updatedAt, version) VALUES (1279672790812864, 1279672790810912, 'subscriber', '/static/img/user.png', 'erroribus facilis nam consectetuer lacus prodesset proin erroribus invidunt maecenas iaculis dicat magnis meliore fames corrumpit magnis elementum contentiones splendide arcu quidam duis atqui mollis petentium tortor iriure liber legimus eam petentium intellegat scripta prodesset suas vix.', 1279672790820672, 1556783077556, 1556783077556, 0);
INSERT INTO replies (topicId, userId, userName, userImageUrl, content, id, createdAt, updatedAt, version) VALUES (1279672790812864, 1279672790810912, 'subscriber', '/static/img/user.png', 'persequeris adipiscing vehicula adipiscing ultricies habitasse fusce curae quisque sale elit suscipit habitasse facilisi nam scripserit fabulas.', 1279672790820704, 1556779477556, 1556779477556, 0);
INSERT INTO replies (topicId, userId, userName, userImageUrl, content, id, createdAt, updatedAt, version) VALUES (1279672790812864, 1279672790810912, 'subscriber', '/static/img/user.png', 'novum viderer novum vel cum suscipit omnesque honestatis tantas maluisset novum laoreet qui senserit solum omnesque ullamcorper fermentum simul appetere vim wisi euripidis prompta molestie urbanitas agam graeci finibus labores lectus nascetur orci has nullam latine fabulas graecis.', 1279672790820736, 1556775877556, 1556775877556, 0);
INSERT INTO replies (topicId, userId, userName, userImageUrl, content, id, createdAt, updatedAt, version) VALUES (1279672790812864, 1279672790810912, 'subscriber', '/static/img/user.png', 'facilisi omittantur persecuti sociosqu suavitate iisque tristique debet veri lacinia habitasse vim persecuti reprehendunt harum pro arcu saepe similique atomorum tantas ex eruditi quam deserunt adolescens ludus magna risus maiestatis.', 1279672790820768, 1556772277556, 1556772277556, 0);
INSERT INTO replies (topicId, userId, userName, userImageUrl, content, id, createdAt, updatedAt, version) VALUES (1279672790812864, 1279672790810912, 'subscriber', '/static/img/user.png', 'liber elit efficitur percipit proin possit urbanitas suscipit audire epicuri instructior elaboraret harum magnis deseruisse melius mediocritatem vituperata impetus wisi odio reque has graeco suavitate cras explicari.', 1279672790820800, 1556768677556, 1556768677556, 0);
INSERT INTO replies (topicId, userId, userName, userImageUrl, content, id, createdAt, updatedAt, version) VALUES (1279672790812864, 1279672790810912, 'subscriber', '/static/img/user.png', 'ceteros ponderum sagittis venenatis venenatis donec porttitor erat doming laudem aliquam.', 1279672790820832, 1556765077556, 1556765077556, 0);
INSERT INTO replies (topicId, userId, userName, userImageUrl, content, id, createdAt, updatedAt, version) VALUES (1279672790812864, 1279672790810912, 'subscriber', '/static/img/user.png', 'repudiandae senserit finibus ea magna lacinia tincidunt habeo adversarium noluisse pretium eripuit antiopam dolor voluptatum in efficiantur mandamus ex verterem possit porta mazim civibus assueverit nec maecenas id dictum senserit scripta vocibus facilisis interpretaris neque unum facilisis volutpat pulvinar iudicabit periculis.', 1279672790820864, 1556761477556, 1556761477556, 0);
INSERT INTO replies (topicId, userId, userName, userImageUrl, content, id, createdAt, updatedAt, version) VALUES (1279672790812864, 1279672790810912, 'subscriber', '/static/img/user.png', 'doctus recteque falli autem sententiae honestatis iusto nisi eripuit suscipiantur laoreet dolorem unum indoctum scripserit fusce vis sententiae.', 1279672790820896, 1556757877556, 1556757877556, 0);
INSERT INTO replies (topicId, userId, userName, userImageUrl, content, id, createdAt, updatedAt, version) VALUES (1279672790812864, 1279672790810912, 'subscriber', '/static/img/user.png', 'habeo nam mazim dicam idque posse perpetua altera facilisi lacus dapibus nonumy euripidis voluptaria risus nonumy semper semper et sale adipisci malorum invenire accusata tamquam evertitur orci propriae turpis torquent lobortis metus iisque tractatos elementum vulputate putent cum est quidam sodales vivamus duis.', 1279672790820928, 1556754277556, 1556754277556, 0);
INSERT INTO replies (topicId, userId, userName, userImageUrl, content, id, createdAt, updatedAt, version) VALUES (1279672790812864, 1279672790810912, 'subscriber', '/static/img/user.png', 'ancillae laoreet decore conceptam interpretaris idque cras eros adversarium aperiri etiam invidunt aperiri facilisi integer tota quod falli placerat nunc curae deserunt vituperata nonumes mus consetetur adolescens.', 1279672790820960, 1556750677556, 1556750677556, 0);
INSERT INTO replies (topicId, userId, userName, userImageUrl, content, id, createdAt, updatedAt, version) VALUES (1279672790812864, 1279672790810912, 'subscriber', '/static/img/user.png', 'torquent sadipscing lacinia praesent neque fabellas ornatus dis posse veritus epicuri omnesque ad senectus et indoctum quidam malorum decore contentiones postulant penatibus sonet sale consequat affert prodesset elitr.', 1279672790820992, 1556747077556, 1556747077556, 0);
INSERT INTO texts (hash, content, id, createdAt, updatedAt, version) VALUES ('8ff56aa22b6c1362d790cb979392ababc8c58601dbf28ebc6ef4a5dfd2692698', '# quis option scelerisque pericula ponderum nostrum graeci nascetur.\n\nreprehendunt quo nostrum ubique referrentur finibus reprimique risus omnesque per bibendum autem iaculis delicata viverra habemus.\n\nquem expetendis natoque dictum utamur maiorum vitae porttitor iaculis ocurreret propriae cursus.\n\nunum sapien sea sociosqu duis tractatos ignota iaculis maecenas ea justo lacus aperiri omittantur mollis scripta pertinacia.\n\nsit fabulas dictas indoctum facilisis mentitum qui molestiae viverra te velit mnesarchum bibendum cras.\n\nvitae errem est nullam reprehendunt ultricies sententiae varius vivamus scripserit justo lobortis adhuc.\n\nipsum dui per convenire animal maiorum.\n\neruditi fringilla sale mollis autem.\n\nsaepe discere moderatius.\n\nexpetendis vocent.\n\nsemper aliquam ad mei.\n\nlitora fabellas ipsum fuisset.\n\nat.\n\naenean fugit expetenda nobis mnesarchum.\n\nhas postulant class utinam vulputate fusce fringilla similique.\n\nnumquam fastidii eos sanctus vituperata aptent.\n\nnec offendit oporteat dicit solet dicta has ridiculus habemus mazim curabitur eloquentiam nam neque harum auctor hendrerit phasellus intellegebat.\n\ndetraxit novum causae consequat tellus perpetua eripuit blandit omnesque causae erroribus accumsan potenti latine ante facilisi voluptatum.\n\n', 1279672790812928, 1556880337628, 1556880337628, 0);
INSERT INTO wikis (imageId, textId, userId, tag, name, description, views, publishAt, id, createdAt, updatedAt, version) VALUES (1279672790811104, 1279672790812928, 1279672790810656, 'sample', 'Sample Tutorial', 'A Sample Wiki', 0, 0, 1279672790812896, 1556880337628, 1556880337628, 0);
INSERT INTO texts (hash, content, id, createdAt, updatedAt, version) VALUES ('48cb8896a03be911bd3b349e5bb5b6a651acc07528888e2f4e9d773f72c44a1d', '# nihil finibus mentitum luptatum nascetur fuisset ipsum gubergren.\n\npro molestiae aenean facilisis fuisset.\n\nreque evertitur fabellas cum mutat gravida curabitur tale laudem euripidis viris vivamus fabulas convenire semper ponderum invenire an suspendisse.\n\ncivibus varius imperdiet consectetur aliquid ad arcu tristique audire ceteros petentium.\n\niaculis civibus nostra petentium delenit populo adipiscing oporteat magna suas latine vivamus sociosqu tantas cu.\n\nnunc nonumes delenit eripuit porttitor imperdiet.\n\ncongue.\n\nveritus oratio sonet vel accumsan in ut.\n\ntempus nihil has offendit sententiae percipit ac quidam.\n\nius maecenas id class quidam egestas delicata sollicitudin.\n\ndolorem sonet menandri saepe egestas sonet persequeris torquent mel aliquip indoctum falli persequeris torquent putent arcu interpretaris.\n\n', 1279672790812992, 1556880337628, 1556880337628, 0);
INSERT INTO wiki_pages (parentId, textId, wikiId, name, views, publishAt, displayOrder, id, createdAt, updatedAt, version) VALUES (1279672790812896, 1279672790812992, 1279672790812896, 'page 1', 0, 1556880337557, 0, 1279672790812960, 1556880337628, 1556880337628, 0);
INSERT INTO texts (hash, content, id, createdAt, updatedAt, version) VALUES ('af831739347b6a35e9e22417e06329ea87293e5217135ac6c5025054c8606f99', '# dolor dolores minim sollicitudin dapibus appareat.\n\nconubia brute euripidis.\n\nsingulis dolor discere dicant at finibus pretium omnesque an interpretaris scripta atomorum sodales interpretaris vitae.\n\nmauris falli te dui odio sollicitudin.\n\nomittam maiorum hinc ius splendide tota vestibulum atomorum eget constituam discere magnis error.\n\nprimis alterum porttitor noluisse contentiones indoctum inani te te sea placerat fermentum.\n\nquam sollicitudin deserunt dicat instructior labores appetere posuere at phasellus vel pellentesque duis nunc explicari audire utroque.\n\nmediocritatem audire epicurei noluisse appetere mutat aperiri reprimique explicari diam laudem consetetur eos dictum ex mazim maluisset conceptam.\n\npostulant ornare at consequat posse pellentesque eius vidisse vim tractatos.\n\nhinc arcu non meliore justo accusata euismod pertinax alienum detraxit molestiae noster.\n\nnon eam iisque porta senserit epicuri quaeque animal nisl dicam agam est comprehensam sollicitudin deseruisse noluisse scripta etiam fastidii.\n\ncubilia fermentum erat gubergren option ignota perpetua vel appetere efficitur.\n\nsigniferumque noster discere eros posse novum signiferumque potenti dicat civibus wisi potenti civibus latine mei voluptatum moderatius reque convallis.\n\nhomero egestas ullamcorper voluptaria mediocrem finibus.\n\ndapibus.\n\n', 1279672790813056, 1556880337628, 1556880337628, 0);
INSERT INTO wiki_pages (parentId, textId, wikiId, name, views, publishAt, displayOrder, id, createdAt, updatedAt, version) VALUES (1279672790812960, 1279672790813056, 1279672790812896, 'sub 1', 0, 1556880337557, 0, 1279672790813024, 1556880337628, 1556880337628, 0);
INSERT INTO texts (hash, content, id, createdAt, updatedAt, version) VALUES ('835dd3023f5a271aa68f228ae961c70545ebfee98bfe98939d2521698fb19254', '# qui dolorem evertitur inciderint salutatus odio dolores suscipiantur.\n\noption persius evertitur eruditi brute.\n\neos suscipiantur mediocrem ius falli signiferumque qualisque ferri necessitatibus elit integer graecis movet commune netus semper constituto nostrum maximus.\n\nvocent class cu repudiandae cras fermentum tempor lacus torquent splendide maiestatis minim quam mi commodo nibh suspendisse.\n\nfacilisi qualisque quaestio idque ex quaeque torquent ne tibique.\n\nmaluisset electram graeci partiendo epicuri explicari posuere persius quaerendum latine nec eget ubique conubia ius mutat tincidunt dolorem delicata.\n\ncongue molestie fringilla assueverit graecis accusata laudem persequeris atomorum odio impetus harum.\n\nfinibus gubergren quaerendum no ea sea docendi quidam tristique scripta feugiat quisque habitant novum lobortis regione finibus blandit.\n\nnovum similique lacinia primis ullamcorper esse.\n\nerat agam wisi vulputate.\n\neros fastidii quaeque donec gloriatur mea eum noster tantas adipisci ea.\n\nmaximus dis delenit prompta at delenit dicant solum odio impetus indoctum enim tacimates aliquam sem alterum.\n\nocurreret magnis sem maecenas atomorum mei sagittis.\n\ndignissim tortor torquent porta graecis porro natum idque fastidii.\n\nbibendum tation wisi causae indoctum delectus.\n\nei taciti amet vidisse reformidans errem salutatus ligula fugit elaboraret verear dui arcu enim.\n\noporteat ligula molestiae cum docendi explicari.\n\nnatoque mnesarchum taciti error reprehendunt quo error legere fringilla maluisset minim.\n\ndiscere.\n\n', 1279672790813120, 1556880337628, 1556880337628, 0);
INSERT INTO wiki_pages (parentId, textId, wikiId, name, views, publishAt, displayOrder, id, createdAt, updatedAt, version) VALUES (1279672790812960, 1279672790813120, 1279672790812896, 'sub 2', 0, 1556880337557, 1, 1279672790813088, 1556880337628, 1556880337628, 0);
INSERT INTO texts (hash, content, id, createdAt, updatedAt, version) VALUES ('4be06b78e7dab12b4d9d64e51bd2314f7fd898a11048fcd14eeedd09e2e3856e', '# legere sonet iriure principes.\n\nultrices urbanitas placerat feugait natum per.\n\neius eripuit egestas pro saepe consul veritus qualisque vel audire qualisque.\n\nturpis vim facilisi atomorum graeci urna platonem senserit delenit mediocrem ancillae partiendo oratio unum numquam nullam persius praesent affert.\n\nadolescens duo magnis mollis facilisi hinc maecenas quisque option interdum ornare sonet dolor explicari sonet oratio.\n\npossit constituto.\n\nhabeo adversarium explicari legimus tantas inani et doctus cum tincidunt congue has lobortis lectus no dicat tristique homero.\n\nindoctum finibus natoque sapien aliquid sea eripuit solum dapibus dicat faucibus iudicabit ornare suspendisse.\n\nidque labores noluisse ponderum sententiae.\n\ninimicus epicurei saperet tation lobortis efficiantur dictumst quod.\n\npetentium ludus omittantur aliquid imperdiet saperet voluptatum sagittis penatibus definiebas voluptaria eruditi luptatum senserit dicit alienum potenti fames primis.\n\naugue per discere posuere intellegat pro solum.\n\nhabemus prompta iudicabit epicuri eu singulis referrentur nibh error delectus pertinax reprimique prompta accumsan netus mea noster petentium.\n\ndelenit facilisi ornare.\n\nneglegentur graece pellentesque aeque.\n\naperiri nullam mucius nullam dicat facilisi taciti duo autem solet ut tale natum ignota mei civibus consectetur.\n\n', 1279672790813184, 1556880337628, 1556880337628, 0);
INSERT INTO wiki_pages (parentId, textId, wikiId, name, views, publishAt, displayOrder, id, createdAt, updatedAt, version) VALUES (1279672790812960, 1279672790813184, 1279672790812896, 'sub 3', 0, 1556880337557, 2, 1279672790813152, 1556880337628, 1556880337628, 0);
INSERT INTO texts (hash, content, id, createdAt, updatedAt, version) VALUES ('c1ed3097ab87b88a12464e8a163f805867b238719b37c97c8e18579a57ad30b5', '# eos prompta volumus perpetua aptent quem.\n\naliquam.\n\ninani euripidis luctus melius vestibulum aptent ut atqui saepe aliquet vix aperiri debet platea latine dissentiunt inimicus expetenda repudiare dolorum.\n\nsplendide hac veniam decore commodo propriae urbanitas veri condimentum efficiantur suscipit deseruisse ceteros ancillae unum dictas iisque.\n\nnominavi mollis facilisis velit laudem posidonium molestiae recteque utroque semper luctus amet interpretaris nisi nec necessitatibus.\n\nleo malorum.\n\ndetraxit feugiat primis noster audire rhoncus definitionem periculis hac ne tractatos eripuit graeci reque quaeque iusto luptatum vocent.\n\nfalli fabulas veniam auctor class posidonium liber omnesque litora quod voluptatibus labores pri hinc periculis constituam suspendisse tacimates altera.\n\nposidonium menandri fugit discere.\n\nhis sagittis tincidunt dictumst ocurreret nullam voluptatum vitae porttitor novum similique vero tantas percipit.\n\nleo reprehendunt necessitatibus per omittam vocibus maiestatis populo ceteros eam aliquam mnesarchum.\n\nnec delenit volutpat.\n\nutinam consectetuer platea periculis convallis atomorum molestie.\n\nsociis delenit has dicam consetetur morbi luctus scelerisque elit.\n\neum vehicula ligula tincidunt reprimique graeci.\n\nceteros prodesset an reprimique equidem vel porta vulputate.\n\npurus atqui phasellus iuvaret scripta bibendum nulla leo pretium legimus mei consectetuer tritani volutpat meliore solum oratio autem dapibus.\n\nsem ornare mucius vero viderer dicit.\n\n', 1279672790813248, 1556880337628, 1556880337628, 0);
INSERT INTO wiki_pages (parentId, textId, wikiId, name, views, publishAt, displayOrder, id, createdAt, updatedAt, version) VALUES (1279672790813152, 1279672790813248, 1279672790812896, 'leaf 1', 0, 1556880337558, 0, 1279672790813216, 1556880337628, 1556880337628, 0);
INSERT INTO texts (hash, content, id, createdAt, updatedAt, version) VALUES ('8365493022b87e613eb772163a6fbe023a44b56cdd3e558ba18ba26e859db0b3', '# viverra splendide cursus.\n\ncontentiones petentium detracto maecenas reprimique antiopam semper ea adipiscing interesset assueverit indoctum erat evertitur vulputate rutrum scelerisque voluptatum.\n\nmaiestatis proin.\n\nutinam diam consetetur affert dolorem ferri delicata interpretaris ridens verterem fringilla duo tacimates suas pellentesque interesset his molestie patrioque petentium.\n\nmagna inimicus posuere gubergren erat viderer possit efficitur iaculis legimus urbanitas vivendo simul tantas tortor similique.\n\nmollis pro alienum.\n\nmandamus reprehendunt principes omnesque orci scripserit porttitor platonem iusto constituto appetere inciderint graece ultricies bibendum nonumes melius efficitur dolor.\n\nvim augue usu inimicus conceptam iuvaret.\n\nalterum tibique sollicitudin quaeque.\n\nsanctus non viverra civibus ultrices constituam electram dapibus dolores movet morbi.\n\nhas purus alia ridiculus tortor quaerendum platonem tale dictumst debet meliore adipisci mauris.\n\ntamquam curabitur latine quidam class luptatum ea.\n\n', 1279672790813312, 1556880337628, 1556880337628, 0);
INSERT INTO wiki_pages (parentId, textId, wikiId, name, views, publishAt, displayOrder, id, createdAt, updatedAt, version) VALUES (1279672790813152, 1279672790813312, 1279672790812896, 'leaf 2', 0, 1556880337558, 1, 1279672790813280, 1556880337628, 1556880337628, 0);
INSERT INTO texts (hash, content, id, createdAt, updatedAt, version) VALUES ('73714103225ec00ad770266f7a22f64089e698dbfae7d78f1acc9c77d37880ef', '# ante putent sumo noluisse nam vituperatoribus.\n\nsolet iuvaret feugiat persius legimus ipsum deseruisse senserit mnesarchum.\n\nnisi adipiscing atqui propriae mus altera arcu ne fastidii dolor quaerendum.\n\nmolestiae iisque novum mei neque commodo eloquentiam eleifend.\n\naccusata quam audire dolorem quod efficiantur signiferumque esse egestas assueverit interpretaris nominavi cursus orci hac nonumes fuisset.\n\nmagna audire sapien augue propriae legimus sem utinam intellegebat numquam ornare maiestatis volumus lorem mediocritatem pertinacia magna.\n\nporro docendi explicari harum pretium intellegebat malorum novum esse non gravida error lorem minim expetenda porta cum sumo senserit.\n\ndetraxit magna definitiones.\n\ndelectus mutat appetere mediocritatem tempus fabellas suscipiantur euismod conceptam vituperata tamquam evertitur ceteros honestatis at an ferri idque tritani dictumst.\n\nveri consectetuer reque facilis ac decore theophrastus tacimates sonet duo facilisis natoque ridiculus nonumy felis iusto nascetur consul mutat.\n\nreformidans aliquid minim pretium facilisi.\n\npro mea menandri.\n\nreformidans interesset usu himenaeos vivendo parturient ornatus mattis comprehensam.\n\npropriae dicta mi accumsan pertinacia malesuada porro aliquet persecuti sadipscing praesent posuere pulvinar verear duis aliquip himenaeos.\n\nludus ridiculus singulis dolores interesset wisi tritani verear offendit odio maecenas duis mandamus.\n\ngraeco cubilia in iisque elementum disputationi.\n\n', 1279672790813376, 1556880337628, 1556880337628, 0);
INSERT INTO wiki_pages (parentId, textId, wikiId, name, views, publishAt, displayOrder, id, createdAt, updatedAt, version) VALUES (1279672790813152, 1279672790813376, 1279672790812896, 'leaf 3', 0, 1556880337558, 2, 1279672790813344, 1556880337628, 1556880337628, 0);
INSERT INTO texts (hash, content, id, createdAt, updatedAt, version) VALUES ('40a3016649253b991bbb3e1432738febca696092379af70d10a0740c5629fc8d', '# expetendis.\n\ninstructior posidonium.\n\nquaeque moderatius mea aliquet efficiantur atomorum.\n\nvocent inani voluptatum minim imperdiet dicam proin cursus habitant pericula.\n\nperpetua conclusionemque mazim option efficiantur reprimique rhoncus vehicula ex ubique class ante disputationi.\n\ndefinitionem eirmod proin qui dissentiunt dolorem elitr donec bibendum expetenda ipsum risus legere conceptam volutpat aptent tortor in.\n\neum.\n\nclass noluisse mediocritatem.\n\nad eius expetenda persequeris wisi.\n\nsociosqu impetus mus propriae accumsan interpretaris an dicit ipsum quaeque dicant mediocritatem feugait tibique.\n\nmei gravida repudiandae fusce has graecis eros expetenda intellegebat vulputate utinam salutatus nulla dapibus varius dis utroque.\n\nelectram dolorum pro luptatum tristique pertinax dolor feugait veritus magnis eius mediocritatem doctus vero perpetua impetus.\n\nmucius morbi consetetur.\n\ndicunt bibendum eripuit ocurreret consul labores placerat mentitum voluptaria antiopam risus inceptos.\n\ntorquent nisl gloriatur atomorum sapientem alienum eruditi ocurreret dapibus minim alterum fastidii consul egestas cubilia equidem cubilia.\n\nhonestatis atqui consectetur persius erroribus necessitatibus velit quis utamur conclusionemque.\n\neuripidis consul liber mutat convallis convenire dicunt suas quaeque maiestatis audire massa consequat facilisis ubique suscipiantur per fermentum netus recteque.\n\n', 1279672790813440, 1556880337628, 1556880337628, 0);
INSERT INTO wiki_pages (parentId, textId, wikiId, name, views, publishAt, displayOrder, id, createdAt, updatedAt, version) VALUES (1279672790812960, 1279672790813440, 1279672790812896, 'sub 4', 0, 1556880337559, 3, 1279672790813408, 1556880337628, 1556880337628, 0);
INSERT INTO texts (hash, content, id, createdAt, updatedAt, version) VALUES ('a1de6d997d248a14b0b56a4d2fceebfc831862c45ab88a3e980d6dd68ba85ad9', '# antiopam te.\n\nmediocrem expetenda disputationi pulvinar vim aliquip solet vivendo an liber metus felis.\n\ngravida senectus sententiae ultricies inani euripidis mnesarchum adolescens.\n\nscripta duis facilis.\n\nno tation assueverit porta taciti partiendo atomorum appetere.\n\npatrioque possim nam constituto tristique fringilla mus quo.\n\nepicurei sit.\n\nassueverit dapibus graecis impetus.\n\naptent mazim sonet placerat cras metus appareat salutatus numquam lacinia deterruisset conubia oratio instructior utamur oratio mazim moderatius ipsum appetere.\n\ndicat diam.\n\nvestibulum putent volumus consetetur wisi eirmod.\n\ntortor nisi rutrum ad instructior pro latine tibique urbanitas graecis vis expetenda molestiae turpis graeci dicant nibh ignota ac atomorum.\n\npotenti.\n\n', 1279672790813504, 1556880337628, 1556880337628, 0);
INSERT INTO wiki_pages (parentId, textId, wikiId, name, views, publishAt, displayOrder, id, createdAt, updatedAt, version) VALUES (1279672790812896, 1279672790813504, 1279672790812896, 'page 2', 0, 1556883937561, 1, 1279672790813472, 1556880337628, 1556880337628, 0);
INSERT INTO texts (hash, content, id, createdAt, updatedAt, version) VALUES ('6db891f7fd8f34f6986370c5a3488482484c636c2580aa24947ef31abab4d42b', '# suavitate.\n\nconsequat utinam fabellas nullam.\n\nerrem bibendum fusce tellus verear habeo per posse gloriatur aperiri intellegebat curabitur electram.\n\nsuspendisse ac dico ancillae morbi inani maluisset risus deseruisse constituam himenaeos delicata.\n\nhabemus gravida persecuti verterem duo in lacinia latine ipsum phasellus.\n\nconstituam vituperata.\n\nvarius platonem malorum congue assueverit finibus penatibus quas interesset dolorum eleifend erat duis quis inceptos.\n\ncubilia oratio scelerisque quo conclusionemque inimicus ac perpetua laudem euripidis.\n\nmolestiae torquent deseruisse finibus cubilia mediocritatem erat tincidunt parturient petentium.\n\natomorum quas habitant quisque solet atqui equidem novum nulla rhoncus sumo hac nihil has aenean risus nullam.\n\nnunc reque gravida instructior scripserit diam primis instructior ornatus graeci mattis audire eget his voluptatum possit iudicabit viris graeco.\n\nquaerendum euismod.\n\ndolorem quod autem qualisque cursus volumus indoctum atqui erroribus eros quas.\n\ndicam adversarium nulla mel magna senectus convenire constituam cetero scripserit ei tractatos nisl altera periculis decore molestie eloquentiam persius.\n\ncondimentum magnis aptent parturient sit rutrum nulla noster consequat petentium posuere ullamcorper iuvaret comprehensam voluptatibus posidonium sapien in consectetur natum.\n\nquaeque alterum arcu.\n\nmutat menandri facilis porttitor liber vitae rutrum veniam delenit unum mucius libero porta gloriatur senserit conubia dolorem repudiandae.\n\nmeliore fuisset constituam suscipit consectetuer tation parturient maximus vix antiopam repudiare sadipscing verear scripserit dicit.\n\n', 1279672790813568, 1556880337628, 1556880337628, 0);
INSERT INTO wiki_pages (parentId, textId, wikiId, name, views, publishAt, displayOrder, id, createdAt, updatedAt, version) VALUES (1279672790813472, 1279672790813568, 1279672790812896, 'sub 1', 0, 1556883937561, 0, 1279672790813536, 1556880337628, 1556880337628, 0);
INSERT INTO texts (hash, content, id, createdAt, updatedAt, version) VALUES ('fe08007465338e3951bcccfabe147f6cd087400d883f6801c3a49d275a2266e8', '# qualisque iusto dictum eos dolores.\n\nmei vis usu diam.\n\ntation alia torquent.\n\nper explicari nonumes sociis invidunt.\n\nperpetua integer instructior contentiones simul volumus labores platea magna theophrastus eu.\n\nprincipes persius natoque consetetur detracto magna ancillae iuvaret has.\n\niusto purus elitr conclusionemque iuvaret oratio mnesarchum facilis.\n\ndelectus postea sapien honestatis meliore eos tale felis.\n\ndelenit.\n\nunum potenti curae comprehensam cras interesset dui phasellus integer viverra inceptos pericula graecis massa.\n\ncetero omnesque.\n\nmorbi signiferumque ludus.\n\ndictas quaestio dolor deserunt fusce audire rhoncus venenatis nihil.\n\nvoluptatibus vel imperdiet nihil disputationi utinam wisi dicant.\n\ndonec nec persequeris sagittis.\n\nhas sadipscing adipiscing aperiri volumus vivamus electram voluptaria.\n\nne conubia porttitor honestatis splendide neque vituperatoribus tellus te sadipscing iusto consul iisque audire debet cras solum finibus instructior.\n\nturpis alia ornare ligula neque posidonium reformidans impetus sonet suavitate decore unum utroque audire commune quis parturient partiendo volumus.\n\nhabemus tale adhuc eius persequeris dicant.\n\n', 1279672790813632, 1556880337628, 1556880337628, 0);
INSERT INTO wiki_pages (parentId, textId, wikiId, name, views, publishAt, displayOrder, id, createdAt, updatedAt, version) VALUES (1279672790813472, 1279672790813632, 1279672790812896, 'sub 2', 0, 1556883937562, 1, 1279672790813600, 1556880337628, 1556880337628, 0);
INSERT INTO texts (hash, content, id, createdAt, updatedAt, version) VALUES ('094e6c8175a02d3c0a437dab843211b6335371202f93086f097f4a6dea8b9dae', '# dico inimicus altera ancillae maiestatis intellegat blandit.\n\nquas montes litora feugiat.\n\nnatoque sagittis erat viverra quaerendum omittantur dicit similique sumo vix nostra nulla nostra saepe tibique dicta ligula.\n\nprodesset simul himenaeos tibique nunc.\n\npri vehicula nascetur viverra utroque faucibus enim iaculis dicam in nonumy tempor scripta tractatos.\n\nregione cum epicurei eius nominavi at metus.\n\nmentitum aperiri nullam quaeque vehicula ad elementum possim reformidans.\n\nusu alienum voluptaria penatibus quis sem mei sale justo lacus nobis movet.\n\nnec aptent pulvinar tristique condimentum eripuit constituam.\n\nunum hac aliquet necessitatibus eros eloquentiam prodesset mandamus ceteros platonem orci definitiones habitant ludus dissentiunt ad falli adipisci similique vivamus.\n\nridiculus minim nobis.\n\naugue.\n\nfastidii a penatibus quam nominavi nostra audire persequeris efficitur fusce docendi idque sagittis equidem civibus utinam.\n\nest fugit duis adhuc luctus egestas ea liber nec definitionem pri sociis tempus quaeque cursus.\n\ndis atqui perpetua melius torquent melius prompta.\n\nappareat hendrerit consul consectetuer eripuit.\n\nintellegat omnesque condimentum alienum.\n\ninani id convenire accumsan vis.\n\nte placerat massa veri meliore lobortis aptent evertitur rhoncus definiebas quot iaculis efficitur curae reprimique volumus doctus oporteat.\n\ngravida sapientem elaboraret venenatis possit eripuit mediocritatem tritani recteque graeco viderer.\n\n', 1279672790813696, 1556880337629, 1556880337629, 0);
INSERT INTO wiki_pages (parentId, textId, wikiId, name, views, publishAt, displayOrder, id, createdAt, updatedAt, version) VALUES (1279672790813472, 1279672790813696, 1279672790812896, 'sub 3', 0, 1556883937562, 2, 1279672790813664, 1556880337629, 1556880337629, 0);
INSERT INTO texts (hash, content, id, createdAt, updatedAt, version) VALUES ('742595480ebd73efecdcc770cf10e510cd6d0a78b3a6d187907e794e51738190', '# noster habeo dissentiunt splendide.\n\nmassa putent erat quem deserunt noster eruditi persecuti suavitate hendrerit sociosqu singulis venenatis nisl vehicula turpis.\n\nlorem potenti agam.\n\nsem integer scripserit possim comprehensam natum eleifend aliquet necessitatibus urna dicit.\n\nadipisci risus populo periculis gloriatur vidisse salutatus vis graeco habitant docendi elitr graecis.\n\ncorrumpit comprehensam molestie vulputate nostrum cursus utinam adipiscing ex tritani ubique velit pellentesque tibique pertinacia.\n\nnominavi platea ante sed id dictas elit sociosqu affert audire ultricies latine legere delenit consul diam reprehendunt graece.\n\nferri deserunt mucius massa aliquam mi risus a ius omittam rhoncus nominavi adversarium adversarium audire pellentesque labores error regione primis.\n\ndelenit vim feugiat morbi minim vivendo sea dis te mentitum feugait.\n\nfuisset conubia phasellus aenean expetendis tellus habitant tristique viderer.\n\noratio comprehensam tristique altera perpetua vis discere vero pro cum sonet.\n\nmalesuada eum animal iusto ludus adipisci platea consetetur platea.\n\ndolore pertinax vivamus at voluptatibus aeque ipsum accumsan consequat metus minim bibendum persequeris dolorum penatibus diam magna deterruisset minim.\n\nconsectetur graeco movet interdum id partiendo ante fringilla dui contentiones consetetur dicam justo ubique curabitur molestie disputationi nonumes sonet.\n\nmel sententiae imperdiet fugit legimus ludus senectus.\n\n', 1279672790813760, 1556880337629, 1556880337629, 0);
INSERT INTO wiki_pages (parentId, textId, wikiId, name, views, publishAt, displayOrder, id, createdAt, updatedAt, version) VALUES (1279672790813664, 1279672790813760, 1279672790812896, 'leaf 1', 0, 1556880337562, 0, 1279672790813728, 1556880337629, 1556880337629, 0);
INSERT INTO texts (hash, content, id, createdAt, updatedAt, version) VALUES ('0d9eba74e18cc183b29ad94cf963fd48dec5006a05f0d268666a127cd8a17a9e', '# equidem.\n\nconsequat dicta et veri te convenire convenire facilisi tacimates eruditi altera vidisse porta quo.\n\nelaboraret commodo similique auctor.\n\nmandamus aliquid fugit saperet enim doming voluptatibus dicant euismod affert quas cetero at omittantur.\n\nnumquam ei nominavi gloriatur egestas suscipiantur mandamus adipiscing wisi deseruisse no inceptos viverra suscipiantur dicta postea movet.\n\nplatea laudem dictumst ac tota luctus varius utinam hac alia nec nisi option nullam maecenas fuisset referrentur eum inimicus convenire.\n\netiam aliquet pretium affert graece dictum vituperata malorum natum nulla laoreet persequeris quo mea mollis aenean.\n\ndeterruisset conclusionemque definitiones oporteat mei mucius ornare libero dictum dicam his interdum suavitate dicta viverra urna phasellus est.\n\naltera ridiculus epicurei ocurreret sanctus altera dolorem novum cetero conclusionemque alterum justo commodo rhoncus vim purus gravida sodales sadipscing cursus.\n\nancillae adversarium facilisis rhoncus a persius pretium periculis himenaeos inceptos omittam malesuada purus falli vivendo.\n\nexplicari diam alterum.\n\nsanctus est inceptos amet nostrum hendrerit mei doming definitiones definitiones sed tristique eruditi signiferumque dicunt latine veritus.\n\nodio.\n\npulvinar commune class quaeque.\n\n', 1279672790813824, 1556880337629, 1556880337629, 0);
INSERT INTO wiki_pages (parentId, textId, wikiId, name, views, publishAt, displayOrder, id, createdAt, updatedAt, version) VALUES (1279672790813664, 1279672790813824, 1279672790812896, 'leaf 2', 0, 1556880337562, 1, 1279672790813792, 1556880337629, 1556880337629, 0);
INSERT INTO texts (hash, content, id, createdAt, updatedAt, version) VALUES ('4ccbca999a9da06c878e50a89a58bf34696acc5739ccafffb1bcdd7ef711f673', '# orci rutrum mattis metus maiorum.\n\ngubergren nibh recteque adolescens suspendisse augue semper mediocritatem elaboraret.\n\nscripserit mauris melius ullamcorper eius dignissim accusata graeco ponderum mollis volutpat class harum vero dico curabitur movet falli alienum.\n\nprodesset delenit atqui quaerendum mnesarchum dolores sapientem.\n\ntacimates dolor quisque habemus habemus elaboraret mediocrem reformidans iuvaret fusce indoctum reque ultrices scripserit tempus expetenda mazim a doctus.\n\npri laoreet discere sea mattis donec omnesque iisque posidonium nisl parturient mucius convallis magna convallis patrioque option fuisset ceteros.\n\nsuscipit voluptatum habitant ornare dolorum alterum.\n\nmaximus amet constituto mea eos pericula suspendisse omnesque inceptos no venenatis eu neque dapibus.\n\npostea corrumpit tacimates option sapien ullamcorper repudiare dictas inani arcu eum fringilla erroribus eu non lectus euripidis facilis.\n\nullamcorper fames recteque tritani finibus intellegebat faucibus dicant fuisset enim lectus antiopam sodales sociosqu.\n\nverear comprehensam platonem patrioque ex doctus invenire cum cum iusto.\n\naenean maiorum ullamcorper dissentiunt graeco dapibus.\n\n', 1279672790813888, 1556880337629, 1556880337629, 0);
INSERT INTO wiki_pages (parentId, textId, wikiId, name, views, publishAt, displayOrder, id, createdAt, updatedAt, version) VALUES (1279672790813664, 1279672790813888, 1279672790812896, 'leaf 3', 0, 1556880337562, 2, 1279672790813856, 1556880337629, 1556880337629, 0);
INSERT INTO texts (hash, content, id, createdAt, updatedAt, version) VALUES ('70e76cf516140957e6d1673f1e8b1191507157aa721da99ae859d37a89ec56c2', '# offendit vehicula nisi luctus signiferumque graeci.\n\neu lacus falli autem constituam ipsum tantas tation sagittis ex partiendo volutpat penatibus scelerisque ligula aliquip adipisci deterruisset luptatum mei.\n\nquis nisi dicam volumus te cursus vim bibendum sollicitudin nisi reprimique nulla libero inani molestie postulant faucibus curabitur.\n\nepicurei debet.\n\npersequeris atomorum sapien litora quaeque moderatius numquam curae perpetua tantas sea qualisque senectus omnesque ex explicari adolescens maiorum accumsan parturient.\n\naenean malesuada expetenda ridens antiopam urbanitas pulvinar pulvinar massa hac inciderint meliore indoctum.\n\naccumsan ipsum quaestio in doming consul ignota vulputate reque delectus referrentur purus eu dolorem.\n\nhimenaeos vehicula partiendo et hinc sumo dignissim ex inceptos vim accommodare percipit latine cras ultrices omittam instructior.\n\nvidisse principes porttitor affert mucius mattis causae dicant signiferumque dapibus.\n\nenim.\n\nullamcorper periculis dicta atomorum sea tantas eloquentiam nulla vitae saperet.\n\nin erroribus reprimique dicant facilisis nobis iisque affert vituperata nonumy ubique.\n\ndeseruisse class.\n\nurna tractatos tota ac ancillae dicat instructior perpetua viverra errem leo verear similique ceteros.\n\nlorem reque liber ferri libero dico sapien condimentum libero regione cras moderatius dicat ac patrioque tacimates usu.\n\nnatum neque orci comprehensam veri appetere numquam dictas bibendum quaeque evertitur antiopam accommodare antiopam ad gubergren natoque fames molestiae.\n\nnetus consectetur habeo montes melius viverra aeque possit habeo penatibus.\n\n', 1279672790813952, 1556880337629, 1556880337629, 0);
INSERT INTO wiki_pages (parentId, textId, wikiId, name, views, publishAt, displayOrder, id, createdAt, updatedAt, version) VALUES (1279672790813472, 1279672790813952, 1279672790812896, 'sub 4', 0, 1556883937562, 3, 1279672790813920, 1556880337629, 1556880337629, 0);
INSERT INTO texts (hash, content, id, createdAt, updatedAt, version) VALUES ('b9d8b789507a813de5449aa4385cee71fd082968da6ee549b04c9c9e7b22d919', '# persius debet mea conclusionemque.\n\ntheophrastus phasellus sadipscing.\n\nconvenire donec simul fastidii quot.\n\nurbanitas accumsan ridiculus efficiantur iriure.\n\ndiam gloriatur pri errem corrumpit donec putent scelerisque ut definiebas electram eruditi hac feugiat maiorum solum ultricies porro scripserit.\n\nsadipscing nibh alterum duis menandri.\n\ndissentiunt hac viris ocurreret ancillae doctus doctus conclusionemque equidem maiorum sadipscing appetere vis.\n\nnovum pulvinar justo indoctum vis recteque.\n\nlacus.\n\ndissentiunt neque equidem iaculis curabitur enim suavitate hac tale honestatis cum quis liber regione lobortis lacinia suspendisse electram inani eu.\n\nlegimus reprimique constituam dui dicat magnis felis eruditi ut quis pretium qui dolorum quaerendum.\n\nconvallis sollicitudin interesset ultricies no no.\n\nutinam habitant novum suscipiantur posidonium sententiae facilisi reque salutatus similique petentium.\n\noratio nihil duis vituperatoribus at maximus.\n\nvenenatis dictumst fringilla indoctum magnis quam accumsan deserunt maximus ridiculus nam possit lacus molestiae augue latine nam reformidans reprimique.\n\nnec saepe praesent repudiare decore perpetua proin congue wisi tantas eirmod interpretaris mauris egestas.\n\ngubergren ridiculus ultricies mediocrem debet odio.\n\nvocent ipsum deterruisset persecuti convallis pertinax viderer.\n\n', 1279672790814016, 1556880337629, 1556880337629, 0);
INSERT INTO wiki_pages (parentId, textId, wikiId, name, views, publishAt, displayOrder, id, createdAt, updatedAt, version) VALUES (1279672790812896, 1279672790814016, 1279672790812896, 'page 3', 0, 1556880337562, 2, 1279672790813984, 1556880337629, 1556880337629, 0);
INSERT INTO texts (hash, content, id, createdAt, updatedAt, version) VALUES ('2caec8962a034d3955a2e51abf9489088fcdb99c3d8995b61012259bdd072ef9', '# vivendo antiopam sociis.\n\nhomero quem salutatus accumsan.\n\ntristique inciderint doming ea mutat instructior aliquid.\n\nequidem gubergren.\n\nan.\n\nharum.\n\noption.\n\nest postulant utamur vivendo litora facilis explicari tota ornare ea imperdiet libero.\n\nullamcorper percipit urna felis civibus integer elitr condimentum reprehendunt quidam eripuit id a laoreet recteque persecuti referrentur.\n\ndictum nec purus esse primis pro pro sit pro dicat molestiae dictas tibique sumo aliquet auctor cum.\n\npercipit nulla nunc taciti novum principes feugiat has suscipit nostra ante adipisci condimentum.\n\nei.\n\nelit movet fuisset pretium qui.\n\nnovum habemus mazim vivendo disputationi contentiones electram iuvaret quem doctus fusce.\n\nligula aliquip mediocrem eget vulputate impetus agam tantas quisque.\n\negestas reprimique voluptatibus.\n\namet solet discere graece mentitum simul causae.\n\nhonestatis lobortis ut melius dicunt sententiae lorem porro vocibus dolores quisque nascetur expetenda sollicitudin sale.\n\ndeserunt natum elementum graeci.\n\n', 1279672790814080, 1556880337629, 1556880337629, 0);
INSERT INTO wiki_pages (parentId, textId, wikiId, name, views, publishAt, displayOrder, id, createdAt, updatedAt, version) VALUES (1279672790813984, 1279672790814080, 1279672790812896, 'sub 1', 0, 1556880337562, 0, 1279672790814048, 1556880337629, 1556880337629, 0);
INSERT INTO texts (hash, content, id, createdAt, updatedAt, version) VALUES ('15b7830cfcc565b4b9818fe6858b10127091d95e6c997ce348376ebaade59da0', '# maximus facilisis.\n\nius deterruisset ponderum tantas egestas at fabellas platonem sit.\n\nsalutatus vero tantas gloriatur magna primis verterem vocent cum tincidunt scripta nunc alienum sapientem utroque maecenas cu.\n\namet nunc congue litora splendide faucibus conubia platonem regione elaboraret eirmod sumo.\n\naperiri regione adhuc mei ocurreret dapibus fabellas mediocrem wisi mi scelerisque tritani definitionem mutat causae.\n\nerat corrumpit repudiare imperdiet signiferumque altera elitr dictum sapientem.\n\nnec ultricies risus urbanitas eleifend scelerisque qualisque tractatos lobortis ullamcorper adipiscing tortor nonumy corrumpit wisi disputationi vulputate graeco quam adolescens.\n\neuripidis taciti agam eros te senectus vidisse molestiae principes usu accusata ridiculus propriae dicunt ullamcorper eget expetendis.\n\nautem mentitum natoque dictas liber ea audire quisque cu repudiare dapibus.\n\net sapientem equidem ridiculus instructior cras graece volumus.\n\nnulla posuere mnesarchum possit falli dolore maiestatis vivendo persecuti viverra.\n\n', 1279672790814144, 1556880337629, 1556880337629, 0);
INSERT INTO wiki_pages (parentId, textId, wikiId, name, views, publishAt, displayOrder, id, createdAt, updatedAt, version) VALUES (1279672790813984, 1279672790814144, 1279672790812896, 'sub 2', 0, 1556880337562, 1, 1279672790814112, 1556880337629, 1556880337629, 0);
INSERT INTO texts (hash, content, id, createdAt, updatedAt, version) VALUES ('8e0e69dac7dfcbbe25fb7676e9da6200929d7e3d347e5ced635c3146a9724d76', '# periculis congue sodales liber dico pellentesque.\n\nvis detracto laoreet utamur.\n\ngraece oporteat.\n\nvoluptatibus torquent semper ante voluptatibus hendrerit mediocritatem pro duis felis ut omnesque eros mandamus dissentiunt nibh quidam te.\n\nrisus equidem faucibus fastidii tortor expetendis has intellegat senserit conclusionemque ceteros magnis menandri.\n\npatrioque doming dolores vel quo vero nibh amet quis sociis contentiones utroque saperet lacus porta recteque ius conclusionemque vel.\n\nequidem habeo moderatius iaculis molestie cursus possim alterum adversarium.\n\nligula mel gravida lobortis lorem posidonium eos.\n\ninvenire nisl dolore maecenas volutpat propriae sociosqu suscipit option dico reprehendunt eos ad orci propriae habeo quaeque.\n\nscelerisque ut legimus constituam sagittis ornare fuisset duo lacus scripta donec inimicus tempor putent corrumpit eros delenit euripidis.\n\ndeterruisset movet dictas vidisse oporteat venenatis adversarium cubilia epicuri dictas euripidis prompta vivendo mi quaeque novum iaculis evertitur.\n\nte platea omittam evertitur atqui.\n\ndetracto fusce quam pri enim eius.\n\nprimis discere varius delectus cras antiopam aenean legimus hac odio.\n\ncomprehensam sapientem sollicitudin ac pro commune intellegat deseruisse dicunt diam veri phasellus viverra reque omittam.\n\nhonestatis dicant amet porro eius est evertitur quaeque consul ponderum legere.\n\nfugit eleifend verterem donec rutrum ac ignota movet elitr eu class natoque.\n\n', 1279672790814208, 1556880337629, 1556880337629, 0);
INSERT INTO wiki_pages (parentId, textId, wikiId, name, views, publishAt, displayOrder, id, createdAt, updatedAt, version) VALUES (1279672790813984, 1279672790814208, 1279672790812896, 'sub 3', 0, 1556880337562, 2, 1279672790814176, 1556880337629, 1556880337629, 0);
INSERT INTO texts (hash, content, id, createdAt, updatedAt, version) VALUES ('ac080ee61026323ee4929a2a82135ec0b0decedad7ce03f318a9ae9ac046c36a', '# feugiat deseruisse himenaeos ne.\n\nvitae has graeci repudiandae massa delenit.\n\nsanctus.\n\nsanctus adversarium.\n\nte singulis evertitur sale curae.\n\nmel habemus ullamcorper noster quaeque omittam doctus.\n\nalia fabulas te quo viris.\n\ncurabitur no et omittantur legimus aliquip harum maiestatis aliquam deseruisse pellentesque risus.\n\nimperdiet arcu liber metus graeco senserit quem.\n\nfacilisis adhuc dolor option hac maiestatis mea doctus natoque meliore melius eos commodo penatibus animal.\n\nsollicitudin delectus populo pericula hinc dicam viverra doming tibique mollis dicam hac fusce definitionem suscipit omittantur praesent.\n\nquot homero pertinacia scripserit atqui sadipscing dolores eloquentiam utamur platea altera dicat inciderint eget inani est curae detracto eloquentiam.\n\ndefinitionem tantas quidam sea montes aeque oratio dicant consequat alterum neque cras utroque nam nisi metus sadipscing.\n\nmandamus intellegat constituam iusto qui invidunt ubique semper equidem indoctum.\n\nprimis velit dicant proin nam.\n\nsale fringilla velit patrioque simul adipisci noster epicurei altera instructior nascetur.\n\nnonumy neque suspendisse.\n\nodio risus definitiones cum quas platonem mus tractatos.\n\n', 1279672790814272, 1556880337629, 1556880337629, 0);
INSERT INTO wiki_pages (parentId, textId, wikiId, name, views, publishAt, displayOrder, id, createdAt, updatedAt, version) VALUES (1279672790814176, 1279672790814272, 1279672790812896, 'leaf 1', 0, 1556880337563, 0, 1279672790814240, 1556880337629, 1556880337629, 0);
INSERT INTO texts (hash, content, id, createdAt, updatedAt, version) VALUES ('135484e16f406892ac2e728e00c4dd697f1bf9fa0873a6c9c52a4b97f1c92977', '# hinc dolores scripserit feugait risus assueverit luctus graeci invidunt partiendo.\n\niriure natum verterem tota mediocritatem cu tristique mediocritatem egestas.\n\nprompta aperiri atqui aptent expetenda luctus efficitur ubique appareat gubergren potenti morbi qualisque brute cu feugait qualisque novum.\n\nutinam graece.\n\ndeseruisse nam definiebas ea utroque ornare harum reprimique nisl integer odio urbanitas utinam gravida interpretaris luptatum aptent pertinax libris omittantur.\n\nverear lobortis malesuada interesset interpretaris fugit maximus expetenda fabellas detraxit sit omittam nobis mnesarchum ius repudiandae natum magna lobortis quem.\n\nmandamus constituto qualisque senectus tantas sententiae mediocritatem consectetur qui altera referrentur nostra graece prodesset periculis.\n\nsanctus pertinacia signiferumque regione egestas mollis unum equidem veniam posse varius felis latine explicari.\n\nindoctum sumo duo dignissim numquam non repudiandae adversarium fames mel dicta tation parturient dolorem accusata suscipit.\n\nrutrum in splendide.\n\naccumsan unum audire fames ornatus brute montes equidem sed persius idque class aperiri perpetua.\n\nhas quam aeque graeco solum suscipiantur efficiantur adversarium.\n\nomittantur vulputate aptent dis convallis.\n\niisque agam.\n\nhimenaeos nonumes faucibus ullamcorper vitae tale vero quod audire doming eget integer convallis cetero ne mnesarchum.\n\n', 1279672790814336, 1556880337629, 1556880337629, 0);
INSERT INTO wiki_pages (parentId, textId, wikiId, name, views, publishAt, displayOrder, id, createdAt, updatedAt, version) VALUES (1279672790814176, 1279672790814336, 1279672790812896, 'leaf 2', 0, 1556880337563, 1, 1279672790814304, 1556880337629, 1556880337629, 0);
INSERT INTO texts (hash, content, id, createdAt, updatedAt, version) VALUES ('024550c80c38ab635d935ebab555e8ca9d100e918c20db50e628924ef76b87d0', '# instructior moderatius.\n\nprodesset tritani euismod enim libero pertinacia a potenti reprehendunt.\n\nproin omittantur dissentiunt possit ridens omittantur eripuit percipit platonem suscipit viris dignissim nominavi fuisset nec assueverit inciderint intellegat.\n\nposidonium.\n\nrisus menandri imperdiet recteque conubia vestibulum ridiculus impetus platonem evertitur cursus cras instructior solum veri commune deterruisset mutat.\n\nad bibendum aperiri malesuada.\n\nviris elit vituperatoribus.\n\noption an imperdiet audire eos ignota hendrerit gloriatur.\n\npropriae quas ubique veniam facilisi inimicus tincidunt praesent volutpat dapibus reformidans offendit mattis theophrastus.\n\npellentesque luptatum inimicus graece quot.\n\nproin nullam leo unum detracto habeo sonet has percipit felis volumus facilisis graecis nisi ei idque eruditi eius ad.\n\npro falli fugit.\n\ntortor eum sadipscing tacimates reprehendunt idque consul at iudicabit iuvaret tritani cu scripta tempor.\n\nmolestiae nibh homero similique.\n\nvituperatoribus elementum quas sententiae reque scripserit verterem luptatum hinc ponderum pellentesque labores porttitor animal populo reprehendunt.\n\nnulla porta leo libris graecis vituperatoribus egestas mentitum suspendisse dico delicata posuere est facilis assueverit periculis verear signiferumque harum appareat.\n\ndicta dicta interdum doctus porttitor fastidii suscipit curae id ex intellegat cras fringilla comprehensam erat invenire possit.\n\nfabellas solet eros consectetur perpetua singulis vix tempus persecuti nonumy deseruisse eirmod hendrerit non legere habemus dicat vidisse nostra.\n\ncontentiones audire accumsan velit solum pulvinar hendrerit dolores libero vestibulum.\n\niaculis metus animal iriure mus fabulas altera atqui.\n\n', 1279672790814400, 1556880337629, 1556880337629, 0);
INSERT INTO wiki_pages (parentId, textId, wikiId, name, views, publishAt, displayOrder, id, createdAt, updatedAt, version) VALUES (1279672790814176, 1279672790814400, 1279672790812896, 'leaf 3', 0, 1556880337563, 2, 1279672790814368, 1556880337629, 1556880337629, 0);
INSERT INTO texts (hash, content, id, createdAt, updatedAt, version) VALUES ('d8fdbefda8bc828bbba43550c9cfde8e02d8b6c5862cdd0c24368085b89bf999', '# ante blandit amet falli facilisis graeco.\n\nrutrum eam tamquam mutat nonumy maecenas atqui nihil graece torquent vituperata pretium dissentiunt euismod aliquet conclusionemque.\n\nappareat sale tamquam dicant ne consectetuer class pericula graecis vehicula persius egestas diam vituperata justo deterruisset habemus.\n\nposuere gloriatur quem epicurei vehicula felis dicta sociis quaeque prodesset ancillae conclusionemque mutat duis possit inciderint sem animal iudicabit per.\n\nepicuri.\n\nfabulas ea viverra eam nullam tritani eripuit quaeque eruditi tortor convallis quidam eum alienum scripta sodales egestas montes dis habitant.\n\nmagnis luctus egestas dui vis tristique veniam fuisset option antiopam.\n\nquam suscipiantur sed feugiat autem duo nobis augue decore laoreet interpretaris voluptatibus audire causae adversarium nonumy constituam.\n\nsodales parturient prodesset eirmod purus qui habitasse finibus appetere sociosqu dolore fabellas ea.\n\ndicant.\n\nproin persius tristique phasellus suscipit viverra finibus taciti qualisque sonet consetetur.\n\ndefinitionem scripserit netus bibendum doming fugit maiestatis interpretaris feugiat risus patrioque imperdiet.\n\nscripta dicunt mazim adversarium doctus mollis scelerisque reformidans quot nihil intellegebat conclusionemque.\n\nornatus sit civibus dolores duis ocurreret magna reformidans netus cras sollicitudin decore ferri sadipscing.\n\nevertitur.\n\ndelenit tamquam conubia vel evertitur saepe accusata.\n\nomittam suspendisse saepe ius netus signiferumque cu quidam mucius sapien egestas inceptos.\n\noratio facilis tacimates convallis alia finibus offendit himenaeos dolorum.\n\naenean orci porro no signiferumque ante montes porta sed duis prompta ancillae primis libris movet eam.\n\neripuit mi intellegebat aeque dictas constituam porro dico montes.\n\n', 1279672790814464, 1556880337629, 1556880337629, 0);
INSERT INTO wiki_pages (parentId, textId, wikiId, name, views, publishAt, displayOrder, id, createdAt, updatedAt, version) VALUES (1279672790813984, 1279672790814464, 1279672790812896, 'sub 4', 0, 1556880337563, 3, 1279672790814432, 1556880337629, 1556880337629, 0);
INSERT INTO navigations (name, icon, url, blank, displayOrder, id, createdAt, updatedAt, version) VALUES ('Sample Tutorial', 'magic', '/wiki/1279672790812896', false, 3, 1279672790821024, 1556880337629, 1556880337629, 0);
INSERT INTO navigations (name, icon, url, blank, displayOrder, id, createdAt, updatedAt, version) VALUES ('Discuss', '<svg width=\"16\" height=\"16\" viewBox=\"0 0 20 20\"><polygon fill=\"none\" stroke=\"#000\" stroke-width=\"1.01\" points=\"10 2 12.63 7.27 18.5 8.12 14.25 12.22 15.25 18 10 15.27 4.75 18 5.75 12.22 1.5 8.12 7.37 7.27\"></polygon></svg>', '/discuss', false, 4, 1279672790821056, 1556880337629, 1556880337629, 0);
INSERT INTO navigations (name, icon, url, blank, displayOrder, id, createdAt, updatedAt, version) VALUES ('External', '<svg width=\"16\" height=\"16\" viewBox=\"0 0 20 20\"><polygon fill=\"none\" stroke=\"#000\" stroke-width=\"1.01\" points=\"10 2 12.63 7.27 18.5 8.12 14.25 12.22 15.25 18 10 15.27 4.75 18 5.75 12.22 1.5 8.12 7.37 7.27\"></polygon></svg>', 'https://weibo.com/', true, 5, 1279672790821088, 1556880337629, 1556880337629, 0);
INSERT INTO settings (settingGroup, settingKey, settingValue, id, createdAt, updatedAt, version) VALUES ('Website', 'name', 'iTranswarp', 1279672790821120, 1556880337629, 1556880337629, 0);
