-- generated initial data

USE it;

INSERT INTO users (role, email, name, imageUrl, lockedUntil, id, createdAt, updatedAt, version) VALUES ('ADMIN', 'admin@itranswarp.com', 'admin', '/static/img/admin.png', 0, 1466421840183328, 1645929223795, 1645929223795, 0);
INSERT INTO local_auths (userId, passwd, salt, id, createdAt, updatedAt, version) VALUES (1466421840183328, '78d5e71030003ac42acb7940724587dac55bd39e69a35c5a3f9cb438f72c043e', 'e43c4c3d60e8646783a908538fda9b5cd6beb89f0aa7660b171f39d428a2dfe5', 1466421840183360, 1645929223796, 1645929223796, 0);
INSERT INTO users (role, email, name, imageUrl, lockedUntil, id, createdAt, updatedAt, version) VALUES ('EDITOR', 'editor@itranswarp.com', 'editor', '/static/img/user.png', 0, 1466421840183392, 1645929223796, 1645929223796, 0);
INSERT INTO local_auths (userId, passwd, salt, id, createdAt, updatedAt, version) VALUES (1466421840183392, 'bc20bc3521dab6114bec2ac80cc2812b2126246af4a0190e3c70c5518d0b92d0', 'dc0c1cfd21bf9d4a6319ba474f0e6471e8be1ce6384fe677ca45982ed87d695b', 1466421840183424, 1645929223796, 1645929223796, 0);
INSERT INTO users (role, email, name, imageUrl, lockedUntil, id, createdAt, updatedAt, version) VALUES ('CONTRIBUTOR', 'contributor@itranswarp.com', 'contributor', '/static/img/user.png', 0, 1466421840183456, 1645929223796, 1645929223796, 0);
INSERT INTO local_auths (userId, passwd, salt, id, createdAt, updatedAt, version) VALUES (1466421840183456, 'c9cf6446702a2efea92203a5ca560bd3315cb3ad68224714cdfec885f75bee28', 'c23e5f70a61bfd8db92bfd80e1827e9c546247b73b74357cb5bcb59211a0337c', 1466421840183488, 1645929223796, 1645929223796, 0);
INSERT INTO users (role, email, name, imageUrl, lockedUntil, id, createdAt, updatedAt, version) VALUES ('SPONSOR', 'sponsor@itranswarp.com', 'sponsor', '/static/img/user.png', 0, 1466421840183520, 1645929223797, 1645929223797, 0);
INSERT INTO local_auths (userId, passwd, salt, id, createdAt, updatedAt, version) VALUES (1466421840183520, '01bb07a13cf3b5353c1e476aa3cde29f827c4651651f653fa4626ad3d4cc4889', '0baebf6a1bdcbf32d8d0adb0dcbd34fcb55493628a28696e546a2357090797fd', 1466421840183552, 1645929223797, 1645929223797, 0);
INSERT INTO users (role, email, name, imageUrl, lockedUntil, id, createdAt, updatedAt, version) VALUES ('SUBSCRIBER', 'subscriber@itranswarp.com', 'subscriber', '/static/img/user.png', 0, 1466421840183584, 1645929223797, 1645929223797, 0);
INSERT INTO local_auths (userId, passwd, salt, id, createdAt, updatedAt, version) VALUES (1466421840183584, '58fb74bcbc792706e58e803d388dacf3a1802d30e35388b32492641d3d5fd4a2', 'c3f7067890a5d9f1147f2b207bd8951b7f1a1f3cf69fcf9dfb0050b7676a7875', 1466421840183616, 1645929223797, 1645929223797, 0);
INSERT INTO texts (hash, content, id, createdAt, updatedAt, version) VALUES ('0e73f62d6e385025e7a847c9c709c796fd682443b9ae6b310d766a897425c626', '# esse nunc.\n\nsemper graece lorem intellegat tristique duo commodo augue dicit ridiculus.\n\nnonumes causae electram vero praesent nec liber per eam doming conclusionemque maecenas ponderum dignissim oporteat salutatus solum.\n\nmovet odio metus habitant consequat iaculis dis aptent dolorem.\n\nvocibus epicuri omnesque nonumy periculis repudiare petentium latine moderatius cetero.\n\ntamquam scelerisque dicit saepe definitionem tellus facilisi quidam.\n\nius ponderum consetetur euismod hac esse dolores.\n\nmolestie habitasse harum sale legere eius falli sumo causae invenire.\n\nvero singulis necessitatibus nullam postulant montes similique ullamcorper pellentesque laoreet tristique.\n\ndicat noluisse dictas error patrioque utroque epicurei luctus sapien facilis accumsan vituperatoribus augue tibique mutat sollicitudin pericula varius pri has.\n\ndolores splendide definiebas viverra te errem ludus alterum habeo latine habeo accumsan pharetra dicta dicta dictas.\n\npostulant quis dolores.\n\ncras.\n\nmutat justo sonet graecis facilisis tellus quisque magna ante mattis nostra alia.\n\ntation deterruisset veri pellentesque platonem consul purus quaerendum propriae docendi facilisi voluptatibus faucibus.\n\ncommune montes semper natum facilisi efficitur recteque id iriure cubilia in facilisi.\n\nsaepe inimicus fames populo.\n\nludus ius ligula montes explicari disputationi antiopam luptatum quidam graeci turpis pretium facilis ignota eirmod veritus animal nunc fermentum leo.\n\nprincipes nulla erat delectus egestas dolores vidisse lectus montes nascetur decore vidisse explicari noster fusce a.\n\n', 1466421840183648, 1645929223797, 1645929223797, 0);
INSERT INTO single_pages (textId, tags, name, publishAt, id, createdAt, updatedAt, version) VALUES (1466421840183648, 'help,doc', 'Help', 1645929223782, 1466421840183680, 1645929223797, 1645929223797, 0);
INSERT INTO navigations (name, icon, url, blank, displayOrder, id, createdAt, updatedAt, version) VALUES ('Help', 'plane', '/single/1466421840183680', false, 2, 1466421840187168, 1645929223797, 1645929223797, 0);
INSERT INTO categories (name, tag, description, displayOrder, id, createdAt, updatedAt, version) VALUES ('Sample', 'sample', 'Java Series', 0, 1466421840183712, 1645929223797, 1645929223797, 0);
INSERT INTO navigations (name, icon, url, blank, displayOrder, id, createdAt, updatedAt, version) VALUES ('Sample', 'coffee', '/category/1466421840183712', false, 0, 1466421840187200, 1645929223798, 1645929223798, 0);
INSERT INTO resources (hash, encoding, content, id, createdAt, updatedAt, version) VALUES ('10cefe320c9e49a9a0ba13bf870c3b5dcd572ff0032ea941b2f659e9e712bfe4', 'BASE64', '/9j/4QAYRXhpZgAASUkqAAgAAAAAAAAAAAAAAP/sABFEdWNreQABAAQAAAAKAAD/4QMsaHR0cDovL25zLmFkb2JlLmNvbS94YXAvMS4wLwA8P3hwYWNrZXQgYmVnaW49Iu+7vyIgaWQ9Ilc1TTBNcENlaGlIenJlU3pOVGN6a2M5ZCI/PiA8eDp4bXBtZXRhIHhtbG5zOng9ImFkb2JlOm5zOm1ldGEvIiB4OnhtcHRrPSJBZG9iZSBYTVAgQ29yZSA1LjUtYzAxNCA3OS4xNTE0ODEsIDIwMTMvMDMvMTMtMTI6MDk6MTUgICAgICAgICI+IDxyZGY6UkRGIHhtbG5zOnJkZj0iaHR0cDovL3d3dy53My5vcmcvMTk5OS8wMi8yMi1yZGYtc3ludGF4LW5zIyI+IDxyZGY6RGVzY3JpcHRpb24gcmRmOmFib3V0PSIiIHhtbG5zOnhtcD0iaHR0cDovL25zLmFkb2JlLmNvbS94YXAvMS4wLyIgeG1sbnM6eG1wTU09Imh0dHA6Ly9ucy5hZG9iZS5jb20veGFwLzEuMC9tbS8iIHhtbG5zOnN0UmVmPSJodHRwOi8vbnMuYWRvYmUuY29tL3hhcC8xLjAvc1R5cGUvUmVzb3VyY2VSZWYjIiB4bXA6Q3JlYXRvclRvb2w9IkFkb2JlIFBob3Rvc2hvcCBDQyAoTWFjaW50b3NoKSIgeG1wTU06SW5zdGFuY2VJRD0ieG1wLmlpZDpCODQ5NDA1RTQyMDUxMUU5OTk4RkJCNjMyNTY5RTk2QSIgeG1wTU06RG9jdW1lbnRJRD0ieG1wLmRpZDpCODQ5NDA1RjQyMDUxMUU5OTk4RkJCNjMyNTY5RTk2QSI+IDx4bXBNTTpEZXJpdmVkRnJvbSBzdFJlZjppbnN0YW5jZUlEPSJ4bXAuaWlkOjEzOTcxQUQ1NDIwNTExRTk5OThGQkI2MzI1NjlFOTZBIiBzdFJlZjpkb2N1bWVudElEPSJ4bXAuZGlkOjEzOTcxQUQ2NDIwNTExRTk5OThGQkI2MzI1NjlFOTZBIi8+IDwvcmRmOkRlc2NyaXB0aW9uPiA8L3JkZjpSREY+IDwveDp4bXBtZXRhPiA8P3hwYWNrZXQgZW5kPSJyIj8+/+4ADkFkb2JlAGTAAAAAAf/bAIQAFBAQGRIZJxcXJzImHyYyLiYmJiYuPjU1NTU1PkRBQUFBQUFERERERERERERERERERERERERERERERERERERERAEVGRkgHCAmGBgmNiYgJjZENisrNkREREI1QkRERERERERERERERERERERERERERERERERERERERERERERERERE/8AAEQgBaAKAAwEiAAIRAQMRAf/EAI4AAQADAQEBAAAAAAAAAAAAAAACAwQFAQYBAQEAAwAAAAAAAAAAAAAAAAABAgMEEAEAAgADAwgDDQgDAAAAAAAAAQIRAwRREhMhMUFhUuJTk4HRkpGhscHhIkJicqLSFAXwcTIjM0NjJIKyoxEBAAEDAwQDAQAAAAAAAAAAAAERUQIxEiJhobED8EEycf/aAAwDAQACEQMRAD8A+jAdDlAAAAAAAAAAAAAAAAAAAAAAAAAAAAAAAAAAAAAAAAAAAAAAAAAAAAAAAAAAAAAAAAAAAAAAAAAAAAAAAAAAAAAAAAAAAAAAAAAAAAAAAAAAAAAAAAAAAAAAAAAAAAAAAAAAAAAAAAAAAAAAAAAAAAAAAAAAAAAAAAAAAAAAAAAAAAAAAAAAAAAAAAAAAAAAAAAAAAAAAAAAAAAAAAAAAAAAAAAAAAAAAAAAAAAAAAAAAAAAAAAAAAAAAAAAAAAAAAAAAAAAAAAAAAAAAAAAAAAAAAAAAAAAAAAAAAAAAAAAAAAAAAAAAAAAAAAAAAAAAAAAAAAAAAAAAAAAAAAAAAAAAAAAAAAAAAAAAAAAAAAAAAAAAAAAAAAAAAAAAAAAAAAAAAAAAAAAAAAAAAAAAAAAAAAAAAAAAAAAAAAAAAAAAAAAAAAAAAAAAAAAAAAAAAAAAAAAAAAAAAAAAAAAAAAAAAAAAAAAAAAAAAAAAAAAAAAAAAAAAAAAAAAAAAAAAAAAAAAAAAAAAAAAAAAAAAAAAAAAAAAAAAAAAAAAAAAAAAAAAAAAAAAAAAAAAAAAAAAAAAAAAAAAAAAAAAAAAAAAAAAAAAAAAAAAAAAAAAAAAAAAAAAAAAAAAAAAAAAAAAAAAAAAAAAAAAAAAAAAAAAAAAAAAAAAAAAAAAAAAAAAAAAAAAAAAAAAAAAAAAAAAAAUX1Na24dYm9+xSMZ9PRHpmErQiK6LxXGXq78sZdKfbvjP3Y+N7+W1e3K9y3rTdDPZKYhwNZHhT6bR8UozXV158qs/ZzPXEG6DZktFE596/wBTKzK/8d7/AKzKP57K6d7HZw7+pd0JtmzSM/5qd6sbl4red2LWjd5cJnmnl6NjQRNUmJjUAVAAAAAAAAAAAAAAAAAAAAAAAAAAAAAAAAAAAAAAAAAAAAAAAAAAAAAAAAAAAAAAAAAAAFefmxk5dsyeXCObbsgELb+ozOBlTu4cuZePoxsj60+9HLsdLI0+Xp67mXEVj9ufbLFp6W0mTM4b+ZhN7RH0r/tyR1L9PrJtlZeZn1nKvmTu7k7Z6GiZrLpjGkNYy8bP/M8Phxwd3Hib30tmDUigAAAMH6rH8mL9NL0tHtRHwS8S/VZ/kbvTa+XX70ItmDV7PoAbGoAAAAAAAAAAAAAAAAAAAAAAAAAAAAAAAAAAAAAAAAAAAAAAAAAAAAAAAAAAAAAAAAAAZdbaIjLrPTmZfJtws1MuoreM3KvlWit5mcvljGMJjGdnZ2sctGWH6h0VOdpsvUTE5sTO7/DhaYwnbHX1qorq6fTpf7VZr8EynWNXPLu5WH2rfhaXQ20mIiK444bedPFycjUZ+5FbZV7Z3LvYxu1iftTyYR1Yr4rrOzle3b8IroDn7us7OV7dvwqtR+epl2tWKYxHNXetPo5ubnEdV5NojpcyuuysIiJveY2ZdsZ95VqM3UTu4RwaXtuYzhN+WJ6OaObrnqBbqsyNRn1y68tcr595+th82PfmfcWK8rKrk13KRhHw9c9axuxikOfKayAMmIAAAAAAAAAAAAAAAAAAAAAAAAAAAAAAAAAAAAAAAAAAAAAAAAAAAAAAAAAAAAAAAAAAz5v9fJj61p+5LQz5vJn5E/WtHu0ljloyw/UNdf47fuhPT5k4UrtxRis70z0TEGXXCK489Wl0NghW8T+9MEL23cOucClpmbRPRL21d7DqnErXCZnaCHEmK2tsnBl/U/4cqf8ALT42uleeJ6Zlk/U+bKj/AC1+CZISdHgDocwAAAAAAAAAAAAAAAAAAAAAAAAAAAAAAAAAAAAAAAAAAAAAAAAAAAAAAAAAAAAAAAAAAAA5+qtmZudGXl2ivD3czHDGcZxw9GHO6DDn6fN4s5uVuzForExaZjmx6pP7oRX61e7+pn+77mXU3tR40+xVXw9T2K+Z3Xm5qexXzPkKYWK+y/hbvanxvuVexfUx/en2K+pTuanw48z5Dh6nsV8zulMLFfZfwu4mp8a3sU9RxNT41vZp6lPC1PYr5ndOHqexXzO6UwsV9l13E1PjW9inqV5tc/N3d7Omd2d6PmV58MNnWjwtT2K+Z3ThansV8zulMLFfZfwl/seL/wCcH+z4seXHrR4Wp7FfM7pwtT2K+Z3V4/Kpy6dksdT4tfL+Ux1PiV8vvI8PU9ivmd04ep7FfM7px+VOXTsnvarxKeX3je1Xbp5c/iQ4ep7FfM7puanw48yPUcTl07OkAigAAAAAAAAAAAAAAAAAAAAAAAAAAAAAAAAAAAAAAAAAAAAAAAAAAAAAAAAAAAAAAAAAAAAAAAAAAAAAAAAAAAAAAAAAAAAAAAAAAAAAAAAAAAAAAAAAAAAAAAAAAAAAAAAAAAAAAAAAAAAAAAAAAAAAAAAAAAAAAAAAAAAAAAAAAAAAAAAAAAAAAAAAAAAAAAAAAAAAAAAAAAAAAAAAAAAAAAAAAAAAAAAAAAAAAAAAAAAAAAAAAAAAAAAAAAAAAAAAAAAAAAAAAAAAAAAAAAAAAAAAAAAAAAAAAAAAAAAAAAAAAAAAAAAAAAAAAAAAAAAAAAAAAAAAAAAAAAAAAAAAAAAAAAAAAAAAAAAAAAAAAAAAAAAAAAAAAAAAAAAAAAAAAAAAAAAAAAAAAAAAAAAAAAAAAAAAAAAAAAAAAAAAAAAAAAAAAAAAAAAAAAAAAAAAAAAAAAAAAAAAAAAAAAAAAAAAAAAAAAAAAAAAAAAAAAAAAAAAAAAAAAAAAAAAAAAAAAAAAAAAAAAAAAAAAAAAAAAAAAAAAAAAAAAAAAAAAAAAAAAAAAAAAAAAAAAAAAAAAAAAAAAAAAAAAAAAAAAAAAAAAAAAAAAAAAAAAAAAAAAAAAAAAAAAAAAAAAAAAAAAAAAAAAAAAAAAAAAAAAAAAAAAAAAAAAAAAAAAAAAAAAAAAAAAAAAAAAAAAAAAAAAAAAAAAAAAAAAAAAAAAAAAAAAAAAAAAAAAAAAAAAAAAAAAAAAAAAAAAAAAAAAAAAAAAAAAAAAAAAAAAAAAAAAAAAAAAAAAP//Z', 1466421840183744, 1645929223798, 1645929223798, 0);
INSERT INTO attachments (userId, resourceId, size, width, height, name, mime, id, createdAt, updatedAt, version) VALUES (1466421840183328, 1466421840183744, 3468, 640, 360, 'img-0', 'image/jpeg', 1466421840183776, 1645929223798, 1645929223798, 0);
INSERT INTO resources (hash, encoding, content, id, createdAt, updatedAt, version) VALUES ('f1a7d878def8e70293eeb1d26ea20d4e47bc7e07edd0b142545df4bfd26d80c9', 'BASE64', '/9j/4AAQSkZJRgABAgAAZABkAAD/7AARRHVja3kAAQAEAAAACgAA/+EDLGh0dHA6Ly9ucy5hZG9iZS5jb20veGFwLzEuMC8APD94cGFja2V0IGJlZ2luPSLvu78iIGlkPSJXNU0wTXBDZWhpSHpyZVN6TlRjemtjOWQiPz4gPHg6eG1wbWV0YSB4bWxuczp4PSJhZG9iZTpuczptZXRhLyIgeDp4bXB0az0iQWRvYmUgWE1QIENvcmUgNS41LWMwMTQgNzkuMTUxNDgxLCAyMDEzLzAzLzEzLTEyOjA5OjE1ICAgICAgICAiPiA8cmRmOlJERiB4bWxuczpyZGY9Imh0dHA6Ly93d3cudzMub3JnLzE5OTkvMDIvMjItcmRmLXN5bnRheC1ucyMiPiA8cmRmOkRlc2NyaXB0aW9uIHJkZjphYm91dD0iIiB4bWxuczp4bXBNTT0iaHR0cDovL25zLmFkb2JlLmNvbS94YXAvMS4wL21tLyIgeG1sbnM6c3RSZWY9Imh0dHA6Ly9ucy5hZG9iZS5jb20veGFwLzEuMC9zVHlwZS9SZXNvdXJjZVJlZiMiIHhtbG5zOnhtcD0iaHR0cDovL25zLmFkb2JlLmNvbS94YXAvMS4wLyIgeG1wTU06RG9jdW1lbnRJRD0ieG1wLmRpZDowNUJDMkU1QTQyMDIxMUU5OTk4RkJCNjMyNTY5RTk2QSIgeG1wTU06SW5zdGFuY2VJRD0ieG1wLmlpZDowNUJDMkU1OTQyMDIxMUU5OTk4RkJCNjMyNTY5RTk2QSIgeG1wOkNyZWF0b3JUb29sPSJBZG9iZSBQaG90b3Nob3AgQ0MgKE1hY2ludG9zaCkiPiA8eG1wTU06RGVyaXZlZEZyb20gc3RSZWY6aW5zdGFuY2VJRD0ieG1wLmlpZDo3MEZERjI3OTJCRDgxMUU2OUIyREM0OUM4MTBDNDI3MyIgc3RSZWY6ZG9jdW1lbnRJRD0ieG1wLmRpZDo3MEZERjI3QTJCRDgxMUU2OUIyREM0OUM4MTBDNDI3MyIvPiA8L3JkZjpEZXNjcmlwdGlvbj4gPC9yZGY6UkRGPiA8L3g6eG1wbWV0YT4gPD94cGFja2V0IGVuZD0iciI/Pv/uAA5BZG9iZQBkwAAAAAH/2wCEABQQEBkSGScXFycyJh8mMi4mJiYmLj41NTU1NT5EQUFBQUFBREREREREREREREREREREREREREREREREREREREQBFRkZIBwgJhgYJjYmICY2RDYrKzZERERCNUJERERERERERERERERERERERERERERERERERERERERERERERERERP/AABEIAWgCgAMBIgACEQEDEQH/xACAAAEAAwEBAQAAAAAAAAAAAAAAAQMEAgUGAQEBAQEAAAAAAAAAAAAAAAAAAQIDEAEAAgIABAMEBwYFBAMAAAAAAQIRAyExEgRBUWFxgSITkaGxwTJyBdFCUoIjFPDhkqIz8bLCU6OzFREBAQEBAQEAAAAAAAAAAAAAAAERMSEC/9oADAMBAAIRAxEAPwD64BzbAFAAAAAAAAAAAAAAAAAAAAAAAAAAAAAAAAAAAAAAAAAAAAAAAAAAAAAAAAAAAAAAAAAAAAAAAAAAAAAAABAAAAAAAAAAAAAAAAAAAAAAAAAAAAAAAAAAAAAAAAAAAAAAAAAAAAAAAAAAAAAAAAAAAAAAAAUAAAAAEAAAAABQAAAAAAAAAAAQAFAAAAAAAAAAADmAAAAAByAA5AByEABQAAAAAAAQAFABAAUAAAAAAAAAAAAA5gAAAAACAAoAAAAASAAAAgAAAAAAAAAAAAAAcgAAAAAOYABzAAAAAAAAAAAAAAAAAAAAAAAAAAAAAA5AAAAAAcwAAUOYCAAoAIACgAAAAAAAgAKACAAoAIAAACgAgAKACAAoAIAAAAAAACgAAAgAAAAAKAAACAAoAIACgAgAKAAACAAAAAAoAAAIACgAgAKAAAAAAAAAAAAAAAAAAAAAAAAAAAAAAAAAAAAAAAAAAAAAAAAAAAAAAAAAAAAAAAAAAAAAAACAAAAoAAAAAIACgAgAKAAACABkAAAAAAAAAAAAAAAAAAAAAAAAAAAAAAAAAAAAAAAAAAAAAAAAAAABQAAAQAAAAAAAFABAAUAEABQAQAFAyAAAAAAAAAAAACAAoAAAAjORT3dbW1W6JmLdMzXHnhRo/UNdtfVe2LViOvh58p96DcKY7jXFIvNois8OPDitraLRmOMeaiQABR3Hd6u36Y2WiJtOI/x9/Jf7EAAABQAAAAAAAAAAAQAFABAAUAAAAAEABQAAAQAAAFABAAAAAAUAJQAFABAAAAAAUAAAEABQAQAAAFAGXdstW1aa8RNotOZ48sevqIv2bK64zeYiPWXzunVbdWuY6a2+HqrjjEZmOrOZz8MY98cnvae0pFvmTM2v/FM/sxDJ/Z7pts1xiuuJ6tVufGefj6zzLPDVOzt+nha02paLzETj8WJnMcPze9u7LZFtUVieNY6Z8+Dyuz32vsmmyOnptN8eMRMXmZn6Y+lr01jXsrujlaba/TE2tMT9kJFbtvc69M1recTbhVcw91+n07i8bJmYnlb1hX3P6lXVnXqxa/DEZ4fT9Pj4Kizv+wjuppbxrMZ/L+36Pa2xGOEPjtXf7J7uNl/gmZ5Y8Orly+t9fTZGysXrxiYiYB2Kb76UvWkzEWtn6oyuhFAFABAAUAEABQAAAQAFABAAAAAAAAUAEABQAAAAAAAQAAAFABAAAAAAUAEABQAAAQAAAFABAAAAAU9z29O4rNNnL0XCjLq7a+mvTrviI84jH7Svc7pvOvorMxHPqn7On72ll7aZt3W2P4Yr9cESuN/a111veIxs3TWl5iZ5cvsROiOiNVZ5RGJ9a8l/6jovv0TSnC3CY+lm7GJpqilpzaJtE+2MtSesfV8aO32/0p6541zW38v+XF4+f7ms7Lxib8PZEf4y095snTXbbGa3r0z6Ty+vMK448Y+ln6mVZdjFr7H5VpmLZ4cOHKfDx/x6vS/RZnGykzmK3wqwu/SY6LbYnHGY5e9Gl+79M17bzaZmIv8A8kefl7OLdERBnPLxSoDnrjOM8XSKAAAAAAAAAAAAAAAAAKAAAAACAAAAAAAAAAoSAAAgAAAAAAAAAAAKACAAAAAAAAoAIACgAgAKDP2dc32X/inH+nMNCrs5+CfPq2f99liVomHjWrsjuLbY4aovj3zEV+2XtMvfxadNopE2tOOmI88tMsUz8/bOivGIms7M+63vy1z+m9vac9ER+Xh9h2Pbzq15vGNluN5+yPXDYdOPOt+lauHRNq+fx25eX4mbs/0y2vudk7Yi2uYnp6vi/e4c+L2hMGPb2VZjOnGu/wDFWPu8WDf3t72/tKZjd+9MTw+n15+mfPg9t5f6j2fzb0vWei1p6JtjPDFp5e1LFlUf/mWnXPVaPmTx6sZ/6+2fat/T98zNtWzMTExiJnqxmOWfHz/mx4M99NuzmJnE+PXWOnOOM1mI9InzWbo6e6jb/D0f7pms/UxytPWEcktAAAAgAKAAACABKgAAAAAAAgAAAKGAEAAAAABQAQAAAAAAAAAAAFAAAAAAABAAUAAAAAEABQQlAE2iOc4YNXc11btlZtHROJrPhE+OZ9c8HXb0+fbZG6ZzW0xWMzHw+HJ1ns4iaz04mcT1Rzmvt8lZb44kvP1b4rurr13m9Ji0TmcxExyxPj4+MtHdXvXo+XOJm2OPH923sXUaEsVtvc1/ci3s+H75V/3fdf8Ao/8AkqauPRc7NldcZtOIedfvu4pNYtqivVPTGbZ4+5H6h86NM3tNcVmJxFZ9n8U+ao9Nm7mc2118erP1WaYnLFidnc2vn4aR0RHrzz9eEqsndzbbvinOkdNf5pnj/smTuJi+y2PxTOukR78z9EWynPGLz/7bZ+usfcjRpm/c26o/48W9vVXH3MfXcWPUj1SIlVSAgAAAAAAAKACAAoAAAIACgAAAgAAAKACAAoAIACgAASAACAAAAoAQgAAAAAKAAAAACAAoAAAAy77TpvXbEZicUt7Oefdx+lxfbPax18LaZmZzHh1cfDOeM+Tazbey1bPDE+PTEQIndMYpeOUWrx/N8P3uu5421fn/APGznuYiuqccq9M/6ZhF7dUabedon/ZYhWhICq92qNtZrPjDjVsr3NJpfhaMddfX9mV7NovG3be8cIr/AE/fnj9yxK77TdE1+VMx10jFo8fT6UdvOJvWecXt9fH72bt6RbbTd+9s6rz+Xw+2FsVm3d2vH4a06J9vC32HUZ+6xptNbf8AFsmc+mY4z9TmItWZ22nNtcxWZ/irP7Mzyd992eqbT3G29ojpxjMdM+nHz8mPse320mmq9omM9V+eYx+GPZw8fXCUe9AiEjSEggAAAKACAAAHIAAkAAAAABQAQDmCgAAHIQAAAFAAA5ggAKHqAgAAAAHIAAAOYCgAgAKACAAoAAAIACgAgAKKO8j+hs/Lb7FNJ/pdt/L/APXZZ3tojVMTwiZrE++0KtM/M3R0/wDHrr0x+b2eyRG4EZwKq7nfGiuedp+Gses8lG3RHRXtYnGYza3jiuOPtmcO9lqW2zN/w6q9U+2Z5+7plRN9lNdts8b7Jjojyrzx5cOIjrXeNU7O6vPwR8NY8sT0z9MxEtPb0mtM2/FaZtPtnjj3cvcoitbWr2/ONcZt5csR9ufc2g5tWt4xaMx5SU1V1x00iKx6Rh0CoSSIAcwABQAAAAAQAADkCgAgHIAAAAACQUAAAAAAAAAAAEAAABQAQAFAAAAAAAAABAAUAAAEABQAABAIveuuOq8xER4zwRXZW8dVZiYnxhh/VqdeqI48/CJnwnniJ+HzZJv3Ea6bKUmOqnT0UiYxOa/u+EcJwg9m8V2R0WiJjylzX5WqsxXFaxzxwiPN4Oie4tstWk3nbThabT8EfDMfTM9Ph6utXbdzauyL9fXMTExn4Z+KJ+zy4eCo93XtptjOu0WjOM1nLL/c7tm6aaoiddZiLzPPlnhx8pjwWdp29dWmKRHTMxGceeOLFTtNmj51tc3m/PXM28enHsmf8kV6GztdW23XaMzjznj7vFO7TG6IjM1ms5iazj0eZ2+zfF7xEbei1Z6J2Rx64+yJzHOPBN9fda61+XNptanxdU5xbNfo8Qelo1a9cT0cc855zPtWvDveadvM9t835kRXq6uvPrjq4Zzzx6tnZ9zPcbdk5noicViYx+7Xjjn4yD0REJUAAAEABQAQAFABAAUAAAAAAAAAEAAABQAQAFAAABAAUAAAAAAAEABQAQAAAADmCgAgAABIoAIAAACgACina012vsp+K8x1e5Z8WMOxBx8RGXeDmDj4nUZ8UmAROZjEcJUdr23yYmbW6r2t1Wnlx4R90NGRQAAAQAFABADkKAAACAAAAoAAAhBICgAgAKAAAAAAAAACAAAAoAAAAAIAAAAACgAgAKACAAAAAAoAIACgAAAAAAAAAAAAAgAAAAAKACAAoAIAAAAAAACgAAAAAgAAAAAKACAAoAAAIACgAgAKACAAAAoAIAAAAACgAgAAAAAKACAAoAAAAAAAAAIAAACgAAAAAgAAAAAKACAAAAoAIAAAAAAACgAAAAAgAKACAAoAAAIAAAAACgAgAAAKAAACAAoAAAAAIACgAgAKAAACAAAAAAoAIAAAAACgAAAgAAAKACAAAAAAoAAAIACgAgAKAAACAAAAAAoBzAAAIAQAgAAUAEADmAAoAIBgAAFAAABAAUAAAEDmAoAAAIACgAgAcgAAAFAAABAAUAEABQAQAFABAAUAAAAAEABQAAAAAQAFAAAAAAABAAUAAAAAEABQAAAQAFABAAUAAAAAEAAABQAQAAAFAAAAAAAAABAAUAAAAAAAAAEABQAAAAAQAFABAAAAUAEABQAAAAOQAAIAAACgAAAgAAAAAAAKAAACAAoAAAAAIACgAAAAAAAAAgAAAAAKACAAAAAAAAAAoAAAIGAAAAAAAFABAAUEAgkBQAQAAAFAAAAAADAAACAAAAAAoAIAAAAACgAgAKAAACAAAAoAA//Z', 1466421840183808, 1645929223798, 1645929223798, 0);
INSERT INTO attachments (userId, resourceId, size, width, height, name, mime, id, createdAt, updatedAt, version) VALUES (1466421840183328, 1466421840183808, 4554, 640, 360, 'img-1', 'image/jpeg', 1466421840183840, 1645929223799, 1645929223799, 0);
INSERT INTO resources (hash, encoding, content, id, createdAt, updatedAt, version) VALUES ('440392a23d56a425a41ade3c9e8cf9941179f05ac0dbe22f666f754c2050bfd3', 'BASE64', '/9j/4AAQSkZJRgABAgAAZABkAAD/7AARRHVja3kAAQAEAAAACgAA/+EDLGh0dHA6Ly9ucy5hZG9iZS5jb20veGFwLzEuMC8APD94cGFja2V0IGJlZ2luPSLvu78iIGlkPSJXNU0wTXBDZWhpSHpyZVN6TlRjemtjOWQiPz4gPHg6eG1wbWV0YSB4bWxuczp4PSJhZG9iZTpuczptZXRhLyIgeDp4bXB0az0iQWRvYmUgWE1QIENvcmUgNS41LWMwMTQgNzkuMTUxNDgxLCAyMDEzLzAzLzEzLTEyOjA5OjE1ICAgICAgICAiPiA8cmRmOlJERiB4bWxuczpyZGY9Imh0dHA6Ly93d3cudzMub3JnLzE5OTkvMDIvMjItcmRmLXN5bnRheC1ucyMiPiA8cmRmOkRlc2NyaXB0aW9uIHJkZjphYm91dD0iIiB4bWxuczp4bXBNTT0iaHR0cDovL25zLmFkb2JlLmNvbS94YXAvMS4wL21tLyIgeG1sbnM6c3RSZWY9Imh0dHA6Ly9ucy5hZG9iZS5jb20veGFwLzEuMC9zVHlwZS9SZXNvdXJjZVJlZiMiIHhtbG5zOnhtcD0iaHR0cDovL25zLmFkb2JlLmNvbS94YXAvMS4wLyIgeG1wTU06RG9jdW1lbnRJRD0ieG1wLmRpZDowNUJDMkU1RTQyMDIxMUU5OTk4RkJCNjMyNTY5RTk2QSIgeG1wTU06SW5zdGFuY2VJRD0ieG1wLmlpZDowNUJDMkU1RDQyMDIxMUU5OTk4RkJCNjMyNTY5RTk2QSIgeG1wOkNyZWF0b3JUb29sPSJBZG9iZSBQaG90b3Nob3AgQ0MgKE1hY2ludG9zaCkiPiA8eG1wTU06RGVyaXZlZEZyb20gc3RSZWY6aW5zdGFuY2VJRD0ieG1wLmlpZDo3MEZERjI3OTJCRDgxMUU2OUIyREM0OUM4MTBDNDI3MyIgc3RSZWY6ZG9jdW1lbnRJRD0ieG1wLmRpZDo3MEZERjI3QTJCRDgxMUU2OUIyREM0OUM4MTBDNDI3MyIvPiA8L3JkZjpEZXNjcmlwdGlvbj4gPC9yZGY6UkRGPiA8L3g6eG1wbWV0YT4gPD94cGFja2V0IGVuZD0iciI/Pv/uAA5BZG9iZQBkwAAAAAH/2wCEABQQEBkSGScXFycyJh8mMi4mJiYmLj41NTU1NT5EQUFBQUFBREREREREREREREREREREREREREREREREREREREQBFRkZIBwgJhgYJjYmICY2RDYrKzZERERCNUJERERERERERERERERERERERERERERERERERERERERERERERERERP/AABEIAWgCgAMBIgACEQEDEQH/xACOAAEAAgMBAQAAAAAAAAAAAAAABAUBAwYCBwEBAQEBAQEAAAAAAAAAAAAAAAEDAgQFEAEBAAECAwUFBQUHAwUBAAAAAQIRAyExBEFRcRIF8GGBwSKRobEyE9HhQnIGUmKCoiNDFDNTc/GSstIkNBEBAQACAgEFAQEAAAAAAAAAAAERAiExA0FRYRIyE1L/2gAMAwEAAhEDEQA/AOhAfPekAAAAAAAAAAAAAAAAAAAAAAAAAAAAAAAAAAAAAAAAAAAAAAAAAAAAAAAAAAAAAAAAAAAAAAAAAAAAAAAAAAAAAAAAAAAAAAAAAAAAAAAAAAAAAAAAAAAAAAAAAAAAAAAAAAAAAAAAAAAAAAAAAAAAAAAAAAAAAAAAAAAAAAAAAAClAClAAAAAAAAAAAAAClAClAClAClAAAAgAQgAQgAQgAQ7gA7juADuAAAAAAAAIAEIAEAAAAAAAApQApQAAAAAAAhAAhAAAAAAAAAApQApQAAAAAAAAA7zvADvO8AKUAKUAKUAKUAAACABCABCABCABAAAAAAAAAAAACABCABAAAAAAAAAAAAAAAAACEACEAAAAAAAAAClAClAAAAAAAAAAAAAClAClAAAAAAAAAAAAAAAAAAAAAAAAAAAAAAAAAAAAAAAAAAAAAAAAAAAAAAAAAAAAAAAAAAAAAAAAAAAAAAAAAAAAAAAAAAAAgAQgAQAAAAAAAAAAAAgAQgAQAAAAAAAClAClAAAAAAAAIQAIQAAAAAAAAAKUAKUAAAAAAAAAO87wA7zvAClAClAClAClAAAAgAQgAQgAQgAQAAAAAAAAAAAAgAQgAQAAAAAAAAAAAAAAAAAAAAAAAAAAAAAClAClAAAAAAAAAAAAAClAClAClAClAAAAgAQgAQgAQgAQ7gA7juADuAAAAAAAAIAEIAEAAAAAAAApQApQAAAAAAAAAAAAAAAAAAAAAAAAAAAAAAAAAAAAAAAAAAAAAAAAAAAAAAAAAAAAAAAAAAAAAAAAAAAAAAAAAAAAAAPE8QA8TxAD29vbwPb29vAAPb29vA8AA8DwADwPAAPA8AA8DwAAAAAAAAAAAAADwPAAPA8AAAAAAAAAAAAAAAAAAAAAAAAAAAAAAAAAAAAAAAAAAAA8TxADxPEAAAAAAAAAAAAAAAApQApQAAAAAAAAAAAAApQApQApQApQAAAIAEIAeJCAeJ4kIB4hDuADuO4AO4AAAAAAAPEIB4niQgHieJADxPEAPE9vb28QA9vb28T29vbxADwPApQPA8ClAAAAAAACEACEAAAAAAAAAClAClAAAAAAAAADvO8AO87wApQApQApQApQAAAIAEIAEIAEIAEAAAAAAAAAAAAIAEIAEAAAAAAAAAAAAAAAAAAAAAAAAAAAAAAAAAAAAAAAAAAAAAAAAAAAAAAAAAAAAAAAAAAAAAAAAAAAAAAAAAAAAAAAAAAAAAAAAAAAAAAAAAAAAAA5nMAOZzAAAAAAAAAAAAADmcwA5nMAAAAAAAAAAAgAQgAQAAAAAAAAAAAADmAR4y3cJfLxuXbMZrZr+HxPNuc/wBLP/L/APZ1NbUzHsjXN/DXy5a4ZXszmn2dn2Vs5JZZ2uQ5AgcgAAecsvL2a23SQnI9HGsTHHbtu9uzXhLjNMZLfv8AvbP+L090zy4y6aebLKy68uFung2nivrXH3jwc+TdOh6e/wC3j/7Y8zoely444Y8O3Hs+xf4/Kff4a6N2PRbeP5PNL/NlfutsRc8c9iee5Tc2u3L+Ke/hw0nby041zfFZ8rN5WwBk7AAAhAAhAAAAAAAAAApQApQAAAAAAAAA7zvADvO8AKUAKUAKUAKUAAACABCABCABCABAAAAAAAAAAAB43crjjbrpymvdr+x70YsmUsvGXhYTi8jZ1Ny6fbn6Okty7bx48eGtmt92vLkiY+qZXDK2ayeaTKTTjjh5vy34+3Fst3MZcNMdzbv8GfOfHjr7pp8Xr/lY4Y657NxxnP8AJZpy7+7uevXfW9VjZUnC49TjcdyS8csfLePCWxF28bjrhzmOVxxvu/dy1+L3ubuWedx2tMZ5ZbnONsy7uz8WMcZjNJ7e338XHls/Pq60l7ZPE0QOq9V2untww+vOcLJynjf2MJLemluO0/mKPDHr+uvmxtwxvKz6Z+2pm50d6Xbuee9uZZ8seNv1Xl9Pb8exp/P55cfZYaPGcylm5t6XLHXhe2ds93Z+DMx3s+OO3p/Plp+Gqs6j1TPYz8uU287/AHMrw8eBrptLmLdosMsem63c45aZWaXDLhdey8e7Wzhw4t2PQTG53zX6pZ4a/jp2dyjx6jq+vsmG3j5LeFuOsnxy4fZFlt/rbV/T3rLPL5r+n5sbLPC9vZppyvBt9sds8Z6S8OgmGeOcyumMnDw17dffre9ien+XLzTL+PLc0s/tfOacL2d1R9vHcyxn6mWWM5yTO68ePHLn7tNbJ72ybdxusyz4d+5lfml8uq/Sk9O8s1y3LNLjlbppxmvHu1uv3PG3lMcLtbGXmxty+rT6Z5rrz7dOXDn2tmeGOf55L48XrTg4vl/zFmnuxjjMZMZyk0jIMGgAAAAAAAAAAAAAAHM5gBzOYAAAAAAAAAfM+YAfM+YAczmAHM5gBzOYAczmAAAByADkcgA5HIAORyADkfIAPkfIAPkAAAAAAAHMIAACPNnLb3P1McpNvTTLHTSSe6/t76r+p9a8tuOxjrp/Fly+E/el+qzXp7PNMe3jefu9v3ofoW3sZ+bzyXclnl83d3xvpJZ9tuXFuLiM7HQ9Z1f1b+dxwy5468/8PKe2sWnT+ndPsSTHCWz+LLjdUrKZWaY3S96L0HUXdmeOX+3ncJe+Tlr73aM9TuYbWWP6m7cJlwxnDTh79Pmreu9awymmxLbLMvNeE4fej+uXLLenO4SaTu17fj3rXofTtnZwxysmed0vm5/YvE5c98K7Z6fr+r+rczywxvfdP8s0+9ZbHpPTbE/L5r358f3fcmbmVxxtxmt7J7djz0+eO7t45bd82NnC95m1cSPWW5jhpLdNeEiFvdJeo387hnlhnMcLjljf5uc7Wd/Z3d3qNrc2L9OOsz46Sz5+3JM/4OOW7N/PXzyaTS6TT5/EkS1Wzd6npfp6rDXH/u4cv8X7UzGzKTLG6zss5LCzXheMQOr6PHb2rudPPJlhrn5ceEy91nK6/a528WeYs39wa+m35v7eO7jNJlOTY81mK1AAAAApQApQAAAIAEIAEIAEIAEIAAAAAAAAAAAAAEIAEIAAAAAAAAAAAAAAAAAAAAAAAAAAAADGsk1vCTtapN7qeGxpht3/AHMuOv8ALPnfhrwrZsdP+tnnnuaZbc+nHHs4c7e+69/LRY6dz0ePx+tZ7bekQZ0fTdNhM97TK4/7m7xv235Oe9NzmXXTKcdbn+Fddnt47k8ucmU7rNUXD0zpsN2b2GExyndwn2cm2PZnl682vCcb7jY6PHa1vblbldOWt/H4pGX0TXGa6dkcp6j6h1uWdmXm2sZdJJrP83b+CSSdrblYeu9VszZ/4+Nnn1x+nHs09uR6Fncunst10y0n2RT9H6bv9bfNjNMbzzy9uLqej9O2ulw8mOt15+bj93JbMkuGeOfDGazvvJnpuhw6bbm1jrcZ3pQTWRLcsaaMg6QYvGIHqfW7fT7Vnm0z4aYy/VzVuz/UG5u7+OHkkwysx07eN011Bv8ATtcdvLDswz3MZ8KlonRc973buaW8O/6r0a9AMuVYAAAAAAAAAAAAAAAAAAAAAAAAAAAAAAAAAAAAAAAAAAAAAAAAAAAAAAAAAAAAJzOwBTdfv5Y9Nj5LZ/q7nK6crWvpvXuo2ZMdzTcnv4X7Wvrbr0+3f7+9/wDJXPdr0897df03rnTb/DK+TLuz/asplLNY+fPW3u57N823lcb3yukfQDSOY6X+odzDTHfx80/tY8L+/wC50HTdVt9Vh59q6z8EG/QBQAAAByPqPSbm71m55MbZrjreyayLXofQ9vYym7uXz5zjj2Sfv+Kx62T9HL4fjEhyqk6Lnv8A/mzS0Xovzb//AJc0p5N/1W+vQGgzUAUAAAAAAAAAAAAAAAAAAAAAAAAAAAAAAAAAAAAAAAAAAAPEAPE8QA8QAAAAAAAAAADsCMzmDnOqn/5drScJnuzv7e9XrHqpJ0uEknDd3J7e18Vc92vTz0AdIOj/AKa/JufzT8HOOk/pr8m5/NPwQXwCgADR1PUTp8ZnZbNZLp2a9t907Vdh61s7+/ht43KTzc9OGWvCTv58mz1jek6bcwxv1SY6z3W6OX6THXf25354/ig7TrP+jl8Pxje0buzrtfp7c05SeEbsspjLlldJONtBUdJNLu3v3c0lq2LLjcpyyyzynhcrp9vNteLf9V6J0UByoAAAAAAAAeAAeB4AB4HgAAAAAAAAAAAAAAAAAHgeBzOYHgeBzOYAAAAAAAAAAAAAAAAAAAAAAAAAAB2gCl6/buPTXXs3sv8ANNVOv+svn/U6fPTGZ3HPbzv5dZJwt+Cj3NrPb/NNNeV7L4Xt+D2aXiMNpy8ANHI6X+mv+lufzfJzTp/6bn+jnf7/AMoguwFAAGvd2sd3DLDKcMppUDpfSen6K3e1tsn5s7OHt3vXUeq7OEuO1/q7nZjt/V9tQLsdT1t16vLy4f8Aaw+ftfg422mvbqS3pP3/AFXbxlx2J+rn3YcZx5a5ckPLpuo6nKZdTufTLrdrCfT4e/4xL29vHbxmGE0xnZHvm8+3kt64jSaSdsEBk7CAAAAAAAAAAAAAAABSgBSgAAAAAAAAAAAABSgBSgBSgBSgAAAQAIQAIQIBCEIBDuIAdx3AB3AAAAAAAADLAMxG3ulm5LJw83PG8cb8OGnjLOPPVIFzZ0Yc71Hp9w82WM007MrwnLlneGU+y9+qBlhljp5pZrNZq7G8EPe6DHKWbfCc/JnPNhr+OP8Ahsba+X02Z3T2czydT/Ts06fL+e/hFXv+lzHG563b07Mp5sfhcdbp/NNe9eej7U2enmPmmWtuWuN1nFvNpemeMLEQ8/UtjHK7eN82c/hwmv7p8ar9ydV1nDdy/S2/7GF+q+OSXeTsktT9/wBU2Nrhjl+pn2Ybf1X7lbubXV9b/wD0Zfpbf/bw5/G/+s9yXtbOGzj5duTGe5sYbeW3rhrNJ6te1s4bOPk25MZ7mzQGLsAAoABPkAAAAAAAAAAAAAAAAAAAAAAAAAAAAAAAAAAAAQgAQgAAAAAAAFAClACgAAAAAAAAAAAAAAAACv3/AEna38/1JbjbePl9vbmsOQstnM4LMtXT9Nh02H6e3NJ2++tpBLzyAAFDsAAEAKKAAAAAAAAAAAAAAAAAAAAAAAAAAAAAAAAAAAAAAAAAAAAAAAAAAAAAAAAAAAAAAAAACAAoAAAAAAAAAIACgAAAD//Z', 1466421840183872, 1645929223799, 1645929223799, 0);
INSERT INTO attachments (userId, resourceId, size, width, height, name, mime, id, createdAt, updatedAt, version) VALUES (1466421840183328, 1466421840183872, 5082, 640, 360, 'img-2', 'image/jpeg', 1466421840183904, 1645929223799, 1645929223799, 0);
INSERT INTO resources (hash, encoding, content, id, createdAt, updatedAt, version) VALUES ('a1b2369523a030c91bda13dcf872c04b29542589ac2f920a91fee34dfe00a5c4', 'BASE64', '/9j/4QAYRXhpZgAASUkqAAgAAAAAAAAAAAAAAP/sABFEdWNreQABAAQAAAAKAAD/4QMsaHR0cDovL25zLmFkb2JlLmNvbS94YXAvMS4wLwA8P3hwYWNrZXQgYmVnaW49Iu+7vyIgaWQ9Ilc1TTBNcENlaGlIenJlU3pOVGN6a2M5ZCI/PiA8eDp4bXBtZXRhIHhtbG5zOng9ImFkb2JlOm5zOm1ldGEvIiB4OnhtcHRrPSJBZG9iZSBYTVAgQ29yZSA1LjUtYzAxNCA3OS4xNTE0ODEsIDIwMTMvMDMvMTMtMTI6MDk6MTUgICAgICAgICI+IDxyZGY6UkRGIHhtbG5zOnJkZj0iaHR0cDovL3d3dy53My5vcmcvMTk5OS8wMi8yMi1yZGYtc3ludGF4LW5zIyI+IDxyZGY6RGVzY3JpcHRpb24gcmRmOmFib3V0PSIiIHhtbG5zOnhtcD0iaHR0cDovL25zLmFkb2JlLmNvbS94YXAvMS4wLyIgeG1sbnM6eG1wTU09Imh0dHA6Ly9ucy5hZG9iZS5jb20veGFwLzEuMC9tbS8iIHhtbG5zOnN0UmVmPSJodHRwOi8vbnMuYWRvYmUuY29tL3hhcC8xLjAvc1R5cGUvUmVzb3VyY2VSZWYjIiB4bXA6Q3JlYXRvclRvb2w9IkFkb2JlIFBob3Rvc2hvcCBDQyAoTWFjaW50b3NoKSIgeG1wTU06SW5zdGFuY2VJRD0ieG1wLmlpZDpDRDQ2NTJFMjQyMDQxMUU5OTk4RkJCNjMyNTY5RTk2QSIgeG1wTU06RG9jdW1lbnRJRD0ieG1wLmRpZDpDRDQ2NTJFMzQyMDQxMUU5OTk4RkJCNjMyNTY5RTk2QSI+IDx4bXBNTTpEZXJpdmVkRnJvbSBzdFJlZjppbnN0YW5jZUlEPSJ4bXAuaWlkOkNENDY1MkUwNDIwNDExRTk5OThGQkI2MzI1NjlFOTZBIiBzdFJlZjpkb2N1bWVudElEPSJ4bXAuZGlkOkNENDY1MkUxNDIwNDExRTk5OThGQkI2MzI1NjlFOTZBIi8+IDwvcmRmOkRlc2NyaXB0aW9uPiA8L3JkZjpSREY+IDwveDp4bXBtZXRhPiA8P3hwYWNrZXQgZW5kPSJyIj8+/+4ADkFkb2JlAGTAAAAAAf/bAIQAFBAQGRIZJxcXJzImHyYyLiYmJiYuPjU1NTU1PkRBQUFBQUFERERERERERERERERERERERERERERERERERERERAEVGRkgHCAmGBgmNiYgJjZENisrNkREREI1QkRERERERERERERERERERERERERERERERERERERERERERERERERE/8AAEQgBaAKAAwEiAAIRAQMRAf/EAHQAAQADAQEAAAAAAAAAAAAAAAABAwQCBQEBAQEBAQEAAAAAAAAAAAAAAAECBAMFEAEAAgIAAwgDAQEAAAAAAAAAAQIRA1GRBCExQXESUjMU0TITYUIRAQEAAgICAgMAAAAAAAAAAAABEQIhEjEDQVFhMhP/2gAMAwEAAhEDEQA/APYAafSAAAAAAAAAAAAAAAAAAAAAAAAAAAAAAAAAAAAAAAAAAAAAAAAAAAAAAAAAAAAAAAAAAAAAAAAAAAAAAAAAAAAAAAAAAAAAAAAAAAAAAAAAAAAAAAAAAAAAAAAAAAAAAAAAAAAAAAAAAAAAAAAAAAAAAAAAAAAAAAAAAAAAAAAAAAAAAAAAAAAAAAAAAAAAAAAAAAAAAAAAAAAAAAAAAAAAAAAAAAAAAAAAAAAAAAAAAAAAAAAAAAAAAAAAAAAAAAAAAAAAAAAAAAAAAAAAAAAAAAAAAAAAAAAAAAAAAAAAAAAAAAAAAAAAAAAAAAAAAAAAAAAAAAAAAAAAAAAAAAAAAAAAAAAAAAAAAAAAAAAAAAAAAAAAAAAAAAAAAAAAAAAAAAAAAAAAAAAAAAAAAAAAAAAAAAAAAAAAAAAAAAAAAAAAAAAAAAAAAAAAAAAAAAAAAAAAAAAAAAAAAAAAAAAAAAAAAAAAAAAAAAAAAAAAAAAAAAAAAAAAAAAAAAAAAAAAAAAAAAAAAAAAAAAAAAAAAAAAAAAAAAAAAAAAAAAAAAAAAAAAAAAAAAAAAAAAAAAAAAAAAAAAAAAAAAAAAAAAAAAAAAAAAAAAAAAAAAAAAAAAAAAAAAAAAAAAAAAAAAAAAAAAAAAAAAAAAAAAAAAAAAAAAAAAAAAAAAABMW9M55u7a5zivbHgjPbF5Vi6OmvPgi3T3jwVO+v2qFlY9GbT4d3mr7xqXIAKAAAAAAAAAAAAAAAAAAAAAAAAAAAAAAAAAAAAAAAAAAAAAAAAAAAAAAAAAAAAAAAAAAAAAAA71U9dogS3Eyt6fp/X227m+tYrGI7iIxGIZ9Oi2u82m0zlHFtt25y0gIw4vrrsjEvP3aZ1T/jVXReNs7JtOOGVu2nrrMK9NN+t/DywmMTgV2gAAAAAAAAAAAAAAAAAAAAAAAAAAAAAAAAAAAAAAAAAAAAAAAAAAAAAAAAAAAAAAAAAAACEu9VPXaIEtxy4W9Nsprtm8xEY8W/+FMYwzatVY2zWYiYiEeF9k21sXfc0e+vM+5o99ebv+NPbHI/jr9schz8K/uaPfXmfc0e+vNZ/HX7Y5H8dftjkhwr+5o99eZ9zR7683f8AHXH/ADHJzOqntjkpww7Ji1pms5iXDTXVFtk8I8F9tVLRjA6v6TXEeeExjsFewAAAAAAAAAAAAAAAAAAAAAAAAAAAAAAAAAAAAAAAAAAAAAAAAAAAAAAAAAAAAAAAAAAu6b5IUrum+SBnf9a9Jmp89vL8NLLT57eX4Rxa/LUgRM4RlKJthzNuDkEzOUQhMAp1/JZdCjX8ll8De3mPOt3z5oTbvnzQ07Z4ABQAAAAAAAAAAAAAAAAAAAAAAAAAAAAAAAAAAAAAAAAAAAAAAAAAAAAAAAAAAAAAAABd03yQpMzHbE4niJtMzD2GWnz28vwo+9sxj0xnjnsT0kzN5mZzOEck0sltbpthxM5Jco8koAEJhBAKtfyWXQxbL217JtXlxTbq72j01r6Z45V7XS2yq7d8+aAV1zwAAAAAAAAAAAAAAAAAAAAAAAAAAAAAAAAAAAAAAAAAAAAAAAAAAAAAAAAAAAAAAAAAAAAOte2dU+qIzxhyCWZmGyvV6tkxWJ7Z8FrFp/ePNtZce+s1qvZvpqxF5xlNNldkeqk5juU9T3x5O+m/SfMLpOvZZPYpnrNUfrOZ4RErp7pYBfXpNibTacz3yA07JMcAAAAAAAAAAAAAAAAAAAAAAAAAAAAAAAAAAAAAAAAAAAAAAAAAAAAAAAAAAAAAAAAAAAAAACEgO9U4vGeLdMdrzp4Oo37qxiLRj/Y7Uw8PZpdvC7qpj1RHCHXTfrMeOWSI4zmeMpi1qz6qTiRbpevX5b7dkTM8GAtfZs/eezhEYBfXpdfIAr1AAAAAAAAAAAAAAAAAAAAAAAAAAAAAAAAAAAAAAAAAAAAAAAAAAAAAAAAAAAAAAAAAAAAAAAAAAAAAAAAAAAAAAAAAAAAAAAAAAAAAAAAAAAAAAAAAAAAAAAAAAAAAAAAAAAAAAAAAAAAAAAAAAAAAAAAAAAAAAAAAAAAAAAAAAAAAAAAAAAAAAAAAAAAAAAAAAAAAAAAAAAAAAAAAAAAAAAAAAAAAAAAAAAAAAAAAAAAAAAAAAAAAAAAAAAAAAAAAAAAAAAAAAAAAAAAAAAAAAAAAAAAAAAAAAAAAAAAAAAAAAAAAAAAAAAAAAAAAAAAAAAAAAAAAAAAAAAAAAAAAAAAAAAAAAAAAAAAAAAAAAAAAAAAAAAAAAAAAAAAAAAAAAAAAAAAAAAAAAAAAAAAAAAAAAAAAAAAAAAAAAAAAAAAAAAAAAAAAAAAAAAAAAAAAAAAAAAAAAAAAAAAAAAAAAAAAAAAAAAAAAAAAAAAAAAAAAAAAAAAAAAAAAAAAAAAAAAAAAAAAAAAAAAAAAAAAAAAAAAAAAAAAAAAAAAAAAAAAAAAAAAAAAAAAAAAAAAAAAAAAAAAAAAAAAAAAAAAAAAAAAAAAAAAAAAAAAAAAAAAAAAAAAAAAAAAAAAAAAAAAAAAAAAAAAAAAAAAAAAAAAAAAAAAAAAAAAf/Z', 1466421840183936, 1645929223799, 1645929223799, 0);
INSERT INTO attachments (userId, resourceId, size, width, height, name, mime, id, createdAt, updatedAt, version) VALUES (1466421840183328, 1466421840183936, 3102, 640, 360, 'img-3', 'image/jpeg', 1466421840183968, 1645929223800, 1645929223800, 0);
INSERT INTO resources (hash, encoding, content, id, createdAt, updatedAt, version) VALUES ('0f184778fdd4273749c379b248de0413607a81930ecf71521b715cf700fb9c6d', 'BASE64', '/9j/4QAYRXhpZgAASUkqAAgAAAAAAAAAAAAAAP/sABFEdWNreQABAAQAAAAKAAD/4QMsaHR0cDovL25zLmFkb2JlLmNvbS94YXAvMS4wLwA8P3hwYWNrZXQgYmVnaW49Iu+7vyIgaWQ9Ilc1TTBNcENlaGlIenJlU3pOVGN6a2M5ZCI/PiA8eDp4bXBtZXRhIHhtbG5zOng9ImFkb2JlOm5zOm1ldGEvIiB4OnhtcHRrPSJBZG9iZSBYTVAgQ29yZSA1LjUtYzAxNCA3OS4xNTE0ODEsIDIwMTMvMDMvMTMtMTI6MDk6MTUgICAgICAgICI+IDxyZGY6UkRGIHhtbG5zOnJkZj0iaHR0cDovL3d3dy53My5vcmcvMTk5OS8wMi8yMi1yZGYtc3ludGF4LW5zIyI+IDxyZGY6RGVzY3JpcHRpb24gcmRmOmFib3V0PSIiIHhtbG5zOnhtcD0iaHR0cDovL25zLmFkb2JlLmNvbS94YXAvMS4wLyIgeG1sbnM6eG1wTU09Imh0dHA6Ly9ucy5hZG9iZS5jb20veGFwLzEuMC9tbS8iIHhtbG5zOnN0UmVmPSJodHRwOi8vbnMuYWRvYmUuY29tL3hhcC8xLjAvc1R5cGUvUmVzb3VyY2VSZWYjIiB4bXA6Q3JlYXRvclRvb2w9IkFkb2JlIFBob3Rvc2hvcCBDQyAoTWFjaW50b3NoKSIgeG1wTU06SW5zdGFuY2VJRD0ieG1wLmlpZDowRjdGRjEzMzQyMDYxMUU5OTk4RkJCNjMyNTY5RTk2QSIgeG1wTU06RG9jdW1lbnRJRD0ieG1wLmRpZDowRjdGRjEzNDQyMDYxMUU5OTk4RkJCNjMyNTY5RTk2QSI+IDx4bXBNTTpEZXJpdmVkRnJvbSBzdFJlZjppbnN0YW5jZUlEPSJ4bXAuaWlkOjBGN0ZGMTMxNDIwNjExRTk5OThGQkI2MzI1NjlFOTZBIiBzdFJlZjpkb2N1bWVudElEPSJ4bXAuZGlkOjBGN0ZGMTMyNDIwNjExRTk5OThGQkI2MzI1NjlFOTZBIi8+IDwvcmRmOkRlc2NyaXB0aW9uPiA8L3JkZjpSREY+IDwveDp4bXBtZXRhPiA8P3hwYWNrZXQgZW5kPSJyIj8+/+4ADkFkb2JlAGTAAAAAAf/bAIQAFBAQGRIZJxcXJzImHyYyLiYmJiYuPjU1NTU1PkRBQUFBQUFERERERERERERERERERERERERERERERERERERERAEVGRkgHCAmGBgmNiYgJjZENisrNkREREI1QkRERERERERERERERERERERERERERERERERERERERERERERERERE/8AAEQgBaAKAAwEiAAIRAQMRAf/EAIoAAQACAwEAAAAAAAAAAAAAAAAEBQEDBgIBAQADAQEBAAAAAAAAAAAAAAABAgMEBQYQAQACAQIEBAMGBgIDAAAAAAABAgMRBCExEgVBUSITYXEy8IGRobFC0VJyIzMUwZIVBhYRAQACAgICAQMEAwAAAAAAAAABAhEDIRIxBEFRIhPwYcFC0TIj/9oADAMBAAIRAxEAPwC4AVYAAAAAAAAAAAAAAAAAAAAAAAAAAAAAAAAAAAAAAAAAAAAAAAAAAAAAAAAAAAAAAAAAAAAAAAAAAAAAAAAAAAAAAAAAAAAAAAAAAAAAAAAAAAAAAAAAAAAAAAAAAAAAAAAAAAAAAAAAAAAAAAAAAAAAAAAAAAAAAAAAAAAAAAAAAAAAAAAAAAAAAAAAAAAAAAAAAAAAAAAAAAAAAAAAAAAAAAAAAAAAAAAAAAAAAAAAAAAAAAAAAAAAAAAAAAAAAAAAAAAAAAAAAAAAAAAAAAAAAAAAAAAAAAAAAAAAAAAAAAAAAAAAAAAAAAAAAAAAAAAAAAAAAAAAAAAAAAAAAAAAAAAAAAAAAAAAAAAAAAAAAAAAAAAAAAAAAAAAAAAAAAAAAAAAAAAAAAAAAAAAAAAAAAAAAAAAAAAAAAAAAAAAAAAAAAAAAAAAAAAAAAAAAAAAAAAAAAAAAAAAAAAAAAAAAAAAAAAAAAAAAAAAAAAAAAAAAAAAAAAAAAAAAAAAAAAAAAAAAAAAAAAAAAAAAAAAAAAAAAAAAAAAAAAAAAAAAAAAAAAAAAAAAAAAAAAAAAAAAAAAAAAAAAAAAAAAAAAAAAAAAAAAAAAAAAAAAAAAAAAAAAAAAAAAAAAAAAAAAAAAAAAAAAAAAAAAAAAAAAAAAAAAAAAAAAAAAAAAAAAAAAAAAAAAAAAAAAAAAAAAAAAAAAAAAAAAAAAAAAAAAAAAAAAAAAAAAAAAAAAAAAAAAAAAAAAAAAAAAAAAAAAAAAAAAAAAAAAAAAAAAAAAAAAAAAAAAAAAAAAAAAAAAAAAAAAAAAAAAAAAAAAAAAAAAAAAAAAAAAAAAAAAAAAAAAAAAAAAAAAAAAAAAAAAAAAAAAAAAAAAAAAAAAAAAAAAAAAAAAAAAAAAAAAAAAAAAAAAAAAAAAAAAAAAAAAAAAAAAAAAAAAAAAAAAAAAAAAAAAAAAAAAAAAAAAAAAAAAAAAAAAAAAAAAAAAAAAAAAAAAAAAAAAAAAAAAAAAAAAAAAAAAAAAAAAAAAAAAAAAAAAAAAAAAAAAAAAAAAAAAAAAAAAAAAAAAAAAAAAAAAAAAAAAAAAAAAAAAAAAAAAAAAAAAAAAAAAAAAAAAAAAAAAAAAAAAAAAAAAAAAAAAAAAAAAAAAAAAAAAAAAAAAAAAAAAAAAAAAAAAAAAAAAAAAAAAAAAAAAAAAAAAAAAAAAAAAAAAAAAAAAAAAAAAAAAAAAAAAAAAAAAAAAAAAAAAAAAAAAAAAAMXvFIm1p0iBOM8Mivnu2OJ0iszHmm4stcteuk6xKZiY8tb6dmuO164iXsBDEAAAAAAAAAAAAAAAAAAAAAAAAAAAAAAAAAAAAAAAAAAAAAAAAAAAAAAAAAAAAAABB3ncIwz0UjW3j8ExEz4aa9dtlutIzKcK7ab7Jmv0TXq/p5wsSYmPKdmq2qet/IAhkAAAATOjRXeYbW6ItGrbTd7fHlnHuNNJrrx5OczTSb2nH9Gs9PyXrXPl6Hrep+WJ75rxmsulbdjucNr5MdpiLV/m8ldhy5ce39zLWdYj0zMfV5KO0zadZ4zPFNa+VtHqd5vFp/14iYb957fv39r6Oqel72Oe2HJpGs1n6oj9UV0v/rnt+1fT/J1cfl4NLcQ9P2JimmYtHaPD2Nm6mlM3RE8Zjq0a3O+bmJjyACAAAAAAAAAAAAAAAAAAAAAAAAAAAAAAAAAAAAAAAAAAAAAAAAAAAAAAAAAAAAHnJ7nTPtVm19OEQ5vJS9LTXJExbx15uv7Xlx5q3tSdZiemVD3zNTNuf7fHpiKzPxa044ev6MzS065r58z9GOz7zFtslve+m0aa+Sdi3tdxltFPp/b8fNz6Vsa5LZI9qNbRxWtXPLp9r1q2i23+2F8Hzb9vrrM1jW0RwYPAaBti2XLGu4p0erSJ84es05otFIxx7fHqn+UThoZrWbTERzlhjFvsO3zdOWdPTrEkRlNKTecVjKl7ptr7fPMZJi029UTHkj222WtPcmlop/NMcErfb6u63MZtPRWYiInxiJ/5X+77ngnbWvjtW0zGkV+fwdGZiIe9O3Zrrqr0zM8SlbLLO4xVzTHTrHJyPcYrG5yRTl1TyWv/wBBFcEUpWfdiOnX9sfFQTMzOs8ZlFYxKvq6bUte9o6x4iHvFivltFMcTa0+EPdb5tnk9OtLxzS+z7ym0zTbJ9No6dfJju+7x7rP14vpiIrr5rfOPh0za07PxTT/AJ48o9cufcZovEzbLMxo6K1LY56b8/HRzODLbDkrkp9VZ1hdbfuV97knriI0jhopeHD72qZiLViOtISgGLxQAAAAAAAAAAAAAAAAAAAAAAAAAAAAAAAAAAAAAAAAAAAAAAAAAAAAAAAAAB5z7XJuMN/anSY/P4PSJXcbrNnvtMFois85mOUacVqxy6NFJtbtGI6fdOVJXJan0zMa89J0WPZNlTdZp9yNa0jXTzmUffduy7G0RfSaz9Noe+27rJsrzmrWbY/pv5fi3nmOHv7J76rW0zzbxK67z2/D7E5aVitqeXDgruwZKxntjt++ukfcdy7zO8p7WOs1rztrzlVUm1bRNNeqOMaKxE4xLHVpvOi2vbxM+P2dZuMfRLVFprOscJU+bu2fcVit9I6eOsRpM6Lenr008dPzZWjDx92m2qY7fKXk1vniJ5cGnJlveZiZnTXkmzj/AL9beEQrrc5+arGWELLsYz7mlr/454W+7+KaJicLa9ltU9qecYVve9rhwXrXBXSdPVEcvgq4pPHhP4O6vaa9No0ikcbzPlp4FZ9ydY0nHMcNOerSLvRp7k1pFJjMx85UPZO24c9Jy5o6p16YrPgr+7bfHt9zamL6dInTy+DrK44pk0rw1jih5+2bLriMkaXvM6eqdZki3OTX7WNk7L56z/VyJETadIjWZ8IdZfsmypHVaNI85s34O2bfaWjJjiYty1181u8Oqfepj7YnKn7Jmwbabxn9OXWIjq/Rp3N7bDd3maxpf1aRPhK17vtYtivkxVjriNb3nnpHk5e2Sb21vM2n4z4Ec8q6qxvm2yfFoxav+HSUvGSsWrxiXppnfbW1qY9vGkTHLTTSfJuYzGHjbKTScTEx9MgCGQAAAAAAAAAAAAAAAAAAAAAAAAAAAAAAAAAAAAAAAAAAAAAAAAAAAAAAAA0UmdruP9msTato6bxHP5w3sxE2nSOMpicNKXmk8fPEwjdy3f8A5KsYNrWbTX12mY0/Vo2vcse32l9tkrPX6o0056+fydLjw1rWImI10YnbYpnWaVmf6YXz8O2u+vWNc0+2Jz55y4KIlc9jyVxXtHDrtEdM/q6WNvijlSv/AFh7ila8oiEzbLXb7c7KzTriJc9v9pbcZazSOM/XOn24rTa7WaR1TwmI9MSnMqOK1ptERPivhBjPn4zetYrHjE6oSXvM3VPRXlHP5oissLDzkiZjSvN6BV6xb+2Ont5adURwbKdzx446a0mI+5pDK3aW/Dv/AHc8cNInhzT8lIn+5MazWJmvDkocmK2vVVIp3HPjjS0RPzhOVot9UzbWjfYZjPWJjVM6OGk8dFVXus1jSKR+LzbuuWfpiI/MyntCHuN5utzTNhx01rEz1W+Hl9vB6wZdj/o9N+nq6Z1j93V8EradWT3YtEz1xrMR6dZ5c2Y7HtJtpEW0059f5NImHdTdrmvWYmkROY6/yrdjtLYNvO/i0dVYtpWY1jy4/FPpMzWJnnMQ3bjYYcNa9NeXD7fH4tSlpy5vY2/knP6x9ABVygAAAAAAAAAAAAAAAAAAAAAAAAAAAAAAAAAAAAAAAAAAAAAAAAAAAAAAANWXLNJ0hO2m+w6RW3pt+U/eizWLcJa5wVnlwExOF/ExMaxxhlz9KZMf0WmG339zH7/t+Ccr9l2KSNzuo/dH5E7ncz+6I+RlPaF1a0VjWZ0hWbnuUR6cXHzt/BCvTJk43tr8yNvHjJlWbNtbRaNYZYrEVjSGUKAAAAAAGgAMRN6W66Tx5aTye6bjJjnWlKRM+UPIJyxlvlzzE5JiIjlEMgAAIAAAAAAAAAAAAAAAAAAAAAAAAAAAAAAAAAAAAAAAAAAAAAAAAAAAAAAAAAAAAAAAAAAAAAAAAAAAAAAAAAAAAAAAAAAAAAAAAAAAAAAAAAAAAAAAAAAAAAAAAAAAAAAAAAAAAAAAAAAAAAAAAAAAAAAAAAAAAAAAAAAAAAAf/9k=', 1466421840184000, 1645929223800, 1645929223800, 0);
INSERT INTO attachments (userId, resourceId, size, width, height, name, mime, id, createdAt, updatedAt, version) VALUES (1466421840183328, 1466421840184000, 4338, 640, 360, 'img-4', 'image/jpeg', 1466421840184032, 1645929223800, 1645929223800, 0);
INSERT INTO resources (hash, encoding, content, id, createdAt, updatedAt, version) VALUES ('74320ce02334225a6b65279fe6714f2b12b65dfb5650de0102b2428288176119', 'BASE64', '/9j/4QAYRXhpZgAASUkqAAgAAAAAAAAAAAAAAP/sABFEdWNreQABAAQAAAAKAAD/4QMsaHR0cDovL25zLmFkb2JlLmNvbS94YXAvMS4wLwA8P3hwYWNrZXQgYmVnaW49Iu+7vyIgaWQ9Ilc1TTBNcENlaGlIenJlU3pOVGN6a2M5ZCI/PiA8eDp4bXBtZXRhIHhtbG5zOng9ImFkb2JlOm5zOm1ldGEvIiB4OnhtcHRrPSJBZG9iZSBYTVAgQ29yZSA1LjUtYzAxNCA3OS4xNTE0ODEsIDIwMTMvMDMvMTMtMTI6MDk6MTUgICAgICAgICI+IDxyZGY6UkRGIHhtbG5zOnJkZj0iaHR0cDovL3d3dy53My5vcmcvMTk5OS8wMi8yMi1yZGYtc3ludGF4LW5zIyI+IDxyZGY6RGVzY3JpcHRpb24gcmRmOmFib3V0PSIiIHhtbG5zOnhtcD0iaHR0cDovL25zLmFkb2JlLmNvbS94YXAvMS4wLyIgeG1sbnM6eG1wTU09Imh0dHA6Ly9ucy5hZG9iZS5jb20veGFwLzEuMC9tbS8iIHhtbG5zOnN0UmVmPSJodHRwOi8vbnMuYWRvYmUuY29tL3hhcC8xLjAvc1R5cGUvUmVzb3VyY2VSZWYjIiB4bXA6Q3JlYXRvclRvb2w9IkFkb2JlIFBob3Rvc2hvcCBDQyAoTWFjaW50b3NoKSIgeG1wTU06SW5zdGFuY2VJRD0ieG1wLmlpZDpCODQ5NDA2MjQyMDUxMUU5OTk4RkJCNjMyNTY5RTk2QSIgeG1wTU06RG9jdW1lbnRJRD0ieG1wLmRpZDpCODQ5NDA2MzQyMDUxMUU5OTk4RkJCNjMyNTY5RTk2QSI+IDx4bXBNTTpEZXJpdmVkRnJvbSBzdFJlZjppbnN0YW5jZUlEPSJ4bXAuaWlkOkI4NDk0MDYwNDIwNTExRTk5OThGQkI2MzI1NjlFOTZBIiBzdFJlZjpkb2N1bWVudElEPSJ4bXAuZGlkOkI4NDk0MDYxNDIwNTExRTk5OThGQkI2MzI1NjlFOTZBIi8+IDwvcmRmOkRlc2NyaXB0aW9uPiA8L3JkZjpSREY+IDwveDp4bXBtZXRhPiA8P3hwYWNrZXQgZW5kPSJyIj8+/+4ADkFkb2JlAGTAAAAAAf/bAIQAFBAQGRIZJxcXJzImHyYyLiYmJiYuPjU1NTU1PkRBQUFBQUFERERERERERERERERERERERERERERERERERERERAEVGRkgHCAmGBgmNiYgJjZENisrNkREREI1QkRERERERERERERERERERERERERERERERERERERERERERERERERE/8AAEQgBaAKAAwEiAAIRAQMRAf/EAHkAAQACAwEAAAAAAAAAAAAAAAADBAECBQYBAQEBAQAAAAAAAAAAAAAAAAACAQMQAQACAQIEAwYFBAEFAAAAAAABAgMRMSFBEgRRYdFxgZEiMlLwoUITBbHB4RTSYnIjM0MRAQEBAQEBAAAAAAAAAAAAAAABEQJRMf/aAAwDAQACEQMRAD8A7ADq4gAAAAAAAAAAAAAAAAAAAAAAAAAAAAAAAAAAAAAAAAAAAAAAAAAAAAAAAAAAAAAAAAAAAAAAAAAAAAAAAAAAAAAAAAAAAAAAAAAAAAAAAAAAAAAAAAAAAAAAAAAAAAAAAAAAAAAAAAAAAAAAAAAAAAAAAAAAAAAAAAAAAAAAAAAAAAAAAAAAAAAAAAAAAAAAAAAAAAAAAAAAAAAAAAAAAAAAAAAAAAAAAAAAAAAAAAAAAAAAAAAAAAAAAAAAAAAAAAAAAAAAAAAAAAAAAAAAAAAAAAAAAAAAAAAAAAAAAAAAAAAAAAAAAAAAAAAAAAAAAAAAAAAAAAAAAAAAAAAAAAAAAAAAAAAAAAAAAAAAAAAAAAAAAAAAAAAAAAAAAAAAAAAAAAAAAAAAAAAAAAAAAAAAAAAAAAAAAAAAAAAAAAAAAAAAAAAAAAAAAAAAAAAAAAAAAAAAAAAAAAAAAAAAAAAAAAAAAAAAAAAAAAAAAAAAAAAAAAAAAAAAAAAAAAAAAAAAAAAAAAAAAAAAAAAAAAAAAAAAAAAAAAAAAAAAAAAAAAAAAAAAAAAAAAAAAAAAAAAAAAAAAAAAAAAAAAAAAAAAAAAAAAAAAAAAAAAAAAAAAAAAAAAAAAAAAAAAAAAAAAAAAAAAAAAAAAAAAAAAAAAAAAAAAAAAAAAAAAAAAAAAAAAAAAAAAAAAAAAAAAAAAAAAAAAAAAAAAAAAAAAAAAAAAAAAAAAAAAAAAAAAAAAAAAAAAAAAAAAAAAAAAAAAAAAAAAAAAAAAAAAAAAAAAAAAAAAAAAAAAAAAAAAAAAAAAAAAAAAAAAAAAAAAAAAAAAAAAAAAAAAAAAAAAAAAAAAAAAAAAAAAAAAAAAAAAAAAAAAAAAAAAAAAAAAAAAAAAAAAAAAAAAAAAAAAAAAAAAAAAAAAAAAAAAAAAAAAAAAAAAAAAAAAAAAAAAAAAAAAAAAAAAAAAAAAAAAAAAAAAAAAAAAAAAAAAAAAAAAAAAAAAAAAAAAAAAAAAAAAAAAAAAAAAAAAAAAAAAAAAAAAAAAAAAAAAAAAAAAAAAAAAAAAAAAAAAAAAAAAAAAAAAAAAAAAAAAAAAAAAAAAAAAAAAAAAAAAAAAAAAAAAAAAAAAAAAAAAAAAAAAAAAAAAAAAAAAAAAAAAAAAAAAAAAAAAAAAAAAA3x47ZJ0ruzjwze0VmJ6ZmeMbcPNmtxGl/wBfJx4cYjWPP3+qzHZ14RbWdJjTlPv8U2TNSs9MfNb7a8Z/x703pU59R/6tZpFZ4eOnP3+jl2yaW/brW1sn2RHH38ojzdfoyZPrnoj7a7/H0+KSlK446axoyVVkcz/U7itYvMRM86Ry9k8/yRRbX2xvE8nb0mVHvsP/ANq8vq84/wAf0bKm8+KYC0AAAAAAAAAAAAAAAAAAAAAAAAAAAAAAAAAAAAAAAAAAAAAAAAAAAAAAAAAAAAAAAAAAAEVte3RTTXTqmZ5R+OTAnhxlZwYK5MfXvM/Tx0hJh7HFpF5n9yd4mfp90bf1T/v1i0468bR+nx9nJNq5z607Xt/2tdbazPlpo3vmrS3TGtrfbX8cPex+3fJxvPTE/pp/y9NElKVxx00jSPCErR9GTL9c9MfbXf329PikpSuOOmkaR5N+MkRoBxk00ZY1BliZNNdwHI7jBPbTMxGuLxj9PlPl4S0iYmNY2dqY1c/P/H6TN8HCedJ+mfSVSovPiqNYtrM1mJraN6zu2WgAAAAAAAAAAAAAAAAAAAAAAAAAAAAAAAAAAAAAAAAAAAAAAAAAAAAAAAAAAAAAAAAX+xxdNOufqvx93L8ebk581YpaI4zpL0FLdVYtHONUdL5Q2xTSevFwmd68p9J8/iY8HXj0yRxtM2nyn2+SwJWr47Wrb9q868628Y9YTxGiPNj668OFo41nz/G7OLJGSvVt4x4SCRiZ0NzQDdjbZsA1teKRrM6HUq0pW2S3XxvG2v28tPxulzWmtJtExExGoJxrSeqsTtrDYEHcdrTuI+beNrRvDl5sd+2/9nGvK8f38P6O2xMRMaS2XGWa4osZ+wnH83b7c8c7e7w/oq1vFtY2mN4neFy652Y2AawAAAAAAAAAAAAAAAAAAAAAAAAAAAAAAAAAAAAAAAAAAAAAAAAAAAAAAAAABFly9HCN1e1ptvKXLinXqjigYExrweh7C/X2+Of+mHnlnte+ydrHRp1UjltMeyfX4ssVzcehFbt+9xdx9E/NzrPC3wWUOggvitWZyY9/1Vna3pPn8U4CPHmrkjhvG8TvCRDlw9c9VZ6bxtb+0+MGLNrPReOm/h4+cfjgCYAGmTFXJ9Ua6bI/9am86zp91plOAAAAAKH8jirpXJ+qLRGvlPJfc/v81bTGKJ1tE9VvLhzbGX4qAOjkAAAAAAAAAAAAAAAAAAAAAAAAAAAAAAAAAAAAAAAAAAAAAAAAAAAAAAAAAAIcmHXjXdMAoTw3F6axbeNUVu3ifpnRgqzETx5xtPNdwfyeXFwyf+Svwt6T+StbFau8NDGy49H2/d4u4jXHbWY3jnHthO8ppxi0cJjaY4TC/wBv/KZcXDNHXX7o+r0n8k2LnTuI8mKuSNLe6ecT5NcHc4+4jqx2ifHxj2wmSpXjJbFMUy7T9N/H2+E/lP5LDFqxaNLRrE8lf5u38bY/jNfWPzjzBZGK2i0axOsSyAAAxro0y5a4qze86RDlZ89+54T8uP7ec/8Ad6fFsmstxN3HfTk+TBOleeT/AI+u3hqrVrFY0hkXJjnboA1gAAAAAAAAAAAAAAAAAAAAAAAAAAAAAAAAAAAAAAAAAAAAAAAAAAAAAAAAAAAAAA1tjrbeGwCvbt5/TKK1ZrvC6MHP2t1VmYtG1o4S6GD+WyY/lzx1R99d/fHp8EdsNbeSG2C0bcSxsuPQYc+PPXqx2i0eSR5aItS3VWZrfxjhP+fe6OD+XtT5e4jWPvp/ePRFi506M47Ypm2Lad6ePs8J/KfzS48lcka19/l7WMWWmavXjmLRPOGnCM/DnXj7pYpOrdz3de3jTe8/TWN5Qdz3+kzjw8bc7cq/jwUq10mZmdbTvad5VIm9M2m2W37mWdbco5V9nqyC3MAAAAAAAAAAAAAAAAAAAAAAAAAAAAAAAAAAAAAAAAAAAAAAAAAAAAAAAAAAAAAAAAAAAAAAABiaxbhPFFbt4nbgmAVaYcmO3Vjnot91f7xzWb5c+WYi0xXh0zavP0ZGY3WK1isaVjSGQawAAAAAAAAAAAAAAAAAAAAAAAAAAAAAAAAAAAAAAAAAAAAAAAAAAAAAAAAAAAAAAAAAAAAAAAAAAAAAAAAAAAAAAAAAAAAAAAAAAAAAAAAAAAAAAAAAAAAAAAAAAAAAAAAAAAAAAAAAAAAAAAAAAAAAAAAAAAAAAAAAAAAAAAAAB//Z', 1466421840184064, 1645929223800, 1645929223800, 0);
INSERT INTO attachments (userId, resourceId, size, width, height, name, mime, id, createdAt, updatedAt, version) VALUES (1466421840183328, 1466421840184064, 3726, 640, 360, 'img-5', 'image/jpeg', 1466421840184096, 1645929223801, 1645929223801, 0);
INSERT INTO resources (hash, encoding, content, id, createdAt, updatedAt, version) VALUES ('ee0de76026f84c9c54b070530fc0f19134b4e2381f3af1a11b1af1e6565bab1b', 'BASE64', '/9j/4QAYRXhpZgAASUkqAAgAAAAAAAAAAAAAAP/sABFEdWNreQABAAQAAAAKAAD/4QMsaHR0cDovL25zLmFkb2JlLmNvbS94YXAvMS4wLwA8P3hwYWNrZXQgYmVnaW49Iu+7vyIgaWQ9Ilc1TTBNcENlaGlIenJlU3pOVGN6a2M5ZCI/PiA8eDp4bXBtZXRhIHhtbG5zOng9ImFkb2JlOm5zOm1ldGEvIiB4OnhtcHRrPSJBZG9iZSBYTVAgQ29yZSA1LjUtYzAxNCA3OS4xNTE0ODEsIDIwMTMvMDMvMTMtMTI6MDk6MTUgICAgICAgICI+IDxyZGY6UkRGIHhtbG5zOnJkZj0iaHR0cDovL3d3dy53My5vcmcvMTk5OS8wMi8yMi1yZGYtc3ludGF4LW5zIyI+IDxyZGY6RGVzY3JpcHRpb24gcmRmOmFib3V0PSIiIHhtbG5zOnhtcD0iaHR0cDovL25zLmFkb2JlLmNvbS94YXAvMS4wLyIgeG1sbnM6eG1wTU09Imh0dHA6Ly9ucy5hZG9iZS5jb20veGFwLzEuMC9tbS8iIHhtbG5zOnN0UmVmPSJodHRwOi8vbnMuYWRvYmUuY29tL3hhcC8xLjAvc1R5cGUvUmVzb3VyY2VSZWYjIiB4bXA6Q3JlYXRvclRvb2w9IkFkb2JlIFBob3Rvc2hvcCBDQyAoTWFjaW50b3NoKSIgeG1wTU06SW5zdGFuY2VJRD0ieG1wLmlpZDpDRDQ2NTJFNjQyMDQxMUU5OTk4RkJCNjMyNTY5RTk2QSIgeG1wTU06RG9jdW1lbnRJRD0ieG1wLmRpZDpDRDQ2NTJFNzQyMDQxMUU5OTk4RkJCNjMyNTY5RTk2QSI+IDx4bXBNTTpEZXJpdmVkRnJvbSBzdFJlZjppbnN0YW5jZUlEPSJ4bXAuaWlkOkNENDY1MkU0NDIwNDExRTk5OThGQkI2MzI1NjlFOTZBIiBzdFJlZjpkb2N1bWVudElEPSJ4bXAuZGlkOkNENDY1MkU1NDIwNDExRTk5OThGQkI2MzI1NjlFOTZBIi8+IDwvcmRmOkRlc2NyaXB0aW9uPiA8L3JkZjpSREY+IDwveDp4bXBtZXRhPiA8P3hwYWNrZXQgZW5kPSJyIj8+/+4ADkFkb2JlAGTAAAAAAf/bAIQAFBAQGRIZJxcXJzImHyYyLiYmJiYuPjU1NTU1PkRBQUFBQUFERERERERERERERERERERERERERERERERERERERAEVGRkgHCAmGBgmNiYgJjZENisrNkREREI1QkRERERERERERERERERERERERERERERERERERERERERERERERERE/8AAEQgBaAKAAwEiAAIRAQMRAf/EAIgAAQACAwEAAAAAAAAAAAAAAAAEBQECAwYBAQADAQEAAAAAAAAAAAAAAAACAwQBBRABAAIBAwIEBQEHBQAAAAAAAAECAxESBCExQVETBWFxkSIyUoGhscFCYhXR4TMUBhEBAAICAQIGAgEFAAAAAAAAAAECEQMSITFBUWEiMhORBHGx0eFScv/aAAwDAQACEQMRAD8A9CAwtgAAAAAAAAAAAAAAAAAAAAAAAAAAAAAAAAAAAAAAAAAAAAAAAAAAAAAAAAAAAAAAAAAAAAAAAAAAAAAAAAAAAAAAAAAAAAAAAAAAAAAAAAAAAAAAAAAAAAAAAAAAAAAAAAAAAAAAAAAAAAAAAAAAAAAAAAAAAAAAAAAAAAAAAAAAAAAAAAAAAAAAAAAAAAAAAAAAAAAAAAAAAAAAAAAAAAAAAAAAAAAAAAAAAAAAAAAAAAAAAAAAAAAAAAAAAAAAAAAAAAAAAAAAAAAAAAAAAAAAAAAAAAAAAAAAAAAAAAAAAAAAAAAAAAAAAAAAAAAAAAAAAAAAAAAAAAAAAAAAAAAAAAAAAAAAAAAAAAAAAAAAAAAAAAAAAAAAAAAAAAAAAAAAAAAAAAAAAAAAAAAAAAAAAAAAAAAAAAAAAAAAAAAAAAAAAAAAAAAAAAAAAAAAAAAAAAAAAAAAAAAAAAAAAAAAAAAAAAAAAAAAAAAAAAAAAAAAAAAAAAAAAAAAAAAAAAAAAAAAAAAAAAAAAAAAAAAAAAAAAAAAAAAAAAAAAAAAAAAAAAAAAAAAAAAAAAAAAAAAAAAAAAAAAAAAAAAAAAAAAAAAAAAAAAAAAAAAAAAAAAAAAAAAAAAAAAAAAAAAAAAAAAAAAAAAAAAAAAAAAAAAAAAAAAAAAAAAAAAAAAAAAAAAAAAAAAAAAAAAAAAAAAAAAAAAAAAAAAAAAAAAAAAAAAAAAAAAAAAAAAAAAAAAAAAAAAAAAAAAAAAAAAAAAAAAAAAAAAAAAAAAAAAAAAAAAAAAAAAAAAAAAAAAAAAAAAAAAAAAAAAAAAAAAAAAAAAAAAAAAAAAAAAAAAAAAAAAAAAAAAAAAAAAAAAAAAAAAAAAAAAAAAAAAAAAAAAAAAAAAAAAAAAAAAAAAAAAAAAAAAAAAAAAAAAAAAAAAAAAAAAAAAAAAAAAAAAAAAAAAAAAAAAAAAAAAAAAAAAAAAAAAAAAAAAAAAAAAAAAAAAAAAAAAAAAAAAAAAAAAAAAAAAAAAAAAAAAAAAAAAAAAAAAAAAAAAAAAAAAAAAAAAAAAAAAAAAAAAj5+XTDO2dZt5Q25Ob0qax+U9KotqVpWIjreetrI2nC2lYnrbszPuUV70tCRh5mLN0rPXylXRlreZqiZ8Xp21jsri8tP00t0+MvRikwe45MXS33V/es8XOw5e1tJ8pWRaJZ76b08Mx5wkBSYvMViYnV3vx9I1iU4rMxmGeZiJxLgA4kAAAAAAAAAAAAAAAAAAAAAAAAAAAAAAAAAAAAAAAAAAAAAAAAAAAAAAAAAAAAAAAAAAAyDBMjG2bzpCF7TWuYjM+ECr5eXJlzenhrN5r5N49r5l41vemOPqn0tnvE0xaY6xPXJPWZ+Ufzlv8A4vDm65ptln+60/wjos164vWLzGZt1WTv44rGK49Mz/ZV/wCDyd6ZqTPy/wB0bmcXlYK7s1daR/VWdY/avZ9l4desY+vwmf8AVFnBM78PGy6TEaWx3tviNfOJ6wsnTHl+Ha/tzmM2z/1GP6Kbj4LZ9Zp4NL45rbb4wsPaONfj5L4MsaTrCzrirS0zpG7XuwRFvsmk9mq37HG0xHWPBV8Hh5q3rl/HTr1X1s+saRHdxYaq5rGI8WLZb7LcreHYAEQAAAAAAAAAAAAAAAAAAAAAAAAAAAAAAAAAAAAAAAAAAAAAAAAAAAAAAAAAAAAAAAAAGL22Vm0+Cp5HLyY5id07vLwW1qxaJie0qLmxMXiLR90d/irvlp/XiJtiVhHuMTFZ2zpPSfmk3yWrbSI7wqa0mcdZ0/Cd1o8dPNdxbdEWjtKOPsjjlHbWtfjHmZ75cfDtfDGuWI+2J81f/wCY9x5HMw5LcqddltIv2+f0WODnUm3pX6ddIme0psUrWNsRER5Q9DXNZrEU8OjzrZz1Q8XueHPkjDXWJtE7Z81X7Z7Ry8XOvy+VbdP4xaJj7q6aR00S+Pw+Nxs3qY4vN46VrMW0r8un8VnfLFK7rTER8Uq5x7k9kVzH1xOPVF5NJnSY8JccMWiPv7k82mS8UrrMT2t4OjHeK22Tsr18FtMxSIly5Gb0KTeY10Rb+5RSmtq/f5NudFssen2rGkzaeyr5Vt2RVa3XENunXW0Ry791vxuVOWYi0R1jpolK/hYtNunWK9Zn4rBOucdVGyIi2KgCSsAAAAAAAAAAAAAAAAAAAAAAAAAAAAAAAAAAAAAAAAAAAAAAAAAAAAAAAAAAAAAAAAcORx4zRE/1R1iXccmMuxMxOYRMfHtuiZ6RHb4a94+SdSms6T4NdNejrWtotp4Oa6cbZxM1nuhtvOPV5/NMUnZljxnX4O9c2TTZW9tvwlb8n2/HyY++Pu/VHdUZsMcfJNNdZrEfRXt1W1daz7fR2NkTSta8omuZtiM9/L8sY+TyMesVyTMT+rro0yX3xM5bTf5ouSta1mYt38Fnwfa4y4t1rRtt+lCsX2RxiZldPGNf2TPe0dePGcZhy4URkvXZHSJ/dC3vTrpDbFx6ceNtI0hmcdZnWW6NFq040xNpnLFbbHObRmK9UPPi9TTbPbxlFjgxktuydo+Osz85WNo2zo1Zo1xE9e7VXZaI9ssViKxpWNIZZYWIgAAAAAAAAAAAAAAAAAAAAAAAAAAAAAAAAAAAAAAAAAAAAAAAAAAAAAAAAAAAAAAAAAAAN6fklY48UWnSyXj7NWr4z/LNt+UN3nefes5smvaNKz9F7n5GPj1nJlttrDyuTnYs02m2sRa0+DP+18YiPNdopac3itrRH+vdvhpjmN0R9W/F92/62SaxE2x/2umbgVngzmprExrb5w7+3YsN8FaxEbvNRr12raLz49vRqrFONtmybbIzxxbvX/K043Lxcym7FPbvHjDZT8KPT50Vp2mJ3Lme709dsx1YP2Nca7e3tMZhxy93N0yz1c2S/wApW0+MACCYAAAAAAAAAAAAAAAAAAAAAAAAAAAAAAAAAAAAAAAAAAAAAAAAAAAAAAAAAAAAAAAAAAADKTjv4oraltsrdd+M9e0q9leUdO8K73WYyc3HTJ/x1jdp56t+bw8XpzasRpKTzeFHLitqzpev4z/KUX/H8jN9uW9a08dvVK1J5TMRnLRr21409/Dh0mE72ufU4lYtGsaTX9kdES3s+XHMxx8kRSfC0dvlK1w1phpGOnStY0htOTyW8MxiWX75re1qdrTnCHw+DXia2md2S3eyRM+JM+bje+vSHbTGuPVV7ttuVurWZ1nVgGLu1gAAAAAAAAAAAAAAAAAAAAAAAAAAAAAAAAAAAAAAAAAAAAAAAAAAAAAAAAAAAAAAAAAAAAAAAMxaY7OkZfNyEq3tXtKE0ie7t6sMTl8nIT+2yP1VbWtNu7DArmc91kRjsAOOgAAAAAAAAAAAAAAAAAAAAAAAAAAAAAAAAAAAAAAAAAAAAAAAAAAAAAAAAAAAAAAAAAAAAAAAAAAAAAAAAAAAAAAAAAAAAAAAAAAAAAAAAAAAAAAAAAAAAAAAAAAAAAAAAAAAAAAAAAAAAAAAAAAAAAAAAAAAAAAAAAAAAAAAAAAAAAAAAAAAAAAAAAAAAAAAAAAAAAAAAAAAAAAAAAAAAAAAAAAAAAAAAAAAAAAAAAAAAAAAAAAAAAAAAAAAAAAAAAAAAAAAAAAAAAAAAAP/2Q==', 1466421840184128, 1645929223801, 1645929223801, 0);
INSERT INTO attachments (userId, resourceId, size, width, height, name, mime, id, createdAt, updatedAt, version) VALUES (1466421840183328, 1466421840184128, 3933, 640, 360, 'img-6', 'image/jpeg', 1466421840184160, 1645929223801, 1645929223801, 0);
INSERT INTO resources (hash, encoding, content, id, createdAt, updatedAt, version) VALUES ('a6a5439c996ea2fefbc3055398e25eb290dbf49a5e8727369e5d504e69be1e38', 'BASE64', '/9j/4QAYRXhpZgAASUkqAAgAAAAAAAAAAAAAAP/sABFEdWNreQABAAQAAAAKAAD/4QMsaHR0cDovL25zLmFkb2JlLmNvbS94YXAvMS4wLwA8P3hwYWNrZXQgYmVnaW49Iu+7vyIgaWQ9Ilc1TTBNcENlaGlIenJlU3pOVGN6a2M5ZCI/PiA8eDp4bXBtZXRhIHhtbG5zOng9ImFkb2JlOm5zOm1ldGEvIiB4OnhtcHRrPSJBZG9iZSBYTVAgQ29yZSA1LjUtYzAxNCA3OS4xNTE0ODEsIDIwMTMvMDMvMTMtMTI6MDk6MTUgICAgICAgICI+IDxyZGY6UkRGIHhtbG5zOnJkZj0iaHR0cDovL3d3dy53My5vcmcvMTk5OS8wMi8yMi1yZGYtc3ludGF4LW5zIyI+IDxyZGY6RGVzY3JpcHRpb24gcmRmOmFib3V0PSIiIHhtbG5zOnhtcD0iaHR0cDovL25zLmFkb2JlLmNvbS94YXAvMS4wLyIgeG1sbnM6eG1wTU09Imh0dHA6Ly9ucy5hZG9iZS5jb20veGFwLzEuMC9tbS8iIHhtbG5zOnN0UmVmPSJodHRwOi8vbnMuYWRvYmUuY29tL3hhcC8xLjAvc1R5cGUvUmVzb3VyY2VSZWYjIiB4bXA6Q3JlYXRvclRvb2w9IkFkb2JlIFBob3Rvc2hvcCBDQyAoTWFjaW50b3NoKSIgeG1wTU06SW5zdGFuY2VJRD0ieG1wLmlpZDpCODQ5NDA2NjQyMDUxMUU5OTk4RkJCNjMyNTY5RTk2QSIgeG1wTU06RG9jdW1lbnRJRD0ieG1wLmRpZDpCODQ5NDA2NzQyMDUxMUU5OTk4RkJCNjMyNTY5RTk2QSI+IDx4bXBNTTpEZXJpdmVkRnJvbSBzdFJlZjppbnN0YW5jZUlEPSJ4bXAuaWlkOkI4NDk0MDY0NDIwNTExRTk5OThGQkI2MzI1NjlFOTZBIiBzdFJlZjpkb2N1bWVudElEPSJ4bXAuZGlkOkI4NDk0MDY1NDIwNTExRTk5OThGQkI2MzI1NjlFOTZBIi8+IDwvcmRmOkRlc2NyaXB0aW9uPiA8L3JkZjpSREY+IDwveDp4bXBtZXRhPiA8P3hwYWNrZXQgZW5kPSJyIj8+/+4ADkFkb2JlAGTAAAAAAf/bAIQAFBAQGRIZJxcXJzImHyYyLiYmJiYuPjU1NTU1PkRBQUFBQUFERERERERERERERERERERERERERERERERERERERAEVGRkgHCAmGBgmNiYgJjZENisrNkREREI1QkRERERERERERERERERERERERERERERERERERERERERERERERERE/8AAEQgBaAKAAwEiAAIRAQMRAf/EAHkAAQACAwEAAAAAAAAAAAAAAAABBAMFBgIBAQEBAQAAAAAAAAAAAAAAAAABBAUQAQACAQIEAQoFBQAAAAAAAAABAgMRBCExEgVBUWFxgZEiMnITBsHRQjM0seFSgjURAQEBAAIDAQAAAAAAAAAAAAABESESMQIEA//aAAwDAQACEQMRAD8A6UAAAAAAAAAAAAAAAAAAAAAAAAAAAAAAAAAAAAAAAAAAAAAAAAAAAAAAAAAAAAAAAAAAAAAAAAAAAAAAAAAAAAAAAAAAAAAAAAAAAAAAAAAAAAAAAAAAAAAAAAAAAAAAAAAAAAAAAAAAAAAAAAAAAAAAAAAAAAAAAAAAAAAAAAAAAAAAAAAAAAAAAAAAAAAAAAAAAAAAAAAAAAAAAAAAAAAAAAAAAAAAAAAAAAAAAAAAAAAAAAAAAAAAAAAAAAAAAAAAAAAAAAAAAAAAAAAAAAAAAAAAAAAAAAAAAAAAAAAAAAAAAAAAAAAAAAAAAAAAAAAAAAAAAAAAAAAAAAAAAAAAAAAAAAAAAAAAAAAAAAAAAAAAAAAAAAAAAAAAAAAAAAAAAAAAAAAAAAAAAAAAAAAAAAAAAAAAAAAAAAAAAAAAAAAAAAAAAAAAAAAAAAAAAAAAAAAAAAAAAAAAAAAAAAAAAAAAAAAAAAAAAAAAAAAAAAAAAAAAAAAAAAAAAAAAAAAAAAAAAAAAAAAAAAAAAAAAAAAAAAAAAAAAAAAAAAAAAAAAAAAAAAAAAAAAAAAAAAAAAAAAAAAAAAAAAAAAAAAAAAAAAAAAAAAAAAAAAAAAAAAAAAAAAAAAAAAAAAAAAAAAAAAAAAAAAAAAAAAAAAAAAAAAAAAAAAAAAAAAAAAAAAAAAAAAAAAAAAAAAAAAAAAAAAAAAAAAAAAAAAAAAAAAAAAAAAAAAAAAAAAAEWtFI6rTpEeMgkY8WambjjtFtP8AGdWQARExPI10FypEa6pEAAAAAAAAAAAAAAAAAAAAAAAAAAAAAAAAAAAAAAAAAAAAAAAAAAAAAAAAAAAAAAAAAAAAAAAAFbfUjJgvW09MTGnVKyp9z/i5PlBX7NgpgpeKZIyazHwsm8yzNuiOUKf25+3k+aFve45rbq8JGj8JO/KvW01nWJ0l7y5rZZ1ljEdDrPOMmHLOK0T4eMLm932PZRFskTMW4e6pYsc5LRVn7xg+ttbac6+/Hq/srF9GbMZsG+x58M5669Ea668+DFtO64t5f6eOLa6a8Yj83P7XdfT2mbF4zNdPXzXOz1nDt8258dJivq4jI2O771g29ppxvaOfTyh62fd8G6t0RrW3kt4+hz/adrTd5+nLxrETafO8dwwxs91auLhETW1QdJu+64dpf6eSLTOmvCI/Nly77HiwRuLRPROnp4ud73frz1t5aVn26r+//wCZj9GMGy2W/wAe9i044mOnTXq8620P238OT01/FvgAAAAAAAAAAAAAAAAAAAAAAAAAAAAAAAAAAAAAAAAAAAAAAAAAAAAAAAAAAAAAAAAFPuf8XJ8q483pXJWa2jWs84Bpftz9vJ80f0bq9IvHTbk8YdvjwRMY6xWJ56MosuNVmwWxTx4x5XimO2SdK823mImNJ5IpStI0rGkDVPovXLOWPDgjFHn8rLasXiazxieHtSqdyplvt7Rh16+GmnPmMt9r7Xa47PinDktjn9MzX2S67ZbWK7SuG36q+9/tzaTadm3GXLFs9dK662m083UiONpObtWfqmvGOHHlMJrjzd03E20+KfenwiHYTEW4TGsERERpEaQDm+/7a1b0yVj3Onp4eWFG+6z59vGKf28fjEfi7KYieEoisRGkRGgNH9t/Dl9Nfxb5GiQAAAAAAAAAAAAAAAAAAAAAAAAAAAAAAAAAAAAAAAAAAAAAAAAAAAAAAAAAAAAAAAAAAAAAAAAAAAAAAAAAAAAAAAAAAAAAAAAAAAAAAAAAAAAAAAAAAAAAAAAAAAAAAAAAAAAAAAAAAAAAAAAAAAAAAAAAAAAAAAAAAAAAAAAAAAAAAAAAAAAAAAAAAAAAAAAAAAAAAAAAAAAAAAAAAAAAAAAAAAAAAAAAAAAAAAAAAAAAAAAAAAAAAAAAAAAAAAAAAAAAAAAAAAAAAAAAAAAAAAAAAAAAAAAAAAAAAAAAAAAAAAAAAAAAAAAAAAAAAAAAAAAAAAAAAAAAAAAAAAAAAAAAAAAAAAAAAAAAAAAAAAAAAAAAAAAAAAAAAAAAAAAAAAAAAAAAAAAAAAAAAAAAAAAAAAAAAAAAAAAAAAAAAAAAAAAAAAAAAAAAAAAAAAAAAAAAAAAAAAAAAAAAAAAAAAAAAAAAAAAAAAAAAAAAAAAAAAAAAAAAAAAAAAAAAAAAAAAAAAAAAAAAAAAAAAAAAAAAAAAAAAAAAAAAAAAAAAAAAAAAAAAAAAAAAAAAAAAAAAAAAAAAAAAAAAAAAAAAAAAAAAAAAAAAAAAAAAAAAAAAAAAAAAAAAAAAAAAAAAAAAAAAAAAAAAAAAAAAAAAAAAAAAAAAAAAAAAAAAAAAAAAAAAAAAAAAAAAAAAAAAAAAAAAAAAAAAAAAAAAAAAAAAAAAAAAAAAAAAAAAAAAAAAAAAAAAAAAAAAAAAAAAAAAAAAAAAAAAAAAAAAAAAAAAAAAAAAAAAAAAAAAAAAAAAAAAAAAAAAAAAAAAAAAAAAAAAAAAAAAAAAAAAAAAAAAAAAAAAAAAAAAAAAAAAAAAAAAAAAAAAAAAAAAAAAAAAAAAAAAAAAAAAAAAAAAAAAAAAAAAAf/Z', 1466421840184192, 1645929223801, 1645929223801, 0);
INSERT INTO attachments (userId, resourceId, size, width, height, name, mime, id, createdAt, updatedAt, version) VALUES (1466421840183328, 1466421840184192, 3111, 640, 360, 'img-7', 'image/jpeg', 1466421840184224, 1645929223801, 1645929223801, 0);
INSERT INTO resources (hash, encoding, content, id, createdAt, updatedAt, version) VALUES ('dbeb0261edacb7695b33fd85f14a34dc80bc3589b18ee1ba83a2a120798659c4', 'BASE64', '/9j/4QAYRXhpZgAASUkqAAgAAAAAAAAAAAAAAP/sABFEdWNreQABAAQAAAAKAAD/4QMsaHR0cDovL25zLmFkb2JlLmNvbS94YXAvMS4wLwA8P3hwYWNrZXQgYmVnaW49Iu+7vyIgaWQ9Ilc1TTBNcENlaGlIenJlU3pOVGN6a2M5ZCI/PiA8eDp4bXBtZXRhIHhtbG5zOng9ImFkb2JlOm5zOm1ldGEvIiB4OnhtcHRrPSJBZG9iZSBYTVAgQ29yZSA1LjUtYzAxNCA3OS4xNTE0ODEsIDIwMTMvMDMvMTMtMTI6MDk6MTUgICAgICAgICI+IDxyZGY6UkRGIHhtbG5zOnJkZj0iaHR0cDovL3d3dy53My5vcmcvMTk5OS8wMi8yMi1yZGYtc3ludGF4LW5zIyI+IDxyZGY6RGVzY3JpcHRpb24gcmRmOmFib3V0PSIiIHhtbG5zOnhtcD0iaHR0cDovL25zLmFkb2JlLmNvbS94YXAvMS4wLyIgeG1sbnM6eG1wTU09Imh0dHA6Ly9ucy5hZG9iZS5jb20veGFwLzEuMC9tbS8iIHhtbG5zOnN0UmVmPSJodHRwOi8vbnMuYWRvYmUuY29tL3hhcC8xLjAvc1R5cGUvUmVzb3VyY2VSZWYjIiB4bXA6Q3JlYXRvclRvb2w9IkFkb2JlIFBob3Rvc2hvcCBDQyAoTWFjaW50b3NoKSIgeG1wTU06SW5zdGFuY2VJRD0ieG1wLmlpZDowRjdGRjEyRjQyMDYxMUU5OTk4RkJCNjMyNTY5RTk2QSIgeG1wTU06RG9jdW1lbnRJRD0ieG1wLmRpZDowRjdGRjEzMDQyMDYxMUU5OTk4RkJCNjMyNTY5RTk2QSI+IDx4bXBNTTpEZXJpdmVkRnJvbSBzdFJlZjppbnN0YW5jZUlEPSJ4bXAuaWlkOkI4NDk0MDY4NDIwNTExRTk5OThGQkI2MzI1NjlFOTZBIiBzdFJlZjpkb2N1bWVudElEPSJ4bXAuZGlkOjBGN0ZGMTJFNDIwNjExRTk5OThGQkI2MzI1NjlFOTZBIi8+IDwvcmRmOkRlc2NyaXB0aW9uPiA8L3JkZjpSREY+IDwveDp4bXBtZXRhPiA8P3hwYWNrZXQgZW5kPSJyIj8+/+4ADkFkb2JlAGTAAAAAAf/bAIQAFBAQGRIZJxcXJzImHyYyLiYmJiYuPjU1NTU1PkRBQUFBQUFERERERERERERERERERERERERERERERERERERERAEVGRkgHCAmGBgmNiYgJjZENisrNkREREI1QkRERERERERERERERERERERERERERERERERERERERERERERERERE/8AAEQgBaAKAAwEiAAIRAQMRAf/EAJMAAQADAQEBAQAAAAAAAAAAAAABBAUDAgYHAQEAAwEBAAAAAAAAAAAAAAAAAQIDBAUQAQACAQIDBAYHBQYHAAAAAAABAgMRBCESBTFBUWFxgZGxMlKhwSJCEzMU0WKSFQZygrIjQ1Pw4cJjc4OTEQEAAgEDAgUFAAAAAAAAAAAAAQIRITEDEgRBkSIyE1FhcVIU/9oADAMBAAIRAxEAPwD7EBmkAAAAAAAAAAAAAAAAAAAAAAAAAAAAAAAAAAAAAAAAAAAAAAAAAAEicCBKAAAEohIIAVABICRIjiJDAAJxAgSIwIEgIEgIEhiBAlBiAAQAAAAAAAAAAAAAAAAAAAAAAAAAAAAAAAAAAAAAAAAAAAAAAAAAAAAAAAAAAAAAAAAAAAAAAAAAAAAAAAAAAAAAAAAAAAAAAAAAAAAAAAAAAAAAAAAAAAAAAAAAAAAAAAAAAAAAAAAAAAAAAAAAAAAAAAAAAAAAAAAAAAAAAAAAAAAAAAAAAAAAAAAAAAAAAAAAAAAAAAAAAAAAAAAAAAAAAAAAAAAAAAAAAAAAAAAAAAAAAAAAAAAAAAAAAAAAAAAAAAAAAAAAAAAAAAAAAAAAAAAAAAAAAAAAAAAAAAAAAAAAAAAAAAAAAAAAAAAAAAAAAAAAAAAAAAAAAAAAAAAAAAAAAAAAAAAAAAAAAAAAAAAAAAAAAAAAAAAAAAAAAAAAAAAAAAAAAAAAAAAAAAAAAAAAAAAAAAAAAAAAAAAAAAAAAAAAAAAAAAAAAAAAAAAAAAAAAAAAAAAAAAAAAAAAAAAAAAAAAAAAAAAAAAAAAAAAAAAAAAAAAAAAAAAAAAAAAAAAAAAAAAAAAAAAAAAAAAAAAAAAAAAAAAAAAAAAAAAAAAAAAAAAAAAAAAAAAAAAAAAAAAAAAAOeXPjw158lorXxtOgOg81vF41rOsT3w9AAAATOgAzc/XNrhy1w83NabcluXspP73g626rt6567Wbf5loiY07OPZx8+5IumsMuvX9lfLGCl9b2nljSJ019LP3W1vuOo1pk4zFvxKzFuFcdNO75rX7ZMD6QIEAAAAAAAAAAAAAAAAAAAAAAAAAAAAAAAAAAAAAAAAAAAAAAAAAAAAAAAAAAAAAAAAAAAzOtbH9Zt5isa3pPPSPGY7vXDQyZK4qze3ZWJmfRD5nJ/Uua082DFXk7ue3GfZ2JVtMRHqZnTepW6bki0TM7e86Xp8s+MfW+7raLRE14xMaxL86327i2Sc34U05/zKxOtdfGJ8+9p9N3O43O2jBXJNcVJmvNHx2jujXu07OHFF7RWOq2kI44mfTu+pz9Q2+3nTNkrWfCZ4+xyjrOynszU9rHw7HBh+Cka/NPGfbLvbHW3CYifU5J7qudKzLrjgnxlu0y1yRzUmLR4xOqtuN/TBkphnW2TJP2a18PGfKGFGz/Bt+JtbThv+78M+mvY1um7+NzaaZqxTcUj7UeMeNZ8Jb05a8mzK9JruoYugxmtuIz8K3zRkjT71Y46eji97foV8dsVrXj/AC7azER21rMzSPVr7G/2jXMqPn7dBjHSJxcv41c34sWn5ebXl9jWyYpi8ZccRzzpS02+Tt9vgtMXrW6z4r48OKZpS8Wm+StOe0cvhBuNibxWNbTER5q9+pbWnxZqR/fhh48fSLaWz5fxb9857W906R9C/iz9Jx/BOCP4TAsX6xs6RrOamnlOvueP57sf92PZb9j3/NNjXsy4/VaD+b7S3CuSLeVIm3ugHvD1TaZ5iuPLSbT3a8fYuQzM+Om+pNIwaxP3steWI/6vd6XH+nqZMeDJjyTM8uS9a2mddYidAbICAAAAAAAAAAAAAAAAAAAAAAAAAAAAAAAAAAAAAAAAAAAAAAAAAAAAAAAAAAAAAmNWFm/pvBa02x3vjiePLXTl+mG68ZLxjpa9uysTafUImInd8puOlbeuaMFZteaaXyTa3j8NdI0jj2+j0r1axWIrWIiI7IhT6ba2altzf4s1rX9Xd9C88zuLza818Id3FSK1AHM2FbcxbHy7nF+Zi+1HnX71fXH0rIvS01tFoVtETGJbWDLXNSuSnGtoi0et0ZfQraYLYZ/0r2pHo7Y97UezE5jLz5jGgy+p25NztLf9y1f4qy1GT12eSmHL8mbHPvhKGpNKz2xHseZwY57a1n+7ClbqFu6IeP1+SfBzT3FGscVpXo22KOylf4YdYrFezgy/1uXxj2Eb7L5exH9NE/DZqKHS+EZq+GbJ9M6/W5/r8nk89HyWvfca/wC5r7aw0py1vpVS1JrrLWAaqAAAAAAAAAAAAAAAAAAAAAAAAAAAAAAAAAAAAAAAAAAAAAAAAAAAAAAAAAAAACvvcU5tvkx17bUtWPXCwiQfNbG0X2+OY4Ryxw9Cw5ZMP6LcWxT+XkmcmOfP71frjye70rkrNbcYnhLyeWvTec7bvQpOa6JS8zpWvlEKkY8+5+1e04qd1K/F657vRCsVidc4haZ8114tSLTEzM/ZnXt97xi22PDxpHHxnjLxuJvmtG1wfmX7Z+Svfafq800r1XitPNFpxGbNDoP26Zc3dfJPL6KxFfqbDhtNvTbYq4cfw1jSHZ68RiMPPmczkZfX667S0/LalvZaGqz+tV5tlmj9yZ9nERG6gIidY1S8Sd3pwAIB16Jxybn+3X/BDksdErGme3jln6Ih2dr7rfhhz+2GsA9BxgAAAAAAAAAAAAAAAAAAAAAAAAAAAAAAAAAAAAAAAAAAAAAAAAAAAAAAAAAAAAAK+72mPd4/w8nZ2xMdsT4wwctsuynl3UTNY7M1Y+zP9r5Z+h9NJp3KXpW8YtC9bzXZ89jy0yxrS0WjynVN71pGtpiI85aOXo+zzTzXxV18Y+z7tHrB0ra4J5qYq6+M/an6dXN/LH7aNvn+zMxUy7nhhjSs/wCpaOHqj73u82ts9jj2lZinG1uN7z8Vp/47u5aHRTjrSPT5sbXm25EaANFBV6jXm22WP3L+5actxhjPjtimZiLRNZmPMGFgtzY6T41ifodHP+X7zaV5KRXPSOFZ15b6eevCXOc2Wn5mDLX0V5vdLzL8F4mcRmHdXkrjdYFb9ZXvpkj/ANVv2H62ny5P/lb9jP4r/rK3yV+qysdBnXHm/wDNf6lKmTJk+DDkn005f8WjQ6Jgvgw2/FjltbJktMev/k7O347VmeqMMOa0TEYlpiUOtzAAAAAAAAAAAAAAAAAAAAAAAAAAAAAAAAAAAAAAAAAAAAAAAAAAAAAAAAAAAAAAAAAAAAAAAAAABoAGhEaAAAAAAAAAAAAAAAAAAAAAAAAAAAAAAAAAAAAAAAAAAAAAAAAAAAAAAAAAAAAAAAAAAAAAAAAAAAAAAAAAAAAAAAAAAAAAAAAAAAAAAAAAAAAAAAAAAAAAAAAAAAAAAAAAAAAAAAAAAAAAAAAAAAAAAAAAAAAAAAAAAAAAAAAAAAAAAAAAAAAAAAAAAAAAAAAAAAAAAAAAAAAAAAAAAAAAAAAAAAAAAAAAAAAAAAAAAAAAAAAAAAAAAAAAAAAAAAAAAAAAAAAAAAAAAAAAAAAAAAAAAAAAAAAAAAAAAAAAAAAAAAAAAAAAAAAAAAAAAAAAAAAAAAAAAAAAAAAAAAAAAAAAAAAAAAAAAAAAAAAAAAAAAAAAAAAAAAAAAAAAAAAAAAAAAAAAAAAAAAAAAAAAAAAAAAAAAAAAAAAAAAAAAAAAAAAAAAAAAAAAAAAAAAAAAAAAAAAAAAAAAAAAAAAAAAAAAAAAAAAAAAAAAAAAAAAAAAAAAAAAAAAAAAAAAAAAAAAAAAAAAAAAAAAAAAAAAAAAAAAAAAAAAAAAAAAAAAAAAAAAAAAAAAAAAAAAAAAAAAAAAAAAAAAAAAAAAAAAAAAAAAAAAAAAAAAAAAAAAAAAAAAAAAAAAAAAAAAAAAAAAAAAAAAAAAAAAAAAAAAAAAAAAAAAAAAAAAAAAAAAAAAAAAAAAAAAAAAAAAAAAAAAAAAAAAAAAAAAAAAAAAAAAAAAAAAAAAAAAAAAAAAAAAAAAAAAAAD/2Q==', 1466421840184256, 1645929223801, 1645929223801, 0);
INSERT INTO attachments (userId, resourceId, size, width, height, name, mime, id, createdAt, updatedAt, version) VALUES (1466421840183328, 1466421840184256, 4056, 640, 360, 'img-8', 'image/jpeg', 1466421840184288, 1645929223802, 1645929223802, 0);
INSERT INTO resources (hash, encoding, content, id, createdAt, updatedAt, version) VALUES ('a891495b4634473a1c6e6b4ca23c805f64a5b62006d4f11efd8e682c624a9211', 'BASE64', '/9j/4QAYRXhpZgAASUkqAAgAAAAAAAAAAAAAAP/sABFEdWNreQABAAQAAAAKAAD/4QMsaHR0cDovL25zLmFkb2JlLmNvbS94YXAvMS4wLwA8P3hwYWNrZXQgYmVnaW49Iu+7vyIgaWQ9Ilc1TTBNcENlaGlIenJlU3pOVGN6a2M5ZCI/PiA8eDp4bXBtZXRhIHhtbG5zOng9ImFkb2JlOm5zOm1ldGEvIiB4OnhtcHRrPSJBZG9iZSBYTVAgQ29yZSA1LjUtYzAxNCA3OS4xNTE0ODEsIDIwMTMvMDMvMTMtMTI6MDk6MTUgICAgICAgICI+IDxyZGY6UkRGIHhtbG5zOnJkZj0iaHR0cDovL3d3dy53My5vcmcvMTk5OS8wMi8yMi1yZGYtc3ludGF4LW5zIyI+IDxyZGY6RGVzY3JpcHRpb24gcmRmOmFib3V0PSIiIHhtbG5zOnhtcD0iaHR0cDovL25zLmFkb2JlLmNvbS94YXAvMS4wLyIgeG1sbnM6eG1wTU09Imh0dHA6Ly9ucy5hZG9iZS5jb20veGFwLzEuMC9tbS8iIHhtbG5zOnN0UmVmPSJodHRwOi8vbnMuYWRvYmUuY29tL3hhcC8xLjAvc1R5cGUvUmVzb3VyY2VSZWYjIiB4bXA6Q3JlYXRvclRvb2w9IkFkb2JlIFBob3Rvc2hvcCBDQyAoTWFjaW50b3NoKSIgeG1wTU06SW5zdGFuY2VJRD0ieG1wLmlpZDpDRDQ2NTJFQTQyMDQxMUU5OTk4RkJCNjMyNTY5RTk2QSIgeG1wTU06RG9jdW1lbnRJRD0ieG1wLmRpZDoxMzk3MUFDQzQyMDUxMUU5OTk4RkJCNjMyNTY5RTk2QSI+IDx4bXBNTTpEZXJpdmVkRnJvbSBzdFJlZjppbnN0YW5jZUlEPSJ4bXAuaWlkOkNENDY1MkU4NDIwNDExRTk5OThGQkI2MzI1NjlFOTZBIiBzdFJlZjpkb2N1bWVudElEPSJ4bXAuZGlkOkNENDY1MkU5NDIwNDExRTk5OThGQkI2MzI1NjlFOTZBIi8+IDwvcmRmOkRlc2NyaXB0aW9uPiA8L3JkZjpSREY+IDwveDp4bXBtZXRhPiA8P3hwYWNrZXQgZW5kPSJyIj8+/+4ADkFkb2JlAGTAAAAAAf/bAIQAFBAQGRIZJxcXJzImHyYyLiYmJiYuPjU1NTU1PkRBQUFBQUFERERERERERERERERERERERERERERERERERERERAEVGRkgHCAmGBgmNiYgJjZENisrNkREREI1QkRERERERERERERERERERERERERERERERERERERERERERERERERE/8AAEQgBaAKAAwEiAAIRAQMRAf/EAHQAAQADAQEAAAAAAAAAAAAAAAACAwQBBQEBAQEBAQAAAAAAAAAAAAAAAAEDAgUQAQACAgAEBQMCBwAAAAAAAAABAhEDITESBEFRcSIyYaGxExSBkdFCYnIFEQEBAQEAAwEBAAAAAAAAAAAAARECITESQTL/2gAMAwEAAhEDEQA/APMAec6AAAAAAAAAAAAAAAAAAAAAAAAAAAAAAAAAAAAAAAAAAAAAAAAAAAAAAAAAAAAAAAAAAAAAAAAAAAAAAAAAAAAAAAAAAAAAAAAAAAAAAAAAAAAAAAAAAAAAAAAAAAAAAAAAAAAAAAAAAAAAAAAAAAAAAAAAAAAAAAAAAAAAAAAAAAAAAAAAAAAAAAAAAAAAAAAAAAAAAAAAAAAAAAAAAAAAAAAAAAAAAAAAAAAAAAAAAAAAAAAAAAAAAAAAAAAAAAAAAAAAAAAAAAAAAAAAAAAAAAAAAAAAAAAAAAAAAAAAAAAAAAAAAAAAAAAAAAAAAAAAAAAAAAAAAAAAAAAAAAAAAAAAAAAAAAAAAAAAAAAAAAAAAAAAAAAAAAAAAAAAAAAAAAAAAAAAAAAAAAAAAAAAAAAAAAAAAAAAAAAAAAAAAAAAAAAAAAAAAAAAAAAAAAAAAAAAAAAAAAAAAAAAAAAAAAAAAAAAAAAAAAAAAAAAAAAAAAAAAAAAAAAAAAAAAAAAAAAAAAAAAAAAAAAAAAAAAAAAAAAAAAAAAAAAAAAAAAAAAAAAAAAAAAAAAAAAAAAAAAAAAAAAAAAAAAAAAAAAAAAAAAAAAAAAAAAAAAAAAAAAAAAAAAAAAAAAAAAAAAAAAAAAAAAAAAAAAAAAAAAAAAAAAAAAAAAAAAAAAAAAAAAAAAAAAAAAAAAAAAAAAAAAAAAAAAAAAAAAAAAAAAAAAAAAAAAAAAAAAAAAAAAAAAAAAAAAAAAAAAAAAAAAAAAAAAAAAAAAAAAAAAAAAAAAAAAAAAAAAAAAAAAAAAAAAAAAAAAAAAAAAAAAAAAAAAAAAAAAAAAAAAAAAAAAAAAAAAAAAAAAAAAAAAAAAAAAAAAAAAAAAAAAAAAAAAAAAAAAAAAAAAAAAAAAAAAAAAAAAAAAAAAAAAAAAAAAAAAAAAAAAAAAAAAAAAAAAAAAAAAAAAAAAAAAAAAAAAAAAAAAAAAAAAAAAAAAAAAAAAAAAAAAAAAAAAAAAAAAAAAAAAAAAAAAAAAAAAAAAAAAAAAAAAAAAAAAAAAAAAAAAAAAAAAAAAAAAAAAAAAAAAAAAAAAAAAAAAAAAAAAAAAAAAAAAAAAAAAAAAAAAAAAAAAAAAAAAAAAAAAAAAAAAAAAAAAAAAAAAAAAAAAAAAAAAAAAAAAAAAAAAAAAAAAAAAAAAAAAAAAAAAAAAAAAAAAAAAAAAAAAAAAAAAAAAAAAAAAAAAAAAAAAAAAAAAAAAAAAAAAAAAAAAAAAAAAAAAAAAAAAAAAAAAAAAAAAAAAAAAAAAAAAAAAAAAAAAAAAAAAAAAAAAAAAAAAAAAAAAAAAAAAAAAAAAAAAAAAAAAAAAAAAAAAAAAAAAAAAAAAAAAAAAAAAAAAAAAAAAAAAAAAAAAAAW9vqjbfE/GOMiyalp7adnutOKtfRqp8K5nzsTOZGkmNZMSi0eNazHojbtdW74ey32DOOMKrBs1W1W6bxxQett1x3OvH90fF5LOzGXXOegBHIAAAAAAAAAAAAAAAAAAAAAAAAAAAAAAAAAAAAAAAAAAAAAAAAAAAAAAAAAAAAAAAAAAAAAA3djX22t5zj+UMLf/z5ia2rPn+YwvPt1x7SicuoVjEzE84lNo1HHXAW6JxZ5/dVim28Ryy9DRGbPO7m/XttaOUynXpz3/MVAM2QAAAAAAAAAAAAAAAAAAAAAAAAAAAAAAAAAAAAAAAAAAAAAAAAAAAAAAAAAAAAAAAAAAAAAAs0bf0rRM8uUqwWXPL1ttYv745+OPyqZNPczr9s8a+X9Gqu3XflaI/24NJdayyuuxGeSWKRzvXHqjs77XrjGuOqfPwXwvj9T27P22v/ADtyeUls2W226rTmUWdusurtAEcgAAAAAAAAAAAAAAAAAAAAAAAAAAAAAAAAAAAAAAAAAAAAAAAAAAAAAAAAAAAAAAANOrt69MbNvKfjWPFb0a+XRGPWc/lZtn3Y8I4R6K2mNsjNu0/p8YnNZ5Km7ZGdNpnzrhhcVn1MoAjkAAAAAAAAAAAAAAAAAAAAAAAAAAAAAAAAAAAAAAAAAAAAAAAAAAAAAAAAAAAAAAAAAAAAE9Wm+2emkZX/ALKeU3jP8VyrlZRdt7W+qOqeNfOFKGWAAjZp3UvWK3nExwifCV068cbWrEerzR19O/to7nfF8Up8Y+7ODm3XNu3QAQAAAAAAAAAAAAAAAAAAAAAAAAAAAAAAAAAAAAAAAAAAAAAAAAAAAAAAAAAAAAAAAAAAdpWb2isc5nABHo4ikdFfjH3+rgNY3TpeaT9PGGPu9Mar+3424wDnpz1meWcBwyAAAAAAAAAAAAAAAAAAAAcdAUAEAAAAAAAAAAAAf//Z', 1466421840184320, 1645929223802, 1645929223802, 0);
INSERT INTO attachments (userId, resourceId, size, width, height, name, mime, id, createdAt, updatedAt, version) VALUES (1466421840183328, 1466421840184320, 2940, 640, 360, 'img-9', 'image/jpeg', 1466421840184352, 1645929223802, 1645929223802, 0);
INSERT INTO resources (hash, encoding, content, id, createdAt, updatedAt, version) VALUES ('887ce4f6c44816b7f8d3dc046e3ffa03c9ce8ed2dfb8d16e8f732890eca32b45', 'BASE64', '/9j/4QAYRXhpZgAASUkqAAgAAAAAAAAAAAAAAP/sABFEdWNreQABAAQAAAAKAAD/4QMsaHR0cDovL25zLmFkb2JlLmNvbS94YXAvMS4wLwA8P3hwYWNrZXQgYmVnaW49Iu+7vyIgaWQ9Ilc1TTBNcENlaGlIenJlU3pOVGN6a2M5ZCI/PiA8eDp4bXBtZXRhIHhtbG5zOng9ImFkb2JlOm5zOm1ldGEvIiB4OnhtcHRrPSJBZG9iZSBYTVAgQ29yZSA1LjUtYzAxNCA3OS4xNTE0ODEsIDIwMTMvMDMvMTMtMTI6MDk6MTUgICAgICAgICI+IDxyZGY6UkRGIHhtbG5zOnJkZj0iaHR0cDovL3d3dy53My5vcmcvMTk5OS8wMi8yMi1yZGYtc3ludGF4LW5zIyI+IDxyZGY6RGVzY3JpcHRpb24gcmRmOmFib3V0PSIiIHhtbG5zOnhtcD0iaHR0cDovL25zLmFkb2JlLmNvbS94YXAvMS4wLyIgeG1sbnM6eG1wTU09Imh0dHA6Ly9ucy5hZG9iZS5jb20veGFwLzEuMC9tbS8iIHhtbG5zOnN0UmVmPSJodHRwOi8vbnMuYWRvYmUuY29tL3hhcC8xLjAvc1R5cGUvUmVzb3VyY2VSZWYjIiB4bXA6Q3JlYXRvclRvb2w9IkFkb2JlIFBob3Rvc2hvcCBDQyAoTWFjaW50b3NoKSIgeG1wTU06SW5zdGFuY2VJRD0ieG1wLmlpZDoxMzk3MUFEMzQyMDUxMUU5OTk4RkJCNjMyNTY5RTk2QSIgeG1wTU06RG9jdW1lbnRJRD0ieG1wLmRpZDoxMzk3MUFENDQyMDUxMUU5OTk4RkJCNjMyNTY5RTk2QSI+IDx4bXBNTTpEZXJpdmVkRnJvbSBzdFJlZjppbnN0YW5jZUlEPSJ4bXAuaWlkOjEzOTcxQUQxNDIwNTExRTk5OThGQkI2MzI1NjlFOTZBIiBzdFJlZjpkb2N1bWVudElEPSJ4bXAuZGlkOjEzOTcxQUQyNDIwNTExRTk5OThGQkI2MzI1NjlFOTZBIi8+IDwvcmRmOkRlc2NyaXB0aW9uPiA8L3JkZjpSREY+IDwveDp4bXBtZXRhPiA8P3hwYWNrZXQgZW5kPSJyIj8+/+4ADkFkb2JlAGTAAAAAAf/bAIQAFBAQGRIZJxcXJzImHyYyLiYmJiYuPjU1NTU1PkRBQUFBQUFERERERERERERERERERERERERERERERERERERERAEVGRkgHCAmGBgmNiYgJjZENisrNkREREI1QkRERERERERERERERERERERERERERERERERERERERERERERERERE/8AAEQgBaAKAAwEiAAIRAQMRAf/EAH0AAQADAQEBAAAAAAAAAAAAAAABBAUDAgYBAQEAAwEAAAAAAAAAAAAAAAABAgMEBRABAAICAAQCBwYHAAAAAAAAAAECEQMhEgQFMUFRYdEiQmIT8IEyUnIzcZGhweFTFREBAQACAgIDAAAAAAAAAAAAAAERAhIDIUExcUL/2gAMAwEAAhEDEQA/AOgDteMAAAAAAAAAAAAAAACAAoAAAAAAAAAAAAAAAAAAAAAAAAAAAAAAAAAIACgAAAAAAAAAAAAAAAAAAAAAAAAAAAAAAAAAAAAAgAKAAACAAoAAAAAAAAAAAAAAAAAAAAAAAIACgAAAAAAAAAAAAAAAAAAAAAAAAAAAAAAAAAAAAAAAAAAAAAAAAAAAgAKAAAAAAAAAAAAAAAAAAAAAAAAAAAAAAAAAAAAAAAAAAAAAAAAAAAAAAAAAAAAAAAAAAAAAAAAAAAAAAAAACAAoAAAAAAAAAAAAAAAAAAAAAAAAAAAAAAAIACgAAAAAAAAAAAAAAAAAAAAAAAAAAAAAAAAAAAAAAAAAAAAAAAAAAAAAgAKAAAAAAAAAAAAAAAAAAAAAAAAAAAAAAAAAAAAAAAAAAAAAAAAAAAAAAAAAAAAAAAAAAAAAAAAAAAAAAAAAAAAAAAAAAAAACAAoAAAIACgAAAAAAAAAAAgAKAAAAACAAAAoAIACgAgAKAAAAAAAAAAAAAAAAAAAAAAAAACAAoAAAAAAAAAAAAAAAAAAAIACgAAAAAAAAAAAAAAAAAAAAAAAAAAAAAAAAAAAAAAAAAAAAAAAAAAAAAAAAAAAAAAAAAAAAAAAAAAAAAAAAAAAAAAAAAAAAAAAAAAAAAgAKAAAAAAAAAAAAAAAAAAAAAAAAAAAAAAAAAAAAAAACAAoAAAAAAAAAAAAAAAAAAAAAAAAAAAAAAAAAAAAAAAAAAAAAAAAAAAAAAAAAAAAAAAAAAAAAAAAAAAIACgAAAAAAAAAAAAAAAAAAAAAAAAAAAAAAAAAAAAAAAAAAAAAAAAAAAAAAAAAAAAAAAAAAAAAAAAAAAAAAAAAAAAAAAAAAAAAAAAAAAAAAAAAAAAAAAAAAAAAAAAAAAAAAAAAAAAAAAAAAAAAAAAAAAAAAAgAKAAAAAAAAAAACAAoAAAAAAAAAAAAAAAAAAAAAAAIACgAAAAAAAAAAAAAAAAAAAAAAAAAAAAAAAAAAAAAAAAAAAAAgAKAAAAAAAAAAAAAAAAAAAAAAAAAAAAAAAAAAAAAAAAACAAoAAAAAAAAAAAAAAAAAAAAAAAAAAAAAAAAAAAAAAAAAAAAAAAIACgAAAAAAAAAAAAAAAAAAAAAAAAAAAAAAAAAAAAAAAAAAAAAAAAAAAAAAAAAAAAAAAAAAAAAAAAAAAAAAAAAAAAAAAgAKAAAAAAAAAAAAAAAAAAAAAAAAAAAAAAAAAAAAAAAAAAAAAAAAAAAAAAAAAAAAAAAAAAAAAAAAAAAAAAAAAAAAACAAoAAAAAAAAAAAAAAAAAAAAAAAAAAAAAAAAAAAAAAAAAAAIACgAAAAAAAAAAAAAAAAAAAAAAAAAAAAAgItaKxmeEGcTNbRi0eMJlli/KQFYgAoAIACgAAAAAAAAAAAgAAAAAKAAAAAAAAAAAAAAAAAAAAAAAAAAAAAAAAAAAAACAAoAAAAAIACgAgiZxGZ8ErPb+np1O2fqcYpi3L5TPr/gxtxGemvPbi7du6Kdkxv2xiscaVnz+b2OneOkiIjqK4ry55oxxt/lr+DO7zfGmIj4rVhzy27ZehdJrpYxgHS80AVAAUAAAAAAAAAAAAAAAAAAAAAAAAAAAAAAAAAAAAAAAAAAAEABQAAAAAAAAAAAAAAAAAQAQBGfKImZ9EIm3LPLaJrPotGEzGXG4zh6AVBe7P+/sn5YUJ4cZ4NbsumYpbdbh9T8P6Ya+y+HR0a27Zayh3bVzdNbHw+/8AyaGVbuF4p0+yflmGiO+zMfNRsrM4iXpb6/ZomldGJjbSK+9WPCceH3+anGZjM+Lp1uXm9unG+EgM2kAFABAAUAAAAAAAEABQAAAAAAAAAAAAAAAAAAAQAFAAAAAAAAAAAAAAAAAAABAAUAAAAAARMZjCQR61b92nhrtGI8pr9uLtPcN14xurTZX1xhXGF1jbOzaOk36a2ZtW+qZ/LPNDpq6TXu/b3xM+i0YV3m1K28YTjfVZTsn6ka+nstImLbbTsiPh8K/b72jt0xenJmYj5OD5inNqnOu1q49ftaGnvGzX7u6vNH5qexr21rp07dPpe+h1Wvjr2xb5dlf7wq9dv3Tq5d2qaxmszas80Yj+rrTu/TW/FM0/VV3/AOl03+yuGGK3cpYwJ2zutbdPxznHq8ho779t2zNuaK285rmGZstWlois80TOPHMt2u3pw9nXc8pXoBtc4AKAAAAAAAAAAAAAAAAACAAoAAAAAAAAAAAAAAAAAAAAAAAAAAAAAAAAAAAAAAAAAAAAAAAAAIACk8fFHLHohImDNRMR6IRFYjwh6DBmgCoACgAAAAAAAgAKAAAAAAAAAAAAAAAAAAAAAAAAAAAAACAAoAAAAAAAAAAAAAAAAAAAAAAAAAAAAAAAAAAAIACgAgAKAAAAAAAAACAAoAAAAAAAAAAAAAAAAAIACgAAAAAAAAAAAgAKAAAAAAAAAAAAAAAAAAAAAAAAAAACP//Z', 1466421840184384, 1645929223802, 1645929223802, 0);
INSERT INTO attachments (userId, resourceId, size, width, height, name, mime, id, createdAt, updatedAt, version) VALUES (1466421840183328, 1466421840184384, 3042, 640, 360, 'img-10', 'image/jpeg', 1466421840184416, 1645929223803, 1645929223803, 0);
INSERT INTO resources (hash, encoding, content, id, createdAt, updatedAt, version) VALUES ('e33578ea5812325eb83016a79bd29346f098ac5e74ec258aeacbf2bfc90fa3db', 'BASE64', '/9j/4QAYRXhpZgAASUkqAAgAAAAAAAAAAAAAAP/sABFEdWNreQABAAQAAAAKAAD/4QMsaHR0cDovL25zLmFkb2JlLmNvbS94YXAvMS4wLwA8P3hwYWNrZXQgYmVnaW49Iu+7vyIgaWQ9Ilc1TTBNcENlaGlIenJlU3pOVGN6a2M5ZCI/PiA8eDp4bXBtZXRhIHhtbG5zOng9ImFkb2JlOm5zOm1ldGEvIiB4OnhtcHRrPSJBZG9iZSBYTVAgQ29yZSA1LjUtYzAxNCA3OS4xNTE0ODEsIDIwMTMvMDMvMTMtMTI6MDk6MTUgICAgICAgICI+IDxyZGY6UkRGIHhtbG5zOnJkZj0iaHR0cDovL3d3dy53My5vcmcvMTk5OS8wMi8yMi1yZGYtc3ludGF4LW5zIyI+IDxyZGY6RGVzY3JpcHRpb24gcmRmOmFib3V0PSIiIHhtbG5zOnhtcD0iaHR0cDovL25zLmFkb2JlLmNvbS94YXAvMS4wLyIgeG1sbnM6eG1wTU09Imh0dHA6Ly9ucy5hZG9iZS5jb20veGFwLzEuMC9tbS8iIHhtbG5zOnN0UmVmPSJodHRwOi8vbnMuYWRvYmUuY29tL3hhcC8xLjAvc1R5cGUvUmVzb3VyY2VSZWYjIiB4bXA6Q3JlYXRvclRvb2w9IkFkb2JlIFBob3Rvc2hvcCBDQyAoTWFjaW50b3NoKSIgeG1wTU06SW5zdGFuY2VJRD0ieG1wLmlpZDoxMzk3MUFDRjQyMDUxMUU5OTk4RkJCNjMyNTY5RTk2QSIgeG1wTU06RG9jdW1lbnRJRD0ieG1wLmRpZDoxMzk3MUFEMDQyMDUxMUU5OTk4RkJCNjMyNTY5RTk2QSI+IDx4bXBNTTpEZXJpdmVkRnJvbSBzdFJlZjppbnN0YW5jZUlEPSJ4bXAuaWlkOjEzOTcxQUNENDIwNTExRTk5OThGQkI2MzI1NjlFOTZBIiBzdFJlZjpkb2N1bWVudElEPSJ4bXAuZGlkOjEzOTcxQUNFNDIwNTExRTk5OThGQkI2MzI1NjlFOTZBIi8+IDwvcmRmOkRlc2NyaXB0aW9uPiA8L3JkZjpSREY+IDwveDp4bXBtZXRhPiA8P3hwYWNrZXQgZW5kPSJyIj8+/+4ADkFkb2JlAGTAAAAAAf/bAIQAFBAQGRIZJxcXJzImHyYyLiYmJiYuPjU1NTU1PkRBQUFBQUFERERERERERERERERERERERERERERERERERERERAEVGRkgHCAmGBgmNiYgJjZENisrNkREREI1QkRERERERERERERERERERERERERERERERERERERERERERERERERE/8AAEQgBaAKAAwEiAAIRAQMRAf/EAHgAAQACAwEAAAAAAAAAAAAAAAAFBgEDBAIBAQEAAAAAAAAAAAAAAAAAAAABEAEAAgECBAIGBgkEAwAAAAAAAQIDEQQhMRIFQVFhcdEiMhORobHBFQaB4UJSYnKCkhTxIzNDU2MWEQEAAAAAAAAAAAAAAAAAAAAA/9oADAMBAAIRAxEAPwCfZBQAAAAAAAAAAAAAAAAAAAAAAAAAAAAAAAAAAAAAAAAAAAAAAAAAAAAAAAAAAAAAAAAAAAAAAAAAAAAAAAAAAAAAAAAAAAAAAAAAAAAAAAAAAAAAAAAAAAAAAAAAAAAAAAAAAAAAAAAAAAAAAAAAAAAAAAAAAAAAAAAAAAAAAAAAAAAAAAAAAAAAAAAAAAAAAAAAAAAAAAAAAAAAAAAAAAAAAAAAAAAAAAAAAAAAAAAAAAAAAAAAAAAAAAAAAAAAAAAAAAAAAAAAAAAAAAAAAAAAAAAAAAAAAAAAAAAAAAAAAAAAAAAAAAAAAAAAAAAAAAAAAAAAAAAAAAAAAAAAAAAAAAAAAAAAAAAAAAAAAAAAAAAAAAAAAAAAAAAAAAAAAAAAAAAAAAAAAAAAAAAAAAAAAAAAAAAAAAAAAAAAAAAAAAAAAAAAAAAAAAAAAAAAAAAAAAAAAAAAAAAAAAAAAAAAAAAAAAAAAAAAAAAAAAAAAAAAAAAAAAAAAAAAAAAAAAAAAAAAAAAAAAAAAAAAAAAAAAAAAAAAAAAAAAAAAAAAAAAAAAAAAAAAAAAAAAAAAAAAAAAAAAAAAAAAAAAAAAAAAAAAAAAAAAAAAAAAAAAAAAAAAAAAAAAAAAAAAAAAAAAAAAAAAAAAAAAAAAAAAAAAAAAAAAAAAAAAAAABry5aYazfJMVrHOZBsEDm/MVdZjb45tH71vdhor+Ydxr7+Okx6LSIso4dj3PDveFJ6bxzpbn+t3AACgNWfPTb0nJknSsCNorOfv2fJP8AsVrSv8cazLXj75vKTrbovHlp0yC1CP7f3bDvvdr7uSOdLc/0eaQFAAAAAAAAAAAAAAAAAAAAAAAAAAAAAAAAAAAAAAAAAAAAAAAAAAAAAAAAAAAAAAAAAAaN3use0xzlyTwj6/QqG73WXf3683CsfDj8I9fpdHdd5/mbia1n/axTpX028ZcYgDfstrbe5vk1t0xEdU25g5rRMaXrOl68ayuXb91/l7embxtHH1+Ko5cc4ct8UzrNLdOseKe/LczO1mJ5RewJoAVhVe87mdxuZxRPuYuHrt4ytahTkm0XyeM2vb6wex173b7bDhxZdvk6r206o111/R4aOQRiYmLRek9N68a2ha+1dxjfY9Z4ZK8L19Pn6lVesG5tss1dxXlHC8edQXgeaWi9YtWdYmNYl6FAAAAAAAAAAAAAAAAAAAAAAAAAAAAAAAAAAAAAAAAAAAAAAAAAAAAAAAAAAAAAAHL3DPO32+TLHOtZ09bqRvfI12OXTyj7QVTHXSsRPPxeyAQIma2i9Zmto5TWdJBRjhWJmePOZmfFZ+w4px7KkzztNr/TKtY8Ft3lrtqc7fFPlXxXbHSMdYpXlWIiP0IPYApzUOkTSbVnnW1o+tfFQ7ttp226tP7GX36z6fGBHHFaxOsRESyADEx1RpPiyxa0ViZnwBZvy/ltk2dYtzpM0+hKo7smCcGzpFudtbz/AFJEUAAAAAAAAAAAAAAAAAAAAAAAAAAAAAAAAAAAAAAAAAAAAAAAAAAAAAAAAAAAAAAadzhjPivin9qs1bmBFFrE11pbhas9Mx6mVm7j2em7n5lJ6Mv73hPrhCX7VvaTp8uL+mlo+8HIaTa0UpHVe3CKw7sfZd5lnSYrjjzmdZ+iE727tmPY11r72SfivPP9UA8dq7ZGyrNr8ct/in7od+TJXHWb3nSsRrMy9tebFXNS2O8a1tGkiuCO+bW0zFJtbSNZ6aWnh9DX/wDQbaeNYvMfyo/P2LcYNZwW668tNem2nl5S4Me3y3vOKmO03r8VdOXrBZNv3nb58kYo6q2ty6o5uje7Km9xTiyeuJ8p80Z2/sl6Xrn3ExrWda0ry19Mp0FJ3W2y7G3Tnjh4ZI+GWmL1nlML3asWjS0ax5S4rdo2dp1nDXX1AqFstK85d/be2X3t4yZazXBWdePOyyYu37bDOuPFWJ9TqBiGQAAAAAAAAAAAAAAAAAAAAAAAAAAAAAAAAAAAAAAAAAAAAAAAAAAAAAAAAAAAAAAAABhkYmdOMgNebcY8EdWW0Uj+KdETbu3+Xn/xdtaKRPD5tvH0Vjzbs+023bsN9zePmZIj4snvTNgbZ7ztI+G/V/JE2+w/E4v/AMWLLf8Ao0+3RAdr7jbt95+Z72K/G2nOtvOPQmO6d3xVwTXBeL3yRpXpnlE85lA2+/3Hcon/ABYrjrE9NrWnW0f0x7Wz8MvtZ+btba3n/ljJ+36fRP1K3s9xfYZIy4ePDS1P3o9qT3/fJ3OP5WCtqdXx2tziPKAdm271bPFunDe00npt8uYtH3N2Tus4qTe+DLFYjWZmscPrV/t27/D88X0n5do6LxH1S6O69znfT8vHExhjjOvCbT7AS2Du1txSMmLBktWfH3fa2R3bFSdM9b4p/wDZXh9Mawi+wb2MGS22vOlbz1UmfPxh39z7zjwxOHFpkyTz8a19fsBJ1tFo6qzrE8ph6UzZ77LsJ6qz1Umdb08PXXy9S34c1c9K5KTrW0awo2AAAAAAAAAAAAAAAAAAAAAAAAAAAAAAAAAAAAAAAAAAAAAAAAAAAAAAAAAAAAAAAAAAIP8AMO7tSldtSdJyazaf4Y9qcVb8wTNd3SbfD0Tp9IIyccadPl9Tdl3GfcVrTNeb1pxrE/fPi922e4rgnczTTHHHj8Wnno0c+IgxFYjjEaMfMrPiza0VjWQZG/Psdzt8UZ8tNKTz0njXXzc8zpp4zPCIjxBkbdztM+0its9YiLeMTrpPlLXFbXtFKRra06VgHm1YtGklaxWNIjRv3ezzbKYjPEaW5Wry18paqY7Zr1xY/ivPTHtBhOflvLM0yYZ5UtrX1W/0c3c+zTs8fz8NrWrX/ki3l5w6Py1jmaZc3he0RX+n/UVPMgAAAAAAAAAAAAAAAAAAAAAAAAAAAAAAAAAAAAAAAAAAAAAAAAAAAAAAAAAAAAAAAAAj+57KdzWt6RE5cU9dItyn+GfWkAHFg7hg3tLYrT0XmOm+O/CY9qudr7dbeZZxX1+VimYvb97SeEe1Z9zsdvup1zUi0x4+Lk/AtpHw1tX+W9o+9B073t2PcbadvWIrpHueiY5K52bBXNn69xMVrh8LTzv+pNfge0njMWn15LPdeybKv/VE+vWQbt1udpmx2xXy00tEx8UK52KcEZpy7i9Y+V7tNZ5z+8sVe2bSvLDT+2Hr8P23/ip/aDn3262W7w2w2y096OHvcp8EX+XvkVmc+e9YyfBWJtHLxn9P2JyNhto5Yqf2w8z23aW54af2iPe7pg32G2GbVmLRwmJjhPhKvdhpFdxfJnmK/Jjo4zp70z7I+tM27Lsp/wCqI9WsfY807Fsqzr8vX+aZkVr3G+t3DXbbKOqs8L5pj3ax46ecpHbbem2x1w4/hrGjZSlaR00iIrHhD0oAAAAAAAAAAAAAAAAAAAAAAAAAAAAAAAAAAAAAAAAAAAAAAAAAAAAAAAAAAAAAAAAAAAAAAAAAAAAAAAAAAAAAAAAAAAAAAAAAAAAAAAAAAAAAAAAAAAAAAAAAAAAAAAAAAAAAAAAAAAAAAAAAAAAAAAAAAAAAAAAAAAAAAAAAAAAAAAAAAAAAAAAAAAAAAAAAAAAAAAAAAAAAAAAAAAAAAAAAAAAAAAAAAAAAAAAAAAAAAAAAAAAAAAAAAAAAAAAAAAAAAAAAAAAAAAAAAAAAAAAAAAAAAAAAAAAAAAAAAAAAAAAAAAAAAAAAAAAAAAAAAAAAAAAAAAAAAAAAAAAAAAAAAAAAAAAAAAAAAAAAAAAAAAAAAAAAAAAAAAAAAAAAAAAAAAAAAAAAAAAAAAAAAAAAAAAAAAAAAAAAAAAAAAAAAAAAAAAAAAAAAAAAAAAAAAAAAAAAAAAAAAAAAAAAAAAAAAAAAAAAAAAAAAAAAAAAAAAAAAAAAAAAAAAAAAAAAAAAAAAAAAAAAAAAAAAAAAAAAAAAAAAAAAAAAAAAAAAAAAAAAAAAAAAAAAAAAAAAAAAAAAAAAAAAAAAAAAAAAAAAAAAAAAAAAAAAAAAAAAAAAAAAAAAAAAAAAAAAAAAAAAAAAAAAAAAAAAAAAAAAAAAAAAA//9k=', 1466421840184448, 1645929223803, 1645929223803, 0);
INSERT INTO attachments (userId, resourceId, size, width, height, name, mime, id, createdAt, updatedAt, version) VALUES (1466421840183328, 1466421840184448, 4233, 640, 360, 'img-11', 'image/jpeg', 1466421840184480, 1645929223803, 1645929223803, 0);
INSERT INTO texts (hash, content, id, createdAt, updatedAt, version) VALUES ('5380862ba650bd23fc2ee8e1cb27a239a31d361ead7b5076ccc714d58e0c199a', '# civibus melius dolorum tamquam nonumy vocibus dicit sociosqu esse luctus.\n\nmattis sonet solum morbi consectetuer.\n\noption contentiones suscipit verterem delenit fames tortor taciti non molestiae atomorum dictumst nam nominavi etiam oporteat suscipit vis hinc veniam.\n\nassueverit ocurreret ad unum fuisset latine imperdiet cu veritus suscipit tale ante errem persecuti graeco.\n\nutinam saepe imperdiet possim velit unum altera impetus omittam tota.\n\nplatonem sit putent causae urna phasellus debet eripuit veri natoque qualisque tristique docendi.\n\nrepudiare tempus mazim turpis suavitate suscipiantur inani signiferumque nascetur sem quot blandit sollicitudin detracto duis.\n\nfugit appetere efficiantur amet ancillae fuisset taciti.\n\npulvinar eu nobis vocibus gubergren nec ultricies appetere ea unum indoctum mi turpis legimus brute utamur eruditi.\n\nvis habemus singulis vituperata appetere mollis torquent meliore definiebas adversarium.\n\nindoctum principes massa suscipit verear efficitur.\n\nlibris vestibulum mandamus maiestatis singulis cras aptent.\n\nepicurei velit sagittis a nunc purus suavitate doctus viris ultricies leo recteque mazim platea ultricies.\n\nusu explicari affert dolore partiendo sem noster feugait graeci ancillae a adhuc labores himenaeos nulla viris justo menandri maiorum.\n\ntempus viris fusce nisi mel tale atomorum faucibus adipiscing.\n\ntamquam omittantur at eius euismod quaeque vestibulum habitant senserit inani persequeris postulant sadipscing lectus interpretaris similique dictum urbanitas error.\n\nlegere dicunt idque quod torquent quo ignota nonumy eos adolescens invenire donec metus dicant ultricies persius semper equidem ultrices.\n\n', 1466421840184512, 1645929223803, 1645929223803, 0);
INSERT INTO articles (userId, categoryId, imageId, textId, views, tags, name, description, publishAt, id, createdAt, updatedAt, version) VALUES (1466421840183328, 1466421840183712, 1466421840183776, 1466421840184512, 0, 'abc,xyz,hello', 'salutatus. 0', 'tortor errem molestie efficitur debet.', 1645929223786, 1466421840187232, 1645929223803, 1645929223803, 0);
INSERT INTO texts (hash, content, id, createdAt, updatedAt, version) VALUES ('09cfff678806650e6aba776e886fc5493cc92b7b2b040017cc3a34a520ed32ce', '# expetendis senserit ludus iisque efficiantur appareat accumsan legere vituperata est.\n\neius sapientem perpetua animal audire dolore id nominavi porta reformidans nec.\n\nquod venenatis conceptam mandamus eruditi detraxit qui neque mandamus dis interpretaris habitasse saepe ancillae verear sodales repudiandae.\n\nepicuri postulant donec ut fugit repudiandae.\n\nsit causae doming.\n\nmei suscipiantur fastidii.\n\nmagnis tincidunt parturient.\n\nporta decore malesuada egestas quo dignissim adversarium vulputate dicit tincidunt cu donec tota minim docendi urna.\n\nwisi dictumst.\n\nponderum id potenti aliquet adversarium ridiculus netus netus error ornatus theophrastus curae dolores fabulas viverra aptent.\n\nsuscipiantur eloquentiam ea iusto est egestas congue blandit conceptam mediocrem fastidii consectetur iaculis.\n\nsimilique duis veri eu saepe agam tale.\n\nindoctum aenean vocent viverra quaerendum sollicitudin quaerendum quaestio voluptatum referrentur alienum vocent ignota.\n\nusu doming nonumy nominavi prompta graece ponderum noluisse disputationi graeci legere feugait erat nulla feugait veritus suscipiantur equidem comprehensam aptent.\n\ncongue elitr efficiantur efficitur definitionem detracto persequeris option labores aliquip nisl.\n\nante vestibulum efficitur conclusionemque phasellus quaerendum agam tellus dicam salutatus conceptam principes eleifend iudicabit inciderint.\n\ntibique debet ridens saperet autem congue recteque varius orci ridens eros vitae aperiri risus.\n\n', 1466421840184544, 1645929223803, 1645929223803, 0);
INSERT INTO articles (userId, categoryId, imageId, textId, views, tags, name, description, publishAt, id, createdAt, updatedAt, version) VALUES (1466421840183328, 1466421840183712, 1466421840183840, 1466421840184544, 0, 'abc,xyz,hello', 'tale. 1', 'justo gubergren vivamus vis dolore aliquid.', 1645929223787, 1466421840187264, 1645929223804, 1645929223804, 0);
INSERT INTO texts (hash, content, id, createdAt, updatedAt, version) VALUES ('31fae2959458db97a46d335795c4f378a2fc12f0d47f70878c68d22571e0ab30', '# posidonium augue tincidunt nostra oporteat eros consectetuer melius.\n\ndolor nominavi persequeris alienum.\n\nmei facilisi detracto docendi vix egestas auctor agam blandit quot omittam option lacinia posuere neglegentur venenatis nisl quaeque suscipiantur persecuti.\n\naliquam efficitur turpis molestie nonumy eros theophrastus euismod errem vestibulum civibus rhoncus voluptatum.\n\ndelectus scripserit pri adhuc inani disputationi.\n\nquaestio ad persecuti dis.\n\nmauris.\n\ncausae noluisse melius nonumy veri vivamus deseruisse error repudiare minim accumsan possim sodales cum dis ferri elementum disputationi.\n\nnon ullamcorper nonumy persequeris agam regione libero accommodare nec mnesarchum populo adolescens ad.\n\ngraeci ne duo persecuti posidonium gubergren quo ne viderer reprehendunt viris vero meliore consul patrioque vis.\n\nregione ludus petentium detraxit offendit gloriatur.\n\ntempor dicta cetero tritani doming malesuada hinc pellentesque tortor turpis inceptos cetero quo urbanitas patrioque.\n\nlobortis assueverit.\n\neam graece vix etiam te a putent veniam eam amet semper falli ultrices patrioque verear interesset appareat.\n\nfabellas persequeris consul ubique vulputate ne senserit ipsum eu.\n\ninstructior graeci epicurei decore aliquid aliquip salutatus liber novum nullam vis eruditi in lectus quaerendum.\n\nconstituam luptatum latine possit contentiones his tritani malorum equidem molestie dissentiunt habitant mandamus voluptaria fusce libris fusce principes interdum meliore.\n\n', 1466421840184576, 1645929223804, 1645929223804, 0);
INSERT INTO articles (userId, categoryId, imageId, textId, views, tags, name, description, publishAt, id, createdAt, updatedAt, version) VALUES (1466421840183328, 1466421840183712, 1466421840183904, 1466421840184576, 0, 'abc,xyz,hello', 'error. 2', 'quaestio referrentur per veri ludus.', 1645929223788, 1466421840187296, 1645929223804, 1645929223804, 0);
INSERT INTO texts (hash, content, id, createdAt, updatedAt, version) VALUES ('691e802dc18dff2d1e3fd24b0647ed2f90a044d2843f018354190d994158735b', '# repudiandae.\n\nwisi tristique vituperatoribus.\n\nnostrum mazim singulis himenaeos consectetur doctus option nobis gravida vituperata ullamcorper efficitur consul invenire nostra graecis.\n\njusto reprehendunt arcu in tellus curabitur dicat porro theophrastus graeci felis vel.\n\neruditi inciderint penatibus.\n\nbibendum ridiculus debet mutat definiebas.\n\nassueverit ridens partiendo dissentiunt nisi definitiones minim.\n\nrecteque deterruisset.\n\naliquam.\n\ninterpretaris dicant ad persius ubique decore eruditi ferri gravida mediocrem mea movet orci mollis.\n\ndetraxit sale qui graecis saperet magna corrumpit vitae mucius pretium libero lobortis.\n\nea inciderint id repudiare dicunt errem class.\n\ncommune antiopam iaculis.\n\n', 1466421840184608, 1645929223804, 1645929223804, 0);
INSERT INTO articles (userId, categoryId, imageId, textId, views, tags, name, description, publishAt, id, createdAt, updatedAt, version) VALUES (1466421840183328, 1466421840183712, 1466421840183968, 1466421840184608, 0, 'abc,xyz,hello', 'dicant. 3', 'suas.', 1645929223789, 1466421840187328, 1645929223804, 1645929223804, 0);
INSERT INTO texts (hash, content, id, createdAt, updatedAt, version) VALUES ('b7b50619755c6fd889df05e864e36ea2143b1f15cffef4c3e3aa2b39793f2c4f', '# litora tacimates metus fabulas dictum arcu.\n\nsplendide duo detraxit intellegat parturient facilis quaestio interesset placerat ei sapientem commodo mandamus.\n\ntheophrastus offendit aperiri eirmod mucius erroribus evertitur a suas saepe intellegebat integer labores fermentum sociosqu docendi feugait utinam per parturient.\n\naccumsan augue adolescens consectetuer atqui dicat sodales splendide patrioque a vero.\n\npri corrumpit interdum eros.\n\nmelius erroribus possit pharetra mutat nunc.\n\ndeterruisset.\n\nsolet placerat leo eget sale suspendisse pertinax reque deseruisse errem inani persius autem est qui.\n\ninimicus habitant accommodare convenire quo vidisse quisque verear scripta postea etiam constituam justo legimus quem ultrices.\n\nposidonium elementum fuisset ultrices sagittis posse menandri tristique signiferumque intellegebat.\n\nvoluptatum mus veniam sit.\n\naudire est dolorum condimentum lobortis lobortis iisque erat.\n\negestas ligula eam tortor adipiscing dis at propriae vulputate convallis fuisset dolore tale placerat adipisci vim semper vituperata possit.\n\ndefiniebas periculis fringilla sollicitudin aperiri conubia maecenas adversarium regione dolore impetus torquent.\n\nid porta ipsum eget repudiare quaerendum natum novum luctus dolore ferri graeco ac.\n\nleo deterruisset velit nihil nostra cubilia definiebas.\n\nelementum cursus mus sapien convallis ornare cras mei.\n\nex mediocrem dictum eam necessitatibus ex vidisse offendit condimentum nonumes dis tation sapien referrentur fastidii vivamus esse diam patrioque ridiculus.\n\nsanctus doctus definitionem.\n\n', 1466421840184640, 1645929223804, 1645929223804, 0);
INSERT INTO articles (userId, categoryId, imageId, textId, views, tags, name, description, publishAt, id, createdAt, updatedAt, version) VALUES (1466421840183328, 1466421840183712, 1466421840184032, 1466421840184640, 0, 'abc,xyz,hello', 'tempus. 4', 'antiopam vituperatoribus montes elit lobortis leo constituto ex theophrastus.', 1645929223790, 1466421840187360, 1645929223804, 1645929223804, 0);
INSERT INTO texts (hash, content, id, createdAt, updatedAt, version) VALUES ('05585f73d10831d12335e7450cc4100f18b5d3ad38094b93249b75cc0ac229c3', '# detraxit ridiculus finibus option regione placerat mandamus pri commune.\n\nte tantas dolore harum saepe ancillae nulla ei.\n\nblandit feugiat euripidis aeque viderer natoque fringilla fermentum brute netus antiopam.\n\namet laudem suscipiantur scelerisque iudicabit ancillae mei aliquet molestie detraxit platonem.\n\ninterpretaris scripta omnesque graeco verear dis sit dolores torquent qualisque.\n\ndelectus perpetua vitae adipiscing dis delenit nec fuisset eloquentiam noluisse.\n\nverear facilisi mattis facilis.\n\naliquip usu iriure sale inciderint sapien gloriatur sanctus augue assueverit facilisis usu detracto epicuri percipit est sit.\n\nante mediocritatem pri labores conubia libero conceptam necessitatibus ei constituam prodesset tractatos vituperatoribus class intellegat idque.\n\nutinam mauris diam maluisset idque.\n\npellentesque egestas iriure integer animal utinam accumsan sit fames eam similique hac curabitur urna non moderatius appetere elaboraret.\n\n', 1466421840184672, 1645929223804, 1645929223804, 0);
INSERT INTO articles (userId, categoryId, imageId, textId, views, tags, name, description, publishAt, id, createdAt, updatedAt, version) VALUES (1466421840183328, 1466421840183712, 1466421840184096, 1466421840184672, 0, 'abc,xyz,hello', 'morbi. 5', 'amet ei petentium sed.', 1645929223791, 1466421840187392, 1645929223804, 1645929223804, 0);
INSERT INTO texts (hash, content, id, createdAt, updatedAt, version) VALUES ('d26b660d357b083680569c5be9d3fbd4f4f986e5987f5f8ad624cc2034927337', '# viverra justo recteque himenaeos perpetua.\n\nnibh scripserit semper torquent taciti te quidam torquent quisque legimus euripidis metus duis adhuc legere volumus quisque mediocrem odio maiestatis.\n\nconsetetur placerat faucibus scelerisque errem reprehendunt vocent iudicabit hendrerit ornatus.\n\nalia reformidans montes.\n\nposuere arcu proin definitiones utamur felis eos egestas vivamus vix.\n\nultrices antiopam porta omittantur constituto pri interdum netus detraxit sollicitudin.\n\naliquet repudiandae oporteat sodales interpretaris numquam eget gloriatur reprimique sententiae evertitur ornare interesset.\n\noption sit vel posuere voluptatibus tincidunt his arcu eam varius viris regione mi viderer tempus sanctus urbanitas ferri definitiones.\n\nscripta cum amet turpis atqui dolores.\n\ndis cras viderer euismod imperdiet ceteros elaboraret inciderint vestibulum natum penatibus cu nisi.\n\ntorquent sagittis mentitum delenit adipiscing sociosqu dignissim tantas adipisci conceptam partiendo.\n\npartiendo persecuti mei vivendo dicam inceptos scripserit maluisset dicunt.\n\nmalesuada.\n\n', 1466421840184704, 1645929223804, 1645929223804, 0);
INSERT INTO articles (userId, categoryId, imageId, textId, views, tags, name, description, publishAt, id, createdAt, updatedAt, version) VALUES (1466421840183328, 1466421840183712, 1466421840184160, 1466421840184704, 0, 'abc,xyz,hello', 'erroribus. 6', 'mucius egestas eum principes cetero quas eius inciderint cetero non.', 1645929223792, 1466421840187424, 1645929223805, 1645929223805, 0);
INSERT INTO texts (hash, content, id, createdAt, updatedAt, version) VALUES ('d7c0350cd4c46bf492357a4d6d9c4fe1599b04a98d0ea8b1129ca73db39ee16f', '# alia libris.\n\nqualisque.\n\nex repudiandae iudicabit sem.\n\nwisi alia contentiones ad dicunt fabellas possit voluptatum vim cu tractatos sale tota metus iisque.\n\nnonumes repudiare aliquam dolorum varius donec posse.\n\nmaiorum adipisci proin affert aliquam unum suspendisse evertitur indoctum principes eirmod equidem mei.\n\nviderer quas potenti solum persius nisi petentium varius nostrum duis percipit his indoctum option malorum mediocritatem volutpat.\n\nquisque est eget consetetur dolor posidonium.\n\ndetraxit iuvaret volutpat odio tractatos rhoncus graeci tibique cras prompta blandit nisi.\n\nhonestatis.\n\nfames.\n\nomnesque fabellas montes quis per.\n\nsumo vivendo nascetur aptent pretium signiferumque vero habitasse delectus orci varius simul vidisse pretium.\n\n', 1466421840184736, 1645929223805, 1645929223805, 0);
INSERT INTO articles (userId, categoryId, imageId, textId, views, tags, name, description, publishAt, id, createdAt, updatedAt, version) VALUES (1466421840183328, 1466421840183712, 1466421840184224, 1466421840184736, 0, 'abc,xyz,hello', 'mnesarchum. 7', 'adipisci ne montes.', 1645929223793, 1466421840187456, 1645929223805, 1645929223805, 0);
INSERT INTO texts (hash, content, id, createdAt, updatedAt, version) VALUES ('0ca7147778461fc5c77eb25f8e6a11f8c1e615b708efd2e21a47f2a68f3f2e56', '# intellegebat voluptaria ornare dolores malesuada.\n\nbrute delicata prodesset quas reque dignissim vis reque eget accusata leo possim.\n\nnam expetenda detracto inani dignissim libris fugit regione facilis adolescens quam dico vero leo.\n\nrepudiare noster affert phasellus esse possit luptatum tritani alterum ludus efficiantur alterum intellegebat eirmod neque adipiscing animal.\n\npericulis nascetur wisi elaboraret quis diam scelerisque.\n\ndecore dicunt principes viverra affert cu fuisset ex platonem libris novum euismod.\n\nnisl sem aliquid conubia verear vituperata fabulas verterem.\n\nconsetetur urna accusata delicata euripidis contentiones auctor cetero torquent orci qui vulputate ferri netus invenire persius idque aeque fastidii.\n\nmaiestatis ceteros splendide solet mi.\n\nfacilisis quis nascetur sagittis odio definitionem commodo neglegentur sociosqu ut iisque persequeris sodales.\n\naccusata possit solum montes taciti fastidii.\n\nvehicula aliquid fusce principes urbanitas invidunt quem eleifend vero intellegat parturient diam risus accommodare.\n\nqualisque.\n\ndisputationi elit utroque aliquip aenean reprehendunt pri saperet feugiat minim numquam ocurreret tritani facilisi sea elit scripserit torquent.\n\ntincidunt elitr blandit neglegentur electram habeo oporteat posse morbi menandri cu non vitae natoque possit ferri perpetua vulputate.\n\nomittam nobis elementum.\n\njusto.\n\neos lacus dicant error pri facilis eam numquam prodesset tation reformidans eum.\n\nqualisque.\n\ncras magnis platea suscipiantur reprehendunt graece neglegentur principes suas vehicula cras cu penatibus malesuada simul facilis.\n\n', 1466421840184768, 1645929223805, 1645929223805, 0);
INSERT INTO articles (userId, categoryId, imageId, textId, views, tags, name, description, publishAt, id, createdAt, updatedAt, version) VALUES (1466421840183328, 1466421840183712, 1466421840184288, 1466421840184768, 0, 'abc,xyz,hello', 'reprehendunt. 8', 'placerat reque latine persecuti arcu ridiculus error a dapibus dictum.', 1645929223794, 1466421840187488, 1645929223805, 1645929223805, 0);
INSERT INTO texts (hash, content, id, createdAt, updatedAt, version) VALUES ('180c4e0bcd14deaba10747f64fa7ebd70a44d336dd83d162ae6d506958e0ca6f', '# praesent.\n\ndiam blandit condimentum adhuc dignissim velit tation sagittis delectus discere a nec penatibus metus ignota tacimates dolorum eius.\n\npostea wisi ultricies cu pertinacia definitiones pro comprehensam dicunt unum.\n\nmauris curae veritus option nam varius similique tractatos metus donec tation curae vituperata elit suas qualisque te torquent omittantur rutrum.\n\nlibero fabulas saperet orci periculis per fugit alia nominavi justo ut tantas posidonium nonumy patrioque constituto reformidans wisi.\n\nhas dapibus ocurreret venenatis theophrastus ubique reformidans ponderum consectetuer has purus mus.\n\nmelius iusto tibique felis constituto posidonium affert mnesarchum scripta.\n\nsale finibus sonet.\n\nsuas.\n\nhas nec explicari fuisset sapien ultricies porta accumsan elitr reprehendunt urna urna lectus.\n\nligula facilisis cras proin splendide vivendo legimus pellentesque sumo ullamcorper reprehendunt imperdiet esse facilisis elaboraret.\n\nauctor elit dicat accumsan aeque dicta suscipit dolorum solet metus assueverit iuvaret gloriatur eam quas epicuri dolorem audire intellegebat.\n\naugue volumus libero habemus eloquentiam quod magna decore.\n\nprincipes postea docendi ceteros metus fringilla utroque vocent donec tacimates consectetuer persequeris maiestatis signiferumque eloquentiam lorem utinam.\n\npossim eget fastidii platonem debet justo graece.\n\nmalesuada meliore adolescens viderer persequeris sadipscing tritani graeci bibendum splendide audire diam cetero pretium impetus vestibulum postulant veri.\n\n', 1466421840184800, 1645929223805, 1645929223805, 0);
INSERT INTO articles (userId, categoryId, imageId, textId, views, tags, name, description, publishAt, id, createdAt, updatedAt, version) VALUES (1466421840183328, 1466421840183712, 1466421840184352, 1466421840184800, 0, 'abc,xyz,hello', 'saperet. 9', 'tractatos utamur veri mucius atqui aliquet.', 1645929223795, 1466421840187520, 1645929223805, 1645929223805, 0);
INSERT INTO texts (hash, content, id, createdAt, updatedAt, version) VALUES ('d864a1fadf2eb691f81dccc31de4e50a702771328ba95908e47c1934ed4dcfb3', '# mutat intellegat scripta dolorem an populo commodo efficiantur per invidunt.\n\nsea sollicitudin.\n\nsenectus ligula dictum nobis sale feugiat volumus intellegebat docendi reprimique animal morbi quaestio evertitur signiferumque senectus percipit viris fringilla eleifend.\n\ndeterruisset numquam habemus sententiae nostrum iriure atqui aptent netus reprimique ferri dicta proin erat consetetur semper mauris sanctus.\n\nproin sodales docendi cum repudiandae feugiat.\n\npercipit.\n\ndetracto accusata hendrerit has eget gloriatur semper erroribus has dolorem interpretaris sale movet justo utroque ceteros repudiare homero moderatius patrioque.\n\nnumquam.\n\nduo vocent recteque tation dicta duis molestiae petentium quo donec lectus omittantur consul definiebas pri aptent.\n\nadipisci electram.\n\ncum.\n\nverear euripidis postulant regione litora prodesset sagittis.\n\nmucius vim ridens nonumes possim unum inciderint dictum aeque habeo id.\n\ncetero feugiat aliquid tamquam cu justo nulla solum.\n\nac pulvinar in aliquid volumus duis dicat dico ceteros per aenean omnesque suscipiantur suscipiantur molestie.\n\npraesent possit suscipiantur error venenatis ignota libris.\n\ndetracto quaeque ei quo neglegentur sapien splendide finibus aliquet orci et sea adhuc saepe eius eu dicta perpetua urbanitas.\n\natomorum sit molestiae habitant partiendo ullamcorper epicuri deserunt veri movet et corrumpit quod suavitate animal ridens vivamus litora dicunt ne.\n\neget idque option.\n\npersecuti nobis instructior libris reque dissentiunt dissentiunt menandri propriae urna atqui splendide magna brute.\n\n', 1466421840184832, 1645929223805, 1645929223805, 0);
INSERT INTO articles (userId, categoryId, imageId, textId, views, tags, name, description, publishAt, id, createdAt, updatedAt, version) VALUES (1466421840183328, 1466421840183712, 1466421840184416, 1466421840184832, 0, 'abc,xyz,hello', 'detraxit. 10', 'maiorum accusata omnesque.', 1645929223796, 1466421840187552, 1645929223805, 1645929223805, 0);
INSERT INTO texts (hash, content, id, createdAt, updatedAt, version) VALUES ('26f355b60b3d1f91a7bcf5be569c088743e7f1ad83a57f5603a60c614bddf200', '# fabellas aptent alia expetenda ceteros tritani ornare.\n\nduo mollis oporteat corrumpit utinam feugait dicta sociosqu habitasse omnesque deterruisset.\n\nsenserit graecis reformidans consectetur phasellus risus quisque nec sit hac option suas.\n\ndignissim veniam tincidunt mollis faucibus quot habitasse definitiones propriae postulant eget definitiones instructior efficitur laudem platonem mauris per consectetur.\n\niaculis legere aliquip natum possim morbi consetetur feugiat aperiri an comprehensam finibus latine fugit interesset erat affert movet.\n\niriure graece aliquam convallis similique contentiones perpetua eruditi suscipiantur patrioque adversarium ligula fabellas.\n\nius.\n\nvenenatis dissentiunt sodales habeo detracto tantas sale convenire decore.\n\nindoctum neglegentur mucius eius falli ridens latine gloriatur arcu malesuada quo ipsum agam fermentum netus persequeris detraxit litora fermentum vivendo.\n\nultrices definitiones te cras vivamus regione commodo eius vulputate referrentur constituto senectus consequat veniam ea definitiones.\n\ncu liber voluptaria labores quod utroque interdum senectus detracto inciderint condimentum suscipiantur quaestio rhoncus taciti sapientem.\n\nposidonium praesent adolescens iisque dicunt vix electram vidisse montes deseruisse sanctus placerat.\n\natomorum liber fermentum.\n\nhomero odio tamquam ceteros lacinia taciti omittam eros ceteros maecenas possim.\n\n', 1466421840184864, 1645929223806, 1645929223806, 0);
INSERT INTO articles (userId, categoryId, imageId, textId, views, tags, name, description, publishAt, id, createdAt, updatedAt, version) VALUES (1466421840183328, 1466421840183712, 1466421840184480, 1466421840184864, 0, 'abc,xyz,hello', 'eget. 11', 'urbanitas inimicus justo eu libero est tellus sale.', 1645929223797, 1466421840187584, 1645929223806, 1645929223806, 0);
INSERT INTO boards (topicNumber, locked, tag, name, description, displayOrder, id, createdAt, updatedAt, version) VALUES (0, false, 'sample', 'Discuss Sample', 'Discuss Sample.', 0, 1466421840184896, 1645929223806, 1645929223806, 0);
INSERT INTO topics (boardId, userId, userName, userImageUrl, refType, refId, replyNumber, locked, name, content, id, createdAt, updatedAt, version) VALUES (1466421840184896, 1466421840183584, 'subscriber', '/static/img/user.png', 'NONE', 0, 0, false, 'menandri verterem habemus.1', 'quot errem primis nobis ludus nullam lorem malorum sollicitudin dicit non rhoncus sententiae iaculis in reque reformidans dicta salutatus prompta eu affert parturient feugait dui sociosqu sociosqu consectetuer risus maluisset ullamcorper suavitate quaeque tellus sodales doctus volutpat sapien integer nisl discere sagittis mucius maluisset est phasellus habeo saperet faucibus.', 1466421840184928, 1645929223788, 1645929223788, 0);
INSERT INTO topics (boardId, userId, userName, userImageUrl, refType, refId, replyNumber, locked, name, content, id, createdAt, updatedAt, version) VALUES (1466421840184896, 1466421840183584, 'subscriber', '/static/img/user.png', 'NONE', 0, 1, false, 'no.2', 'consetetur dicam nunc ferri possit vis.', 1466421840184960, 1645925623788, 1645925623788, 0);
INSERT INTO replies (topicId, userId, userName, userImageUrl, content, id, createdAt, updatedAt, version) VALUES (1466421840184960, 1466421840183584, 'subscriber', '/static/img/user.png', 'ceteros tota instructior turpis cubilia ius eius dicant doctus offendit mus definitiones falli tation nominavi convallis usu inceptos mutat pertinacia nullam vituperata intellegat rhoncus idque mediocritatem sit veri.', 1466421840187616, 1645925563788, 1645925563788, 0);
INSERT INTO topics (boardId, userId, userName, userImageUrl, refType, refId, replyNumber, locked, name, content, id, createdAt, updatedAt, version) VALUES (1466421840184896, 1466421840183584, 'subscriber', '/static/img/user.png', 'NONE', 0, 2, false, 'accommodare nam efficitur.3', 'tristique verterem tortor hinc euripidis detraxit lectus ponderum vim meliore nibh alterum recteque inceptos.', 1466421840184992, 1645922023788, 1645922023788, 0);
INSERT INTO replies (topicId, userId, userName, userImageUrl, content, id, createdAt, updatedAt, version) VALUES (1466421840184992, 1466421840183584, 'subscriber', '/static/img/user.png', 'habitant risus quem pertinax scripta scripserit habemus comprehensam antiopam.', 1466421840187648, 1645921963788, 1645921963788, 0);
INSERT INTO replies (topicId, userId, userName, userImageUrl, content, id, createdAt, updatedAt, version) VALUES (1466421840184992, 1466421840183584, 'subscriber', '/static/img/user.png', 'minim viris curae felis mediocritatem dui sanctus class ornatus duo qualisque maecenas solet duis ludus honestatis salutatus mutat dictas ignota praesent alia omnesque cursus noster usu maximus elementum persecuti graece consequat felis veritus vituperata disputationi.', 1466421840187680, 1645918363788, 1645918363788, 0);
INSERT INTO topics (boardId, userId, userName, userImageUrl, refType, refId, replyNumber, locked, name, content, id, createdAt, updatedAt, version) VALUES (1466421840184896, 1466421840183584, 'subscriber', '/static/img/user.png', 'NONE', 0, 3, false, 'tamquam nulla eirmod.4', 'platea tempor congue dicunt consul porro turpis mattis vel oporteat ne contentiones tation quaestio cu ferri neque lacinia tempus tempor cubilia justo ridiculus dapibus ferri tamquam liber accumsan discere risus facilisi deterruisset suscipit option fuisset elementum no tristique suavitate aeque detraxit neglegentur consequat luctus.', 1466421840185024, 1645918423788, 1645918423788, 0);
INSERT INTO replies (topicId, userId, userName, userImageUrl, content, id, createdAt, updatedAt, version) VALUES (1466421840185024, 1466421840183584, 'subscriber', '/static/img/user.png', 'splendide quisque dignissim fabulas tale fames verear vivamus mus dolor propriae nonumy tellus postulant iisque graeci dissentiunt posidonium sociosqu sanctus nullam volumus reprehendunt volutpat quas corrumpit comprehensam urbanitas fames conceptam.', 1466421840187712, 1645918363788, 1645918363788, 0);
INSERT INTO replies (topicId, userId, userName, userImageUrl, content, id, createdAt, updatedAt, version) VALUES (1466421840185024, 1466421840183584, 'subscriber', '/static/img/user.png', 'nibh volumus elit id eros partiendo dicit ante eleifend nisl dictas id.', 1466421840187744, 1645914763788, 1645914763788, 0);
INSERT INTO replies (topicId, userId, userName, userImageUrl, content, id, createdAt, updatedAt, version) VALUES (1466421840185024, 1466421840183584, 'subscriber', '/static/img/user.png', 'numquam eam posse homero commodo mutat tota periculis netus eleifend prompta mauris netus maecenas epicurei platonem no eleifend consectetur referrentur suas adversarium.', 1466421840187776, 1645911163788, 1645911163788, 0);
INSERT INTO topics (boardId, userId, userName, userImageUrl, refType, refId, replyNumber, locked, name, content, id, createdAt, updatedAt, version) VALUES (1466421840184896, 1466421840183584, 'subscriber', '/static/img/user.png', 'NONE', 0, 4, false, 'vestibulum movet ex.5', 'singulis ligula ridens interpretaris pretium ius referrentur has veniam reque volutpat sem libero oratio unum interdum sea definitionem graeci sapientem invidunt iisque sapien petentium.', 1466421840185056, 1645914823788, 1645914823788, 0);
INSERT INTO replies (topicId, userId, userName, userImageUrl, content, id, createdAt, updatedAt, version) VALUES (1466421840185056, 1466421840183584, 'subscriber', '/static/img/user.png', 'varius quisque unum dissentiunt audire delenit.', 1466421840187808, 1645914763788, 1645914763788, 0);
INSERT INTO replies (topicId, userId, userName, userImageUrl, content, id, createdAt, updatedAt, version) VALUES (1466421840185056, 1466421840183584, 'subscriber', '/static/img/user.png', 'quo contentiones suscipit interpretaris referrentur himenaeos comprehensam aptent vim errem turpis iriure moderatius curae ante sumo dicat reprehendunt omnesque integer fames homero epicuri.', 1466421840187840, 1645911163788, 1645911163788, 0);
INSERT INTO replies (topicId, userId, userName, userImageUrl, content, id, createdAt, updatedAt, version) VALUES (1466421840185056, 1466421840183584, 'subscriber', '/static/img/user.png', 'antiopam mus accusata sem volumus comprehensam libris wisi vehicula petentium ei sea graece partiendo reprehendunt inani tota detraxit ponderum definitionem signiferumque sumo senserit tempus evertitur cras semper eripuit atqui possit ornatus inani mandamus oporteat arcu definitiones iisque habitasse qualisque sapientem.', 1466421840187872, 1645907563788, 1645907563788, 0);
INSERT INTO replies (topicId, userId, userName, userImageUrl, content, id, createdAt, updatedAt, version) VALUES (1466421840185056, 1466421840183584, 'subscriber', '/static/img/user.png', 'theophrastus aliquip posidonium sem evertitur oratio vituperatoribus brute vim maximus legere quisque maecenas quem mel civibus penatibus duis dictum tota vel facilis iuvaret.', 1466421840187904, 1645903963788, 1645903963788, 0);
INSERT INTO topics (boardId, userId, userName, userImageUrl, refType, refId, replyNumber, locked, name, content, id, createdAt, updatedAt, version) VALUES (1466421840184896, 1466421840183584, 'subscriber', '/static/img/user.png', 'NONE', 0, 5, false, 'hendrerit.6', 'molestie.', 1466421840185088, 1645911223788, 1645911223788, 0);
INSERT INTO replies (topicId, userId, userName, userImageUrl, content, id, createdAt, updatedAt, version) VALUES (1466421840185088, 1466421840183584, 'subscriber', '/static/img/user.png', 'faucibus suspendisse commune tempus felis mentitum quem volutpat conubia errem option inciderint senectus commodo netus class pericula nonumy regione maiorum fugit netus aptent posuere adversarium alterum hendrerit detraxit gubergren error doming explicari quidam suavitate ignota fringilla necessitatibus dignissim audire possim.', 1466421840187936, 1645911163788, 1645911163788, 0);
INSERT INTO replies (topicId, userId, userName, userImageUrl, content, id, createdAt, updatedAt, version) VALUES (1466421840185088, 1466421840183584, 'subscriber', '/static/img/user.png', 'causae volumus ipsum scripserit dictumst alienum detracto esse elit viris elaboraret laoreet periculis principes tortor pericula noluisse vel leo eirmod delicata rutrum wisi principes graeco penatibus natum platonem vivendo fabulas falli finibus esse legere.', 1466421840187968, 1645907563788, 1645907563788, 0);
INSERT INTO replies (topicId, userId, userName, userImageUrl, content, id, createdAt, updatedAt, version) VALUES (1466421840185088, 1466421840183584, 'subscriber', '/static/img/user.png', 'has labores senserit voluptaria persius expetenda a erat aptent posse disputationi.', 1466421840188000, 1645903963788, 1645903963788, 0);
INSERT INTO replies (topicId, userId, userName, userImageUrl, content, id, createdAt, updatedAt, version) VALUES (1466421840185088, 1466421840183584, 'subscriber', '/static/img/user.png', 'malesuada vocibus.', 1466421840188032, 1645900363788, 1645900363788, 0);
INSERT INTO replies (topicId, userId, userName, userImageUrl, content, id, createdAt, updatedAt, version) VALUES (1466421840185088, 1466421840183584, 'subscriber', '/static/img/user.png', 'atomorum curabitur voluptatum tale tristique scripserit harum nisi molestiae vitae sagittis aliquid nominavi offendit epicuri rutrum has dicta magna ut.', 1466421840188064, 1645896763788, 1645896763788, 0);
INSERT INTO topics (boardId, userId, userName, userImageUrl, refType, refId, replyNumber, locked, name, content, id, createdAt, updatedAt, version) VALUES (1466421840184896, 1466421840183584, 'subscriber', '/static/img/user.png', 'NONE', 0, 6, false, 'eripuit.7', 'sadipscing varius senserit ex veritus aliquid erat recteque mediocritatem tale aperiri cum potenti ei mauris percipit noluisse eu euismod ei vis iaculis habitasse patrioque ornatus decore omittantur liber.', 1466421840185120, 1645907623788, 1645907623788, 0);
INSERT INTO replies (topicId, userId, userName, userImageUrl, content, id, createdAt, updatedAt, version) VALUES (1466421840185120, 1466421840183584, 'subscriber', '/static/img/user.png', 'mentitum vim aliquam definitiones sanctus prompta aliquam definitiones aliquam placerat eruditi deseruisse ei malesuada elementum sententiae delenit euripidis conubia consetetur ornatus posse et tristique euripidis ultricies no maecenas mauris tortor porta vis audire non non legimus augue dis dolores ne iudicabit scripta melius sententiae atqui his.', 1466421840188096, 1645907563788, 1645907563788, 0);
INSERT INTO replies (topicId, userId, userName, userImageUrl, content, id, createdAt, updatedAt, version) VALUES (1466421840185120, 1466421840183584, 'subscriber', '/static/img/user.png', 'ceteros nonumes semper accumsan posse voluptaria delectus convallis rhoncus omnesque iaculis sociosqu ultrices sociis vitae homero affert verear graeci fusce dicant porro volumus praesent vim vitae salutatus homero graece hendrerit electram pharetra altera penatibus tritani velit homero expetendis antiopam delicata cum qualisque primis blandit tacimates dictas voluptaria.', 1466421840188128, 1645903963788, 1645903963788, 0);
INSERT INTO replies (topicId, userId, userName, userImageUrl, content, id, createdAt, updatedAt, version) VALUES (1466421840185120, 1466421840183584, 'subscriber', '/static/img/user.png', 'eloquentiam tacimates iriure noluisse disputationi cetero habeo suscipit alienum suspendisse velit natoque sadipscing dissentiunt ultrices possim lacus vulputate nostrum sem sapientem dignissim rutrum atqui posidonium sociis quod vituperata invidunt adolescens molestiae tempor reprimique debet dictum gubergren nostrum mandamus justo detraxit magna sumo nostrum harum principes.', 1466421840188160, 1645900363788, 1645900363788, 0);
INSERT INTO replies (topicId, userId, userName, userImageUrl, content, id, createdAt, updatedAt, version) VALUES (1466421840185120, 1466421840183584, 'subscriber', '/static/img/user.png', 'eum impetus vivendo alia alia pertinacia putent scripta putent vis patrioque mauris id iusto porta atomorum.', 1466421840188192, 1645896763788, 1645896763788, 0);
INSERT INTO replies (topicId, userId, userName, userImageUrl, content, id, createdAt, updatedAt, version) VALUES (1466421840185120, 1466421840183584, 'subscriber', '/static/img/user.png', 'vel mediocritatem mnesarchum vero ridiculus omittantur civibus litora iuvaret atomorum moderatius deserunt persecuti eros ullamcorper tincidunt curabitur diam tacimates elaboraret cras deserunt definiebas porta platonem sea erat.', 1466421840188224, 1645893163788, 1645893163788, 0);
INSERT INTO replies (topicId, userId, userName, userImageUrl, content, id, createdAt, updatedAt, version) VALUES (1466421840185120, 1466421840183584, 'subscriber', '/static/img/user.png', 'scelerisque urbanitas egestas pertinax docendi mediocrem fames consectetuer principes tellus facilisis malesuada dicta reprehendunt arcu consectetur adversarium libero neque idque dicit tibique neque nec eget pretium.', 1466421840188256, 1645889563788, 1645889563788, 0);
INSERT INTO topics (boardId, userId, userName, userImageUrl, refType, refId, replyNumber, locked, name, content, id, createdAt, updatedAt, version) VALUES (1466421840184896, 1466421840183584, 'subscriber', '/static/img/user.png', 'NONE', 0, 7, false, 'deserunt mediocrem.8', 'penatibus fastidii adversarium honestatis eripuit ancillae vivendo ocurreret his nulla eum pretium litora numquam suavitate nulla discere erroribus his amet latine dictas porttitor massa petentium utinam regione penatibus veritus.', 1466421840185152, 1645904023788, 1645904023788, 0);
INSERT INTO replies (topicId, userId, userName, userImageUrl, content, id, createdAt, updatedAt, version) VALUES (1466421840185152, 1466421840183584, 'subscriber', '/static/img/user.png', 'aliquip postea tibique prodesset graecis volutpat sodales risus definiebas noster intellegat sociosqu percipit omittantur efficiantur ante tibique eget quisque id sagittis menandri usu utroque himenaeos consul quidam pro perpetua himenaeos offendit posidonium affert sit torquent lacinia ac epicuri persequeris aeque.', 1466421840188288, 1645903963788, 1645903963788, 0);
INSERT INTO replies (topicId, userId, userName, userImageUrl, content, id, createdAt, updatedAt, version) VALUES (1466421840185152, 1466421840183584, 'subscriber', '/static/img/user.png', 'facilis morbi signiferumque constituam sit latine patrioque nobis donec montes dicunt eirmod saepe sapientem cu tacimates vituperata posse ne dicunt fuisset tibique tempor solum altera cum platea.', 1466421840188320, 1645900363788, 1645900363788, 0);
INSERT INTO replies (topicId, userId, userName, userImageUrl, content, id, createdAt, updatedAt, version) VALUES (1466421840185152, 1466421840183584, 'subscriber', '/static/img/user.png', 'lacus rhoncus sapien usu pharetra posse vocent adversarium utinam ultrices fuisset scripta aliquam mauris gubergren velit sea.', 1466421840188352, 1645896763788, 1645896763788, 0);
INSERT INTO replies (topicId, userId, userName, userImageUrl, content, id, createdAt, updatedAt, version) VALUES (1466421840185152, 1466421840183584, 'subscriber', '/static/img/user.png', 'pretium adipisci habemus porro prodesset assueverit nec elaboraret mel vituperatoribus vidisse sagittis minim decore verear usu elaboraret dictum potenti euismod autem vis nullam epicurei convenire ludus pharetra iaculis adolescens porro vocibus ornatus leo veniam vulputate scripserit invenire dolorem perpetua falli ius maluisset ultricies.', 1466421840188384, 1645893163788, 1645893163788, 0);
INSERT INTO replies (topicId, userId, userName, userImageUrl, content, id, createdAt, updatedAt, version) VALUES (1466421840185152, 1466421840183584, 'subscriber', '/static/img/user.png', 'mus duis mutat delectus tortor convallis venenatis elementum quot evertitur nostrum conceptam proin utinam eleifend rutrum movet iriure mel cursus quo reprimique vestibulum quis persecuti purus.', 1466421840188416, 1645889563788, 1645889563788, 0);
INSERT INTO replies (topicId, userId, userName, userImageUrl, content, id, createdAt, updatedAt, version) VALUES (1466421840185152, 1466421840183584, 'subscriber', '/static/img/user.png', 'invenire fusce erat repudiare pericula libris curabitur legere mazim aliquip.', 1466421840188448, 1645885963788, 1645885963788, 0);
INSERT INTO replies (topicId, userId, userName, userImageUrl, content, id, createdAt, updatedAt, version) VALUES (1466421840185152, 1466421840183584, 'subscriber', '/static/img/user.png', 'falli saepe fermentum luctus novum.', 1466421840188480, 1645882363788, 1645882363788, 0);
INSERT INTO topics (boardId, userId, userName, userImageUrl, refType, refId, replyNumber, locked, name, content, id, createdAt, updatedAt, version) VALUES (1466421840184896, 1466421840183584, 'subscriber', '/static/img/user.png', 'NONE', 0, 8, false, 'montes deserunt.9', 'vis aliquam veri.', 1466421840185184, 1645900423788, 1645900423788, 0);
INSERT INTO replies (topicId, userId, userName, userImageUrl, content, id, createdAt, updatedAt, version) VALUES (1466421840185184, 1466421840183584, 'subscriber', '/static/img/user.png', 'homero verear fastidii suas sale brute feugiat reprehendunt suspendisse graecis brute consectetuer wisi efficiantur fermentum expetendis quod eloquentiam sonet laoreet ne suscipiantur platonem mediocrem dico inciderint per errem massa.', 1466421840188512, 1645900363788, 1645900363788, 0);
INSERT INTO replies (topicId, userId, userName, userImageUrl, content, id, createdAt, updatedAt, version) VALUES (1466421840185184, 1466421840183584, 'subscriber', '/static/img/user.png', 'conclusionemque indoctum inimicus aperiri brute cu arcu elementum curabitur leo inani postea eloquentiam mentitum graeco est integer petentium mediocritatem epicuri persius accommodare alia mediocritatem porttitor urna ponderum duo equidem ornare epicuri duo decore atqui maluisset principes invenire offendit viverra commune ornatus fastidii brute quidam intellegat has.', 1466421840188544, 1645896763788, 1645896763788, 0);
INSERT INTO replies (topicId, userId, userName, userImageUrl, content, id, createdAt, updatedAt, version) VALUES (1466421840185184, 1466421840183584, 'subscriber', '/static/img/user.png', 'class quot praesent nisi ut per inceptos adolescens delectus aliquip scripserit porttitor eu turpis affert minim mel nibh auctor noster graecis conceptam habitant aenean numquam vocent error disputationi efficitur mauris mutat oratio tota eros autem maiorum morbi graeco.', 1466421840188576, 1645893163788, 1645893163788, 0);
INSERT INTO replies (topicId, userId, userName, userImageUrl, content, id, createdAt, updatedAt, version) VALUES (1466421840185184, 1466421840183584, 'subscriber', '/static/img/user.png', 'parturient deseruisse fugit nibh ludus natum elementum ante justo aperiri vituperatoribus luptatum appareat nominavi ut posuere praesent sit invidunt ea noster quem civibus principes maiestatis regione malorum causae has mandamus ocurreret inani impetus melius voluptatibus duo sociosqu pretium conubia doming elitr mandamus hinc.', 1466421840188608, 1645889563788, 1645889563788, 0);
INSERT INTO replies (topicId, userId, userName, userImageUrl, content, id, createdAt, updatedAt, version) VALUES (1466421840185184, 1466421840183584, 'subscriber', '/static/img/user.png', 'minim vitae recteque nisi sodales animal diam in detraxit maecenas tamquam non.', 1466421840188640, 1645885963788, 1645885963788, 0);
INSERT INTO replies (topicId, userId, userName, userImageUrl, content, id, createdAt, updatedAt, version) VALUES (1466421840185184, 1466421840183584, 'subscriber', '/static/img/user.png', 'tacimates tincidunt contentiones ad vituperata patrioque metus mandamus dicit veniam suas potenti vim atqui interpretaris eu hinc senectus natum eos scripta referrentur cu viris egestas errem vero omittantur eius maecenas petentium.', 1466421840188672, 1645882363788, 1645882363788, 0);
INSERT INTO replies (topicId, userId, userName, userImageUrl, content, id, createdAt, updatedAt, version) VALUES (1466421840185184, 1466421840183584, 'subscriber', '/static/img/user.png', 'viris inimicus fastidii definiebas accusata himenaeos.', 1466421840188704, 1645878763788, 1645878763788, 0);
INSERT INTO replies (topicId, userId, userName, userImageUrl, content, id, createdAt, updatedAt, version) VALUES (1466421840185184, 1466421840183584, 'subscriber', '/static/img/user.png', 'mattis nostrum utamur hendrerit atqui duo expetenda praesent causae persius unum vix lacus maluisset scripta maecenas conclusionemque senserit verterem sale maximus persius mel ante evertitur doctus feugait luctus definitiones tantas augue morbi dicat parturient regione mea conceptam malesuada.', 1466421840188736, 1645875163788, 1645875163788, 0);
INSERT INTO topics (boardId, userId, userName, userImageUrl, refType, refId, replyNumber, locked, name, content, id, createdAt, updatedAt, version) VALUES (1466421840184896, 1466421840183584, 'subscriber', '/static/img/user.png', 'NONE', 0, 9, false, 'sale iusto vituperatoribus.10', 'epicurei sed posuere sociosqu consetetur adolescens senserit eirmod solum sadipscing noster ante quot lorem primis sea no deterruisset dicta evertitur dis quem nisi definiebas ponderum noster nonumes ancillae adolescens mutat instructior aliquam pri voluptatum habeo melius curae mei possim singulis semper electram vituperatoribus signiferumque.', 1466421840185216, 1645896823789, 1645896823789, 0);
INSERT INTO replies (topicId, userId, userName, userImageUrl, content, id, createdAt, updatedAt, version) VALUES (1466421840185216, 1466421840183584, 'subscriber', '/static/img/user.png', 'discere definitionem oratio fames convenire porro est mazim meliore ne venenatis consul intellegat dicant ut.', 1466421840188768, 1645896763789, 1645896763789, 0);
INSERT INTO replies (topicId, userId, userName, userImageUrl, content, id, createdAt, updatedAt, version) VALUES (1466421840185216, 1466421840183584, 'subscriber', '/static/img/user.png', 'finibus ipsum civibus elit imperdiet brute accumsan vivamus unum habitant velit atqui convallis vitae cursus urbanitas ius nisi ultricies nostra facilisis gloriatur referrentur quo voluptatum aliquid harum falli repudiandae ornare.', 1466421840188800, 1645893163789, 1645893163789, 0);
INSERT INTO replies (topicId, userId, userName, userImageUrl, content, id, createdAt, updatedAt, version) VALUES (1466421840185216, 1466421840183584, 'subscriber', '/static/img/user.png', 'contentiones aliquet eos mel luptatum id diam eruditi percipit curabitur alia petentium tacimates meliore pri commodo turpis quot venenatis reprimique novum praesent pellentesque aptent invenire.', 1466421840188832, 1645889563789, 1645889563789, 0);
INSERT INTO replies (topicId, userId, userName, userImageUrl, content, id, createdAt, updatedAt, version) VALUES (1466421840185216, 1466421840183584, 'subscriber', '/static/img/user.png', 'possim impetus expetenda vituperatoribus placerat nulla duo appareat phasellus.', 1466421840188864, 1645885963789, 1645885963789, 0);
INSERT INTO replies (topicId, userId, userName, userImageUrl, content, id, createdAt, updatedAt, version) VALUES (1466421840185216, 1466421840183584, 'subscriber', '/static/img/user.png', 'prodesset eleifend semper arcu cetero dolorum tortor luptatum percipit prodesset utroque ius litora iusto ponderum volumus te ubique convenire porta alienum mel natoque sapien discere vulputate signiferumque menandri repudiandae unum consectetuer disputationi.', 1466421840188896, 1645882363789, 1645882363789, 0);
INSERT INTO replies (topicId, userId, userName, userImageUrl, content, id, createdAt, updatedAt, version) VALUES (1466421840185216, 1466421840183584, 'subscriber', '/static/img/user.png', 'praesent dolorem.', 1466421840188928, 1645878763789, 1645878763789, 0);
INSERT INTO replies (topicId, userId, userName, userImageUrl, content, id, createdAt, updatedAt, version) VALUES (1466421840185216, 1466421840183584, 'subscriber', '/static/img/user.png', 'persius netus suspendisse prodesset venenatis omnesque imperdiet dignissim agam verear nibh quam gravida scripta numquam facilis voluptatibus ceteros erroribus a ante conubia cu magnis commodo molestiae aenean.', 1466421840188960, 1645875163789, 1645875163789, 0);
INSERT INTO replies (topicId, userId, userName, userImageUrl, content, id, createdAt, updatedAt, version) VALUES (1466421840185216, 1466421840183584, 'subscriber', '/static/img/user.png', 'contentiones pertinax senectus taciti minim eum eget option vix constituam latine netus quidam vituperata dictas eos appareat veritus elementum augue hac definitionem putent convallis mnesarchum signiferumque.', 1466421840188992, 1645871563789, 1645871563789, 0);
INSERT INTO replies (topicId, userId, userName, userImageUrl, content, id, createdAt, updatedAt, version) VALUES (1466421840185216, 1466421840183584, 'subscriber', '/static/img/user.png', 'petentium quaeque ludus mel tibique errem perpetua mutat sententiae interdum simul ius odio omittantur aeque.', 1466421840189024, 1645867963789, 1645867963789, 0);
INSERT INTO topics (boardId, userId, userName, userImageUrl, refType, refId, replyNumber, locked, name, content, id, createdAt, updatedAt, version) VALUES (1466421840184896, 1466421840183584, 'subscriber', '/static/img/user.png', 'NONE', 0, 10, false, 'vivamus tellus.11', 'accusata mutat quidam persequeris ne verterem alienum sociis dicat signiferumque civibus suscipit.', 1466421840185248, 1645893223789, 1645893223789, 0);
INSERT INTO replies (topicId, userId, userName, userImageUrl, content, id, createdAt, updatedAt, version) VALUES (1466421840185248, 1466421840183584, 'subscriber', '/static/img/user.png', 'fabulas lobortis evertitur expetendis scripserit elaboraret montes donec facilisi porta vulputate vidisse quaeque labores indoctum augue ignota deseruisse numquam quot mutat deseruisse sapien fuisset reprimique repudiandae lectus reformidans aperiri maiorum repudiandae imperdiet definiebas nibh eripuit reprimique vitae ocurreret maecenas diam legimus persius dico netus iuvaret aperiri consetetur.', 1466421840189056, 1645893163789, 1645893163789, 0);
INSERT INTO replies (topicId, userId, userName, userImageUrl, content, id, createdAt, updatedAt, version) VALUES (1466421840185248, 1466421840183584, 'subscriber', '/static/img/user.png', 'praesent mattis quod consul ferri his cubilia quidam accommodare solet his an mediocrem noluisse graeco libero appareat expetendis etiam iriure putent fermentum consul erat.', 1466421840189088, 1645889563789, 1645889563789, 0);
INSERT INTO replies (topicId, userId, userName, userImageUrl, content, id, createdAt, updatedAt, version) VALUES (1466421840185248, 1466421840183584, 'subscriber', '/static/img/user.png', 'doming tristique sollicitudin noster pri litora saepe pretium gravida facilis sagittis quem mandamus facilisi cetero has non definitiones graeci eloquentiam sadipscing prompta mi veritus pharetra animal nec tortor lobortis aliquip ancillae placerat nibh labores reformidans quaeque doctus hac reque adolescens.', 1466421840189120, 1645885963789, 1645885963789, 0);
INSERT INTO replies (topicId, userId, userName, userImageUrl, content, id, createdAt, updatedAt, version) VALUES (1466421840185248, 1466421840183584, 'subscriber', '/static/img/user.png', 'parturient adolescens donec ne percipit qualisque habitasse iusto commodo eruditi salutatus patrioque.', 1466421840189152, 1645882363789, 1645882363789, 0);
INSERT INTO replies (topicId, userId, userName, userImageUrl, content, id, createdAt, updatedAt, version) VALUES (1466421840185248, 1466421840183584, 'subscriber', '/static/img/user.png', 'vis vero laudem laoreet constituam moderatius feugait litora convenire dapibus imperdiet vehicula reprehendunt mediocritatem vel ludus suscipiantur gravida lobortis.', 1466421840189184, 1645878763789, 1645878763789, 0);
INSERT INTO replies (topicId, userId, userName, userImageUrl, content, id, createdAt, updatedAt, version) VALUES (1466421840185248, 1466421840183584, 'subscriber', '/static/img/user.png', 'dolor semper urna expetenda aenean eius sumo pericula intellegat inciderint vocent mea pri salutatus laudem fabellas sententiae equidem persequeris eros veritus qui cetero mandamus utroque minim eius scripserit vocibus cursus pro primis expetendis mollis nulla graeci venenatis detracto signiferumque sale placerat volutpat fermentum te dolor.', 1466421840189216, 1645875163789, 1645875163789, 0);
INSERT INTO replies (topicId, userId, userName, userImageUrl, content, id, createdAt, updatedAt, version) VALUES (1466421840185248, 1466421840183584, 'subscriber', '/static/img/user.png', 'ad ei pertinacia ornare egestas class option sit habitasse sententiae inciderint esse atqui ius natoque dolores labores magnis donec unum causae convallis euripidis molestie metus nihil.', 1466421840189248, 1645871563789, 1645871563789, 0);
INSERT INTO replies (topicId, userId, userName, userImageUrl, content, id, createdAt, updatedAt, version) VALUES (1466421840185248, 1466421840183584, 'subscriber', '/static/img/user.png', 'dictum prompta iuvaret lacinia epicuri proin splendide legere sententiae partiendo sociis duis adipiscing consul similique discere intellegebat quidam mutat reque torquent ultrices labores persecuti reformidans brute sagittis voluptatibus nostra euripidis animal prompta saepe novum per hendrerit nobis menandri delicata sadipscing nonumes expetendis honestatis ceteros suas interpretaris.', 1466421840189280, 1645867963789, 1645867963789, 0);
INSERT INTO replies (topicId, userId, userName, userImageUrl, content, id, createdAt, updatedAt, version) VALUES (1466421840185248, 1466421840183584, 'subscriber', '/static/img/user.png', 'appareat elementum definitiones prodesset ad eirmod enim euismod convenire ferri saperet dictas mazim eos sapientem expetenda nihil feugiat conclusionemque saperet mattis quaestio tota eros definitiones luctus scelerisque moderatius non tincidunt ultrices alterum prodesset mediocrem aliquam.', 1466421840189312, 1645864363789, 1645864363789, 0);
INSERT INTO replies (topicId, userId, userName, userImageUrl, content, id, createdAt, updatedAt, version) VALUES (1466421840185248, 1466421840183584, 'subscriber', '/static/img/user.png', 'nonumy ornare varius adipisci doctus molestie facilisis tamquam sit dolorem mediocrem ultricies conubia voluptatum litora phasellus ridens has harum.', 1466421840189344, 1645860763789, 1645860763789, 0);
INSERT INTO topics (boardId, userId, userName, userImageUrl, refType, refId, replyNumber, locked, name, content, id, createdAt, updatedAt, version) VALUES (1466421840184896, 1466421840183584, 'subscriber', '/static/img/user.png', 'NONE', 0, 11, false, 'noluisse.12', 'gubergren dignissim iaculis doming aperiri sapientem ex mattis iaculis fugit nobis non tation mattis elitr tellus.', 1466421840185280, 1645889623789, 1645889623789, 0);
INSERT INTO replies (topicId, userId, userName, userImageUrl, content, id, createdAt, updatedAt, version) VALUES (1466421840185280, 1466421840183584, 'subscriber', '/static/img/user.png', 'maecenas intellegebat eloquentiam hinc ligula reprehendunt petentium suscipiantur invenire possim liber fames melius.', 1466421840189376, 1645889563789, 1645889563789, 0);
INSERT INTO replies (topicId, userId, userName, userImageUrl, content, id, createdAt, updatedAt, version) VALUES (1466421840185280, 1466421840183584, 'subscriber', '/static/img/user.png', 'habemus reprehendunt utamur tractatos utroque eos iisque indoctum molestie.', 1466421840189408, 1645885963789, 1645885963789, 0);
INSERT INTO replies (topicId, userId, userName, userImageUrl, content, id, createdAt, updatedAt, version) VALUES (1466421840185280, 1466421840183584, 'subscriber', '/static/img/user.png', 'delicata graeci iaculis id sanctus fermentum quidam platonem falli meliore utamur ridiculus massa morbi justo elaboraret qualisque pertinax iuvaret verterem.', 1466421840189440, 1645882363789, 1645882363789, 0);
INSERT INTO replies (topicId, userId, userName, userImageUrl, content, id, createdAt, updatedAt, version) VALUES (1466421840185280, 1466421840183584, 'subscriber', '/static/img/user.png', 'dicunt interpretaris dicat ius consectetuer vel lacus pri enim causae inceptos referrentur elaboraret dolore in signiferumque ubique iudicabit ex curae reprehendunt eruditi qualisque molestiae dico convenire posuere dissentiunt penatibus nostrum molestiae invenire augue solum ornatus ridens tractatos senserit solet habitant quidam sonet inimicus.', 1466421840189472, 1645878763789, 1645878763789, 0);
INSERT INTO replies (topicId, userId, userName, userImageUrl, content, id, createdAt, updatedAt, version) VALUES (1466421840185280, 1466421840183584, 'subscriber', '/static/img/user.png', 'dolores scripta ponderum viverra lacus mediocritatem suas eripuit veritus atqui finibus mauris ipsum detraxit sonet vituperata accommodare ridens accumsan ornare sodales montes mediocrem integer parturient dapibus facilis porro.', 1466421840189504, 1645875163789, 1645875163789, 0);
INSERT INTO replies (topicId, userId, userName, userImageUrl, content, id, createdAt, updatedAt, version) VALUES (1466421840185280, 1466421840183584, 'subscriber', '/static/img/user.png', 'partiendo natum theophrastus fusce quaerendum ne eleifend scelerisque tempus reprehendunt utamur aptent adipisci ius fabulas pharetra saepe nobis numquam nonumes efficitur neque dolore no nisl.', 1466421840189536, 1645871563789, 1645871563789, 0);
INSERT INTO replies (topicId, userId, userName, userImageUrl, content, id, createdAt, updatedAt, version) VALUES (1466421840185280, 1466421840183584, 'subscriber', '/static/img/user.png', 'posidonium arcu lectus laoreet cu natoque invidunt elitr habitasse indoctum elitr efficiantur vocent sagittis elementum consequat.', 1466421840189568, 1645867963789, 1645867963789, 0);
INSERT INTO replies (topicId, userId, userName, userImageUrl, content, id, createdAt, updatedAt, version) VALUES (1466421840185280, 1466421840183584, 'subscriber', '/static/img/user.png', 'parturient interesset offendit pro qualisque feugiat cetero fastidii donec senserit torquent platea gubergren consectetur percipit ne parturient aperiri omittam euripidis nihil suavitate ea congue fringilla persius sem fabulas ea eius principes ridens facilisis atqui himenaeos laoreet adversarium usu vulputate.', 1466421840189600, 1645864363789, 1645864363789, 0);
INSERT INTO replies (topicId, userId, userName, userImageUrl, content, id, createdAt, updatedAt, version) VALUES (1466421840185280, 1466421840183584, 'subscriber', '/static/img/user.png', 'definitiones in discere amet fabulas metus posidonium mollis ferri utinam explicari cu sale vivendo.', 1466421840189632, 1645860763789, 1645860763789, 0);
INSERT INTO replies (topicId, userId, userName, userImageUrl, content, id, createdAt, updatedAt, version) VALUES (1466421840185280, 1466421840183584, 'subscriber', '/static/img/user.png', 'dolorem vulputate saepe scripserit augue discere ponderum odio ex no efficiantur natum natoque quot euismod ut dictum atomorum ludus theophrastus platonem condimentum volumus molestiae tortor legere wisi persius iusto nunc enim an nonumes constituam scelerisque populo referrentur nominavi deserunt principes hinc tritani causae class aliquip posuere.', 1466421840189664, 1645857163789, 1645857163789, 0);
INSERT INTO replies (topicId, userId, userName, userImageUrl, content, id, createdAt, updatedAt, version) VALUES (1466421840185280, 1466421840183584, 'subscriber', '/static/img/user.png', 'dictas inani consectetur cum efficitur mucius molestie vocibus condimentum brute ut natum fringilla nonumes evertitur tamquam maluisset vituperata offendit egestas ridiculus theophrastus tale tation porta fugit vim eleifend tation partiendo tempus oratio reprehendunt sodales fabulas detracto ipsum noluisse malesuada honestatis constituto massa novum atomorum natum movet vel convenire intellegebat cetero.', 1466421840189696, 1645853563789, 1645853563789, 0);
INSERT INTO topics (boardId, userId, userName, userImageUrl, refType, refId, replyNumber, locked, name, content, id, createdAt, updatedAt, version) VALUES (1466421840184896, 1466421840183584, 'subscriber', '/static/img/user.png', 'NONE', 0, 12, false, 'definiebas omnesque.13', 'electram latine litora ceteros.', 1466421840185312, 1645886023789, 1645886023789, 0);
INSERT INTO replies (topicId, userId, userName, userImageUrl, content, id, createdAt, updatedAt, version) VALUES (1466421840185312, 1466421840183584, 'subscriber', '/static/img/user.png', 'porttitor aliquam assueverit proin platonem montes maiestatis dico mandamus sententiae honestatis aliquet no iudicabit.', 1466421840189728, 1645885963789, 1645885963789, 0);
INSERT INTO replies (topicId, userId, userName, userImageUrl, content, id, createdAt, updatedAt, version) VALUES (1466421840185312, 1466421840183584, 'subscriber', '/static/img/user.png', 'brute ac laoreet arcu odio errem molestie fames graeco dictum interesset ultrices diam errem causae taciti urna recteque fabulas elaboraret himenaeos dictum.', 1466421840189760, 1645882363789, 1645882363789, 0);
INSERT INTO replies (topicId, userId, userName, userImageUrl, content, id, createdAt, updatedAt, version) VALUES (1466421840185312, 1466421840183584, 'subscriber', '/static/img/user.png', 'agam nihil sollicitudin iudicabit constituto sem vel neque definiebas mel deseruisse nibh delenit viris maiestatis sem hinc sit habemus labores vim latine ceteros ludus dolor primis nibh signiferumque adolescens fames accommodare saperet populo sit nostrum principes pretium repudiare intellegebat.', 1466421840189792, 1645878763789, 1645878763789, 0);
INSERT INTO replies (topicId, userId, userName, userImageUrl, content, id, createdAt, updatedAt, version) VALUES (1466421840185312, 1466421840183584, 'subscriber', '/static/img/user.png', 'necessitatibus tincidunt cursus scripserit urbanitas quo constituam elit feugiat invenire assueverit detracto atomorum interdum quam esse turpis inceptos numquam vituperata urbanitas dicat civibus augue lacus consectetur.', 1466421840189824, 1645875163789, 1645875163789, 0);
INSERT INTO replies (topicId, userId, userName, userImageUrl, content, id, createdAt, updatedAt, version) VALUES (1466421840185312, 1466421840183584, 'subscriber', '/static/img/user.png', 'mucius eripuit.', 1466421840189856, 1645871563789, 1645871563789, 0);
INSERT INTO replies (topicId, userId, userName, userImageUrl, content, id, createdAt, updatedAt, version) VALUES (1466421840185312, 1466421840183584, 'subscriber', '/static/img/user.png', 'parturient pericula regione habitant ad habemus impetus vocent dicam alienum ubique dico suas etiam urbanitas referrentur expetendis mi consul epicuri meliore noster graeci sea dolorum ferri iisque aliquam patrioque mnesarchum quod sapientem vivendo errem adversarium aliquet eripuit cras vehicula vivamus conubia sem veri adversarium consectetuer usu dolorem partiendo natoque ridens.', 1466421840189888, 1645867963789, 1645867963789, 0);
INSERT INTO replies (topicId, userId, userName, userImageUrl, content, id, createdAt, updatedAt, version) VALUES (1466421840185312, 1466421840183584, 'subscriber', '/static/img/user.png', 'unum elitr molestiae.', 1466421840189920, 1645864363789, 1645864363789, 0);
INSERT INTO replies (topicId, userId, userName, userImageUrl, content, id, createdAt, updatedAt, version) VALUES (1466421840185312, 1466421840183584, 'subscriber', '/static/img/user.png', 'persius reque consequat gubergren minim suscipit leo tortor fames volutpat urna voluptaria sagittis delectus enim mutat ultricies sociis ius ea platea risus donec quis disputationi netus reprimique dictas fusce in donec augue finibus verterem latine sem aeque vel ceteros graeci vidisse dictumst eam dicat netus aeque viris.', 1466421840189952, 1645860763789, 1645860763789, 0);
INSERT INTO replies (topicId, userId, userName, userImageUrl, content, id, createdAt, updatedAt, version) VALUES (1466421840185312, 1466421840183584, 'subscriber', '/static/img/user.png', 'molestie te persequeris luctus aliquip legere ex posse habitant massa fuisset voluptatibus eos reprehendunt pellentesque tempus ius ante tortor aliquip phasellus ceteros decore dicam harum urna aliquet pertinax quam brute nibh noluisse consectetuer voluptatibus fugit novum melius nullam fugit convallis.', 1466421840189984, 1645857163789, 1645857163789, 0);
INSERT INTO replies (topicId, userId, userName, userImageUrl, content, id, createdAt, updatedAt, version) VALUES (1466421840185312, 1466421840183584, 'subscriber', '/static/img/user.png', 'perpetua nonumes nullam nulla elaboraret non eget periculis diam populo laoreet corrumpit venenatis numquam labores parturient mi nascetur adhuc reprimique intellegat venenatis nullam nibh similique quisque ei utinam definiebas viverra suas instructior signiferumque fabellas atomorum id tibique arcu dicant consequat audire errem fermentum.', 1466421840190016, 1645853563789, 1645853563789, 0);
INSERT INTO replies (topicId, userId, userName, userImageUrl, content, id, createdAt, updatedAt, version) VALUES (1466421840185312, 1466421840183584, 'subscriber', '/static/img/user.png', 'cubilia dictas dolor ornare theophrastus aperiri leo disputationi definiebas te pertinax consequat aenean discere malesuada ferri.', 1466421840190048, 1645849963789, 1645849963789, 0);
INSERT INTO replies (topicId, userId, userName, userImageUrl, content, id, createdAt, updatedAt, version) VALUES (1466421840185312, 1466421840183584, 'subscriber', '/static/img/user.png', 'usu lectus iuvaret simul novum malesuada pro eloquentiam vero magnis utroque.', 1466421840190080, 1645846363789, 1645846363789, 0);
INSERT INTO topics (boardId, userId, userName, userImageUrl, refType, refId, replyNumber, locked, name, content, id, createdAt, updatedAt, version) VALUES (1466421840184896, 1466421840183584, 'subscriber', '/static/img/user.png', 'NONE', 0, 13, false, 'ferri tacimates voluptatum.14', 'an parturient molestiae euismod brute penatibus persius vivendo malorum liber sapien verear conclusionemque maiestatis.', 1466421840185344, 1645882423789, 1645882423789, 0);
INSERT INTO replies (topicId, userId, userName, userImageUrl, content, id, createdAt, updatedAt, version) VALUES (1466421840185344, 1466421840183584, 'subscriber', '/static/img/user.png', 'definitionem te nibh persius feugait tacimates ridiculus convenire altera agam nisi brute iudicabit elit dolorem vidisse conubia aeque mauris id torquent postulant.', 1466421840190112, 1645882363789, 1645882363789, 0);
INSERT INTO replies (topicId, userId, userName, userImageUrl, content, id, createdAt, updatedAt, version) VALUES (1466421840185344, 1466421840183584, 'subscriber', '/static/img/user.png', 'adipisci porttitor ei possim laudem electram usu commune tritani tristique percipit luctus docendi usu torquent harum.', 1466421840190144, 1645878763789, 1645878763789, 0);
INSERT INTO replies (topicId, userId, userName, userImageUrl, content, id, createdAt, updatedAt, version) VALUES (1466421840185344, 1466421840183584, 'subscriber', '/static/img/user.png', 'sonet condimentum non luptatum aliquid facilisi consectetur.', 1466421840190176, 1645875163789, 1645875163789, 0);
INSERT INTO replies (topicId, userId, userName, userImageUrl, content, id, createdAt, updatedAt, version) VALUES (1466421840185344, 1466421840183584, 'subscriber', '/static/img/user.png', 'sumo luctus quod vituperatoribus.', 1466421840190208, 1645871563789, 1645871563789, 0);
INSERT INTO replies (topicId, userId, userName, userImageUrl, content, id, createdAt, updatedAt, version) VALUES (1466421840185344, 1466421840183584, 'subscriber', '/static/img/user.png', 'neque commodo.', 1466421840190240, 1645867963789, 1645867963789, 0);
INSERT INTO replies (topicId, userId, userName, userImageUrl, content, id, createdAt, updatedAt, version) VALUES (1466421840185344, 1466421840183584, 'subscriber', '/static/img/user.png', 'melius deserunt aliquet detracto phasellus taciti magnis facilisis indoctum molestie similique splendide homero faucibus fringilla voluptatum habitasse mediocrem quidam facilisi deserunt efficiantur est pertinax tota efficitur metus justo mattis periculis vituperata.', 1466421840190272, 1645864363789, 1645864363789, 0);
INSERT INTO replies (topicId, userId, userName, userImageUrl, content, id, createdAt, updatedAt, version) VALUES (1466421840185344, 1466421840183584, 'subscriber', '/static/img/user.png', 'ad ne sonet ipsum viderer decore tempor accumsan maluisset vivendo recteque nibh fastidii facilis quaestio sociis persius repudiandae vix omittam pulvinar fusce lobortis velit prodesset blandit et interdum sociis utamur menandri nobis.', 1466421840190304, 1645860763789, 1645860763789, 0);
INSERT INTO replies (topicId, userId, userName, userImageUrl, content, id, createdAt, updatedAt, version) VALUES (1466421840185344, 1466421840183584, 'subscriber', '/static/img/user.png', 'ridens suspendisse adipiscing consetetur ad appetere explicari sumo habitant deserunt felis velit intellegat deseruisse vel risus molestiae quidam cum reformidans explicari faucibus salutatus antiopam suspendisse efficitur venenatis tritani sed necessitatibus tractatos.', 1466421840190336, 1645857163789, 1645857163789, 0);
INSERT INTO replies (topicId, userId, userName, userImageUrl, content, id, createdAt, updatedAt, version) VALUES (1466421840185344, 1466421840183584, 'subscriber', '/static/img/user.png', 'solum consectetuer tempus himenaeos mus convallis decore feugait euripidis egestas alienum atqui ridiculus no duis offendit senectus efficiantur his consectetur fabulas.', 1466421840190368, 1645853563789, 1645853563789, 0);
INSERT INTO replies (topicId, userId, userName, userImageUrl, content, id, createdAt, updatedAt, version) VALUES (1466421840185344, 1466421840183584, 'subscriber', '/static/img/user.png', 'natum electram purus adhuc omittam consul moderatius agam mauris contentiones sodales dictumst labores ubique dicant arcu possit libris tantas errem suspendisse ne mus ius diam vocent inceptos nostrum wisi eius natum scripserit ridiculus vocibus partiendo nihil consectetuer tibique non debet tempor.', 1466421840190400, 1645849963789, 1645849963789, 0);
INSERT INTO replies (topicId, userId, userName, userImageUrl, content, id, createdAt, updatedAt, version) VALUES (1466421840185344, 1466421840183584, 'subscriber', '/static/img/user.png', 'iuvaret reque vocent sadipscing class iuvaret in errem gloriatur qualisque sea scelerisque molestie vel.', 1466421840190432, 1645846363789, 1645846363789, 0);
INSERT INTO replies (topicId, userId, userName, userImageUrl, content, id, createdAt, updatedAt, version) VALUES (1466421840185344, 1466421840183584, 'subscriber', '/static/img/user.png', 'venenatis natoque porttitor facilisis justo adversarium consequat habemus consetetur convenire legere periculis epicuri neque accusata delenit nulla quidam facilisi graece faucibus dui luptatum dui errem alienum menandri inimicus melius corrumpit pellentesque velit labores ac sea electram cursus ferri labores velit.', 1466421840190464, 1645842763789, 1645842763789, 0);
INSERT INTO replies (topicId, userId, userName, userImageUrl, content, id, createdAt, updatedAt, version) VALUES (1466421840185344, 1466421840183584, 'subscriber', '/static/img/user.png', 'euripidis cetero brute vel dissentiunt curae no voluptatibus habitasse altera vulputate maiorum euripidis ex conubia reque id minim ridiculus tantas lacinia graeci urna delicata aliquid unum evertitur nam curae vel maecenas fastidii consectetuer mea theophrastus gloriatur ocurreret neque docendi deseruisse praesent detracto commune prodesset dissentiunt.', 1466421840190496, 1645839163789, 1645839163789, 0);
INSERT INTO topics (boardId, userId, userName, userImageUrl, refType, refId, replyNumber, locked, name, content, id, createdAt, updatedAt, version) VALUES (1466421840184896, 1466421840183584, 'subscriber', '/static/img/user.png', 'NONE', 0, 14, false, 'vis reprehendunt convallis.15', 'senserit inciderint maecenas liber ullamcorper quaestio risus class elaboraret molestie atqui tota vis netus magna pretium dolor splendide solum finibus perpetua dolore.', 1466421840185376, 1645878823789, 1645878823789, 0);
INSERT INTO replies (topicId, userId, userName, userImageUrl, content, id, createdAt, updatedAt, version) VALUES (1466421840185376, 1466421840183584, 'subscriber', '/static/img/user.png', 'laoreet class te neque nisi reque tristique morbi splendide dapibus evertitur eleifend maximus proin docendi eripuit elaboraret eripuit suspendisse neglegentur senectus ornare eleifend ut tale purus curabitur vitae auctor veritus.', 1466421840190528, 1645878763789, 1645878763789, 0);
INSERT INTO replies (topicId, userId, userName, userImageUrl, content, id, createdAt, updatedAt, version) VALUES (1466421840185376, 1466421840183584, 'subscriber', '/static/img/user.png', 'volutpat sodales fringilla melius pertinax phasellus invenire consetetur tristique has alienum suavitate possim invenire proin maluisset meliore turpis persius elit propriae habitasse ac salutatus solum molestie augue.', 1466421840190560, 1645875163789, 1645875163789, 0);
INSERT INTO replies (topicId, userId, userName, userImageUrl, content, id, createdAt, updatedAt, version) VALUES (1466421840185376, 1466421840183584, 'subscriber', '/static/img/user.png', 'homero maiestatis pro gravida eget mediocritatem constituam invenire latine causae possim finibus atqui inani eleifend suspendisse te populo reprimique has nunc fuisset antiopam hendrerit parturient tortor sit persius mediocrem nulla lacinia detracto.', 1466421840190592, 1645871563789, 1645871563789, 0);
INSERT INTO replies (topicId, userId, userName, userImageUrl, content, id, createdAt, updatedAt, version) VALUES (1466421840185376, 1466421840183584, 'subscriber', '/static/img/user.png', 'neglegentur commune alterum duo consequat sanctus eu vitae dicant pulvinar sanctus dicta sagittis voluptatum error suspendisse discere finibus latine porttitor vivendo definiebas mel sollicitudin affert tortor nobis postulant an saperet scripta tamquam patrioque alienum mediocritatem agam dictum graeci repudiare tristique atqui tellus liber novum venenatis hendrerit.', 1466421840190624, 1645867963789, 1645867963789, 0);
INSERT INTO replies (topicId, userId, userName, userImageUrl, content, id, createdAt, updatedAt, version) VALUES (1466421840185376, 1466421840183584, 'subscriber', '/static/img/user.png', 'pretium facilis tortor imperdiet vidisse postea.', 1466421840190656, 1645864363789, 1645864363789, 0);
INSERT INTO replies (topicId, userId, userName, userImageUrl, content, id, createdAt, updatedAt, version) VALUES (1466421840185376, 1466421840183584, 'subscriber', '/static/img/user.png', 'reprehendunt interpretaris graeco doctus regione semper.', 1466421840190688, 1645860763789, 1645860763789, 0);
INSERT INTO replies (topicId, userId, userName, userImageUrl, content, id, createdAt, updatedAt, version) VALUES (1466421840185376, 1466421840183584, 'subscriber', '/static/img/user.png', 'ut putent alienum laoreet nibh sale posidonium vulputate aliquam quaeque maecenas option vituperata assueverit scelerisque appareat falli dis has habeo dolores maecenas novum sociis electram hendrerit affert offendit malesuada alienum vel splendide faucibus eget neglegentur te hinc.', 1466421840190720, 1645857163789, 1645857163789, 0);
INSERT INTO replies (topicId, userId, userName, userImageUrl, content, id, createdAt, updatedAt, version) VALUES (1466421840185376, 1466421840183584, 'subscriber', '/static/img/user.png', 'harum inciderint faucibus proin necessitatibus ridiculus quisque gubergren mauris qui mandamus graeci tantas mazim vero liber an dicat ex iaculis aliquet ancillae recteque doming aenean oratio invenire velit lacus theophrastus eu natoque nibh.', 1466421840190752, 1645853563789, 1645853563789, 0);
INSERT INTO replies (topicId, userId, userName, userImageUrl, content, id, createdAt, updatedAt, version) VALUES (1466421840185376, 1466421840183584, 'subscriber', '/static/img/user.png', 'dolorem quem volumus voluptaria praesent pretium arcu saperet pericula nostra posuere signiferumque in.', 1466421840190784, 1645849963789, 1645849963789, 0);
INSERT INTO replies (topicId, userId, userName, userImageUrl, content, id, createdAt, updatedAt, version) VALUES (1466421840185376, 1466421840183584, 'subscriber', '/static/img/user.png', 'evertitur hinc novum mei conceptam adipisci detraxit tincidunt legimus dictum usu detraxit tempor pulvinar fringilla adipisci sale orci neque epicurei constituto adhuc vocent sententiae cetero donec comprehensam ridiculus mauris nulla nunc elementum quo.', 1466421840190816, 1645846363789, 1645846363789, 0);
INSERT INTO replies (topicId, userId, userName, userImageUrl, content, id, createdAt, updatedAt, version) VALUES (1466421840185376, 1466421840183584, 'subscriber', '/static/img/user.png', 'regione esse suavitate veri detracto diam sit qualisque ipsum prodesset definiebas in tristique suscipit error torquent veniam iusto semper vitae ornatus scelerisque graeci molestiae malorum fusce voluptatibus vix.', 1466421840190848, 1645842763789, 1645842763789, 0);
INSERT INTO replies (topicId, userId, userName, userImageUrl, content, id, createdAt, updatedAt, version) VALUES (1466421840185376, 1466421840183584, 'subscriber', '/static/img/user.png', 'accumsan audire curabitur litora hac tale laoreet sollicitudin vitae tortor adolescens invidunt purus pertinacia graece consul curae curae homero invidunt ornare latine natoque discere iudicabit ultricies gubergren turpis interesset appetere platea dicant vidisse iaculis.', 1466421840190880, 1645839163789, 1645839163789, 0);
INSERT INTO replies (topicId, userId, userName, userImageUrl, content, id, createdAt, updatedAt, version) VALUES (1466421840185376, 1466421840183584, 'subscriber', '/static/img/user.png', 'no eloquentiam.', 1466421840190912, 1645835563789, 1645835563789, 0);
INSERT INTO replies (topicId, userId, userName, userImageUrl, content, id, createdAt, updatedAt, version) VALUES (1466421840185376, 1466421840183584, 'subscriber', '/static/img/user.png', 'propriae movet expetendis signiferumque velit habemus tristique dui inimicus nulla voluptatum pertinacia sententiae voluptaria diam errem omnesque felis possim ludus definitiones adolescens cursus est disputationi dui oporteat repudiandae suspendisse luctus congue fusce deserunt repudiare auctor sadipscing molestiae arcu utamur natoque aliquip habeo tacimates tempus quidam sapientem.', 1466421840190944, 1645831963789, 1645831963789, 0);
INSERT INTO topics (boardId, userId, userName, userImageUrl, refType, refId, replyNumber, locked, name, content, id, createdAt, updatedAt, version) VALUES (1466421840184896, 1466421840183584, 'subscriber', '/static/img/user.png', 'NONE', 0, 15, false, 'elit.16', 'altera tacimates sumo natoque causae facilisi posuere dictumst molestiae audire etiam facilis ut quidam omittam tamquam adversarium.', 1466421840185408, 1645875223789, 1645875223789, 0);
INSERT INTO replies (topicId, userId, userName, userImageUrl, content, id, createdAt, updatedAt, version) VALUES (1466421840185408, 1466421840183584, 'subscriber', '/static/img/user.png', 'parturient decore id dicat delenit prompta vestibulum ante his eius ceteros no sem tellus agam aliquet utamur lacinia scelerisque omittantur ullamcorper labores omittam posidonium civibus alia intellegebat porro appareat sollicitudin fuisset congue vituperatoribus sadipscing decore petentium eleifend quidam velit faucibus iisque veri vivamus.', 1466421840190976, 1645875163789, 1645875163789, 0);
INSERT INTO replies (topicId, userId, userName, userImageUrl, content, id, createdAt, updatedAt, version) VALUES (1466421840185408, 1466421840183584, 'subscriber', '/static/img/user.png', 'definitiones iusto vestibulum in mei ut conubia vel.', 1466421840191008, 1645871563789, 1645871563789, 0);
INSERT INTO replies (topicId, userId, userName, userImageUrl, content, id, createdAt, updatedAt, version) VALUES (1466421840185408, 1466421840183584, 'subscriber', '/static/img/user.png', 'veritus repudiare persecuti fabulas indoctum euismod maiestatis dolorem elitr ornare nulla fames tamquam dolores doctus curabitur commune natum volutpat consectetur eirmod quas omnesque has accumsan intellegat scripserit conclusionemque persequeris praesent graeco penatibus pro intellegebat justo signiferumque habemus aliquid tota ex doctus similique assueverit quod.', 1466421840191040, 1645867963789, 1645867963789, 0);
INSERT INTO replies (topicId, userId, userName, userImageUrl, content, id, createdAt, updatedAt, version) VALUES (1466421840185408, 1466421840183584, 'subscriber', '/static/img/user.png', 'vestibulum solum pulvinar petentium posse aliquam.', 1466421840191072, 1645864363789, 1645864363789, 0);
INSERT INTO replies (topicId, userId, userName, userImageUrl, content, id, createdAt, updatedAt, version) VALUES (1466421840185408, 1466421840183584, 'subscriber', '/static/img/user.png', 'sed fermentum detracto doctus legimus sententiae adipiscing eam dolores iaculis labores alia sagittis.', 1466421840191104, 1645860763789, 1645860763789, 0);
INSERT INTO replies (topicId, userId, userName, userImageUrl, content, id, createdAt, updatedAt, version) VALUES (1466421840185408, 1466421840183584, 'subscriber', '/static/img/user.png', 'varius ridens porta graeco falli vel natoque sodales alienum nec porta solet nisl explicari quisque vocent omittantur suscipiantur fames vix nisl.', 1466421840191136, 1645857163789, 1645857163789, 0);
INSERT INTO replies (topicId, userId, userName, userImageUrl, content, id, createdAt, updatedAt, version) VALUES (1466421840185408, 1466421840183584, 'subscriber', '/static/img/user.png', 'dictum latine inceptos porro agam mollis te commodo oratio aeque epicuri dicat inani rhoncus habemus luctus mauris dictas auctor expetenda postea intellegat euismod nostra praesent erroribus sumo laoreet inani dolorum turpis volumus.', 1466421840191168, 1645853563789, 1645853563789, 0);
INSERT INTO replies (topicId, userId, userName, userImageUrl, content, id, createdAt, updatedAt, version) VALUES (1466421840185408, 1466421840183584, 'subscriber', '/static/img/user.png', 'vestibulum feugait nostra voluptatum convenire mediocrem mea voluptaria ornare praesent autem sodales platea interesset falli.', 1466421840191200, 1645849963789, 1645849963789, 0);
INSERT INTO replies (topicId, userId, userName, userImageUrl, content, id, createdAt, updatedAt, version) VALUES (1466421840185408, 1466421840183584, 'subscriber', '/static/img/user.png', 'nobis dicit aliquip scelerisque harum unum appareat utinam his placerat eleifend utamur consectetur contentiones euripidis ceteros bibendum nonumes suavitate eloquentiam velit propriae tractatos veniam iriure posuere alia adipisci ornare non facilis brute solet intellegebat sodales deterruisset voluptatum tation habitasse amet torquent contentiones saperet iuvaret pertinacia dis velit vituperata.', 1466421840191232, 1645846363789, 1645846363789, 0);
INSERT INTO replies (topicId, userId, userName, userImageUrl, content, id, createdAt, updatedAt, version) VALUES (1466421840185408, 1466421840183584, 'subscriber', '/static/img/user.png', 'ei porro eu curabitur veri luptatum error magnis elementum reprehendunt doctus aliquam regione mei iusto vero simul nonumy noster reformidans scripta eum harum invenire sagittis rutrum vitae nihil ex inceptos fabellas amet nonumy nominavi curae aptent.', 1466421840191264, 1645842763789, 1645842763789, 0);
INSERT INTO replies (topicId, userId, userName, userImageUrl, content, id, createdAt, updatedAt, version) VALUES (1466421840185408, 1466421840183584, 'subscriber', '/static/img/user.png', 'appetere antiopam bibendum magna discere tibique sumo aeque dicant tation lectus nonumes vituperata alienum gloriatur luptatum porro patrioque at neglegentur comprehensam ultrices dictumst felis maecenas.', 1466421840191296, 1645839163789, 1645839163789, 0);
INSERT INTO replies (topicId, userId, userName, userImageUrl, content, id, createdAt, updatedAt, version) VALUES (1466421840185408, 1466421840183584, 'subscriber', '/static/img/user.png', 'debet mus leo accumsan dicit netus class his eam mentitum mi quisque sonet egestas verear aliquet consul labores percipit consul parturient vitae recteque ut vulputate nominavi debet habemus porro option neglegentur volumus pertinax commodo viris adversarium iusto quod dis nisi moderatius.', 1466421840191328, 1645835563789, 1645835563789, 0);
INSERT INTO replies (topicId, userId, userName, userImageUrl, content, id, createdAt, updatedAt, version) VALUES (1466421840185408, 1466421840183584, 'subscriber', '/static/img/user.png', 'repudiare cum repudiare ac graece vituperatoribus prompta fabellas utroque eleifend eget ceteros pertinax similique legere lacus lectus movet necessitatibus aliquet error tritani senserit autem cursus fabulas quas gloriatur quot latine.', 1466421840191360, 1645831963789, 1645831963789, 0);
INSERT INTO replies (topicId, userId, userName, userImageUrl, content, id, createdAt, updatedAt, version) VALUES (1466421840185408, 1466421840183584, 'subscriber', '/static/img/user.png', 'ei instructior non aperiri platonem mutat aperiri ea egestas hendrerit parturient.', 1466421840191392, 1645828363789, 1645828363789, 0);
INSERT INTO replies (topicId, userId, userName, userImageUrl, content, id, createdAt, updatedAt, version) VALUES (1466421840185408, 1466421840183584, 'subscriber', '/static/img/user.png', 'cu eos ac.', 1466421840191424, 1645824763789, 1645824763789, 0);
INSERT INTO topics (boardId, userId, userName, userImageUrl, refType, refId, replyNumber, locked, name, content, id, createdAt, updatedAt, version) VALUES (1466421840184896, 1466421840183584, 'subscriber', '/static/img/user.png', 'NONE', 0, 16, false, 'mi.17', 'populo legimus nibh hinc audire euismod eloquentiam percipit epicuri hendrerit facilisis quaestio fabellas suspendisse tellus habemus detraxit graecis reque ne taciti explicari consectetuer cras minim ultrices saperet doming recteque definitionem regione patrioque malesuada nobis intellegat orci mediocritatem luctus nostrum mediocrem omnesque iudicabit euismod sodales euripidis legimus per nullam suspendisse.', 1466421840185440, 1645871623789, 1645871623789, 0);
INSERT INTO replies (topicId, userId, userName, userImageUrl, content, id, createdAt, updatedAt, version) VALUES (1466421840185440, 1466421840183584, 'subscriber', '/static/img/user.png', 'veniam detraxit sale ceteros dictumst agam dictumst elit dolor vulputate decore affert praesent nisl cum appetere commodo dui tantas senserit singulis ultricies cu mediocrem voluptatum ridens molestie sociis repudiandae feugait eros ancillae vocent adhuc elitr regione melius expetendis definitionem lacus.', 1466421840191456, 1645871563789, 1645871563789, 0);
INSERT INTO replies (topicId, userId, userName, userImageUrl, content, id, createdAt, updatedAt, version) VALUES (1466421840185440, 1466421840183584, 'subscriber', '/static/img/user.png', 'accommodare affert taciti ac autem idque aliquip maximus animal curae an audire singulis integer risus nullam accusata percipit epicuri persius ferri nisi docendi tale potenti adversarium volutpat commune disputationi autem mediocrem dui rhoncus no invidunt gravida ignota.', 1466421840191488, 1645867963789, 1645867963789, 0);
INSERT INTO replies (topicId, userId, userName, userImageUrl, content, id, createdAt, updatedAt, version) VALUES (1466421840185440, 1466421840183584, 'subscriber', '/static/img/user.png', 'faucibus porttitor lacinia pericula vehicula atomorum mucius postea alienum.', 1466421840191520, 1645864363789, 1645864363789, 0);
INSERT INTO replies (topicId, userId, userName, userImageUrl, content, id, createdAt, updatedAt, version) VALUES (1466421840185440, 1466421840183584, 'subscriber', '/static/img/user.png', 'delectus vivamus regione dictumst dis autem ipsum posuere delectus conceptam bibendum suscipiantur adipisci sententiae maecenas facilisi fusce blandit sodales semper percipit pro aliquid eruditi aeque ceteros alterum gravida tincidunt autem vivendo ornatus expetendis dissentiunt inciderint quis ultrices maximus ex his ludus.', 1466421840191552, 1645860763789, 1645860763789, 0);
INSERT INTO replies (topicId, userId, userName, userImageUrl, content, id, createdAt, updatedAt, version) VALUES (1466421840185440, 1466421840183584, 'subscriber', '/static/img/user.png', 'maecenas netus definiebas instructior tacimates iisque indoctum pri scelerisque interdum aptent tortor salutatus inimicus reque assueverit ius sociis malesuada viris accommodare vitae vero tantas.', 1466421840191584, 1645857163789, 1645857163789, 0);
INSERT INTO replies (topicId, userId, userName, userImageUrl, content, id, createdAt, updatedAt, version) VALUES (1466421840185440, 1466421840183584, 'subscriber', '/static/img/user.png', 'nibh sale cursus debet mandamus mauris no persequeris libero platea ut alterum cubilia ut.', 1466421840191616, 1645853563789, 1645853563789, 0);
INSERT INTO replies (topicId, userId, userName, userImageUrl, content, id, createdAt, updatedAt, version) VALUES (1466421840185440, 1466421840183584, 'subscriber', '/static/img/user.png', 'metus invidunt maiorum minim error platea sagittis urna purus minim mauris cubilia per veritus ponderum oporteat legimus civibus ei graeci oporteat litora maluisset intellegat detracto conubia aliquet pharetra tristique definitiones tacimates parturient turpis scelerisque fastidii elit suscipiantur inciderint affert prodesset erroribus partiendo intellegebat auctor indoctum.', 1466421840191648, 1645849963789, 1645849963789, 0);
INSERT INTO replies (topicId, userId, userName, userImageUrl, content, id, createdAt, updatedAt, version) VALUES (1466421840185440, 1466421840183584, 'subscriber', '/static/img/user.png', 'curabitur similique maximus litora omittam ludus nisl urbanitas cras libero aperiri persecuti amet percipit repudiandae vivendo euismod hac utamur vehicula luptatum indoctum noster definitionem indoctum minim prodesset salutatus doming justo prompta faucibus conubia hendrerit similique molestie maximus vis consectetur elit prodesset ea laudem convenire dis dictum.', 1466421840191680, 1645846363789, 1645846363789, 0);
INSERT INTO replies (topicId, userId, userName, userImageUrl, content, id, createdAt, updatedAt, version) VALUES (1466421840185440, 1466421840183584, 'subscriber', '/static/img/user.png', 'diam oporteat quisque id necessitatibus saepe fuisset leo labores epicurei veritus phasellus omnesque repudiandae viris errem erat animal saepe nec senectus condimentum pertinacia tractatos omittam postea sea magnis.', 1466421840191712, 1645842763789, 1645842763789, 0);
INSERT INTO replies (topicId, userId, userName, userImageUrl, content, id, createdAt, updatedAt, version) VALUES (1466421840185440, 1466421840183584, 'subscriber', '/static/img/user.png', 'definiebas tale ceteros te dico voluptaria senectus commune mediocrem.', 1466421840191744, 1645839163789, 1645839163789, 0);
INSERT INTO replies (topicId, userId, userName, userImageUrl, content, id, createdAt, updatedAt, version) VALUES (1466421840185440, 1466421840183584, 'subscriber', '/static/img/user.png', 'reprehendunt salutatus simul scelerisque reprimique mazim legimus hinc mediocrem sollicitudin netus montes pertinacia tractatos vestibulum menandri sem vocent graece singulis graeco ubique ludus pri taciti impetus vituperatoribus disputationi parturient vidisse dissentiunt wisi ubique verterem delicata erroribus tation option appareat sociis interpretaris appareat neglegentur ornare.', 1466421840191776, 1645835563789, 1645835563789, 0);
INSERT INTO replies (topicId, userId, userName, userImageUrl, content, id, createdAt, updatedAt, version) VALUES (1466421840185440, 1466421840183584, 'subscriber', '/static/img/user.png', 'adhuc tamquam homero reprimique libris reprehendunt mus praesent.', 1466421840191808, 1645831963789, 1645831963789, 0);
INSERT INTO replies (topicId, userId, userName, userImageUrl, content, id, createdAt, updatedAt, version) VALUES (1466421840185440, 1466421840183584, 'subscriber', '/static/img/user.png', 'porttitor non tibique dissentiunt principes doming nunc id.', 1466421840191840, 1645828363789, 1645828363789, 0);
INSERT INTO replies (topicId, userId, userName, userImageUrl, content, id, createdAt, updatedAt, version) VALUES (1466421840185440, 1466421840183584, 'subscriber', '/static/img/user.png', 'utamur euismod harum dolorum causae nisi ei suscipiantur has mus tacimates ea intellegebat persius tortor delicata consequat quo bibendum consetetur est eros quaestio lorem utinam scelerisque ceteros dignissim legere mea instructior prodesset erroribus nostra affert dolore alia vituperatoribus.', 1466421840191872, 1645824763789, 1645824763789, 0);
INSERT INTO replies (topicId, userId, userName, userImageUrl, content, id, createdAt, updatedAt, version) VALUES (1466421840185440, 1466421840183584, 'subscriber', '/static/img/user.png', 'class quam est mediocrem massa populo graecis tincidunt animal viris dolorum.', 1466421840191904, 1645821163789, 1645821163789, 0);
INSERT INTO replies (topicId, userId, userName, userImageUrl, content, id, createdAt, updatedAt, version) VALUES (1466421840185440, 1466421840183584, 'subscriber', '/static/img/user.png', 'aptent aenean prodesset elit eget nascetur habeo odio prompta delicata atomorum aeque urna nostrum discere feugiat doming quas necessitatibus saepe mea lacinia habemus bibendum ridens.', 1466421840191936, 1645817563789, 1645817563789, 0);
INSERT INTO topics (boardId, userId, userName, userImageUrl, refType, refId, replyNumber, locked, name, content, id, createdAt, updatedAt, version) VALUES (1466421840184896, 1466421840183584, 'subscriber', '/static/img/user.png', 'NONE', 0, 17, false, 'maluisset sapien.18', 'singulis epicurei habeo dicat oratio dignissim molestie expetendis repudiandae tota senserit voluptatibus adhuc similique vocent solet contentiones percipit doctus augue te magna aliquet recteque per pertinax fames appetere persecuti eripuit risus efficitur molestiae similique melius tellus fusce utinam quaeque ius nobis parturient mucius pulvinar sale dapibus aenean accommodare class veniam.', 1466421840185472, 1645868023789, 1645868023789, 0);
INSERT INTO replies (topicId, userId, userName, userImageUrl, content, id, createdAt, updatedAt, version) VALUES (1466421840185472, 1466421840183584, 'subscriber', '/static/img/user.png', 'electram principes persecuti duis eros quaeque doming minim quas malorum eruditi recteque possim corrumpit pericula dolorem eloquentiam sagittis habeo petentium ligula ancillae natoque nisl noluisse aperiri omnesque pellentesque mauris nam qualisque ut pellentesque tritani adipiscing civibus bibendum ante mazim fastidii sapientem conceptam aliquid proin elit.', 1466421840191968, 1645867963789, 1645867963789, 0);
INSERT INTO replies (topicId, userId, userName, userImageUrl, content, id, createdAt, updatedAt, version) VALUES (1466421840185472, 1466421840183584, 'subscriber', '/static/img/user.png', 'dapibus expetendis populo mazim dolorum accusata suscipiantur sententiae evertitur dictum pertinacia natum mollis ullamcorper labores errem mandamus vocent.', 1466421840192000, 1645864363789, 1645864363789, 0);
INSERT INTO replies (topicId, userId, userName, userImageUrl, content, id, createdAt, updatedAt, version) VALUES (1466421840185472, 1466421840183584, 'subscriber', '/static/img/user.png', 'aenean antiopam ultrices agam aenean vituperata populo postulant vidisse ac dicta luptatum signiferumque eu eruditi eirmod habitant et instructior voluptatum rutrum senectus primis dui porta aenean populo purus reformidans petentium petentium reque dignissim fabulas hendrerit tacimates inani quam atqui.', 1466421840192032, 1645860763789, 1645860763789, 0);
INSERT INTO replies (topicId, userId, userName, userImageUrl, content, id, createdAt, updatedAt, version) VALUES (1466421840185472, 1466421840183584, 'subscriber', '/static/img/user.png', 'cras usu aliquip mediocrem qui eripuit invenire scripta unum convallis non convallis tempor pellentesque necessitatibus etiam taciti vulputate maluisset nonumes dolorem movet gubergren ne equidem adhuc mentitum viris epicurei referrentur idque nulla porta oporteat.', 1466421840192064, 1645857163789, 1645857163789, 0);
INSERT INTO replies (topicId, userId, userName, userImageUrl, content, id, createdAt, updatedAt, version) VALUES (1466421840185472, 1466421840183584, 'subscriber', '/static/img/user.png', 'metus cu bibendum suscipiantur cras tincidunt etiam mutat scripta vivendo delectus adipiscing ei salutatus tellus ignota mentitum consectetuer idque tota congue eruditi.', 1466421840192096, 1645853563789, 1645853563789, 0);
INSERT INTO replies (topicId, userId, userName, userImageUrl, content, id, createdAt, updatedAt, version) VALUES (1466421840185472, 1466421840183584, 'subscriber', '/static/img/user.png', 'epicuri parturient quis volumus graece malorum quisque splendide senserit docendi evertitur signiferumque inceptos ex sit efficitur esse fuisset quidam adhuc natoque felis omittam maiestatis decore sem quaerendum solet numquam an elitr parturient cum tantas definitionem tristique volumus arcu suavitate.', 1466421840192128, 1645849963789, 1645849963789, 0);
INSERT INTO replies (topicId, userId, userName, userImageUrl, content, id, createdAt, updatedAt, version) VALUES (1466421840185472, 1466421840183584, 'subscriber', '/static/img/user.png', 'lacinia impetus ius has putent magnis adipiscing indoctum per mutat vehicula qui propriae lobortis.', 1466421840192160, 1645846363789, 1645846363789, 0);
INSERT INTO replies (topicId, userId, userName, userImageUrl, content, id, createdAt, updatedAt, version) VALUES (1466421840185472, 1466421840183584, 'subscriber', '/static/img/user.png', 'disputationi regione homero ultrices pertinacia nonumes natoque dolorem ferri hendrerit consectetuer dis graecis luctus populo malorum scripserit repudiare constituto litora corrumpit.', 1466421840192192, 1645842763789, 1645842763789, 0);
INSERT INTO replies (topicId, userId, userName, userImageUrl, content, id, createdAt, updatedAt, version) VALUES (1466421840185472, 1466421840183584, 'subscriber', '/static/img/user.png', 'urna mea patrioque ne sed penatibus quod ultrices fames reque idque dicant sumo vestibulum possim detraxit maecenas ipsum posse dicam iusto noster moderatius enim netus volutpat ea interesset porro dictas delicata antiopam ceteros porta quo ignota.', 1466421840192224, 1645839163789, 1645839163789, 0);
INSERT INTO replies (topicId, userId, userName, userImageUrl, content, id, createdAt, updatedAt, version) VALUES (1466421840185472, 1466421840183584, 'subscriber', '/static/img/user.png', 'curae habemus nullam mauris accommodare corrumpit dolor theophrastus vel aptent per nunc vocibus ligula duo.', 1466421840192256, 1645835563789, 1645835563789, 0);
INSERT INTO replies (topicId, userId, userName, userImageUrl, content, id, createdAt, updatedAt, version) VALUES (1466421840185472, 1466421840183584, 'subscriber', '/static/img/user.png', 'suscipiantur eros erat dignissim meliore tincidunt eirmod donec natum mediocrem dico epicurei quod intellegebat noster invidunt platea elitr taciti dolor appareat commune sem pri deseruisse omnesque graecis graecis legere ex mandamus maecenas evertitur minim mutat tincidunt mediocrem singulis periculis expetenda intellegebat sem habitasse dignissim prodesset et persius rhoncus pulvinar curabitur.', 1466421840192288, 1645831963789, 1645831963789, 0);
INSERT INTO replies (topicId, userId, userName, userImageUrl, content, id, createdAt, updatedAt, version) VALUES (1466421840185472, 1466421840183584, 'subscriber', '/static/img/user.png', 'verear delicata referrentur montes ad urna putent sit molestiae antiopam vestibulum error eos iaculis dui audire sodales deterruisset blandit enim vero egestas conclusionemque cetero class magnis habeo eget veniam has offendit efficiantur nisl libero sodales elit ultricies interesset cu inani natum quem sapientem ipsum erroribus elit dictum quem.', 1466421840192320, 1645828363789, 1645828363789, 0);
INSERT INTO replies (topicId, userId, userName, userImageUrl, content, id, createdAt, updatedAt, version) VALUES (1466421840185472, 1466421840183584, 'subscriber', '/static/img/user.png', 'expetenda dictas pertinacia reprimique eum tritani perpetua suas esse novum movet sociosqu.', 1466421840192352, 1645824763789, 1645824763789, 0);
INSERT INTO replies (topicId, userId, userName, userImageUrl, content, id, createdAt, updatedAt, version) VALUES (1466421840185472, 1466421840183584, 'subscriber', '/static/img/user.png', 'hac.', 1466421840192384, 1645821163789, 1645821163789, 0);
INSERT INTO replies (topicId, userId, userName, userImageUrl, content, id, createdAt, updatedAt, version) VALUES (1466421840185472, 1466421840183584, 'subscriber', '/static/img/user.png', 'porttitor accumsan venenatis bibendum idque condimentum dui suspendisse pri tristique ocurreret vim nam mazim mel saepe nec laudem aperiri noluisse libero aliquet nibh conubia movet erat scripserit.', 1466421840192416, 1645817563789, 1645817563789, 0);
INSERT INTO replies (topicId, userId, userName, userImageUrl, content, id, createdAt, updatedAt, version) VALUES (1466421840185472, 1466421840183584, 'subscriber', '/static/img/user.png', 'elit dolores maximus himenaeos.', 1466421840192448, 1645813963789, 1645813963789, 0);
INSERT INTO replies (topicId, userId, userName, userImageUrl, content, id, createdAt, updatedAt, version) VALUES (1466421840185472, 1466421840183584, 'subscriber', '/static/img/user.png', 'tamquam.', 1466421840192480, 1645810363789, 1645810363789, 0);
INSERT INTO topics (boardId, userId, userName, userImageUrl, refType, refId, replyNumber, locked, name, content, id, createdAt, updatedAt, version) VALUES (1466421840184896, 1466421840183584, 'subscriber', '/static/img/user.png', 'NONE', 0, 18, false, 'eros.19', 'periculis sadipscing antiopam magna mediocrem regione vivamus mandamus recteque scripta euismod animal error mnesarchum dicit vituperatoribus dolore ludus option utinam gravida definitionem laudem pro his mucius.', 1466421840185504, 1645864423790, 1645864423790, 0);
INSERT INTO replies (topicId, userId, userName, userImageUrl, content, id, createdAt, updatedAt, version) VALUES (1466421840185504, 1466421840183584, 'subscriber', '/static/img/user.png', 'enim pulvinar vulputate nonumes patrioque reprehendunt dui inimicus tantas molestie diam porta facilisis mutat conubia velit pulvinar penatibus varius quidam vivendo ultricies voluptatibus libero maluisset similique idque indoctum principes detracto turpis erat egestas ligula ferri discere repudiare deserunt malorum suscipiantur omittantur.', 1466421840192512, 1645864363790, 1645864363790, 0);
INSERT INTO replies (topicId, userId, userName, userImageUrl, content, id, createdAt, updatedAt, version) VALUES (1466421840185504, 1466421840183584, 'subscriber', '/static/img/user.png', 'labores sapientem auctor omittantur persecuti donec tristique liber dictumst fames wisi intellegat decore idque metus quidam similique recteque nisi adipisci sadipscing scripserit aliquam dictas natum intellegebat nominavi referrentur gravida delicata invenire.', 1466421840192544, 1645860763790, 1645860763790, 0);
INSERT INTO replies (topicId, userId, userName, userImageUrl, content, id, createdAt, updatedAt, version) VALUES (1466421840185504, 1466421840183584, 'subscriber', '/static/img/user.png', 'vituperatoribus vehicula cursus voluptatum.', 1466421840192576, 1645857163790, 1645857163790, 0);
INSERT INTO replies (topicId, userId, userName, userImageUrl, content, id, createdAt, updatedAt, version) VALUES (1466421840185504, 1466421840183584, 'subscriber', '/static/img/user.png', 'ornare habemus quot augue altera viderer saepe maiestatis sanctus reformidans nonumes singulis inciderint harum doming tibique mei nisl harum sale.', 1466421840192608, 1645853563790, 1645853563790, 0);
INSERT INTO replies (topicId, userId, userName, userImageUrl, content, id, createdAt, updatedAt, version) VALUES (1466421840185504, 1466421840183584, 'subscriber', '/static/img/user.png', 'petentium dolorum evertitur omnesque comprehensam lorem.', 1466421840192640, 1645849963790, 1645849963790, 0);
INSERT INTO replies (topicId, userId, userName, userImageUrl, content, id, createdAt, updatedAt, version) VALUES (1466421840185504, 1466421840183584, 'subscriber', '/static/img/user.png', 'interdum feugait gloriatur iisque eruditi persius mattis aenean faucibus expetendis harum graecis.', 1466421840192672, 1645846363790, 1645846363790, 0);
INSERT INTO replies (topicId, userId, userName, userImageUrl, content, id, createdAt, updatedAt, version) VALUES (1466421840185504, 1466421840183584, 'subscriber', '/static/img/user.png', 'aliquet per convenire non ius ceteros graece dolorum mei hendrerit harum.', 1466421840192704, 1645842763790, 1645842763790, 0);
INSERT INTO replies (topicId, userId, userName, userImageUrl, content, id, createdAt, updatedAt, version) VALUES (1466421840185504, 1466421840183584, 'subscriber', '/static/img/user.png', 'netus alienum vix sem principes cu reprehendunt docendi antiopam utinam tellus populo magnis condimentum te natoque malesuada atqui dicta fugit iudicabit eget.', 1466421840192736, 1645839163790, 1645839163790, 0);
INSERT INTO replies (topicId, userId, userName, userImageUrl, content, id, createdAt, updatedAt, version) VALUES (1466421840185504, 1466421840183584, 'subscriber', '/static/img/user.png', 'accumsan eripuit tristique ius ignota corrumpit congue fabellas percipit vel menandri debet ante pulvinar enim quaeque antiopam ius a dicunt solet senectus doctus mandamus theophrastus decore latine omittam sale noster cu mutat convenire reprimique odio persequeris imperdiet.', 1466421840192768, 1645835563790, 1645835563790, 0);
INSERT INTO replies (topicId, userId, userName, userImageUrl, content, id, createdAt, updatedAt, version) VALUES (1466421840185504, 1466421840183584, 'subscriber', '/static/img/user.png', 'voluptaria voluptaria bibendum qualisque corrumpit urna cursus euripidis neque mucius consul regione posidonium consectetur mutat hendrerit scripserit mel eum mnesarchum dapibus sodales te cum dicta facilis voluptatibus qualisque sed dictumst taciti aliquam definiebas amet elit viderer.', 1466421840192800, 1645831963790, 1645831963790, 0);
INSERT INTO replies (topicId, userId, userName, userImageUrl, content, id, createdAt, updatedAt, version) VALUES (1466421840185504, 1466421840183584, 'subscriber', '/static/img/user.png', 'dicam ipsum unum altera vivendo quaerendum atqui aptent graecis voluptatum elaboraret natoque inciderint aeque elit imperdiet convenire quem habitasse dolores nonumy vivamus penatibus signiferumque maiorum invenire eget ut nostra libero euismod scripserit fabulas accumsan efficiantur suspendisse errem integer adipiscing finibus habemus.', 1466421840192832, 1645828363790, 1645828363790, 0);
INSERT INTO replies (topicId, userId, userName, userImageUrl, content, id, createdAt, updatedAt, version) VALUES (1466421840185504, 1466421840183584, 'subscriber', '/static/img/user.png', 'simul habitant rhoncus augue diam vix pro saepe facilisi delenit epicuri amet penatibus dictum egestas option salutatus ludus ponderum justo finibus porro dictum dicunt.', 1466421840192864, 1645824763790, 1645824763790, 0);
INSERT INTO replies (topicId, userId, userName, userImageUrl, content, id, createdAt, updatedAt, version) VALUES (1466421840185504, 1466421840183584, 'subscriber', '/static/img/user.png', 'scelerisque sapientem deseruisse alterum menandri fastidii mi wisi dictas vis.', 1466421840192896, 1645821163790, 1645821163790, 0);
INSERT INTO replies (topicId, userId, userName, userImageUrl, content, id, createdAt, updatedAt, version) VALUES (1466421840185504, 1466421840183584, 'subscriber', '/static/img/user.png', 'ornatus eleifend tristique elementum ut leo aptent conubia.', 1466421840192928, 1645817563790, 1645817563790, 0);
INSERT INTO replies (topicId, userId, userName, userImageUrl, content, id, createdAt, updatedAt, version) VALUES (1466421840185504, 1466421840183584, 'subscriber', '/static/img/user.png', 'explicari labores cu sed suas suscipit ferri sea magna fuisset habitant gravida persius petentium voluptatum quo detraxit lacinia fermentum lobortis dapibus risus per usu nihil faucibus conceptam meliore primis liber referrentur prodesset his torquent cursus no cetero egestas usu dignissim equidem laoreet.', 1466421840192960, 1645813963790, 1645813963790, 0);
INSERT INTO replies (topicId, userId, userName, userImageUrl, content, id, createdAt, updatedAt, version) VALUES (1466421840185504, 1466421840183584, 'subscriber', '/static/img/user.png', 'menandri an referrentur posidonium natum indoctum ludus augue necessitatibus sodales penatibus congue torquent tritani omittantur delectus no molestie solet aliquid appetere necessitatibus qui consectetur himenaeos propriae nisl commodo maximus sed an hendrerit nihil hendrerit ad ultrices mnesarchum esse maiorum unum aliquet velit semper primis accusata.', 1466421840192992, 1645810363790, 1645810363790, 0);
INSERT INTO replies (topicId, userId, userName, userImageUrl, content, id, createdAt, updatedAt, version) VALUES (1466421840185504, 1466421840183584, 'subscriber', '/static/img/user.png', 'dolores luctus porro quod rutrum porta risus interpretaris luptatum percipit libero massa saperet nibh inimicus ornatus lectus eam nisl dis sed his nam eros tractatos wisi eam viverra wisi dissentiunt lacus.', 1466421840193024, 1645806763790, 1645806763790, 0);
INSERT INTO replies (topicId, userId, userName, userImageUrl, content, id, createdAt, updatedAt, version) VALUES (1466421840185504, 1466421840183584, 'subscriber', '/static/img/user.png', 'inimicus volumus proin qualisque quem nobis fermentum mutat agam quot iudicabit evertitur nihil tincidunt mazim dignissim assueverit graece dapibus per tempus maecenas pri conceptam proin quisque noluisse ligula civibus varius parturient.', 1466421840193056, 1645803163790, 1645803163790, 0);
INSERT INTO topics (boardId, userId, userName, userImageUrl, refType, refId, replyNumber, locked, name, content, id, createdAt, updatedAt, version) VALUES (1466421840184896, 1466421840183584, 'subscriber', '/static/img/user.png', 'NONE', 0, 19, false, 'faucibus.20', 'quis ex inani ceteros tibique ferri cetero nam cu duis praesent graece fugit nam velit iisque pri definiebas adolescens elementum curae alienum turpis reprehendunt curabitur mauris eget ei faucibus doming tempus meliore no vestibulum voluptaria maluisset dui dico dictumst dicat.', 1466421840185536, 1645860823790, 1645860823790, 0);
INSERT INTO replies (topicId, userId, userName, userImageUrl, content, id, createdAt, updatedAt, version) VALUES (1466421840185536, 1466421840183584, 'subscriber', '/static/img/user.png', 'porro intellegebat nostra definitionem facilisi legimus senectus utinam utamur aeque enim quis tempus egestas eius ut vivendo maximus.', 1466421840193088, 1645860763790, 1645860763790, 0);
INSERT INTO replies (topicId, userId, userName, userImageUrl, content, id, createdAt, updatedAt, version) VALUES (1466421840185536, 1466421840183584, 'subscriber', '/static/img/user.png', 'faucibus noluisse ultricies persequeris dolorum utamur vivendo dolores minim quis mi ridens appetere sumo ludus elaboraret aperiri discere meliore sapientem prompta egestas vehicula dictas propriae deterruisset an possim deterruisset aperiri nominavi leo detracto elit legere alterum nullam vero dicam pulvinar adhuc suas possit ut movet tamquam doming torquent eleifend.', 1466421840193120, 1645857163790, 1645857163790, 0);
INSERT INTO replies (topicId, userId, userName, userImageUrl, content, id, createdAt, updatedAt, version) VALUES (1466421840185536, 1466421840183584, 'subscriber', '/static/img/user.png', 'maecenas neglegentur possim vidisse affert atqui mel et salutatus pericula principes perpetua maecenas mel comprehensam patrioque alterum indoctum tincidunt iudicabit nibh tristique aenean ei putent cras agam in eripuit felis phasellus est reprimique nulla dico.', 1466421840193152, 1645853563790, 1645853563790, 0);
INSERT INTO replies (topicId, userId, userName, userImageUrl, content, id, createdAt, updatedAt, version) VALUES (1466421840185536, 1466421840183584, 'subscriber', '/static/img/user.png', 'definiebas doming posse tibique magna menandri deserunt brute congue saepe voluptatibus graeco constituam vocibus proin invidunt quaerendum porttitor eirmod affert id morbi viderer elaboraret integer donec hinc decore gloriatur pertinax invenire graece delicata an mus tempus nulla delenit tritani.', 1466421840193184, 1645849963790, 1645849963790, 0);
INSERT INTO replies (topicId, userId, userName, userImageUrl, content, id, createdAt, updatedAt, version) VALUES (1466421840185536, 1466421840183584, 'subscriber', '/static/img/user.png', 'porttitor hac simul facilisi percipit dicat postea erroribus himenaeos adolescens percipit atomorum urbanitas wisi delicata aliquam.', 1466421840193216, 1645846363790, 1645846363790, 0);
INSERT INTO replies (topicId, userId, userName, userImageUrl, content, id, createdAt, updatedAt, version) VALUES (1466421840185536, 1466421840183584, 'subscriber', '/static/img/user.png', 'sea odio adipiscing posse errem platonem nisl finibus expetendis et alia dicunt tortor eleifend semper fuisset partiendo vix tibique dignissim facilis neglegentur an an contentiones quis posse disputationi definitionem commodo debet nascetur turpis deserunt lacinia adipiscing luctus movet condimentum dicant phasellus gloriatur ponderum civibus tellus turpis qualisque suas harum mei.', 1466421840193248, 1645842763790, 1645842763790, 0);
INSERT INTO replies (topicId, userId, userName, userImageUrl, content, id, createdAt, updatedAt, version) VALUES (1466421840185536, 1466421840183584, 'subscriber', '/static/img/user.png', 'dolore invenire primis contentiones utroque esse commune no dicit aliquip graeci wisi tortor.', 1466421840193280, 1645839163790, 1645839163790, 0);
INSERT INTO replies (topicId, userId, userName, userImageUrl, content, id, createdAt, updatedAt, version) VALUES (1466421840185536, 1466421840183584, 'subscriber', '/static/img/user.png', 'tibique habitant placerat solum.', 1466421840193312, 1645835563790, 1645835563790, 0);
INSERT INTO replies (topicId, userId, userName, userImageUrl, content, id, createdAt, updatedAt, version) VALUES (1466421840185536, 1466421840183584, 'subscriber', '/static/img/user.png', 'appetere habitasse maiestatis cetero tota luptatum parturient nibh commodo purus arcu animal vel phasellus interesset suavitate delenit alia porta aperiri viverra luptatum ornatus malorum his cetero consequat nam prompta vituperatoribus prodesset elementum.', 1466421840193344, 1645831963790, 1645831963790, 0);
INSERT INTO replies (topicId, userId, userName, userImageUrl, content, id, createdAt, updatedAt, version) VALUES (1466421840185536, 1466421840183584, 'subscriber', '/static/img/user.png', 'altera sem oratio phasellus petentium tractatos venenatis.', 1466421840193376, 1645828363790, 1645828363790, 0);
INSERT INTO replies (topicId, userId, userName, userImageUrl, content, id, createdAt, updatedAt, version) VALUES (1466421840185536, 1466421840183584, 'subscriber', '/static/img/user.png', 'metus melius movet senserit tritani lectus at dicam libris nisl sapien aliquid fermentum ubique blandit esse altera similique vero mentitum adversarium principes.', 1466421840193408, 1645824763790, 1645824763790, 0);
INSERT INTO replies (topicId, userId, userName, userImageUrl, content, id, createdAt, updatedAt, version) VALUES (1466421840185536, 1466421840183584, 'subscriber', '/static/img/user.png', 'quem eirmod potenti altera montes brute novum qualisque nonumes inceptos qui partiendo cubilia partiendo mollis vituperatoribus vitae dicit praesent nullam nisl platonem tritani vehicula quod commune varius constituam at affert lobortis qui purus prodesset qualisque penatibus gravida nascetur ex errem.', 1466421840193440, 1645821163790, 1645821163790, 0);
INSERT INTO replies (topicId, userId, userName, userImageUrl, content, id, createdAt, updatedAt, version) VALUES (1466421840185536, 1466421840183584, 'subscriber', '/static/img/user.png', 'tritani vocibus volutpat singulis inimicus laoreet efficitur purus pri velit falli adolescens partiendo eloquentiam pri deseruisse alia errem adversarium hinc primis pertinacia omittam ut tantas scelerisque quis fabellas tempus ornatus agam interesset agam audire aeque efficiantur causae sea expetenda voluptatibus hac dicat conubia intellegat condimentum suspendisse porta.', 1466421840193472, 1645817563790, 1645817563790, 0);
INSERT INTO replies (topicId, userId, userName, userImageUrl, content, id, createdAt, updatedAt, version) VALUES (1466421840185536, 1466421840183584, 'subscriber', '/static/img/user.png', 'dapibus habitant eruditi alienum atqui efficitur ne equidem adversarium curae lacinia eripuit minim dolores movet ludus mi brute suscipiantur tacimates prompta mauris graece populo nonumy nascetur nascetur atqui percipit saepe rutrum porro.', 1466421840193504, 1645813963790, 1645813963790, 0);
INSERT INTO replies (topicId, userId, userName, userImageUrl, content, id, createdAt, updatedAt, version) VALUES (1466421840185536, 1466421840183584, 'subscriber', '/static/img/user.png', 'alia feugiat alterum eloquentiam ubique netus cetero suscipit noster risus facilisis quaestio orci praesent nulla mediocrem consectetur mnesarchum nihil petentium eu mentitum omittam netus sapientem saepe ancillae primis massa tantas habemus aeque imperdiet placerat dicam tempor utroque similique nascetur errem dignissim.', 1466421840193536, 1645810363790, 1645810363790, 0);
INSERT INTO replies (topicId, userId, userName, userImageUrl, content, id, createdAt, updatedAt, version) VALUES (1466421840185536, 1466421840183584, 'subscriber', '/static/img/user.png', 'mentitum pro semper aenean mus detraxit imperdiet invenire.', 1466421840193568, 1645806763790, 1645806763790, 0);
INSERT INTO replies (topicId, userId, userName, userImageUrl, content, id, createdAt, updatedAt, version) VALUES (1466421840185536, 1466421840183584, 'subscriber', '/static/img/user.png', 'theophrastus persius iuvaret autem conclusionemque ultrices civibus dictum verterem eripuit euismod eius iuvaret deserunt libero iisque inani causae eruditi melius eripuit te ubique alterum egestas neque gloriatur ornatus theophrastus placerat verear porro mentitum ad taciti porro postulant altera numquam elitr ullamcorper tibique placerat ad mea accumsan.', 1466421840193600, 1645803163790, 1645803163790, 0);
INSERT INTO replies (topicId, userId, userName, userImageUrl, content, id, createdAt, updatedAt, version) VALUES (1466421840185536, 1466421840183584, 'subscriber', '/static/img/user.png', 'novum tibique veniam mi ligula efficiantur ne eleifend feugiat gubergren imperdiet sociis fabellas meliore quidam luctus tempus sanctus velit.', 1466421840193632, 1645799563790, 1645799563790, 0);
INSERT INTO replies (topicId, userId, userName, userImageUrl, content, id, createdAt, updatedAt, version) VALUES (1466421840185536, 1466421840183584, 'subscriber', '/static/img/user.png', 'numquam accusata populo inani graeci vehicula neglegentur vidisse ceteros unum expetendis nascetur parturient veri finibus ultricies semper invenire iuvaret honestatis scelerisque magna morbi ancillae accumsan volutpat graecis oporteat quem alia vis harum urbanitas fuisset civibus pericula non euismod.', 1466421840193664, 1645795963790, 1645795963790, 0);
INSERT INTO texts (hash, content, id, createdAt, updatedAt, version) VALUES ('a96bccc2fee806fd9cee63ee137d372de2375ce6aab46e992f070c6eb9c609ae', '# persius pertinax duis.\n\nmaiestatis verterem delicata.\n\niriure quas legere tation moderatius offendit graeco harum dico aliquet ei nostrum curabitur a feugiat veritus disputationi.\n\ntempus dolore antiopam nullam possit maiorum sumo tation noster oratio saperet mandamus falli intellegat.\n\nponderum decore esse habemus tractatos rutrum pulvinar pretium.\n\nmenandri verterem deterruisset morbi dignissim donec mei.\n\nac feugiat tibique luctus repudiandae appareat debet facilisi viverra signiferumque nominavi dapibus.\n\nfames.\n\nnonumy ornare autem decore graeci elitr lacinia ignota perpetua eu lorem agam intellegat utinam melius magnis sea semper principes senectus.\n\nsemper venenatis convallis lacus reprehendunt suscipit enim facilis.\n\nsonet adolescens discere varius proin.\n\nvidisse possim lacinia sit prodesset instructior ligula condimentum.\n\n', 1466421840185600, 1645929223818, 1645929223818, 0);
INSERT INTO wikis (imageId, textId, userId, tag, name, description, views, publishAt, id, createdAt, updatedAt, version) VALUES (1466421840183776, 1466421840185600, 1466421840183328, 'sample', 'Sample Tutorial', 'A Sample Wiki', 0, 0, 1466421840185568, 1645929223818, 1645929223818, 0);
INSERT INTO texts (hash, content, id, createdAt, updatedAt, version) VALUES ('a204848ac5e1fb4b1eb94368d654951e1e89911d0fb0fdb87af57f7bd196a31f', '# saepe voluptaria potenti quidam.\n\nreprimique solet convallis wisi interdum facilis mollis mentitum sapien nam ligula expetendis eruditi esse laoreet.\n\ntamquam tation sumo.\n\nmalesuada phasellus pharetra cu his doctus senserit voluptaria himenaeos fuisset delectus tristique rutrum scripta.\n\ntempor urbanitas adipisci curae suscipiantur expetenda accumsan.\n\nnostra hendrerit qualisque senectus deserunt vestibulum adipiscing tempus patrioque aliquip fermentum civibus eros wisi aperiri ut unum.\n\ndui pertinax reprehendunt duo fastidii.\n\nsonet dictum tellus delicata vehicula platea ante congue conceptam persius rhoncus theophrastus purus orci referrentur convallis nonumy theophrastus invenire menandri.\n\nconstituam lorem elementum cum neglegentur assueverit.\n\nsale diam inani quidam rhoncus efficitur verterem populo vestibulum parturient graeco lorem pro nisl iuvaret accusata praesent efficiantur assueverit dis.\n\ncetero dictum mentitum donec augue viderer tacimates duis solet.\n\nsadipscing persequeris consequat dissentiunt fastidii.\n\ninani non eget neglegentur vituperata altera consectetuer etiam decore faucibus.\n\njusto cu option etiam ea graeci cras integer litora possit condimentum ne.\n\nconclusionemque maiorum pellentesque reque splendide inani adipiscing dui nunc.\n\nalienum libero veniam convallis donec delenit pretium nonumes signiferumque graecis.\n\nmelius qui torquent intellegat consequat oporteat eirmod vel euripidis aperiri harum voluptatibus libris mentitum an posidonium tantas honestatis.\n\n', 1466421840185664, 1645929223818, 1645929223818, 0);
INSERT INTO wiki_pages (parentId, textId, wikiId, name, views, publishAt, displayOrder, id, createdAt, updatedAt, version) VALUES (1466421840185568, 1466421840185664, 1466421840185568, 'page 1', 0, 1645929223790, 0, 1466421840185632, 1645929223818, 1645929223818, 0);
INSERT INTO texts (hash, content, id, createdAt, updatedAt, version) VALUES ('6f754f78b01365c1f3da0ff1f8303e556a30e8b941aa21f629ae44949ceee2e2', '# sapien quaestio his curabitur cras et.\n\nvoluptatibus.\n\nsollicitudin sea fusce tristique suscipit.\n\nnoster patrioque.\n\nnoluisse postulant maiestatis error corrumpit splendide perpetua.\n\nsodales suscipit nam efficiantur.\n\noratio impetus mandamus adolescens graeci.\n\npurus class fabellas iusto solum eu meliore aliquam vero felis parturient lacinia eius omittam affert expetendis.\n\nfinibus definitionem.\n\ninceptos facilisis detracto ornatus purus.\n\niuvaret augue inceptos purus turpis posidonium est fermentum diam ne quaeque putent autem noluisse.\n\nmolestiae ridens elit qui utroque fuisset harum comprehensam quam commune sonet tempus te vestibulum.\n\ntheophrastus libris lacus tellus detracto quidam appetere finibus ignota deterruisset vituperatoribus utamur splendide dicta mediocritatem dico mnesarchum nibh causae.\n\ndoming eros dignissim unum sale turpis mediocritatem sem utamur veniam dolorum lorem ei accumsan dolores omnesque hendrerit debet.\n\n', 1466421840185728, 1645929223818, 1645929223818, 0);
INSERT INTO wiki_pages (parentId, textId, wikiId, name, views, publishAt, displayOrder, id, createdAt, updatedAt, version) VALUES (1466421840185632, 1466421840185728, 1466421840185568, 'sub 1', 0, 1645929223790, 0, 1466421840185696, 1645929223818, 1645929223818, 0);
INSERT INTO texts (hash, content, id, createdAt, updatedAt, version) VALUES ('da758b8450c708437c9995406ee1969d6cc041895ab2afd1450c74a10e3e3116', '# an eirmod euripidis adipisci consectetur altera postulant lobortis.\n\ndolore alia latine orci natum adipiscing netus viderer dicam altera integer posidonium vis comprehensam no sadipscing petentium feugait.\n\nsuas posidonium rhoncus at faucibus salutatus.\n\nmaluisset torquent laoreet eirmod has ocurreret eros fabellas corrumpit inimicus agam eleifend mnesarchum dui venenatis iudicabit mi.\n\nplatea mattis sociis dicat consul imperdiet liber oratio dicam offendit semper dicta libris.\n\nvivamus fames consul nihil ad viverra class vivendo pulvinar mandamus parturient reque sem.\n\nauctor.\n\nmolestiae aeque option aperiri mollis debet reformidans.\n\nquisque detraxit vivendo felis feugiat.\n\nlacus auctor turpis facilisi minim quisque mentitum ponderum corrumpit.\n\ntibique quaestio theophrastus justo tellus possit platonem vocibus imperdiet arcu ultrices egestas indoctum docendi.\n\ndicat magna senectus suscipit atomorum viverra tincidunt assueverit indoctum iudicabit vocent mus sodales.\n\n', 1466421840185792, 1645929223818, 1645929223818, 0);
INSERT INTO wiki_pages (parentId, textId, wikiId, name, views, publishAt, displayOrder, id, createdAt, updatedAt, version) VALUES (1466421840185632, 1466421840185792, 1466421840185568, 'sub 2', 0, 1645929223790, 1, 1466421840185760, 1645929223818, 1645929223818, 0);
INSERT INTO texts (hash, content, id, createdAt, updatedAt, version) VALUES ('b1ea25a5a58b320b36d4792833b1d863152452ec0b5429b72c776b2beb303e20', '# voluptatum ut evertitur ferri interesset oporteat vituperata libero.\n\nnec aliquam.\n\ndetracto sumo imperdiet nisi eleifend cum homero mutat constituam corrumpit hendrerit facilisi unum necessitatibus venenatis sapien discere erroribus.\n\nper duis scripta labores dictas graeco alienum porro splendide aenean libris verear velit torquent ponderum ultricies indoctum dolore dicit.\n\nvel saperet dicta possit.\n\neloquentiam reque quot duo aliquid perpetua pertinacia erroribus iuvaret eripuit atqui atqui nulla pellentesque fusce bibendum cursus verear cetero.\n\ntempus homero detracto deseruisse iuvaret venenatis nostrum explicari graecis quis aperiri movet nobis eum ei id saperet.\n\ntritani tortor erroribus duo mus tale populo ridens mollis parturient quot adipiscing voluptatibus agam antiopam postulant.\n\nfusce cubilia accumsan leo fames inimicus verear duis quod malesuada lectus utroque dicam facilis turpis hendrerit principes placerat.\n\nblandit quaestio nec dictumst mandamus viverra.\n\nodio class cras id tale bibendum iriure quod oratio deterruisset nostrum tantas ius pellentesque libris reformidans.\n\ncetero maluisset netus inceptos recteque epicuri vero reque dictum aliquid definitiones morbi pericula imperdiet verear adolescens intellegebat eloquentiam enim.\n\nignota arcu fringilla quaeque habitant quis.\n\nqualisque nominavi penatibus qualisque definiebas.\n\nsimilique dicat legere utamur percipit dolorum dolorem ocurreret idque.\n\nsale voluptatibus affert ferri hendrerit iisque ponderum tincidunt ipsum fermentum lacus adolescens alia tempus.\n\nconsectetuer partiendo percipit facilisis ultricies eruditi definiebas volumus ut definiebas ius.\n\nblandit duis faucibus condimentum.\n\nquot numquam solet augue putent wisi quod conubia.\n\n', 1466421840185856, 1645929223818, 1645929223818, 0);
INSERT INTO wiki_pages (parentId, textId, wikiId, name, views, publishAt, displayOrder, id, createdAt, updatedAt, version) VALUES (1466421840185632, 1466421840185856, 1466421840185568, 'sub 3', 0, 1645929223791, 2, 1466421840185824, 1645929223818, 1645929223818, 0);
INSERT INTO texts (hash, content, id, createdAt, updatedAt, version) VALUES ('71986f0011940ef1112844b87a36f3212a9fa7840cbc10468ae308f7ad967b77', '# viverra.\n\nmea ubique instructior decore vituperata iudicabit scripserit repudiandae aliquet class cu posuere quis himenaeos volutpat mauris feugiat.\n\nplatea meliore adipiscing oratio definiebas facilis causae ceteros atqui latine omittam theophrastus scelerisque platonem docendi in detraxit.\n\nmucius.\n\nenim venenatis affert ex cu persius eripuit fermentum lectus alia recteque.\n\nprimis montes vituperatoribus discere convenire latine salutatus causae solet elementum tincidunt ei persecuti senserit amet.\n\nvituperatoribus repudiare maluisset quod hendrerit liber errem referrentur accusata morbi equidem persius dicit consetetur litora molestie viverra.\n\nequidem suscipiantur qualisque oporteat eloquentiam reque nostrum expetenda veniam elaboraret phasellus.\n\nconsectetuer accommodare mea iisque.\n\nmolestie intellegat malesuada adhuc has quam habemus tantas augue postea tortor mollis quaeque.\n\nquod hendrerit debet suscipiantur invenire quas luptatum brute montes euripidis regione id eros condimentum habemus.\n\nornatus eos prodesset lectus auctor novum dis gloriatur efficiantur consectetuer ferri esse.\n\n', 1466421840185920, 1645929223818, 1645929223818, 0);
INSERT INTO wiki_pages (parentId, textId, wikiId, name, views, publishAt, displayOrder, id, createdAt, updatedAt, version) VALUES (1466421840185824, 1466421840185920, 1466421840185568, 'leaf 1', 0, 1645929223791, 0, 1466421840185888, 1645929223818, 1645929223818, 0);
INSERT INTO texts (hash, content, id, createdAt, updatedAt, version) VALUES ('0a3c6f5ab231d22b09f836a90fff309961a9c6a5d8fafa8fe213a622dfcd1237', '# primis.\n\nvivendo iriure interdum ornatus tempor nisl iaculis habeo commune.\n\neius senectus dictum alia gloriatur nullam commune debet.\n\ntempus elementum vehicula vidisse consectetuer ne interdum faucibus vulputate sonet.\n\naeque expetendis elementum himenaeos verear.\n\nplatea moderatius dico.\n\nmaecenas commune sit pellentesque urbanitas convallis brute.\n\nmazim quas interesset decore maecenas scelerisque regione constituam intellegat malorum feugait volumus tempus ubique sonet tacimates omnesque expetendis.\n\ndisputationi percipit lacus utinam dolorem.\n\nultrices scripta percipit suscipiantur cu.\n\nmolestie habemus porta gubergren reprimique dicam scripserit.\n\n', 1466421840185984, 1645929223818, 1645929223818, 0);
INSERT INTO wiki_pages (parentId, textId, wikiId, name, views, publishAt, displayOrder, id, createdAt, updatedAt, version) VALUES (1466421840185824, 1466421840185984, 1466421840185568, 'leaf 2', 0, 1645929223792, 1, 1466421840185952, 1645929223818, 1645929223818, 0);
INSERT INTO texts (hash, content, id, createdAt, updatedAt, version) VALUES ('795e3aa4b3c4c27613f2b964f315ffa386ab145ad06863195752329f441c1155', '# augue contentiones.\n\ncausae ignota maecenas ignota tale propriae autem nibh nisi mattis contentiones.\n\nplatonem ignota taciti doming.\n\npellentesque porta non deserunt pharetra metus populo nisi mutat.\n\neruditi explicari dictas fermentum senserit nulla.\n\ndictum maximus condimentum quaeque dicam an falli ridens.\n\neos similique vis consectetur reformidans eget definitiones ante pro legimus.\n\npro massa.\n\nsanctus mentitum interesset at invenire.\n\nquot indoctum oratio mus nisl dictumst.\n\nsenserit habeo habitant congue utinam constituto persius quaerendum maximus vix graeco scripserit.\n\nhomero ei.\n\nsit sem verterem fusce maluisset.\n\n', 1466421840186048, 1645929223818, 1645929223818, 0);
INSERT INTO wiki_pages (parentId, textId, wikiId, name, views, publishAt, displayOrder, id, createdAt, updatedAt, version) VALUES (1466421840185824, 1466421840186048, 1466421840185568, 'leaf 3', 0, 1645929223792, 2, 1466421840186016, 1645929223818, 1645929223818, 0);
INSERT INTO texts (hash, content, id, createdAt, updatedAt, version) VALUES ('12d0944f703fdeece10015117aed51f6d4ab3a26d48b6106e0a1dcba99afa842', '# alienum feugiat possim usu dignissim fuisset melius habitant.\n\nfringilla in laudem per amet utinam qui aliquid noster.\n\ngloriatur consetetur ferri curae option consetetur cetero volumus mazim mentitum hendrerit eros.\n\nquaeque curabitur hendrerit.\n\nneque quot accumsan.\n\nequidem qui porta eirmod suspendisse intellegat fuisset consectetuer idque.\n\ndolores sonet laudem propriae natum mucius eloquentiam aliquip integer mentitum integer porttitor definiebas maiorum partiendo inimicus.\n\nmagnis epicuri eam gloriatur arcu voluptaria parturient eripuit pertinacia latine.\n\ntacimates honestatis noster odio doming lobortis convenire aliquid populo iuvaret luctus netus neglegentur vel ullamcorper nam constituam.\n\ninteger cum velit aliquam iisque an mi antiopam libris etiam scelerisque nisi nullam omittam interdum elitr verear quaestio.\n\naeque orci venenatis petentium docendi gloriatur dignissim curae propriae condimentum dolorem eloquentiam civibus cursus movet viderer wisi himenaeos.\n\nquidam non consequat accusata tibique partiendo maiestatis gloriatur elit augue possit.\n\nsem te dui donec quod lectus putent invenire mazim voluptaria tota.\n\nadhuc quam enim montes turpis similique quaestio malesuada fastidii atqui libris purus omnesque inani venenatis persequeris.\n\nridiculus.\n\nliber natum quo placerat doming iriure volumus omittam nullam magnis conceptam sem deterruisset has hinc iuvaret vocibus alia voluptaria.\n\nvolumus.\n\n', 1466421840186112, 1645929223818, 1645929223818, 0);
INSERT INTO wiki_pages (parentId, textId, wikiId, name, views, publishAt, displayOrder, id, createdAt, updatedAt, version) VALUES (1466421840185632, 1466421840186112, 1466421840185568, 'sub 4', 0, 1645929223792, 3, 1466421840186080, 1645929223819, 1645929223819, 0);
INSERT INTO texts (hash, content, id, createdAt, updatedAt, version) VALUES ('bd0d89f80ef114517211f8e1a75677867b4e8929e79d73ce06289129789a6812', '# nobis.\n\nmazim putent laoreet legimus electram brute lobortis integer mutat nonumes gloriatur mediocritatem tacimates justo discere suspendisse eloquentiam ex delenit.\n\nlacinia primis qualisque disputationi laudem verear vix tractatos mucius tantas iisque pro lobortis.\n\niusto errem reprimique senectus dictum inceptos donec regione leo.\n\nnetus himenaeos definitiones fastidii nobis id expetendis ultrices cubilia definiebas viris tellus mel nam vehicula doctus maiestatis falli quas.\n\neget voluptaria platea.\n\nridiculus persius ludus mandamus inani mandamus penatibus ocurreret homero idque epicuri orci eum qualisque graeci faucibus definitiones nobis euripidis.\n\neleifend.\n\nmandamus efficitur dolorum habeo mauris sapientem tractatos viverra altera habeo suscipit ac assueverit.\n\nadipisci noluisse prompta potenti neque partiendo dolores petentium vituperatoribus nam veritus nisl et iudicabit ea et debet persequeris ludus eget.\n\natomorum ferri tamquam quod delicata leo.\n\ngraece bibendum verterem risus tractatos facilis quidam singulis fringilla movet persecuti minim tristique himenaeos id cras suas ultrices orci.\n\ndonec adipisci aenean eius ultricies viris ligula voluptaria interpretaris epicurei dolorum.\n\n', 1466421840186176, 1645929223819, 1645929223819, 0);
INSERT INTO wiki_pages (parentId, textId, wikiId, name, views, publishAt, displayOrder, id, createdAt, updatedAt, version) VALUES (1466421840185568, 1466421840186176, 1466421840185568, 'page 2', 0, 1645932823792, 1, 1466421840186144, 1645929223819, 1645929223819, 0);
INSERT INTO texts (hash, content, id, createdAt, updatedAt, version) VALUES ('e00bd5ffd4277598c17016eebfc3b3751c0bf4688509c1738d81980a54d564d7', '# vulputate lectus putent curabitur animal ornare.\n\nlatine rutrum nam sagittis.\n\nscripta adipiscing pericula ligula movet dico oporteat.\n\nconsetetur adipisci convenire ultrices curae ea.\n\ncursus sagittis fermentum melius repudiare offendit augue melius vel ornatus alterum ocurreret discere ligula quaeque.\n\nusu mus quaestio sonet an agam vocent lacinia fuisset consequat sale venenatis nullam omittam pericula disputationi hac dictum gloriatur mazim.\n\nubique luctus.\n\ndiscere dolore laoreet erat nam per postulant dictumst iaculis orci viverra ipsum ac conubia intellegebat efficiantur pellentesque.\n\naptent litora eget utamur malesuada vehicula oporteat dictas ex inceptos ad periculis euismod.\n\nmoderatius wisi vero conceptam ornatus affert quam harum ne ultricies populo integer rutrum class habitasse consectetur.\n\ntantas voluptaria convenire laoreet ullamcorper id unum nisl legere.\n\nusu alterum option vix nibh suavitate mus conclusionemque varius gloriatur tota dolore ei movet sententiae regione nunc oporteat conubia.\n\ntheophrastus feugiat tortor populo vero dapibus tincidunt facilis agam ignota litora.\n\ndeserunt tempus pericula nibh ullamcorper.\n\n', 1466421840186240, 1645929223819, 1645929223819, 0);
INSERT INTO wiki_pages (parentId, textId, wikiId, name, views, publishAt, displayOrder, id, createdAt, updatedAt, version) VALUES (1466421840186144, 1466421840186240, 1466421840185568, 'sub 1', 0, 1645932823792, 0, 1466421840186208, 1645929223819, 1645929223819, 0);
INSERT INTO texts (hash, content, id, createdAt, updatedAt, version) VALUES ('e3b68b51e60c280ac66cef7341f4511027ab92b02a55f9ab2c673b598edb8cb5', '# solum ea nunc feugiat interesset conubia verear.\n\nornare intellegat maluisset definitionem viderer condimentum ubique dictumst suspendisse.\n\nmea viverra errem non erat omnesque venenatis natoque nominavi mnesarchum montes adolescens principes tantas definiebas menandri deseruisse assueverit viverra pulvinar.\n\nmediocritatem brute sapientem hac tota dolores fugit gloriatur meliore pulvinar senectus fusce pellentesque epicurei fabellas fuisset.\n\nubique viverra velit dolores posse dicam veritus patrioque elaboraret efficiantur quas etiam sadipscing.\n\natqui habemus hinc ocurreret primis contentiones elaboraret quisque nihil verterem definiebas mandamus nonumy omnesque iuvaret esse quaeque congue voluptatum causae.\n\ndicam.\n\nharum ne gravida quas lectus aeque noluisse luptatum his himenaeos.\n\norci aptent egestas dicunt tation.\n\nmagnis delicata commodo mattis dicant vim nonumy iusto tortor mattis persecuti auctor decore conclusionemque mattis docendi mediocrem sociosqu.\n\neu tempor percipit iisque maiestatis deserunt.\n\nhomero luptatum te sociosqu interesset per latine ancillae epicurei cu.\n\n', 1466421840186304, 1645929223819, 1645929223819, 0);
INSERT INTO wiki_pages (parentId, textId, wikiId, name, views, publishAt, displayOrder, id, createdAt, updatedAt, version) VALUES (1466421840186144, 1466421840186304, 1466421840185568, 'sub 2', 0, 1645932823792, 1, 1466421840186272, 1645929223819, 1645929223819, 0);
INSERT INTO texts (hash, content, id, createdAt, updatedAt, version) VALUES ('93ff4d74dfd49294f9e9a2985b5c6f7c067c60639445bd9d95c7ae6cf5a56fbe', '# graece.\n\ndictas dissentiunt quaestio.\n\nvim ridens erroribus at atomorum efficiantur movet partiendo harum suavitate.\n\ninani populo suscipiantur.\n\nimpetus animal disputationi non repudiandae corrumpit luctus altera autem habemus.\n\nmi turpis quam tempor feugiat fabulas quod erat efficitur mus quo vehicula penatibus vehicula comprehensam voluptatibus.\n\nrecteque vero ubique at quaeque contentiones conceptam noster dignissim libero interesset nullam efficiantur.\n\nfermentum mea sed mediocritatem delenit congue nam dicant.\n\nvivendo dicam mel repudiandae aperiri at usu.\n\nlibris accommodare verterem reprehendunt deterruisset.\n\ndictumst nibh nam vel vulputate dolor iudicabit scelerisque.\n\net mei no perpetua liber principes posidonium adversarium ultricies regione eam comprehensam ludus fabulas odio tation eirmod.\n\nscripta convenire dis audire suas ante platonem consetetur convallis fabellas.\n\ntaciti offendit eruditi.\n\ntractatos explicari auctor deterruisset ne option habemus inani graeco aeque phasellus.\n\nsem fabellas habitasse veritus mattis ultrices audire reprimique.\n\nmazim invenire luctus fames fastidii urbanitas.\n\nceteros postulant hinc ut.\n\neu eos veritus ridens tamquam vocibus legere unum eam rutrum delicata.\n\n', 1466421840186368, 1645929223819, 1645929223819, 0);
INSERT INTO wiki_pages (parentId, textId, wikiId, name, views, publishAt, displayOrder, id, createdAt, updatedAt, version) VALUES (1466421840186144, 1466421840186368, 1466421840185568, 'sub 3', 0, 1645932823792, 2, 1466421840186336, 1645929223819, 1645929223819, 0);
INSERT INTO texts (hash, content, id, createdAt, updatedAt, version) VALUES ('e32462f2c2ad5ad60fbad8b600d203c23d607dacb40e8a0c116a313f659f2a32', '# porro nominavi tristique mi volumus ludus interesset neglegentur omnesque.\n\nsalutatus ancillae dico eloquentiam epicurei consequat expetendis minim.\n\ndiam iudicabit.\n\ninvenire tation tractatos natoque fames per luctus invidunt sadipscing.\n\ndolorum leo.\n\nveritus honestatis dicat interesset a percipit nominavi blandit nascetur persecuti fusce viverra alia placerat iaculis habemus eripuit scripta adolescens wisi.\n\nex percipit posidonium arcu ponderum rhoncus semper sumo facilis vitae eos invidunt noster delectus minim.\n\nignota adversarium errem vim nobis cu suscipiantur antiopam natum vestibulum conclusionemque dolore duis consectetur.\n\nviris partiendo aliquip.\n\nintellegat tibique persius.\n\nrepudiandae molestie detraxit partiendo mazim iuvaret simul pro ancillae porro deserunt vero.\n\nphasellus senserit movet signiferumque semper prompta suscipiantur recteque vituperatoribus.\n\nnascetur semper accommodare minim omnesque erroribus alia evertitur diam.\n\nneque aeque eros posse porta mediocritatem ac accumsan imperdiet melius efficitur sale consetetur dignissim signiferumque sociis.\n\natqui donec vivamus suavitate mauris latine molestie pretium urbanitas necessitatibus lobortis omittantur suscipiantur.\n\nutamur reque neque molestie debet sadipscing cu vitae minim antiopam an eleifend has tantas.\n\n', 1466421840186432, 1645929223819, 1645929223819, 0);
INSERT INTO wiki_pages (parentId, textId, wikiId, name, views, publishAt, displayOrder, id, createdAt, updatedAt, version) VALUES (1466421840186336, 1466421840186432, 1466421840185568, 'leaf 1', 0, 1645929223792, 0, 1466421840186400, 1645929223819, 1645929223819, 0);
INSERT INTO texts (hash, content, id, createdAt, updatedAt, version) VALUES ('f8b6106e0c9451cb14349872f62b2e229a1ea69c1b369637f9087a612ffc616c', '# aliquid maiestatis eget explicari elit massa nobis tortor quas antiopam.\n\nadipisci alia dolorum tota habitant nam debet elitr omittam dignissim feugiat.\n\nhabeo lobortis sed varius posuere.\n\ndocendi comprehensam quaerendum legere dictas autem disputationi eros fastidii viderer verterem senserit epicurei deterruisset mea falli vocent ancillae semper sed.\n\nexpetendis expetendis ante referrentur autem viverra mandamus quo porta salutatus.\n\ninvidunt cubilia persecuti.\n\nius tristique interesset et mediocrem impetus.\n\narcu congue habitasse.\n\nmoderatius omittam vim purus.\n\nsolet mattis augue rutrum facilis maiorum.\n\ninteger facilisis idque fuisset senectus viderer qualisque similique alia adolescens aptent noster recteque accumsan.\n\nat aperiri eruditi perpetua ultricies felis ne magnis etiam voluptatum detracto dapibus instructior nostra elementum eros sodales pertinacia blandit.\n\ndeserunt convenire montes equidem accommodare.\n\n', 1466421840186496, 1645929223819, 1645929223819, 0);
INSERT INTO wiki_pages (parentId, textId, wikiId, name, views, publishAt, displayOrder, id, createdAt, updatedAt, version) VALUES (1466421840186336, 1466421840186496, 1466421840185568, 'leaf 2', 0, 1645929223792, 1, 1466421840186464, 1645929223819, 1645929223819, 0);
INSERT INTO texts (hash, content, id, createdAt, updatedAt, version) VALUES ('5055d2ec9c772d88dd9d5cc7bf6e05f6ca5df5e265fa13c0cd760b6eef59d14d', '# sadipscing persius detraxit luctus feugiat verear splendide singulis.\n\nsuas primis fames curae purus ne error.\n\nignota error ferri graece tritani conceptam.\n\nelementum pro fabellas tamquam eruditi fabellas eu mus alia alterum inciderint ignota vim mauris augue.\n\ndicam ea eruditi curabitur qualisque causae quis adhuc.\n\nmaecenas utroque.\n\naccusata dui voluptatum fugit leo voluptaria cras elaboraret habeo dolor integer.\n\ndolorem mattis montes dicta praesent adipiscing dolores.\n\nverterem fabulas nostrum urbanitas id elementum assueverit perpetua postea option.\n\nsollicitudin has dissentiunt est sententiae antiopam no iaculis ponderum dico nunc docendi signiferumque verear maecenas aptent viderer turpis mea suspendisse.\n\nlibris porta turpis finibus penatibus eros quem petentium doming.\n\nhis splendide dolore odio detracto postea vel dissentiunt potenti dapibus salutatus fermentum.\n\nlacus omnesque vehicula noster mazim bibendum sem ipsum.\n\niudicabit reprimique vocent etiam viverra tellus adipisci natoque referrentur honestatis dicam sea tantas efficitur regione blandit mutat diam.\n\ncommodo efficiantur potenti integer definitionem quot mollis vitae signiferumque prompta consetetur amet percipit.\n\n', 1466421840186560, 1645929223819, 1645929223819, 0);
INSERT INTO wiki_pages (parentId, textId, wikiId, name, views, publishAt, displayOrder, id, createdAt, updatedAt, version) VALUES (1466421840186336, 1466421840186560, 1466421840185568, 'leaf 3', 0, 1645929223792, 2, 1466421840186528, 1645929223819, 1645929223819, 0);
INSERT INTO texts (hash, content, id, createdAt, updatedAt, version) VALUES ('280f10150088836a79065e72fc7fc47c4761d9e7cf04be3f24bae90805300f4f', '# mus himenaeos maiestatis.\n\nlacinia commune aptent honestatis convallis nihil.\n\npericula dolore urbanitas ultrices iisque repudiandae ei eruditi nam legere suavitate magna.\n\nultricies suspendisse perpetua verear partiendo dissentiunt homero omittantur similique inciderint mauris dicant recteque prompta convenire.\n\nregione mandamus torquent.\n\ntellus luptatum scripta lectus orci no nisi fringilla senserit.\n\nlaudem putent expetendis persecuti percipit ipsum intellegebat conceptam ignota instructior tristique idque natum consul pretium enim erat platea omittantur partiendo.\n\ngubergren utroque curae laoreet affert cubilia porta unum moderatius ea detracto.\n\ndis lectus placerat fabellas reque iusto vitae vitae prodesset utinam cetero accumsan viverra fabellas scripta erat hac possit eius.\n\ndolorem animal expetendis definitionem latine.\n\ndicta repudiandae gubergren condimentum mollis aperiri quisque qualisque hac dictum viris menandri neglegentur nullam latine dicta augue.\n\nqui euripidis.\n\ntamquam invidunt dis lacinia dolorem latine luptatum praesent invidunt primis adipiscing nibh dictum oratio deserunt sapien nonumes alia labores animal.\n\npulvinar intellegat efficiantur turpis.\n\nfaucibus repudiare tamquam orci signiferumque doctus maiorum debet metus eget magna instructior explicari tempor.\n\n', 1466421840186624, 1645929223819, 1645929223819, 0);
INSERT INTO wiki_pages (parentId, textId, wikiId, name, views, publishAt, displayOrder, id, createdAt, updatedAt, version) VALUES (1466421840186144, 1466421840186624, 1466421840185568, 'sub 4', 0, 1645932823793, 3, 1466421840186592, 1645929223819, 1645929223819, 0);
INSERT INTO texts (hash, content, id, createdAt, updatedAt, version) VALUES ('757f8ecb90ab47c3be05a2b549c2590e1cad07dc7c4491bfd4df48b17c4808ce', '# maecenas noluisse electram.\n\nei tempor pericula sagittis ullamcorper varius cu similique cursus iaculis solet qui alia nostra habemus eruditi intellegebat odio doctus diam.\n\npetentium posse omittantur varius tristique mutat nascetur natum putent antiopam doctus.\n\npropriae scripta lobortis sollicitudin mazim putent maecenas placerat.\n\nmolestiae aperiri utamur gloriatur voluptaria graecis dico sagittis verterem comprehensam volumus.\n\nclass interesset suavitate his condimentum lorem ea.\n\naccusata aliquam appareat harum lorem saepe.\n\ncum omittam consetetur senectus decore consetetur moderatius sagittis solum eirmod expetendis electram agam ac epicurei eos adhuc sapien scelerisque prodesset.\n\ninteresset idque iuvaret libero ubique urna volutpat eam litora propriae urna sociis ridens facilis gravida.\n\nsollicitudin sodales vituperatoribus tale populo iriure magnis propriae platonem.\n\nipsum qui fames minim montes nunc debet ea detracto montes habitant evertitur quaeque percipit theophrastus prodesset docendi intellegebat.\n\nceteros invidunt mi non.\n\naccommodare erat audire definitiones leo cum habemus dicam inimicus vivamus enim.\n\neos quaeque meliore antiopam et id persius vocibus tibique purus.\n\ncontentiones qui sanctus melius.\n\ndictas penatibus lacus moderatius nonumes iaculis signiferumque.\n\nomnesque duis pellentesque eruditi ludus vocent graece dolores leo sadipscing doctus possim.\n\ndicta etiam repudiandae has graeco integer tation id nonumes orci melius platonem atomorum.\n\n', 1466421840186688, 1645929223819, 1645929223819, 0);
INSERT INTO wiki_pages (parentId, textId, wikiId, name, views, publishAt, displayOrder, id, createdAt, updatedAt, version) VALUES (1466421840185568, 1466421840186688, 1466421840185568, 'page 3', 0, 1645929223793, 2, 1466421840186656, 1645929223819, 1645929223819, 0);
INSERT INTO texts (hash, content, id, createdAt, updatedAt, version) VALUES ('8648b89deb0c86f29de1148625e4b43a1e58ea189fa3509c5015c790cfbc18e6', '# civibus salutatus postea prodesset dictas reque tempor.\n\nadversarium persecuti posidonium ullamcorper iudicabit quas et phasellus eum detracto repudiandae legere ancillae metus consectetur lobortis.\n\nviris nec reprimique ac mnesarchum platea metus hinc pri scelerisque brute reprehendunt graece quisque sale legimus.\n\neos himenaeos intellegebat expetenda necessitatibus error deseruisse perpetua quem usu.\n\nultrices scripserit definiebas magna persequeris himenaeos vivamus periculis ultrices sanctus porttitor.\n\nconsul ocurreret audire liber turpis massa minim non mus persecuti lorem conubia.\n\nconstituam vulputate propriae falli eirmod mutat debet odio felis ferri gloriatur justo viris fabellas.\n\nvoluptatum nisl graecis singulis dicunt noluisse.\n\nvel ridens tortor nulla vocibus homero condimentum.\n\nmaluisset metus adipisci commodo conubia postea eruditi vocent nisl evertitur aperiri fastidii commodo nibh.\n\naenean fuisset parturient theophrastus.\n\nexpetendis.\n\nreprimique atomorum ubique habeo scripta voluptatum pro et porttitor.\n\nquidam etiam inceptos nibh iuvaret volutpat pharetra te constituto ipsum mollis epicuri dis quaeque dui euripidis nonumes discere vocibus.\n\nviris maluisset quem reprehendunt luptatum nostrum vitae aliquam iudicabit mei torquent rutrum nonumy no sapientem enim elit arcu atomorum egestas.\n\ntale id faucibus vulputate ancillae est nostra diam alterum vivendo inimicus impetus eu.\n\neuripidis class principes signiferumque senectus mea invidunt expetendis possim sapientem adolescens nobis detraxit iudicabit pulvinar etiam principes.\n\npericulis eruditi decore alienum labores iaculis audire harum libero legere bibendum repudiare integer.\n\nmea populo civibus turpis quaerendum necessitatibus veri persequeris pertinacia veniam.\n\n', 1466421840186752, 1645929223820, 1645929223820, 0);
INSERT INTO wiki_pages (parentId, textId, wikiId, name, views, publishAt, displayOrder, id, createdAt, updatedAt, version) VALUES (1466421840186656, 1466421840186752, 1466421840185568, 'sub 1', 0, 1645929223793, 0, 1466421840186720, 1645929223820, 1645929223820, 0);
INSERT INTO texts (hash, content, id, createdAt, updatedAt, version) VALUES ('795010a892986677fb4cd1886681cd246b94da36d4f2320fcdb9bdd219cc9a38', '# sagittis dicta.\n\ntritani faucibus omnesque brute himenaeos molestie.\n\nerrem mediocritatem eruditi metus solum iudicabit vituperata vehicula sanctus ante appareat dictumst magnis decore.\n\ndolor eos atomorum commodo homero pharetra.\n\nunum has eruditi vulputate.\n\npericulis vulputate tempor iusto aenean condimentum affert doming.\n\nverterem lacinia feugait solum.\n\npericulis himenaeos duo litora purus at voluptatum sodales malorum suscipit numquam consectetuer homero.\n\nadhuc mel eos luctus decore fames tractatos bibendum tritani scelerisque dolore mattis fabellas nibh ac viverra explicari.\n\ninstructior animal antiopam augue vituperatoribus fames persequeris nibh.\n\npossim potenti fabulas posse persequeris consectetuer habitant fuisset est vulputate veniam meliore.\n\ngravida utroque elementum tantas error lacinia dolor possit senserit iaculis.\n\neros quisque quaeque natum est platea euismod mucius repudiandae consectetur noster nominavi adversarium proin eleifend finibus similique splendide.\n\n', 1466421840186816, 1645929223820, 1645929223820, 0);
INSERT INTO wiki_pages (parentId, textId, wikiId, name, views, publishAt, displayOrder, id, createdAt, updatedAt, version) VALUES (1466421840186656, 1466421840186816, 1466421840185568, 'sub 2', 0, 1645929223793, 1, 1466421840186784, 1645929223820, 1645929223820, 0);
INSERT INTO texts (hash, content, id, createdAt, updatedAt, version) VALUES ('33fa6b6098a2a4d762da3ae1ad911ba10ab05209e6799fd3a44b0796d4300a80', '# dicunt amet dicat eirmod eu tritani ipsum.\n\nconvenire sale invidunt non praesent quaestio magna ceteros condimentum tortor iusto movet natum persecuti viris.\n\nenim duis laoreet per noster repudiare nobis eripuit platea rutrum nunc senectus voluptaria homero docendi tritani phasellus vidisse mus.\n\nligula iisque honestatis pertinacia tincidunt necessitatibus aperiri ceteros.\n\nsollicitudin moderatius causae placerat tacimates constituam an populo accusata pellentesque ubique similique fuisset assueverit fabellas nascetur himenaeos feugait convenire senectus.\n\nexplicari.\n\nlegimus.\n\ndicat vix.\n\nnullam vix.\n\nmollis fastidii in placerat sem natum moderatius vim deserunt ante idque condimentum wisi constituam constituam cetero noster.\n\npetentium nisl nullam partiendo consetetur disputationi te ex electram laudem sumo an facilis mattis fusce possim mediocrem dico deseruisse.\n\nplatonem at scelerisque aliquam bibendum conceptam inimicus auctor id latine facilisis prodesset dissentiunt ceteros interesset mi unum suspendisse aenean dictas.\n\nrepudiare elitr quidam definitiones fugit molestie mattis voluptatibus amet wisi recteque vero commodo vidisse elementum veritus.\n\n', 1466421840186880, 1645929223820, 1645929223820, 0);
INSERT INTO wiki_pages (parentId, textId, wikiId, name, views, publishAt, displayOrder, id, createdAt, updatedAt, version) VALUES (1466421840186656, 1466421840186880, 1466421840185568, 'sub 3', 0, 1645929223793, 2, 1466421840186848, 1645929223820, 1645929223820, 0);
INSERT INTO texts (hash, content, id, createdAt, updatedAt, version) VALUES ('e9d87e79909a9761ab574dd2b1719a5ecc426ed9a3d268254dc5ec56349155cf', '# adolescens quo interesset audire deseruisse quaerendum est eripuit viverra vero.\n\nfabulas diam efficiantur mutat vidisse liber.\n\nhimenaeos parturient menandri nascetur utinam mediocritatem delenit dolorem tibique postulant altera.\n\neum nostrum imperdiet repudiare nobis aliquip perpetua electram voluptatum natum expetenda mutat debet option vix verear.\n\nputent accommodare neque explicari scripta epicurei hendrerit eros.\n\nregione class pretium facilisi rutrum reprehendunt.\n\nfelis epicurei graece maluisset regione mazim erat viderer offendit dapibus epicuri dignissim saperet.\n\ncontentiones sententiae adipiscing pulvinar consequat ligula magna purus vehicula autem quas noster libris senserit torquent fugit.\n\nmattis graeci errem voluptatum eu tacimates mollis malesuada platonem intellegat.\n\nquem postulant indoctum principes alia eu.\n\nfermentum egestas commune dui laoreet graecis tristique elitr honestatis epicuri eu epicuri metus conceptam.\n\n', 1466421840186944, 1645929223820, 1645929223820, 0);
INSERT INTO wiki_pages (parentId, textId, wikiId, name, views, publishAt, displayOrder, id, createdAt, updatedAt, version) VALUES (1466421840186848, 1466421840186944, 1466421840185568, 'leaf 1', 0, 1645929223793, 0, 1466421840186912, 1645929223820, 1645929223820, 0);
INSERT INTO texts (hash, content, id, createdAt, updatedAt, version) VALUES ('ff766ae3749626f6c87ceadb97daf71417bd04c347189beb30c8fa96f5b90d86', '# sea tacimates.\n\nlegimus homero imperdiet odio congue eius aptent mei sollicitudin menandri graeco has dictum reprimique fuisset sagittis sanctus.\n\nte detraxit consectetuer congue lobortis antiopam dis adversarium etiam elitr aeque causae repudiare tempor natoque integer.\n\nnam viverra utinam verear egestas netus mus vivendo ac.\n\nminim fastidii fermentum natoque efficiantur nominavi principes veri sapien interesset dolore recteque habeo pericula ex tibique vix.\n\ndiscere mediocrem.\n\nreque ex venenatis mei dignissim orci praesent venenatis saperet.\n\neruditi constituto aliquip nulla ancillae noster iudicabit minim impetus oporteat explicari oratio aliquam.\n\nvitae omnesque percipit deterruisset petentium iuvaret quam metus.\n\nnam faucibus postea graeci gravida quod ante altera per neglegentur quisque ac utroque sanctus.\n\niudicabit sociosqu vulputate convenire viris quaestio vix prodesset interpretaris detracto sapien qui option.\n\npraesent ea ornare consectetuer taciti altera mucius tacimates postulant donec movet epicurei voluptatibus inceptos.\n\nluctus mediocritatem ius docendi felis eam saperet tamquam.\n\npenatibus offendit elit error eruditi habitasse quidam suspendisse deseruisse torquent amet docendi.\n\n', 1466421840187008, 1645929223820, 1645929223820, 0);
INSERT INTO wiki_pages (parentId, textId, wikiId, name, views, publishAt, displayOrder, id, createdAt, updatedAt, version) VALUES (1466421840186848, 1466421840187008, 1466421840185568, 'leaf 2', 0, 1645929223793, 1, 1466421840186976, 1645929223820, 1645929223820, 0);
INSERT INTO texts (hash, content, id, createdAt, updatedAt, version) VALUES ('d5556620d621a75d36bd2e9974878345c26059d67fb181ba1349bf4016c73e15', '# perpetua principes novum eos porttitor nisl erroribus liber accusata definiebas.\n\naliquid ponderum propriae alienum turpis ludus ceteros no.\n\nlectus sea.\n\nnostra suscipit viverra nulla fuisset congue eget dicant dis utamur litora latine sale populo interesset dicant usu persecuti et.\n\nanimal convenire natoque expetendis litora populo risus lobortis dictas turpis luptatum dicunt nam.\n\ntale alia ridens vim ornatus alia venenatis bibendum luctus.\n\njusto tale sadipscing falli pri duo intellegebat liber.\n\nhabitant doctus ullamcorper periculis nunc labores atqui noluisse omittantur lacus an quas ignota scripta suas turpis.\n\naliquet vestibulum eloquentiam salutatus posuere docendi scripserit atqui nam doctus consetetur delicata eruditi decore iisque errem dapibus praesent eam persecuti.\n\ngloriatur lacus harum delenit dissentiunt.\n\neius ante duo evertitur.\n\npenatibus nullam euripidis nec litora nobis erroribus sapientem vocibus neque elementum.\n\n', 1466421840187072, 1645929223820, 1645929223820, 0);
INSERT INTO wiki_pages (parentId, textId, wikiId, name, views, publishAt, displayOrder, id, createdAt, updatedAt, version) VALUES (1466421840186848, 1466421840187072, 1466421840185568, 'leaf 3', 0, 1645929223793, 2, 1466421840187040, 1645929223820, 1645929223820, 0);
INSERT INTO texts (hash, content, id, createdAt, updatedAt, version) VALUES ('57222ce72d90d2e6345f8cebbbf0ad599bd85e70e8878d8503fc36ba6b8c0eac', '# scripta expetenda nibh moderatius mel adipisci interdum quo ac vero.\n\nlatine netus potenti habitant possit iudicabit congue nec voluptatibus.\n\ntation cursus scripta blandit platonem conubia natoque detracto.\n\nscripserit class ne delicata.\n\nubique diam venenatis tibique sonet scripserit delicata omittantur tritani viderer pri omittam tellus.\n\ntempus constituto posuere animal persius dictumst consectetur vocibus posuere reformidans nihil mucius libris dolorem.\n\nintellegebat docendi ante fringilla mattis eripuit te vis congue nisl pulvinar iisque verear.\n\ndis blandit vocibus recteque gloriatur sale vis ocurreret dignissim ceteros habitasse option numquam reprehendunt dictum latine aliquip reprehendunt.\n\nenim solet odio homero eloquentiam inceptos orci.\n\nadolescens unum adhuc dicat finibus pharetra rhoncus mei sociosqu.\n\nvoluptatibus delenit ornatus noster vituperata ignota error.\n\nevertitur quidam dolore phasellus nostra veniam tempor fames.\n\nper suas et ocurreret appareat class numquam assueverit repudiare alterum hendrerit finibus aeque sem tale homero vel.\n\ndui turpis sea doctus interesset accusata postea dicat metus sed vulputate.\n\nassueverit antiopam eget discere ac persequeris urbanitas definitiones.\n\n', 1466421840187136, 1645929223820, 1645929223820, 0);
INSERT INTO wiki_pages (parentId, textId, wikiId, name, views, publishAt, displayOrder, id, createdAt, updatedAt, version) VALUES (1466421840186656, 1466421840187136, 1466421840185568, 'sub 4', 0, 1645929223793, 3, 1466421840187104, 1645929223820, 1645929223820, 0);
INSERT INTO navigations (name, icon, url, blank, displayOrder, id, createdAt, updatedAt, version) VALUES ('Sample Tutorial', 'magic', '/wiki/1466421840185568', false, 3, 1466421840193696, 1645929223820, 1645929223820, 0);
INSERT INTO navigations (name, icon, url, blank, displayOrder, id, createdAt, updatedAt, version) VALUES ('Discuss', 'commenting-o', '/discuss', false, 4, 1466421840193728, 1645929223820, 1645929223820, 0);
INSERT INTO navigations (name, icon, url, blank, displayOrder, id, createdAt, updatedAt, version) VALUES ('External', 'external-link', 'https://weibo.com/', true, 5, 1466421840193760, 1645929223820, 1645929223820, 0);
INSERT INTO settings (settingGroup, settingKey, settingValue, id, createdAt, updatedAt, version) VALUES ('Website', 'name', 'iTranswarp', 1466421840193792, 1645929223820, 1645929223820, 0);
